delivery_id,order_id,partner_id,delivery_status,delivery_minutes
1,11226,6,Delivered,40
2,8263,207,Late,54
3,9191,39,Delivered,23
4,1695,281,Delivered,25
5,9518,194,Late,40
6,19157,65,Late,62
7,4085,117,Delivered,56
8,4030,271,Delivered,43
9,10917,197,Delivered,81
10,106,159,Late,86
11,12679,263,Delivered,66
12,19002,196,Delivered,89
13,19115,277,Delivered,87
14,2877,181,Late,33
15,10414,230,Late,70
16,6563,137,Late,35
17,9269,64,Late,50
18,2227,1,Delivered,75
19,12467,99,Late,76
20,6491,238,Late,15
21,2930,58,Late,67
22,10814,192,Delivered,61
23,209,192,Late,73
24,18344,278,Delivered,50
25,4991,85,Delivered,61
26,16727,190,Delivered,19
27,3799,9,Delivered,85
28,2476,178,Late,34
29,12244,156,Delivered,58
30,4981,268,Delivered,71
31,13748,94,Late,38
32,8129,296,Late,42
33,14646,42,Delivered,75
34,18530,80,Late,89
35,6315,115,Late,34
36,12580,298,Delivered,79
37,16995,123,Late,52
38,19402,116,Delivered,59
39,4744,81,Late,48
40,8860,241,Delivered,23
41,4137,99,Delivered,27
42,14199,41,Delivered,82
43,18145,274,Delivered,36
44,7960,179,Delivered,53
45,2380,110,Delivered,49
46,5147,19,Late,16
47,10826,285,Late,44
48,16760,225,Delivered,75
49,15796,8,Late,15
50,14524,234,Late,27
51,18632,262,Late,17
52,17341,186,Delivered,61
53,12365,262,Late,35
54,7980,174,Delivered,87
55,3690,291,Late,51
56,5779,296,Late,56
57,12424,87,Late,55
58,14664,274,Late,19
59,15411,165,Delivered,53
60,7552,218,Late,50
61,19144,280,Delivered,78
62,862,166,Late,39
63,2860,27,Delivered,63
64,13960,204,Delivered,58
65,5044,203,Late,58
66,14050,66,Delivered,73
67,18346,47,Late,15
68,1427,271,Delivered,47
69,6639,240,Delivered,52
70,10083,68,Delivered,27
71,10651,38,Delivered,28
72,6071,28,Delivered,76
73,7457,116,Late,57
74,17256,96,Delivered,36
75,7535,3,Late,32
76,5905,64,Delivered,67
77,487,160,Late,73
78,2510,25,Late,25
79,11834,147,Late,82
80,12404,176,Delivered,20
81,7332,50,Delivered,82
82,6655,109,Late,20
83,770,206,Late,47
84,3800,101,Delivered,58
85,8180,27,Late,54
86,4853,82,Delivered,65
87,1935,284,Delivered,25
88,19261,17,Delivered,79
89,8658,289,Delivered,45
90,4593,86,Delivered,36
91,11554,124,Late,78
92,5829,166,Delivered,76
93,2025,146,Late,73
94,17551,63,Late,34
95,17818,236,Late,21
96,18436,283,Late,74
97,6020,2,Late,67
98,4059,257,Late,60
99,13442,229,Late,42
100,12203,190,Delivered,76
101,17202,297,Late,84
102,4310,3,Late,21
103,9372,90,Delivered,90
104,15122,17,Delivered,57
105,548,267,Delivered,33
106,3400,117,Delivered,30
107,18089,299,Delivered,32
108,1805,150,Delivered,42
109,10208,242,Delivered,62
110,19012,224,Late,25
111,1183,282,Late,50
112,5100,139,Late,66
113,4148,257,Late,46
114,12727,15,Late,80
115,18815,174,Delivered,26
116,13104,145,Delivered,63
117,14330,176,Delivered,51
118,10159,127,Delivered,82
119,13651,17,Delivered,84
120,17046,231,Delivered,82
121,12467,90,Delivered,35
122,9811,232,Late,89
123,16766,96,Late,23
124,11980,211,Late,40
125,12783,154,Late,48
126,2587,67,Late,25
127,1072,144,Delivered,53
128,11470,5,Late,57
129,6611,181,Delivered,65
130,8769,298,Delivered,35
131,3836,137,Late,50
132,11502,293,Late,82
133,9872,88,Late,44
134,238,245,Late,73
135,6854,81,Delivered,89
136,11484,270,Late,74
137,14538,30,Late,81
138,4779,77,Late,45
139,9375,30,Delivered,34
140,9390,5,Delivered,39
141,12545,87,Late,35
142,19153,99,Late,38
143,9667,298,Delivered,90
144,15869,166,Late,30
145,19934,182,Late,51
146,15482,174,Late,71
147,7871,145,Delivered,67
148,11210,292,Delivered,43
149,18870,116,Delivered,29
150,7325,90,Late,16
151,11098,269,Late,66
152,2813,9,Late,51
153,19141,85,Delivered,55
154,15527,179,Late,81
155,6120,15,Delivered,22
156,8389,222,Late,30
157,17752,197,Late,66
158,7047,129,Late,87
159,7235,78,Late,68
160,4936,270,Late,77
161,8890,216,Delivered,53
162,18735,1,Delivered,27
163,4766,143,Late,61
164,4097,145,Late,19
165,4755,226,Late,29
166,1808,222,Late,41
167,19357,134,Late,71
168,2643,184,Delivered,67
169,18074,20,Delivered,38
170,16246,133,Delivered,40
171,166,61,Late,81
172,3960,70,Late,39
173,16188,178,Delivered,32
174,15050,122,Delivered,47
175,15777,194,Late,59
176,14911,248,Delivered,90
177,1140,182,Late,56
178,11882,246,Delivered,79
179,7237,8,Late,89
180,11288,33,Late,34
181,5961,195,Late,64
182,274,207,Delivered,23
183,17069,222,Delivered,15
184,3096,181,Late,86
185,16347,112,Delivered,44
186,18804,81,Late,89
187,18440,115,Delivered,61
188,4321,139,Delivered,24
189,502,213,Late,60
190,4346,188,Late,50
191,849,281,Delivered,43
192,6594,44,Late,48
193,5482,239,Delivered,80
194,17589,12,Late,70
195,1246,207,Late,74
196,18378,83,Delivered,35
197,15168,52,Delivered,34
198,16083,77,Delivered,72
199,1858,207,Late,49
200,19497,153,Late,27
201,1288,246,Delivered,18
202,13464,271,Delivered,59
203,10117,87,Delivered,58
204,13168,106,Late,86
205,16319,179,Delivered,31
206,5410,59,Late,90
207,668,21,Late,81
208,11358,76,Late,87
209,3948,205,Late,70
210,3872,117,Delivered,87
211,2116,143,Delivered,24
212,13667,242,Late,85
213,770,95,Delivered,37
214,10303,220,Late,16
215,15302,41,Late,31
216,15762,285,Delivered,72
217,4394,263,Delivered,39
218,3830,246,Delivered,18
219,15572,260,Late,49
220,1305,77,Late,44
221,15997,178,Late,63
222,9075,183,Late,73
223,11963,212,Delivered,47
224,7686,135,Delivered,26
225,9932,282,Late,43
226,8646,130,Delivered,18
227,3101,287,Late,66
228,12818,179,Late,50
229,10555,134,Delivered,71
230,6897,47,Delivered,86
231,12484,46,Late,26
232,8956,34,Delivered,40
233,14067,115,Delivered,50
234,428,280,Late,39
235,14345,212,Delivered,64
236,3954,184,Late,62
237,14908,54,Late,31
238,13578,66,Delivered,53
239,8988,86,Delivered,88
240,18056,171,Late,81
241,17605,122,Late,85
242,5811,188,Late,63
243,12970,267,Delivered,51
244,5634,87,Late,56
245,4379,78,Delivered,30
246,4315,262,Late,57
247,11798,20,Late,37
248,8855,151,Late,30
249,707,249,Late,80
250,16328,24,Delivered,17
251,8752,3,Late,58
252,12304,208,Delivered,41
253,10044,183,Late,55
254,4445,181,Late,72
255,12300,146,Late,63
256,17527,271,Late,44
257,6629,133,Late,35
258,2381,218,Late,69
259,738,194,Delivered,42
260,16875,167,Delivered,76
261,3256,209,Delivered,66
262,11738,133,Delivered,70
263,8137,239,Delivered,27
264,10415,213,Late,65
265,15378,233,Late,66
266,6628,144,Late,57
267,4697,87,Late,75
268,14979,194,Delivered,56
269,4562,45,Delivered,72
270,4109,98,Late,52
271,16253,81,Delivered,51
272,10079,13,Late,72
273,2320,252,Delivered,46
274,12981,185,Delivered,65
275,11295,205,Delivered,79
276,7905,159,Delivered,57
277,9131,58,Delivered,38
278,8679,293,Delivered,39
279,13675,124,Delivered,16
280,4654,281,Delivered,65
281,15307,6,Late,55
282,16307,152,Delivered,70
283,10749,119,Late,21
284,6541,140,Late,74
285,12532,157,Delivered,60
286,18925,61,Late,45
287,11735,138,Late,22
288,11028,300,Late,66
289,8559,151,Late,56
290,15479,168,Late,40
291,5328,15,Late,48
292,12761,105,Late,81
293,1852,166,Delivered,77
294,16721,68,Delivered,65
295,18054,155,Delivered,67
296,18092,51,Late,51
297,7214,95,Late,51
298,7585,144,Delivered,77
299,17314,164,Late,74
300,6383,219,Delivered,33
301,9454,58,Late,52
302,19511,57,Delivered,59
303,2803,223,Delivered,79
304,8311,181,Delivered,54
305,471,16,Delivered,29
306,12987,158,Late,89
307,637,212,Delivered,59
308,17525,229,Late,77
309,16011,268,Late,69
310,13523,286,Late,33
311,1602,118,Delivered,18
312,18305,134,Late,89
313,18166,170,Delivered,52
314,11407,16,Late,88
315,11254,175,Delivered,78
316,12173,136,Delivered,45
317,941,22,Delivered,43
318,10113,295,Delivered,46
319,1241,225,Delivered,30
320,14424,181,Delivered,39
321,5866,37,Delivered,87
322,3134,144,Delivered,30
323,16690,198,Delivered,28
324,19258,222,Late,60
325,6969,154,Delivered,51
326,9878,200,Delivered,16
327,15387,248,Late,54
328,646,170,Late,24
329,11858,77,Delivered,69
330,4865,54,Late,70
331,1574,190,Late,76
332,3062,295,Delivered,21
333,1107,133,Late,85
334,10041,129,Delivered,37
335,12916,219,Delivered,77
336,10618,197,Delivered,49
337,7336,273,Late,40
338,5106,103,Late,37
339,13019,169,Late,34
340,19963,97,Late,55
341,17507,66,Delivered,55
342,6872,119,Late,68
343,10801,65,Delivered,72
344,9241,242,Late,19
345,9581,165,Delivered,50
346,3273,300,Delivered,39
347,8963,101,Delivered,48
348,2462,22,Delivered,73
349,13557,131,Late,68
350,5494,178,Delivered,34
351,6558,116,Delivered,67
352,387,260,Delivered,80
353,16771,133,Late,62
354,11313,131,Delivered,26
355,17458,125,Late,61
356,4824,119,Late,56
357,6976,9,Delivered,87
358,10459,192,Delivered,74
359,6021,70,Delivered,40
360,16378,152,Delivered,32
361,12066,99,Late,60
362,16941,289,Late,60
363,5452,140,Late,62
364,869,217,Delivered,46
365,15811,249,Delivered,46
366,1008,8,Delivered,19
367,18802,167,Delivered,84
368,7125,120,Delivered,81
369,12660,228,Delivered,78
370,7947,208,Late,47
371,9094,250,Delivered,29
372,15991,128,Late,26
373,745,290,Late,59
374,17153,91,Late,25
375,6702,293,Late,43
376,12653,264,Delivered,86
377,8214,25,Delivered,64
378,968,247,Delivered,64
379,646,279,Late,36
380,306,142,Late,56
381,17898,17,Delivered,45
382,10406,256,Late,20
383,18518,210,Late,25
384,18565,190,Delivered,25
385,19457,171,Delivered,80
386,10318,27,Delivered,36
387,6129,51,Delivered,79
388,19707,184,Delivered,30
389,1443,93,Late,42
390,4894,240,Delivered,40
391,13226,69,Late,47
392,18900,214,Late,15
393,14338,169,Late,74
394,15505,27,Late,84
395,10181,224,Delivered,58
396,17686,265,Late,21
397,11342,7,Late,24
398,6504,113,Late,76
399,17584,294,Late,50
400,1346,144,Late,58
401,3333,241,Late,28
402,13791,119,Late,28
403,18335,119,Late,86
404,4023,36,Late,28
405,18943,199,Delivered,66
406,12503,20,Delivered,66
407,13405,130,Delivered,69
408,3649,108,Delivered,60
409,10734,263,Late,60
410,13462,208,Delivered,28
411,14932,197,Delivered,48
412,9703,104,Delivered,37
413,9474,297,Late,51
414,18276,95,Late,27
415,733,211,Late,25
416,3416,32,Delivered,43
417,4855,289,Late,15
418,17978,159,Late,26
419,2992,121,Late,19
420,18826,114,Delivered,68
421,18589,127,Delivered,45
422,11529,22,Late,19
423,12946,36,Late,66
424,8308,123,Delivered,84
425,8762,227,Late,53
426,663,108,Late,85
427,16561,218,Late,31
428,16890,131,Late,85
429,10552,118,Late,83
430,17808,56,Delivered,55
431,15393,79,Late,20
432,14104,299,Delivered,85
433,242,245,Late,45
434,16711,107,Late,23
435,8295,264,Delivered,56
436,8834,119,Late,75
437,18899,189,Late,21
438,3323,65,Delivered,80
439,18008,124,Delivered,39
440,8330,59,Delivered,44
441,3796,288,Late,69
442,3357,74,Delivered,69
443,14764,214,Late,67
444,7644,148,Delivered,48
445,7971,86,Late,23
446,5584,42,Delivered,42
447,96,68,Delivered,29
448,17267,15,Delivered,58
449,12608,216,Delivered,87
450,15453,42,Late,36
451,18003,5,Delivered,16
452,4868,41,Late,34
453,8676,53,Delivered,49
454,7547,130,Delivered,50
455,12066,280,Late,83
456,3656,196,Late,53
457,13771,27,Late,19
458,17360,180,Delivered,69
459,7254,88,Delivered,65
460,2506,70,Delivered,42
461,19344,278,Late,61
462,7954,91,Late,51
463,3920,208,Delivered,37
464,9846,207,Late,72
465,15619,117,Late,65
466,2184,53,Delivered,63
467,11071,149,Late,75
468,16883,206,Late,62
469,13401,172,Delivered,45
470,17225,267,Delivered,61
471,3462,166,Delivered,50
472,5663,171,Late,37
473,14330,42,Delivered,26
474,7217,234,Late,61
475,4281,199,Late,77
476,8904,146,Delivered,76
477,350,218,Delivered,58
478,9900,265,Late,77
479,2795,119,Delivered,32
480,4619,213,Late,27
481,11373,125,Delivered,45
482,14089,178,Late,87
483,121,211,Late,69
484,5704,99,Late,41
485,9016,67,Late,21
486,13368,282,Delivered,31
487,17007,289,Delivered,74
488,18462,62,Delivered,65
489,8465,293,Delivered,53
490,14348,252,Late,90
491,18778,9,Late,47
492,18581,19,Late,85
493,6123,91,Late,75
494,3863,278,Late,82
495,17717,87,Late,52
496,19615,292,Delivered,74
497,11202,275,Delivered,85
498,5893,131,Delivered,36
499,16007,144,Late,84
500,10593,54,Delivered,57
501,18319,300,Late,69
502,1453,285,Delivered,61
503,17971,193,Delivered,76
504,4874,238,Late,82
505,16992,212,Late,39
506,13031,260,Delivered,87
507,19778,206,Delivered,61
508,4798,241,Delivered,33
509,202,258,Late,60
510,4094,80,Late,48
511,4975,194,Delivered,28
512,14320,154,Late,31
513,17126,150,Late,79
514,16166,116,Late,31
515,14665,287,Delivered,62
516,18449,3,Delivered,60
517,14266,180,Delivered,42
518,5448,52,Delivered,79
519,4098,209,Late,43
520,13037,15,Delivered,55
521,18225,257,Delivered,51
522,19760,70,Late,31
523,17831,186,Delivered,27
524,17671,62,Late,47
525,16174,1,Delivered,20
526,17242,138,Late,15
527,12797,286,Late,20
528,18505,182,Delivered,51
529,19125,24,Delivered,70
530,19012,294,Late,83
531,12618,21,Delivered,54
532,14098,188,Late,76
533,2047,3,Delivered,25
534,16011,183,Late,53
535,8507,6,Delivered,28
536,19777,255,Late,80
537,18658,260,Delivered,23
538,15750,161,Late,32
539,14959,210,Delivered,45
540,9748,202,Late,54
541,3532,76,Delivered,25
542,6389,292,Delivered,53
543,7464,45,Late,58
544,13427,68,Late,70
545,1226,190,Late,66
546,368,60,Delivered,82
547,4694,287,Late,74
548,15994,151,Late,39
549,6799,88,Delivered,87
550,9007,277,Late,46
551,8592,220,Late,65
552,4902,271,Delivered,42
553,15629,99,Delivered,27
554,15050,154,Delivered,84
555,14698,289,Late,32
556,6764,6,Delivered,76
557,8509,263,Late,25
558,1809,103,Late,82
559,9384,82,Delivered,31
560,16801,217,Delivered,32
561,10313,247,Late,44
562,4683,298,Late,90
563,80,205,Late,38
564,11634,117,Delivered,84
565,14628,49,Late,20
566,6895,169,Delivered,83
567,12675,268,Delivered,42
568,8499,187,Late,63
569,16253,189,Delivered,20
570,6915,27,Delivered,42
571,7574,37,Delivered,61
572,17784,37,Late,44
573,13921,102,Delivered,75
574,19188,111,Late,43
575,12801,38,Delivered,79
576,17158,81,Delivered,30
577,5348,24,Late,82
578,7561,261,Delivered,83
579,5297,236,Delivered,86
580,5825,286,Late,48
581,13066,115,Delivered,84
582,3828,103,Late,79
583,13168,172,Late,81
584,6556,297,Delivered,34
585,12988,20,Delivered,73
586,14836,211,Delivered,60
587,13755,82,Delivered,76
588,10282,20,Late,83
589,10727,67,Late,54
590,7628,51,Delivered,16
591,10977,212,Delivered,81
592,4413,94,Late,34
593,9466,67,Delivered,47
594,6905,279,Late,20
595,19120,186,Delivered,34
596,15232,59,Delivered,56
597,5614,258,Late,61
598,5129,279,Late,26
599,9345,54,Late,45
600,8346,75,Late,81
601,3947,103,Delivered,72
602,16075,249,Delivered,25
603,12546,16,Delivered,82
604,11376,239,Delivered,52
605,19850,280,Late,27
606,8444,103,Delivered,30
607,2924,15,Late,65
608,13768,253,Delivered,22
609,11469,179,Delivered,75
610,5392,67,Delivered,79
611,4950,248,Late,51
612,10331,107,Delivered,53
613,9561,76,Delivered,65
614,2301,65,Delivered,30
615,19246,235,Late,17
616,9425,84,Delivered,71
617,8479,157,Delivered,64
618,18411,37,Late,56
619,1998,92,Delivered,52
620,9380,106,Delivered,81
621,9990,285,Delivered,79
622,15258,110,Late,53
623,8587,5,Late,63
624,4596,250,Delivered,69
625,1188,285,Delivered,18
626,14312,184,Delivered,30
627,10991,12,Delivered,27
628,8228,114,Delivered,25
629,16448,135,Delivered,82
630,17360,255,Late,19
631,11489,168,Delivered,30
632,1202,99,Late,42
633,8486,284,Delivered,15
634,16107,158,Delivered,62
635,12574,20,Delivered,70
636,17531,111,Delivered,59
637,13399,114,Late,48
638,10051,248,Late,22
639,13177,81,Late,74
640,5065,178,Late,43
641,11976,204,Delivered,83
642,16269,228,Delivered,76
643,10538,37,Delivered,37
644,13796,125,Late,72
645,5940,236,Delivered,76
646,10161,199,Delivered,79
647,6269,177,Delivered,39
648,12405,41,Delivered,61
649,6954,219,Delivered,83
650,6501,286,Delivered,70
651,3021,44,Delivered,24
652,18865,19,Delivered,48
653,5410,131,Delivered,70
654,19870,252,Late,77
655,14677,249,Delivered,22
656,6861,24,Delivered,64
657,12261,158,Late,81
658,1728,284,Late,60
659,4551,199,Delivered,22
660,14024,110,Delivered,22
661,7819,203,Delivered,24
662,14290,144,Late,89
663,8947,18,Delivered,19
664,11149,145,Late,37
665,10551,232,Late,37
666,12340,35,Delivered,90
667,7001,68,Delivered,73
668,11400,116,Late,33
669,1449,170,Delivered,65
670,18252,93,Delivered,76
671,19148,275,Late,85
672,9093,139,Delivered,35
673,12827,88,Late,57
674,7722,204,Late,86
675,8375,71,Delivered,49
676,10410,34,Late,51
677,1134,291,Late,81
678,2039,84,Delivered,33
679,1768,70,Delivered,62
680,19041,112,Late,79
681,16230,272,Delivered,17
682,16280,181,Delivered,15
683,16309,108,Late,42
684,18536,187,Late,83
685,11392,79,Delivered,27
686,2902,128,Late,57
687,8098,183,Delivered,68
688,18533,206,Delivered,40
689,13536,85,Delivered,62
690,1804,43,Late,27
691,4505,251,Late,47
692,11509,32,Late,66
693,14738,209,Late,72
694,6578,53,Delivered,64
695,3180,241,Delivered,60
696,16112,167,Late,65
697,19589,275,Delivered,58
698,1951,109,Delivered,80
699,13526,89,Late,86
700,15354,8,Late,73
701,91,149,Late,86
702,10918,239,Delivered,48
703,6576,119,Late,57
704,17784,290,Late,39
705,15562,204,Late,53
706,15983,60,Late,65
707,13066,49,Late,89
708,19067,30,Late,26
709,14662,29,Delivered,19
710,19946,253,Late,47
711,8879,256,Late,25
712,12093,295,Delivered,44
713,9555,90,Late,19
714,18962,116,Late,49
715,16325,144,Delivered,24
716,16034,36,Late,53
717,7495,222,Delivered,44
718,10497,2,Delivered,81
719,3469,298,Late,31
720,10420,129,Delivered,82
721,5429,268,Delivered,51
722,4683,260,Late,82
723,15220,223,Delivered,69
724,785,50,Late,84
725,5855,12,Late,57
726,3302,290,Delivered,23
727,13872,102,Late,86
728,6388,35,Late,53
729,4810,185,Delivered,90
730,7083,263,Late,37
731,14336,88,Delivered,40
732,9134,289,Late,22
733,18347,109,Delivered,24
734,4400,56,Late,51
735,3404,182,Delivered,26
736,11719,292,Late,85
737,2711,266,Late,89
738,8891,299,Late,28
739,18555,168,Delivered,49
740,19020,5,Delivered,48
741,16487,167,Late,56
742,19890,155,Delivered,38
743,4985,134,Late,34
744,6204,39,Delivered,84
745,19458,164,Late,71
746,3602,216,Late,65
747,3852,223,Late,31
748,7103,35,Delivered,33
749,18247,120,Late,54
750,19087,118,Delivered,29
751,12349,222,Delivered,15
752,12887,177,Late,39
753,4965,230,Delivered,51
754,12202,169,Late,79
755,2429,231,Late,34
756,10780,110,Delivered,45
757,19473,8,Late,25
758,10539,1,Late,73
759,5150,47,Delivered,79
760,12356,221,Late,86
761,7948,11,Late,85
762,3316,69,Delivered,69
763,16968,26,Late,25
764,13536,117,Delivered,89
765,2831,170,Late,89
766,14171,107,Delivered,51
767,17179,240,Late,48
768,2281,10,Late,34
769,5494,112,Delivered,19
770,19986,20,Delivered,65
771,5009,218,Delivered,47
772,14829,267,Delivered,32
773,17076,69,Delivered,89
774,6456,199,Delivered,59
775,7175,59,Late,81
776,13500,155,Late,62
777,15512,212,Delivered,72
778,13755,108,Delivered,36
779,19863,215,Delivered,34
780,1705,165,Delivered,84
781,5067,175,Late,41
782,11869,158,Delivered,20
783,5382,110,Late,60
784,12786,290,Delivered,35
785,2824,235,Delivered,65
786,12782,211,Late,58
787,10379,242,Late,17
788,13057,22,Delivered,74
789,4112,36,Delivered,18
790,4213,250,Late,65
791,12960,175,Late,88
792,13979,223,Late,28
793,8824,29,Late,21
794,107,262,Late,79
795,7908,17,Late,70
796,4571,257,Delivered,80
797,2691,266,Late,37
798,1230,52,Delivered,16
799,3346,216,Late,76
800,16569,46,Late,17
801,15889,149,Delivered,54
802,5502,237,Late,20
803,1162,93,Delivered,50
804,13422,280,Late,66
805,5526,142,Late,74
806,16119,186,Delivered,21
807,7112,218,Late,67
808,14234,58,Late,75
809,563,252,Late,72
810,19648,161,Late,36
811,9683,286,Late,67
812,7575,37,Delivered,88
813,17838,166,Delivered,80
814,2301,10,Delivered,56
815,16365,73,Late,37
816,3894,122,Late,81
817,97,251,Delivered,84
818,17656,293,Late,78
819,5837,183,Delivered,64
820,17897,164,Late,78
821,6415,168,Late,84
822,2220,280,Delivered,81
823,19691,134,Late,44
824,18769,109,Late,70
825,14036,144,Delivered,24
826,9371,146,Delivered,24
827,18691,149,Late,16
828,10730,207,Delivered,65
829,7633,39,Delivered,33
830,7542,119,Late,59
831,10656,201,Late,70
832,2467,121,Late,19
833,15256,271,Delivered,71
834,15601,206,Delivered,34
835,13236,74,Late,84
836,17519,40,Late,29
837,18829,261,Late,30
838,11460,285,Late,57
839,10257,125,Late,85
840,17483,248,Late,70
841,17544,161,Delivered,66
842,5531,251,Late,29
843,10681,274,Delivered,63
844,15347,133,Late,46
845,14207,206,Late,58
846,16319,12,Delivered,86
847,13438,126,Delivered,49
848,15027,73,Delivered,87
849,2210,106,Late,23
850,19241,9,Delivered,84
851,10367,215,Late,78
852,6196,286,Late,47
853,1663,48,Delivered,46
854,13727,77,Late,37
855,5597,11,Late,37
856,4546,55,Delivered,28
857,8641,268,Late,48
858,3141,103,Delivered,69
859,18723,15,Late,69
860,11910,19,Delivered,37
861,4848,295,Late,41
862,709,85,Late,32
863,31,163,Delivered,82
864,17722,126,Delivered,41
865,19538,134,Delivered,82
866,2996,143,Late,86
867,19916,36,Late,20
868,9525,141,Late,45
869,17574,286,Delivered,30
870,19156,5,Late,64
871,4697,34,Late,77
872,7139,98,Late,27
873,12483,206,Late,77
874,2837,300,Late,63
875,19233,259,Late,35
876,365,245,Delivered,56
877,2915,25,Delivered,45
878,12413,111,Delivered,28
879,12162,141,Late,75
880,12361,175,Delivered,25
881,10855,81,Delivered,75
882,10086,23,Late,83
883,17883,222,Late,23
884,6153,131,Late,73
885,8832,93,Delivered,27
886,12790,126,Late,41
887,4656,91,Late,73
888,3142,153,Late,33
889,15574,132,Delivered,55
890,15190,202,Late,53
891,588,125,Delivered,77
892,16350,209,Delivered,57
893,8503,286,Delivered,82
894,2331,75,Delivered,45
895,12300,16,Delivered,66
896,10284,87,Delivered,67
897,6223,8,Late,39
898,11677,126,Delivered,87
899,10887,202,Late,83
900,4859,299,Late,67
901,19429,260,Delivered,77
902,17645,188,Late,80
903,11108,58,Delivered,85
904,4459,236,Delivered,76
905,4463,135,Late,57
906,17264,166,Delivered,55
907,4288,71,Late,90
908,8802,147,Late,49
909,6116,113,Late,78
910,4364,219,Late,73
911,14763,231,Delivered,49
912,14977,162,Late,87
913,18133,162,Late,77
914,11805,43,Late,52
915,16100,106,Delivered,38
916,3931,108,Delivered,29
917,15990,2,Late,27
918,41,50,Delivered,57
919,1845,175,Late,53
920,4474,35,Delivered,23
921,12186,168,Late,58
922,6660,88,Delivered,23
923,16846,261,Late,66
924,19553,242,Late,32
925,7314,31,Delivered,52
926,16681,160,Late,89
927,18510,70,Delivered,43
928,13982,203,Late,53
929,8137,166,Delivered,85
930,16714,37,Delivered,66
931,4673,177,Late,34
932,12178,177,Delivered,28
933,15961,141,Late,25
934,10432,47,Delivered,61
935,6813,245,Late,51
936,5033,89,Late,27
937,11598,252,Late,33
938,839,249,Delivered,15
939,7701,93,Delivered,71
940,17801,289,Delivered,69
941,16026,269,Delivered,15
942,16761,109,Delivered,52
943,9251,213,Late,78
944,10363,254,Delivered,87
945,321,261,Late,72
946,8667,287,Delivered,55
947,12611,203,Delivered,64
948,8864,297,Late,89
949,10394,129,Late,47
950,6355,267,Late,70
951,7966,166,Late,51
952,9247,194,Delivered,51
953,17478,26,Delivered,83
954,16502,269,Late,42
955,12124,251,Delivered,79
956,14741,107,Late,69
957,15436,242,Late,52
958,17055,90,Delivered,54
959,18628,21,Delivered,72
960,3493,20,Delivered,64
961,6319,204,Delivered,50
962,11353,300,Delivered,48
963,11205,24,Delivered,84
964,6318,32,Delivered,86
965,2464,99,Delivered,65
966,12554,241,Late,16
967,5425,25,Delivered,74
968,2638,41,Delivered,84
969,16848,69,Late,76
970,17272,125,Delivered,33
971,763,113,Delivered,23
972,13391,160,Late,81
973,8692,215,Delivered,68
974,16318,58,Delivered,30
975,10023,75,Late,53
976,16372,184,Late,70
977,6238,203,Delivered,50
978,2953,123,Delivered,83
979,3340,13,Late,30
980,4398,216,Late,18
981,19752,105,Late,65
982,7816,258,Late,31
983,19555,254,Late,48
984,3765,251,Late,68
985,16425,106,Late,49
986,3169,104,Late,61
987,16330,39,Late,83
988,14137,38,Delivered,22
989,8222,270,Late,86
990,15378,228,Late,66
991,98,218,Late,18
992,10245,268,Delivered,28
993,7604,61,Delivered,44
994,6780,26,Late,54
995,15258,218,Late,48
996,19367,230,Delivered,62
997,4158,270,Late,61
998,5881,279,Late,63
999,14216,79,Delivered,41
1000,13770,114,Delivered,52
1001,19773,104,Late,27
1002,19918,24,Late,58
1003,10059,229,Delivered,52
1004,4011,55,Delivered,45
1005,6437,93,Delivered,40
1006,18112,274,Delivered,37
1007,15762,110,Delivered,39
1008,418,229,Late,16
1009,2911,40,Delivered,18
1010,15387,183,Delivered,70
1011,4409,38,Late,55
1012,11278,252,Delivered,31
1013,19629,181,Delivered,17
1014,14512,84,Delivered,59
1015,8454,296,Late,74
1016,11586,270,Late,16
1017,8825,202,Delivered,37
1018,4913,261,Late,90
1019,2331,108,Late,85
1020,19168,263,Delivered,42
1021,18573,248,Delivered,53
1022,13802,70,Late,68
1023,3636,129,Late,29
1024,721,57,Late,52
1025,16027,263,Delivered,71
1026,8167,91,Late,52
1027,16326,255,Delivered,84
1028,17318,49,Late,38
1029,695,132,Delivered,76
1030,8605,53,Late,58
1031,7293,2,Delivered,23
1032,14064,56,Late,90
1033,14320,249,Delivered,22
1034,11856,210,Late,86
1035,2616,45,Late,25
1036,9306,145,Late,80
1037,17160,139,Delivered,21
1038,1991,143,Delivered,57
1039,9174,2,Late,50
1040,779,113,Delivered,80
1041,8507,164,Late,59
1042,13036,174,Delivered,28
1043,11682,146,Late,45
1044,8388,78,Delivered,77
1045,4824,294,Late,43
1046,2153,259,Delivered,16
1047,2409,76,Late,39
1048,9146,10,Delivered,72
1049,11047,153,Delivered,16
1050,9498,76,Late,44
1051,11896,293,Delivered,49
1052,19879,73,Delivered,72
1053,15460,12,Delivered,63
1054,15782,241,Delivered,57
1055,19043,288,Delivered,30
1056,275,110,Late,64
1057,4737,261,Late,56
1058,17027,271,Delivered,21
1059,18021,99,Late,53
1060,14835,62,Delivered,78
1061,18401,84,Late,64
1062,15662,59,Late,61
1063,7817,80,Late,54
1064,11370,85,Delivered,22
1065,532,37,Late,24
1066,15898,53,Late,50
1067,16834,161,Late,72
1068,18010,159,Late,79
1069,15589,16,Late,52
1070,15693,219,Late,22
1071,6473,205,Late,19
1072,1236,115,Delivered,48
1073,3557,178,Late,56
1074,143,66,Late,48
1075,10088,234,Delivered,37
1076,8242,202,Delivered,67
1077,4205,150,Late,38
1078,418,15,Late,51
1079,8287,197,Delivered,68
1080,3081,203,Late,86
1081,5381,195,Delivered,53
1082,15652,188,Late,58
1083,13440,32,Late,39
1084,3841,75,Delivered,56
1085,17221,150,Late,60
1086,2591,246,Delivered,90
1087,16134,147,Delivered,15
1088,19118,101,Delivered,62
1089,10875,277,Late,65
1090,1452,149,Delivered,57
1091,3809,86,Delivered,23
1092,16243,86,Late,19
1093,7645,137,Delivered,17
1094,10585,15,Delivered,32
1095,2587,154,Delivered,70
1096,12219,19,Late,60
1097,10748,151,Delivered,35
1098,17529,80,Delivered,55
1099,11128,32,Delivered,58
1100,1900,116,Late,22
1101,16634,248,Late,66
1102,8217,99,Delivered,79
1103,10707,119,Late,72
1104,4001,257,Delivered,34
1105,16469,23,Late,76
1106,7879,99,Delivered,18
1107,14122,154,Delivered,32
1108,15437,44,Delivered,24
1109,17452,237,Late,29
1110,13315,236,Delivered,65
1111,12152,237,Delivered,26
1112,3306,234,Delivered,33
1113,3322,56,Delivered,39
1114,18641,280,Delivered,46
1115,13721,159,Delivered,47
1116,13011,299,Delivered,59
1117,10969,125,Delivered,87
1118,12499,53,Delivered,72
1119,4877,146,Delivered,26
1120,5366,268,Late,67
1121,6418,26,Delivered,63
1122,9076,258,Late,57
1123,4938,159,Late,25
1124,5223,23,Delivered,34
1125,12839,87,Late,49
1126,6306,188,Delivered,41
1127,6439,266,Delivered,50
1128,8671,56,Late,66
1129,6817,208,Late,74
1130,18880,242,Delivered,39
1131,5380,165,Delivered,31
1132,14186,188,Delivered,63
1133,925,4,Delivered,44
1134,16124,84,Late,62
1135,13093,70,Late,57
1136,15743,71,Delivered,42
1137,19778,282,Delivered,60
1138,10193,192,Late,49
1139,11986,77,Late,30
1140,11991,36,Late,16
1141,13265,286,Late,18
1142,3446,167,Delivered,18
1143,1375,121,Delivered,27
1144,4744,258,Delivered,41
1145,2867,132,Delivered,53
1146,5519,64,Late,48
1147,5379,41,Late,49
1148,7307,275,Delivered,77
1149,10513,31,Late,44
1150,288,287,Delivered,71
1151,18199,148,Delivered,51
1152,12841,128,Delivered,62
1153,2811,109,Delivered,39
1154,3924,37,Late,22
1155,10826,271,Delivered,20
1156,10243,154,Delivered,64
1157,19559,132,Delivered,74
1158,15255,113,Late,24
1159,1149,204,Late,32
1160,1009,141,Late,80
1161,18568,120,Delivered,27
1162,9215,10,Late,85
1163,16860,165,Late,44
1164,19250,27,Late,58
1165,19234,208,Late,53
1166,9253,36,Delivered,32
1167,3057,226,Late,87
1168,11633,292,Delivered,38
1169,943,108,Delivered,89
1170,10297,282,Late,81
1171,154,58,Late,80
1172,13392,141,Late,72
1173,1072,289,Delivered,22
1174,15514,160,Late,56
1175,11534,222,Delivered,26
1176,9287,132,Late,37
1177,2627,147,Late,65
1178,15189,7,Delivered,30
1179,3280,188,Delivered,63
1180,2800,20,Delivered,74
1181,9227,143,Late,87
1182,2920,229,Delivered,77
1183,4073,121,Delivered,16
1184,8343,6,Delivered,35
1185,80,145,Late,63
1186,12781,191,Delivered,66
1187,6743,122,Late,72
1188,4658,270,Delivered,28
1189,17154,78,Late,77
1190,8853,177,Late,41
1191,18435,23,Delivered,59
1192,6608,216,Delivered,17
1193,17465,169,Late,38
1194,813,117,Delivered,38
1195,17677,104,Delivered,17
1196,18278,232,Late,51
1197,13722,128,Delivered,35
1198,751,300,Late,16
1199,424,75,Late,22
1200,8859,295,Late,16
1201,11665,60,Late,49
1202,11108,252,Late,63
1203,11319,185,Late,64
1204,2062,202,Delivered,33
1205,18780,201,Late,79
1206,11172,177,Late,18
1207,14817,298,Late,73
1208,15784,219,Late,57
1209,11874,164,Late,75
1210,12752,67,Late,50
1211,10663,49,Delivered,40
1212,17201,15,Delivered,88
1213,12043,14,Delivered,52
1214,7182,91,Late,69
1215,19698,224,Delivered,26
1216,3081,223,Late,68
1217,19375,246,Late,33
1218,16097,222,Delivered,15
1219,14636,23,Late,37
1220,16469,135,Delivered,35
1221,948,75,Late,68
1222,14061,59,Late,42
1223,5640,87,Late,65
1224,7204,190,Delivered,30
1225,11329,245,Delivered,58
1226,14899,144,Delivered,19
1227,4921,14,Delivered,69
1228,7670,208,Late,19
1229,13323,108,Late,83
1230,7822,233,Delivered,75
1231,12519,166,Delivered,64
1232,13323,171,Late,27
1233,15353,156,Late,39
1234,9674,201,Late,77
1235,6147,23,Late,89
1236,8400,8,Delivered,44
1237,741,111,Delivered,24
1238,2827,249,Delivered,26
1239,11635,64,Delivered,51
1240,11416,116,Late,38
1241,5237,122,Late,35
1242,17494,69,Delivered,16
1243,13470,278,Late,47
1244,19402,16,Late,43
1245,17379,162,Delivered,27
1246,19968,212,Delivered,80
1247,11864,147,Delivered,83
1248,17470,296,Late,36
1249,12967,152,Late,28
1250,13583,289,Delivered,36
1251,7125,271,Delivered,80
1252,18848,234,Late,36
1253,12729,237,Late,15
1254,15305,171,Delivered,64
1255,3393,36,Late,71
1256,17640,253,Delivered,47
1257,9654,26,Late,60
1258,13202,131,Delivered,34
1259,3630,69,Delivered,70
1260,9882,105,Delivered,43
1261,14358,163,Delivered,29
1262,18860,51,Delivered,44
1263,11250,28,Late,22
1264,6074,35,Delivered,50
1265,7022,147,Delivered,24
1266,9638,234,Delivered,21
1267,2934,188,Delivered,32
1268,18743,158,Late,61
1269,2365,70,Late,52
1270,17782,41,Delivered,51
1271,12681,133,Late,33
1272,9516,123,Delivered,31
1273,15093,189,Late,44
1274,16506,271,Delivered,29
1275,7058,226,Delivered,81
1276,12542,52,Late,23
1277,1322,138,Delivered,86
1278,8673,75,Delivered,21
1279,3690,116,Delivered,37
1280,15863,187,Late,23
1281,4878,183,Late,28
1282,16899,134,Delivered,68
1283,4722,19,Delivered,37
1284,5151,289,Delivered,77
1285,18648,293,Delivered,45
1286,11620,173,Late,78
1287,17589,37,Delivered,55
1288,8061,112,Late,33
1289,5235,66,Late,23
1290,14351,104,Late,66
1291,391,258,Late,51
1292,15145,82,Delivered,88
1293,16919,57,Delivered,57
1294,5236,252,Delivered,69
1295,3494,265,Late,22
1296,10287,255,Late,41
1297,1751,173,Delivered,52
1298,11699,113,Delivered,89
1299,5098,154,Delivered,86
1300,1695,44,Late,29
1301,1801,29,Late,39
1302,15059,177,Delivered,66
1303,18796,77,Delivered,46
1304,5689,151,Late,89
1305,9413,116,Delivered,29
1306,14592,216,Delivered,15
1307,8870,151,Late,49
1308,19555,296,Delivered,83
1309,6596,254,Late,87
1310,15990,13,Late,49
1311,6911,66,Late,79
1312,17858,46,Late,80
1313,7205,80,Late,34
1314,16802,84,Late,63
1315,17837,170,Delivered,21
1316,9896,137,Late,37
1317,15652,42,Late,47
1318,7917,212,Delivered,63
1319,4334,54,Delivered,76
1320,6024,286,Late,54
1321,11046,189,Delivered,36
1322,16757,50,Delivered,40
1323,15899,267,Delivered,70
1324,17730,229,Late,84
1325,9722,22,Delivered,24
1326,18022,129,Late,72
1327,10945,268,Late,74
1328,2153,156,Late,17
1329,10408,263,Delivered,66
1330,13048,214,Late,22
1331,6479,250,Delivered,34
1332,19696,36,Delivered,22
1333,8510,9,Delivered,47
1334,19204,39,Delivered,41
1335,4656,101,Late,26
1336,7959,166,Delivered,70
1337,2880,108,Delivered,19
1338,1556,227,Delivered,41
1339,15873,109,Late,83
1340,14850,126,Delivered,48
1341,10061,130,Delivered,32
1342,16269,211,Late,49
1343,6579,26,Delivered,77
1344,19414,114,Late,41
1345,14267,17,Late,15
1346,4252,15,Delivered,69
1347,4809,73,Delivered,82
1348,9485,198,Delivered,85
1349,19039,131,Delivered,48
1350,9845,297,Delivered,24
1351,18193,265,Late,29
1352,13095,96,Late,29
1353,8291,11,Late,53
1354,5410,80,Delivered,43
1355,4811,74,Delivered,16
1356,5073,133,Late,20
1357,5829,44,Delivered,69
1358,4023,125,Late,67
1359,2902,152,Delivered,29
1360,19087,203,Delivered,60
1361,3751,28,Late,61
1362,7663,153,Late,40
1363,2848,163,Delivered,46
1364,2600,52,Delivered,57
1365,7857,168,Delivered,30
1366,10756,283,Delivered,35
1367,1433,297,Delivered,35
1368,7323,34,Delivered,36
1369,4066,299,Late,81
1370,19603,248,Late,35
1371,15891,5,Late,27
1372,16993,207,Delivered,35
1373,18280,155,Delivered,22
1374,3956,271,Late,34
1375,11347,130,Delivered,71
1376,14629,185,Delivered,27
1377,13689,116,Delivered,69
1378,15893,167,Late,57
1379,8738,197,Late,70
1380,6474,231,Delivered,49
1381,5636,239,Late,68
1382,8903,112,Delivered,76
1383,16624,175,Late,66
1384,1740,101,Delivered,74
1385,5273,65,Late,87
1386,307,106,Delivered,48
1387,745,97,Delivered,41
1388,6915,94,Delivered,85
1389,17223,62,Delivered,50
1390,10053,160,Late,19
1391,15999,102,Delivered,69
1392,12752,89,Delivered,26
1393,16707,212,Late,89
1394,10862,57,Delivered,87
1395,14207,167,Delivered,31
1396,4485,194,Delivered,19
1397,16930,269,Late,78
1398,3240,109,Delivered,59
1399,6225,5,Late,63
1400,8739,136,Delivered,37
1401,19410,59,Late,45
1402,17186,231,Late,50
1403,12655,196,Late,52
1404,8025,118,Delivered,44
1405,14478,47,Delivered,62
1406,11990,194,Delivered,17
1407,16838,177,Late,72
1408,2624,231,Delivered,20
1409,14488,63,Delivered,36
1410,15243,176,Delivered,70
1411,7035,250,Late,43
1412,18768,281,Late,19
1413,10258,231,Delivered,80
1414,1111,62,Delivered,18
1415,12777,264,Late,82
1416,11766,273,Delivered,44
1417,8000,151,Late,43
1418,9562,61,Late,50
1419,11568,68,Late,67
1420,15925,2,Delivered,63
1421,2133,57,Late,63
1422,8405,6,Late,68
1423,10835,183,Late,79
1424,7756,285,Delivered,58
1425,2298,266,Delivered,69
1426,17349,261,Delivered,73
1427,6186,67,Late,44
1428,7034,117,Delivered,55
1429,14871,80,Delivered,87
1430,9924,116,Delivered,82
1431,6402,12,Delivered,72
1432,10838,115,Delivered,60
1433,813,20,Late,38
1434,18410,103,Late,43
1435,4688,225,Late,23
1436,9387,62,Delivered,54
1437,19496,118,Delivered,67
1438,14883,61,Delivered,65
1439,16592,289,Late,38
1440,2305,38,Late,66
1441,9183,36,Late,31
1442,5705,139,Delivered,65
1443,16124,268,Delivered,71
1444,18634,272,Delivered,89
1445,2476,171,Late,85
1446,18763,220,Delivered,71
1447,3119,296,Late,61
1448,559,7,Late,71
1449,15650,227,Late,87
1450,12375,218,Delivered,72
1451,8605,184,Delivered,64
1452,9106,158,Delivered,67
1453,15033,67,Delivered,84
1454,547,173,Late,62
1455,15702,149,Delivered,76
1456,1734,91,Delivered,28
1457,18189,222,Late,58
1458,3288,110,Late,82
1459,19060,177,Delivered,70
1460,11360,176,Late,76
1461,10686,6,Late,34
1462,7631,275,Late,33
1463,12451,51,Delivered,21
1464,2024,129,Late,55
1465,7006,156,Late,69
1466,12694,62,Late,56
1467,1779,253,Delivered,35
1468,19146,287,Late,31
1469,5708,23,Late,24
1470,8970,30,Delivered,57
1471,19978,133,Delivered,85
1472,7714,197,Late,47
1473,6242,82,Delivered,59
1474,11865,73,Late,30
1475,6784,88,Late,53
1476,1286,271,Late,78
1477,2196,62,Late,57
1478,4294,90,Delivered,82
1479,16371,246,Late,69
1480,2906,291,Late,45
1481,18697,54,Delivered,84
1482,8247,6,Late,15
1483,16226,84,Delivered,49
1484,1189,288,Delivered,86
1485,19252,17,Late,52
1486,8729,174,Late,20
1487,10279,295,Late,38
1488,18677,208,Late,83
1489,11871,228,Delivered,52
1490,19033,213,Late,77
1491,11942,216,Delivered,49
1492,8436,38,Late,19
1493,8210,298,Late,21
1494,17278,75,Late,22
1495,11347,157,Delivered,63
1496,6480,90,Late,40
1497,7728,212,Late,23
1498,9752,101,Late,40
1499,16781,18,Delivered,24
1500,5074,163,Delivered,65
1501,17136,150,Delivered,57
1502,16909,57,Late,87
1503,14978,268,Delivered,81
1504,6750,266,Delivered,46
1505,1145,118,Delivered,51
1506,7705,130,Late,82
1507,2895,139,Late,74
1508,6140,130,Delivered,34
1509,19419,285,Late,37
1510,17217,225,Delivered,53
1511,19217,75,Late,31
1512,10488,67,Delivered,55
1513,10368,215,Delivered,67
1514,11071,286,Delivered,84
1515,17046,42,Delivered,70
1516,13043,245,Delivered,15
1517,11083,104,Late,46
1518,15126,81,Late,83
1519,17539,192,Late,18
1520,3913,141,Late,20
1521,16901,131,Delivered,17
1522,2473,178,Delivered,38
1523,15709,107,Delivered,16
1524,15469,144,Delivered,69
1525,9613,62,Delivered,18
1526,9720,202,Late,44
1527,6137,196,Late,19
1528,10075,30,Delivered,19
1529,4349,255,Late,67
1530,3680,192,Delivered,24
1531,4784,208,Delivered,19
1532,8680,77,Delivered,66
1533,13232,215,Delivered,61
1534,15240,38,Delivered,67
1535,245,75,Late,85
1536,5848,34,Late,54
1537,8114,41,Late,82
1538,11511,35,Late,20
1539,5011,166,Delivered,49
1540,2747,189,Late,15
1541,7428,116,Late,86
1542,7914,181,Late,50
1543,19457,295,Delivered,53
1544,9366,200,Delivered,24
1545,8524,177,Delivered,87
1546,18118,177,Late,24
1547,1456,258,Delivered,33
1548,7361,76,Delivered,41
1549,835,33,Late,19
1550,10942,144,Late,50
1551,12287,272,Late,29
1552,8523,276,Late,80
1553,1214,94,Delivered,87
1554,11247,134,Delivered,67
1555,11357,93,Late,85
1556,4694,183,Late,20
1557,15776,32,Late,65
1558,15922,256,Delivered,78
1559,10187,208,Delivered,19
1560,3102,7,Delivered,65
1561,14630,7,Late,19
1562,6696,10,Late,78
1563,15394,156,Delivered,50
1564,18372,181,Delivered,39
1565,4478,228,Late,35
1566,8763,232,Late,56
1567,3463,205,Late,77
1568,4185,224,Late,34
1569,15926,255,Late,31
1570,10748,166,Delivered,57
1571,6628,187,Delivered,76
1572,11965,239,Delivered,89
1573,18075,143,Delivered,26
1574,4222,161,Delivered,89
1575,12875,268,Delivered,26
1576,3107,253,Late,36
1577,13607,123,Delivered,48
1578,6149,241,Delivered,24
1579,16628,296,Delivered,83
1580,14994,33,Delivered,56
1581,14468,118,Delivered,36
1582,1455,134,Late,82
1583,13340,128,Late,65
1584,19299,130,Delivered,16
1585,2057,281,Delivered,60
1586,12319,265,Delivered,63
1587,10489,73,Delivered,27
1588,16401,136,Late,39
1589,8772,132,Delivered,66
1590,7768,257,Late,81
1591,12993,270,Delivered,45
1592,3559,134,Delivered,50
1593,12692,177,Delivered,34
1594,5621,144,Late,41
1595,8130,49,Late,73
1596,16992,208,Late,86
1597,14316,133,Late,37
1598,5631,90,Late,84
1599,5322,91,Late,75
1600,3111,207,Late,72
1601,2659,103,Delivered,44
1602,19280,287,Delivered,30
1603,13967,6,Late,15
1604,16846,89,Delivered,70
1605,4952,131,Late,35
1606,13034,113,Late,48
1607,18920,256,Late,62
1608,4777,239,Delivered,49
1609,11687,291,Late,57
1610,10230,223,Late,80
1611,8906,154,Delivered,33
1612,10436,187,Delivered,55
1613,41,292,Late,83
1614,2538,239,Late,20
1615,11272,132,Delivered,37
1616,5708,298,Delivered,81
1617,13834,147,Delivered,39
1618,3529,149,Late,32
1619,16849,300,Delivered,22
1620,406,275,Late,33
1621,10085,258,Delivered,45
1622,16157,289,Late,45
1623,4940,254,Late,87
1624,19802,1,Late,87
1625,11600,124,Late,28
1626,9341,260,Late,53
1627,17165,98,Late,17
1628,9673,234,Delivered,37
1629,5308,55,Delivered,87
1630,12598,129,Late,69
1631,8272,295,Delivered,35
1632,10812,204,Late,44
1633,11700,72,Late,30
1634,16135,48,Late,89
1635,15395,132,Late,42
1636,5936,144,Late,77
1637,2612,174,Late,18
1638,7457,204,Delivered,80
1639,10806,195,Delivered,89
1640,16342,267,Late,55
1641,9040,22,Delivered,82
1642,17145,107,Late,27
1643,12515,49,Late,80
1644,11787,124,Delivered,88
1645,19645,26,Delivered,62
1646,16367,192,Late,51
1647,15650,34,Late,21
1648,10038,266,Delivered,66
1649,14974,88,Delivered,43
1650,9586,52,Late,89
1651,4930,220,Delivered,26
1652,8991,261,Delivered,52
1653,4220,8,Late,24
1654,17325,83,Delivered,27
1655,18578,273,Late,18
1656,6485,226,Delivered,31
1657,841,261,Delivered,45
1658,11481,229,Delivered,41
1659,1553,248,Delivered,22
1660,6538,142,Delivered,22
1661,7344,201,Late,90
1662,9853,284,Late,23
1663,12134,205,Delivered,47
1664,5072,181,Late,51
1665,828,98,Delivered,64
1666,15090,94,Delivered,82
1667,4688,129,Delivered,45
1668,14704,239,Delivered,76
1669,10387,115,Delivered,19
1670,17346,268,Late,78
1671,9964,274,Late,77
1672,3256,230,Delivered,31
1673,17203,40,Delivered,79
1674,19931,253,Delivered,22
1675,16379,25,Delivered,86
1676,2259,117,Delivered,41
1677,5714,222,Late,64
1678,11943,29,Delivered,84
1679,16337,81,Late,23
1680,5039,207,Delivered,25
1681,12911,152,Late,30
1682,4955,190,Late,16
1683,17849,225,Late,19
1684,13283,249,Late,84
1685,5830,81,Delivered,26
1686,18650,88,Delivered,90
1687,2508,164,Late,24
1688,13309,153,Delivered,60
1689,4853,270,Late,66
1690,5456,277,Late,79
1691,5020,16,Late,17
1692,19710,29,Late,45
1693,10827,19,Late,86
1694,15676,263,Delivered,84
1695,17189,98,Late,32
1696,6309,234,Late,51
1697,10744,118,Delivered,36
1698,3596,81,Late,53
1699,2566,298,Late,40
1700,1611,3,Late,55
1701,17034,24,Late,84
1702,1549,215,Delivered,46
1703,858,77,Late,88
1704,10065,231,Delivered,87
1705,1576,127,Late,44
1706,5404,123,Delivered,72
1707,19856,6,Late,80
1708,7895,151,Delivered,38
1709,5889,235,Late,36
1710,12017,1,Late,45
1711,6008,193,Delivered,37
1712,16776,42,Delivered,25
1713,13232,237,Late,32
1714,9725,138,Late,75
1715,2732,57,Late,59
1716,9289,91,Late,23
1717,13917,85,Delivered,37
1718,19217,196,Late,22
1719,15219,172,Late,46
1720,19416,289,Late,50
1721,13536,298,Late,24
1722,18227,25,Delivered,60
1723,18622,191,Delivered,25
1724,12838,54,Delivered,71
1725,12916,233,Late,52
1726,16526,30,Late,88
1727,14468,156,Delivered,84
1728,14321,56,Late,25
1729,14609,67,Late,49
1730,2357,181,Delivered,37
1731,9848,198,Late,61
1732,18427,146,Late,69
1733,7401,66,Late,43
1734,11519,64,Delivered,50
1735,10290,215,Delivered,17
1736,18182,183,Late,64
1737,907,290,Delivered,52
1738,19510,49,Delivered,17
1739,19653,212,Delivered,62
1740,4274,50,Late,19
1741,12569,16,Late,24
1742,14115,78,Delivered,19
1743,11816,159,Delivered,29
1744,2199,275,Late,89
1745,10736,107,Delivered,89
1746,9748,112,Late,45
1747,18483,258,Late,24
1748,10360,37,Late,26
1749,18059,178,Late,61
1750,4344,287,Late,86
1751,13831,95,Delivered,42
1752,13146,171,Delivered,36
1753,13572,124,Late,24
1754,12114,110,Delivered,90
1755,1710,297,Late,60
1756,5647,87,Late,53
1757,3174,107,Delivered,47
1758,12905,216,Late,31
1759,629,279,Late,29
1760,11948,288,Delivered,58
1761,1066,137,Delivered,19
1762,4574,299,Delivered,59
1763,18930,159,Late,81
1764,10634,25,Delivered,46
1765,2085,46,Late,68
1766,9346,271,Late,79
1767,15453,92,Late,34
1768,11820,114,Delivered,89
1769,473,106,Late,63
1770,2679,56,Late,60
1771,4578,245,Late,32
1772,7799,206,Late,29
1773,1492,261,Late,42
1774,13975,8,Late,17
1775,17199,37,Delivered,53
1776,13922,65,Delivered,70
1777,13645,104,Delivered,55
1778,6592,115,Late,84
1779,51,117,Delivered,44
1780,18565,176,Late,23
1781,17092,87,Delivered,25
1782,9036,259,Delivered,59
1783,7451,230,Late,47
1784,6697,117,Late,74
1785,4420,200,Late,90
1786,11221,72,Late,35
1787,19469,159,Late,72
1788,19095,293,Late,48
1789,12731,60,Late,28
1790,5646,234,Late,61
1791,13137,292,Late,74
1792,14166,207,Late,61
1793,11696,192,Delivered,40
1794,6856,285,Delivered,20
1795,2449,259,Late,64
1796,2409,292,Delivered,67
1797,1881,5,Late,68
1798,1006,135,Late,24
1799,14722,147,Late,20
1800,6204,43,Late,69
1801,6770,262,Late,77
1802,7774,79,Delivered,25
1803,14454,232,Late,23
1804,9488,224,Late,23
1805,9091,198,Late,53
1806,11068,33,Late,51
1807,2112,96,Late,74
1808,7916,299,Late,54
1809,2234,174,Late,15
1810,4507,241,Late,20
1811,4094,283,Delivered,88
1812,18703,161,Delivered,26
1813,12717,156,Late,89
1814,2440,275,Late,48
1815,16599,106,Late,29
1816,4573,295,Late,61
1817,18864,33,Late,84
1818,2186,272,Delivered,20
1819,2728,296,Late,72
1820,3710,148,Delivered,49
1821,11331,129,Late,40
1822,11463,250,Late,60
1823,10228,13,Delivered,40
1824,16389,296,Delivered,60
1825,6664,224,Late,45
1826,2319,84,Late,68
1827,7090,58,Delivered,85
1828,4704,32,Late,39
1829,6197,21,Delivered,41
1830,15858,252,Delivered,47
1831,10841,15,Late,83
1832,8727,292,Delivered,40
1833,4132,37,Delivered,58
1834,5366,286,Delivered,86
1835,15052,34,Late,83
1836,11670,105,Delivered,17
1837,1554,150,Late,57
1838,20000,264,Late,59
1839,17143,81,Late,42
1840,19731,178,Late,46
1841,15984,222,Late,61
1842,18337,25,Late,66
1843,847,269,Delivered,62
1844,1111,289,Late,34
1845,5998,164,Delivered,49
1846,8102,10,Delivered,36
1847,8926,45,Late,66
1848,3832,63,Late,17
1849,12016,232,Late,60
1850,8852,74,Delivered,90
1851,15156,272,Delivered,16
1852,12081,245,Late,24
1853,9727,13,Delivered,74
1854,1245,50,Late,88
1855,6890,188,Late,48
1856,1588,160,Late,26
1857,1979,164,Late,44
1858,12952,297,Delivered,38
1859,10422,17,Delivered,17
1860,6840,268,Late,72
1861,13866,267,Delivered,75
1862,3839,191,Delivered,80
1863,19587,163,Late,31
1864,5685,176,Delivered,55
1865,5726,143,Delivered,29
1866,16558,237,Late,28
1867,5980,36,Delivered,28
1868,2627,77,Late,57
1869,12076,217,Late,43
1870,896,119,Late,59
1871,634,149,Delivered,31
1872,6251,135,Delivered,77
1873,8822,171,Delivered,33
1874,18064,294,Delivered,18
1875,3303,92,Delivered,90
1876,389,212,Late,24
1877,7998,2,Delivered,22
1878,16515,255,Late,74
1879,4402,111,Late,83
1880,15893,182,Delivered,82
1881,16406,34,Late,57
1882,9552,164,Late,89
1883,12250,72,Delivered,40
1884,19133,183,Late,58
1885,3812,67,Late,61
1886,1219,42,Late,74
1887,13867,232,Late,32
1888,13684,252,Late,27
1889,9268,67,Delivered,50
1890,1986,199,Delivered,47
1891,15015,163,Late,69
1892,2875,164,Late,67
1893,2493,226,Late,60
1894,2285,4,Late,85
1895,9589,209,Delivered,50
1896,6362,110,Late,34
1897,15744,38,Late,20
1898,17804,251,Delivered,19
1899,4831,40,Late,60
1900,10466,15,Late,65
1901,8944,268,Late,49
1902,1398,80,Late,44
1903,6421,136,Delivered,19
1904,9199,246,Late,49
1905,19787,216,Late,16
1906,14467,135,Delivered,40
1907,17803,126,Delivered,87
1908,3956,112,Delivered,60
1909,2708,185,Late,89
1910,6194,236,Late,58
1911,4336,248,Late,61
1912,1173,49,Late,75
1913,3644,66,Delivered,66
1914,13493,97,Delivered,29
1915,9726,194,Delivered,42
1916,1616,246,Delivered,49
1917,8567,99,Delivered,76
1918,6504,120,Late,42
1919,16074,196,Late,32
1920,2471,219,Late,23
1921,12339,39,Late,49
1922,6239,27,Late,25
1923,2396,105,Delivered,42
1924,17075,243,Late,63
1925,790,212,Late,22
1926,8317,66,Late,86
1927,7623,56,Late,82
1928,14153,188,Late,58
1929,15359,257,Delivered,45
1930,2556,104,Late,18
1931,5838,56,Late,24
1932,8821,231,Delivered,46
1933,18405,275,Late,59
1934,3955,34,Delivered,62
1935,9967,261,Delivered,60
1936,12339,66,Late,75
1937,9142,247,Late,86
1938,19810,216,Delivered,47
1939,19859,280,Delivered,63
1940,3620,33,Late,75
1941,3508,278,Late,77
1942,7939,172,Late,71
1943,15023,1,Delivered,23
1944,1027,53,Late,57
1945,11480,109,Delivered,21
1946,832,150,Delivered,83
1947,648,153,Late,31
1948,4312,86,Delivered,60
1949,15778,125,Delivered,48
1950,6752,82,Delivered,54
1951,10745,250,Late,71
1952,3819,152,Late,74
1953,5747,102,Delivered,61
1954,4213,184,Delivered,66
1955,6732,274,Delivered,41
1956,1672,184,Delivered,33
1957,7631,176,Delivered,25
1958,2256,34,Late,41
1959,15363,197,Delivered,34
1960,16199,297,Late,60
1961,13545,260,Late,38
1962,14928,265,Late,54
1963,14884,291,Delivered,84
1964,18994,37,Late,82
1965,14181,83,Delivered,42
1966,16982,181,Delivered,56
1967,6586,119,Late,56
1968,7110,256,Delivered,63
1969,6815,225,Delivered,71
1970,11867,217,Delivered,44
1971,8154,294,Late,38
1972,7828,119,Delivered,37
1973,15555,94,Late,75
1974,11243,274,Delivered,48
1975,409,112,Late,60
1976,6020,10,Late,88
1977,14556,7,Late,38
1978,11245,180,Late,71
1979,12580,42,Late,35
1980,4282,118,Late,84
1981,18980,116,Late,84
1982,5676,284,Delivered,75
1983,11469,171,Late,20
1984,12941,225,Late,18
1985,10987,263,Delivered,58
1986,16799,270,Delivered,47
1987,12601,219,Late,39
1988,778,11,Late,79
1989,7220,99,Delivered,37
1990,15382,162,Delivered,90
1991,3271,285,Delivered,75
1992,6127,124,Delivered,15
1993,6420,237,Late,86
1994,19073,93,Late,46
1995,8497,60,Late,89
1996,7934,252,Delivered,67
1997,112,1,Delivered,55
1998,6521,186,Delivered,88
1999,11501,41,Delivered,63
2000,6069,199,Late,48
2001,12713,283,Delivered,75
2002,13102,60,Delivered,15
2003,4968,208,Delivered,23
2004,10717,185,Delivered,90
2005,15625,139,Late,85
2006,8182,178,Late,85
2007,12990,213,Delivered,64
2008,789,26,Delivered,47
2009,17217,186,Late,62
2010,13133,191,Delivered,71
2011,15130,259,Late,55
2012,113,254,Delivered,42
2013,14524,83,Delivered,21
2014,1411,72,Delivered,75
2015,11425,47,Late,78
2016,7597,122,Delivered,28
2017,10026,12,Late,46
2018,2052,257,Delivered,83
2019,14912,249,Delivered,28
2020,15735,36,Late,41
2021,17879,148,Late,66
2022,17667,65,Late,86
2023,11262,257,Late,56
2024,8719,8,Late,15
2025,15517,106,Late,18
2026,8828,58,Delivered,89
2027,648,141,Delivered,75
2028,16430,97,Late,15
2029,5620,7,Delivered,49
2030,14221,245,Delivered,24
2031,19997,252,Delivered,21
2032,9344,233,Delivered,51
2033,7537,52,Delivered,30
2034,10673,280,Late,21
2035,8005,6,Late,32
2036,13459,20,Late,83
2037,15825,280,Delivered,36
2038,12517,287,Delivered,62
2039,9047,300,Delivered,74
2040,16695,123,Late,73
2041,9022,16,Late,30
2042,13384,260,Late,21
2043,1190,120,Late,56
2044,16205,130,Late,60
2045,10173,214,Late,26
2046,13408,248,Delivered,90
2047,19495,205,Late,82
2048,7303,16,Late,82
2049,14064,103,Late,87
2050,19003,256,Delivered,22
2051,18467,136,Delivered,79
2052,9842,51,Delivered,71
2053,16521,37,Delivered,79
2054,15096,175,Late,53
2055,5467,88,Late,27
2056,5260,158,Late,46
2057,5432,299,Delivered,26
2058,16951,245,Late,17
2059,14462,41,Late,80
2060,3444,274,Delivered,60
2061,4246,145,Late,84
2062,14407,90,Late,17
2063,6411,292,Late,76
2064,16498,2,Late,15
2065,12223,107,Delivered,50
2066,13274,202,Delivered,43
2067,12554,49,Delivered,44
2068,3073,278,Delivered,43
2069,18026,151,Delivered,64
2070,10181,102,Delivered,43
2071,12300,210,Late,65
2072,8379,113,Late,33
2073,17448,300,Late,19
2074,2558,73,Delivered,81
2075,11062,31,Delivered,37
2076,17727,30,Delivered,51
2077,17050,129,Late,36
2078,16800,68,Delivered,81
2079,15134,213,Late,33
2080,16918,180,Late,23
2081,5253,135,Delivered,17
2082,4002,156,Late,73
2083,6370,157,Late,68
2084,14764,89,Late,66
2085,17657,183,Delivered,84
2086,6110,161,Late,75
2087,9118,34,Late,42
2088,12065,116,Delivered,34
2089,3730,57,Late,44
2090,7817,252,Late,31
2091,9152,172,Late,57
2092,7065,110,Late,85
2093,2257,274,Delivered,75
2094,9186,46,Delivered,84
2095,12696,224,Late,73
2096,15469,197,Delivered,57
2097,8075,209,Delivered,79
2098,10872,33,Delivered,44
2099,7098,271,Late,32
2100,13387,48,Late,90
2101,16943,121,Delivered,20
2102,12920,19,Delivered,57
2103,15544,102,Late,56
2104,5502,280,Late,51
2105,468,5,Late,70
2106,15367,208,Delivered,46
2107,12789,257,Late,33
2108,11192,79,Late,41
2109,8974,116,Delivered,78
2110,10857,51,Delivered,31
2111,9008,98,Late,67
2112,8237,215,Late,71
2113,6247,40,Late,77
2114,19875,66,Delivered,68
2115,271,120,Delivered,16
2116,5489,224,Late,20
2117,13134,162,Late,60
2118,15117,253,Delivered,38
2119,8970,241,Delivered,22
2120,3612,232,Late,39
2121,7715,228,Late,85
2122,6283,183,Late,85
2123,8220,243,Late,68
2124,11469,90,Late,75
2125,15684,73,Delivered,81
2126,17872,140,Late,28
2127,8004,112,Late,42
2128,7682,189,Late,16
2129,7770,280,Late,20
2130,14972,296,Delivered,20
2131,11735,225,Late,61
2132,11965,229,Delivered,74
2133,2561,288,Late,26
2134,10997,168,Delivered,30
2135,9671,228,Delivered,17
2136,5821,211,Delivered,32
2137,3177,161,Late,34
2138,1992,237,Late,90
2139,6644,44,Late,67
2140,4207,134,Delivered,78
2141,14548,142,Late,50
2142,14171,211,Delivered,17
2143,16010,155,Late,41
2144,11916,118,Late,68
2145,14696,52,Delivered,36
2146,2992,293,Late,70
2147,14031,198,Delivered,29
2148,3408,229,Late,89
2149,14027,237,Delivered,79
2150,8504,177,Late,77
2151,5675,61,Late,19
2152,1902,116,Late,61
2153,3233,261,Delivered,56
2154,14065,135,Delivered,63
2155,4106,294,Late,36
2156,9653,257,Delivered,88
2157,3427,129,Late,58
2158,17818,239,Late,65
2159,12089,40,Delivered,66
2160,19238,219,Delivered,22
2161,16296,72,Delivered,84
2162,2498,206,Late,37
2163,2770,274,Late,64
2164,16039,185,Delivered,65
2165,13499,267,Late,57
2166,11842,164,Delivered,19
2167,17729,225,Late,21
2168,5994,272,Delivered,85
2169,17737,300,Late,16
2170,10866,249,Delivered,22
2171,1405,159,Delivered,67
2172,14359,300,Late,19
2173,6918,250,Late,58
2174,19245,193,Late,22
2175,1239,234,Delivered,77
2176,7544,170,Delivered,88
2177,19126,201,Late,72
2178,908,276,Delivered,26
2179,5879,13,Delivered,38
2180,1151,189,Late,51
2181,10563,265,Late,44
2182,18171,87,Late,16
2183,15201,94,Late,89
2184,17569,42,Late,18
2185,19038,1,Delivered,36
2186,8811,230,Delivered,88
2187,14285,231,Delivered,76
2188,19692,212,Late,25
2189,992,290,Delivered,63
2190,17972,277,Late,36
2191,1976,208,Delivered,52
2192,3352,37,Late,17
2193,7391,77,Late,89
2194,18328,131,Delivered,27
2195,18373,227,Late,71
2196,17331,34,Delivered,75
2197,8429,134,Delivered,70
2198,16838,115,Late,62
2199,9217,58,Delivered,82
2200,15932,97,Late,56
2201,17421,170,Late,34
2202,1261,176,Late,80
2203,13048,216,Late,57
2204,15526,233,Delivered,77
2205,6222,201,Delivered,66
2206,4412,54,Delivered,32
2207,1615,156,Delivered,61
2208,12278,46,Delivered,72
2209,19107,16,Delivered,70
2210,17163,177,Late,83
2211,13751,297,Late,58
2212,3391,89,Late,50
2213,14034,64,Delivered,82
2214,7927,110,Delivered,86
2215,4590,170,Late,37
2216,6061,24,Late,85
2217,14925,183,Late,34
2218,10396,199,Delivered,73
2219,9087,273,Late,78
2220,16154,213,Late,22
2221,10046,126,Late,83
2222,6700,218,Delivered,64
2223,12060,205,Delivered,57
2224,5323,151,Late,68
2225,15580,26,Late,48
2226,14643,40,Late,75
2227,3226,159,Delivered,65
2228,5846,228,Delivered,79
2229,3942,294,Delivered,42
2230,19308,219,Late,79
2231,13817,15,Late,71
2232,3378,141,Delivered,74
2233,8188,123,Delivered,89
2234,12435,121,Late,19
2235,16620,229,Delivered,78
2236,983,147,Late,81
2237,6542,58,Delivered,29
2238,15334,6,Delivered,60
2239,12697,119,Late,43
2240,8620,60,Delivered,22
2241,5363,114,Delivered,68
2242,16359,265,Delivered,82
2243,91,243,Delivered,63
2244,19046,109,Late,89
2245,2745,101,Late,28
2246,3019,174,Late,26
2247,14929,191,Delivered,60
2248,7954,33,Delivered,71
2249,11144,24,Delivered,34
2250,15599,260,Late,24
2251,1178,149,Late,61
2252,10772,172,Late,89
2253,5760,250,Delivered,66
2254,7718,145,Late,51
2255,11480,237,Delivered,73
2256,17624,203,Late,45
2257,3768,101,Late,48
2258,18353,51,Delivered,46
2259,10447,125,Delivered,36
2260,10234,256,Delivered,17
2261,19484,59,Late,77
2262,16189,42,Delivered,39
2263,13598,131,Late,82
2264,12212,154,Late,80
2265,1324,278,Late,77
2266,5445,103,Late,23
2267,136,85,Late,23
2268,18121,35,Late,38
2269,5581,145,Delivered,46
2270,2100,203,Late,28
2271,8484,64,Late,32
2272,3809,69,Delivered,47
2273,5356,261,Late,39
2274,10759,8,Delivered,50
2275,2172,218,Late,27
2276,9997,171,Delivered,57
2277,4928,254,Delivered,31
2278,18143,170,Late,43
2279,13852,39,Delivered,49
2280,2531,77,Delivered,81
2281,11498,270,Delivered,21
2282,8274,74,Late,29
2283,18933,134,Delivered,37
2284,15060,3,Late,59
2285,17387,167,Delivered,21
2286,1831,193,Delivered,86
2287,7509,186,Delivered,47
2288,10171,34,Delivered,75
2289,19095,185,Late,60
2290,14843,148,Delivered,36
2291,17242,18,Delivered,31
2292,384,31,Late,81
2293,17092,212,Late,23
2294,4966,19,Late,68
2295,15472,200,Late,84
2296,13165,119,Delivered,78
2297,7220,210,Late,52
2298,15776,77,Late,31
2299,7160,23,Late,59
2300,6131,58,Delivered,50
2301,15580,129,Late,29
2302,9026,151,Late,73
2303,16916,188,Delivered,76
2304,2660,27,Delivered,51
2305,2423,82,Delivered,71
2306,8079,194,Delivered,87
2307,9859,212,Delivered,75
2308,11328,200,Late,51
2309,2592,108,Late,20
2310,19720,20,Delivered,38
2311,2545,239,Late,89
2312,1051,135,Late,69
2313,10419,286,Late,41
2314,5552,132,Delivered,17
2315,5594,55,Late,56
2316,5139,187,Late,74
2317,5261,120,Delivered,56
2318,3606,44,Late,16
2319,13905,172,Late,81
2320,13111,103,Delivered,30
2321,15278,191,Late,18
2322,9524,172,Delivered,21
2323,11752,118,Late,82
2324,4826,155,Late,40
2325,17876,232,Delivered,65
2326,12330,223,Delivered,32
2327,13297,13,Delivered,42
2328,2468,144,Late,76
2329,10148,40,Late,24
2330,6250,164,Late,55
2331,11578,67,Delivered,83
2332,2122,82,Late,72
2333,10463,152,Delivered,35
2334,19444,125,Delivered,76
2335,7614,261,Late,43
2336,14948,128,Late,35
2337,6194,297,Delivered,56
2338,2180,246,Delivered,58
2339,3313,35,Late,33
2340,2656,284,Delivered,31
2341,1862,293,Late,19
2342,17605,154,Late,54
2343,9313,143,Late,15
2344,16589,78,Delivered,85
2345,5285,286,Late,58
2346,10495,43,Late,90
2347,6541,284,Late,66
2348,3280,22,Delivered,70
2349,18960,38,Late,67
2350,17620,154,Delivered,68
2351,15833,174,Delivered,32
2352,15275,181,Delivered,44
2353,19608,265,Late,55
2354,17314,44,Delivered,45
2355,7116,288,Late,48
2356,19765,54,Late,35
2357,13138,236,Delivered,21
2358,13504,205,Late,77
2359,19292,72,Delivered,57
2360,12729,271,Late,77
2361,12926,70,Delivered,78
2362,18090,171,Delivered,47
2363,19649,186,Late,36
2364,6916,228,Delivered,46
2365,11413,219,Delivered,24
2366,12545,233,Delivered,45
2367,14009,84,Delivered,42
2368,7285,91,Delivered,74
2369,8188,175,Delivered,59
2370,961,124,Late,19
2371,1876,286,Delivered,74
2372,9015,33,Late,73
2373,5374,270,Late,53
2374,147,187,Late,17
2375,10854,59,Late,49
2376,4839,267,Late,32
2377,4729,46,Delivered,39
2378,16039,40,Delivered,61
2379,8457,203,Late,62
2380,7861,16,Delivered,15
2381,4830,160,Delivered,49
2382,4821,258,Delivered,35
2383,19208,140,Delivered,31
2384,13957,196,Late,35
2385,342,84,Delivered,28
2386,15966,164,Late,23
2387,2291,108,Late,80
2388,6301,64,Delivered,59
2389,18151,206,Late,17
2390,18055,240,Late,21
2391,16944,220,Late,83
2392,6545,123,Delivered,40
2393,7836,207,Delivered,38
2394,3267,170,Delivered,22
2395,3940,133,Late,77
2396,7070,286,Late,85
2397,12854,52,Late,49
2398,8568,95,Late,44
2399,12808,219,Delivered,88
2400,16777,179,Delivered,15
2401,15665,248,Delivered,15
2402,19411,249,Delivered,56
2403,18277,159,Delivered,41
2404,19630,283,Late,77
2405,12768,70,Late,59
2406,18608,279,Delivered,64
2407,7702,240,Delivered,85
2408,7829,203,Delivered,68
2409,7118,105,Late,84
2410,16367,290,Late,51
2411,9557,79,Late,26
2412,4467,298,Late,27
2413,10733,5,Late,17
2414,4697,50,Delivered,87
2415,3491,95,Late,81
2416,2618,12,Delivered,24
2417,7597,9,Delivered,65
2418,15168,283,Late,49
2419,11490,152,Late,36
2420,12887,127,Late,54
2421,14761,254,Delivered,77
2422,8849,13,Delivered,56
2423,16218,136,Late,80
2424,14208,181,Delivered,24
2425,15696,104,Late,33
2426,1794,6,Delivered,50
2427,4774,85,Late,15
2428,15294,268,Late,84
2429,8522,90,Late,49
2430,1608,56,Late,78
2431,15796,147,Late,38
2432,8238,205,Delivered,54
2433,1846,19,Delivered,50
2434,11177,222,Delivered,42
2435,6437,299,Late,33
2436,2136,252,Late,85
2437,6005,299,Late,45
2438,9512,249,Delivered,54
2439,2266,191,Delivered,23
2440,1026,259,Late,37
2441,16438,42,Late,83
2442,7672,133,Late,64
2443,7928,2,Late,49
2444,12260,179,Delivered,68
2445,5585,106,Late,45
2446,14938,153,Delivered,89
2447,2263,46,Late,45
2448,8952,33,Late,80
2449,12100,71,Late,33
2450,4274,267,Late,37
2451,17901,285,Delivered,88
2452,15357,99,Delivered,63
2453,11000,109,Late,75
2454,15950,53,Late,63
2455,6823,176,Late,76
2456,15223,204,Late,71
2457,5293,249,Delivered,17
2458,15473,52,Late,87
2459,16890,154,Late,61
2460,3726,183,Late,52
2461,4364,42,Late,34
2462,2327,184,Delivered,41
2463,10463,57,Late,33
2464,19013,121,Delivered,27
2465,15257,298,Late,18
2466,12098,180,Late,17
2467,16149,137,Delivered,54
2468,183,69,Late,90
2469,8979,242,Late,89
2470,16858,1,Late,28
2471,1555,217,Late,46
2472,15996,158,Delivered,20
2473,16759,199,Delivered,80
2474,13476,129,Late,56
2475,19227,106,Late,16
2476,10990,149,Delivered,15
2477,566,101,Late,44
2478,17246,106,Delivered,81
2479,16179,202,Delivered,23
2480,19938,57,Late,64
2481,9968,252,Late,73
2482,2595,156,Late,34
2483,6238,85,Late,75
2484,2906,7,Late,33
2485,12737,87,Delivered,72
2486,4423,99,Late,84
2487,19033,191,Late,51
2488,2941,285,Delivered,85
2489,10520,82,Late,43
2490,18296,142,Delivered,50
2491,11599,76,Late,56
2492,15369,62,Late,57
2493,1075,86,Delivered,89
2494,13479,49,Late,87
2495,1628,272,Late,44
2496,17875,293,Delivered,50
2497,11246,159,Delivered,25
2498,1608,49,Delivered,24
2499,5243,43,Late,80
2500,11708,249,Late,55
2501,1863,154,Delivered,31
2502,11221,29,Delivered,74
2503,17584,261,Delivered,86
2504,2392,170,Late,85
2505,4706,183,Delivered,51
2506,13661,181,Delivered,51
2507,1765,270,Delivered,39
2508,11319,229,Late,69
2509,14807,151,Late,35
2510,18660,252,Delivered,22
2511,16639,77,Late,69
2512,19658,188,Delivered,51
2513,4183,101,Delivered,61
2514,10861,238,Delivered,18
2515,12319,278,Delivered,40
2516,4082,108,Delivered,15
2517,18779,210,Late,26
2518,14460,139,Late,20
2519,13695,99,Delivered,58
2520,12952,171,Late,35
2521,4468,27,Late,71
2522,19252,125,Delivered,70
2523,7230,233,Late,63
2524,12461,60,Delivered,66
2525,14815,245,Delivered,64
2526,12353,137,Delivered,31
2527,13093,118,Late,29
2528,2784,210,Delivered,58
2529,17310,298,Delivered,77
2530,1968,135,Late,55
2531,14965,158,Late,79
2532,77,1,Late,55
2533,3856,76,Delivered,59
2534,8914,61,Late,18
2535,15783,276,Delivered,39
2536,13882,250,Late,47
2537,11584,73,Late,73
2538,17732,291,Delivered,70
2539,5827,175,Delivered,55
2540,5774,111,Delivered,41
2541,12718,287,Delivered,18
2542,2866,130,Delivered,21
2543,19655,191,Delivered,31
2544,3567,256,Late,70
2545,2113,69,Late,66
2546,12220,287,Late,26
2547,3126,246,Delivered,71
2548,18146,122,Late,64
2549,404,175,Late,30
2550,11418,299,Delivered,38
2551,13184,126,Late,71
2552,8174,238,Late,69
2553,1054,125,Late,38
2554,3760,54,Delivered,87
2555,15973,15,Late,79
2556,9005,240,Delivered,68
2557,4447,246,Delivered,80
2558,13969,5,Late,26
2559,16993,24,Late,25
2560,13499,35,Delivered,72
2561,1983,54,Late,49
2562,17983,185,Late,80
2563,754,157,Delivered,43
2564,12272,24,Late,85
2565,13194,201,Late,57
2566,8323,287,Late,83
2567,19262,264,Late,16
2568,6792,69,Delivered,25
2569,17466,30,Delivered,51
2570,9833,71,Late,49
2571,3004,273,Delivered,85
2572,738,135,Late,68
2573,17941,260,Delivered,23
2574,4958,79,Late,47
2575,19322,267,Delivered,42
2576,19613,34,Delivered,88
2577,6069,247,Delivered,75
2578,12374,33,Delivered,63
2579,9833,21,Delivered,58
2580,12974,108,Late,84
2581,13500,210,Delivered,76
2582,5436,255,Delivered,50
2583,11605,202,Late,43
2584,11193,201,Late,70
2585,5350,291,Late,69
2586,8184,239,Late,46
2587,9234,210,Late,75
2588,297,191,Delivered,62
2589,8302,159,Late,51
2590,10909,29,Delivered,68
2591,8406,262,Late,72
2592,12428,91,Delivered,64
2593,5915,8,Delivered,32
2594,16967,218,Late,22
2595,13750,267,Delivered,21
2596,14073,103,Delivered,77
2597,2953,57,Delivered,85
2598,1251,60,Delivered,20
2599,18892,259,Delivered,52
2600,11637,12,Delivered,78
2601,17257,229,Delivered,65
2602,15558,77,Late,36
2603,10632,20,Delivered,22
2604,3027,294,Delivered,85
2605,13233,188,Late,26
2606,2989,176,Delivered,49
2607,9875,94,Late,38
2608,5589,64,Delivered,49
2609,6225,39,Late,19
2610,9972,271,Late,43
2611,2542,169,Late,68
2612,15739,143,Late,55
2613,4650,69,Late,76
2614,13051,128,Late,44
2615,18925,221,Late,44
2616,5863,146,Delivered,68
2617,9822,209,Delivered,84
2618,13825,126,Late,54
2619,13954,159,Late,28
2620,14614,275,Late,60
2621,19373,81,Late,27
2622,12002,284,Late,61
2623,6040,74,Delivered,27
2624,19175,63,Late,52
2625,14932,195,Delivered,51
2626,2164,157,Late,81
2627,3863,19,Late,51
2628,10456,299,Delivered,84
2629,6682,279,Late,50
2630,13645,108,Late,90
2631,12674,270,Late,49
2632,19858,186,Delivered,16
2633,5254,197,Late,75
2634,15408,78,Delivered,74
2635,19827,278,Late,88
2636,19360,215,Late,16
2637,14242,242,Delivered,19
2638,9924,147,Late,57
2639,1414,217,Delivered,34
2640,11481,61,Delivered,66
2641,9233,119,Late,61
2642,16200,167,Delivered,78
2643,9069,17,Delivered,41
2644,7848,142,Delivered,31
2645,17520,211,Late,60
2646,9939,30,Late,87
2647,7506,20,Delivered,71
2648,8163,236,Delivered,66
2649,15729,185,Late,65
2650,1554,229,Delivered,17
2651,19683,134,Delivered,29
2652,18895,251,Delivered,33
2653,16410,243,Delivered,43
2654,13248,60,Late,21
2655,18971,79,Late,84
2656,2113,259,Delivered,52
2657,8893,33,Late,68
2658,15652,29,Late,25
2659,15654,137,Delivered,65
2660,19783,75,Late,87
2661,17557,283,Delivered,86
2662,14368,73,Delivered,66
2663,16393,291,Late,80
2664,8831,222,Late,74
2665,4962,231,Late,32
2666,12608,121,Delivered,88
2667,17077,95,Delivered,20
2668,91,223,Late,78
2669,672,40,Delivered,64
2670,10327,221,Delivered,25
2671,13465,157,Delivered,27
2672,16989,178,Delivered,30
2673,4355,203,Late,40
2674,13555,180,Delivered,31
2675,15431,202,Delivered,66
2676,9513,217,Late,29
2677,5363,105,Late,86
2678,1276,139,Delivered,41
2679,19684,12,Delivered,89
2680,10684,252,Delivered,45
2681,13311,57,Late,56
2682,10103,247,Late,55
2683,4344,60,Late,61
2684,11744,96,Late,60
2685,19630,243,Delivered,40
2686,16044,115,Late,23
2687,16466,169,Delivered,39
2688,14731,9,Late,40
2689,16597,51,Delivered,44
2690,8583,278,Late,52
2691,11515,280,Late,62
2692,8486,260,Late,17
2693,9702,125,Delivered,63
2694,17723,226,Delivered,65
2695,16487,287,Late,18
2696,6149,17,Delivered,41
2697,15117,131,Delivered,65
2698,10194,139,Late,58
2699,6434,7,Late,49
2700,17351,172,Late,70
2701,1652,107,Late,22
2702,9274,202,Delivered,32
2703,303,8,Delivered,30
2704,16732,279,Delivered,56
2705,5047,175,Late,49
2706,14886,216,Delivered,33
2707,7964,35,Late,44
2708,16560,21,Delivered,65
2709,12230,171,Delivered,86
2710,11627,52,Late,34
2711,13323,243,Late,61
2712,1536,103,Delivered,82
2713,3567,294,Delivered,73
2714,12375,113,Late,59
2715,3514,54,Late,39
2716,17830,7,Delivered,17
2717,17,213,Late,23
2718,7450,227,Delivered,78
2719,16849,150,Delivered,70
2720,10331,6,Late,50
2721,3716,87,Late,36
2722,4682,62,Delivered,65
2723,14964,23,Delivered,89
2724,19152,115,Delivered,28
2725,18912,255,Delivered,41
2726,6252,69,Late,79
2727,14549,165,Late,22
2728,19032,217,Delivered,89
2729,15275,25,Late,72
2730,7255,219,Delivered,23
2731,9397,232,Delivered,29
2732,16851,214,Delivered,76
2733,7860,218,Late,61
2734,2607,237,Delivered,51
2735,5119,95,Delivered,33
2736,1780,238,Delivered,76
2737,1509,78,Late,54
2738,16566,277,Late,30
2739,8697,99,Late,78
2740,15580,160,Late,83
2741,126,210,Delivered,70
2742,14347,237,Late,62
2743,12005,15,Delivered,65
2744,9241,69,Late,27
2745,18953,87,Late,72
2746,12461,46,Late,81
2747,7165,21,Delivered,33
2748,8331,33,Late,71
2749,2202,150,Late,31
2750,14725,29,Delivered,56
2751,11609,44,Delivered,84
2752,15255,80,Late,30
2753,14510,35,Delivered,88
2754,6104,79,Late,66
2755,6030,110,Delivered,36
2756,18950,165,Late,24
2757,11864,157,Late,36
2758,3762,146,Delivered,29
2759,332,264,Late,56
2760,9417,44,Delivered,83
2761,5874,29,Delivered,51
2762,11782,243,Late,16
2763,13730,39,Late,33
2764,16969,217,Delivered,45
2765,9331,260,Delivered,83
2766,3520,122,Delivered,35
2767,855,109,Late,60
2768,10457,300,Delivered,84
2769,15621,7,Delivered,57
2770,5183,283,Late,64
2771,15262,91,Late,69
2772,10745,234,Late,74
2773,15363,38,Late,51
2774,1285,297,Late,34
2775,19453,114,Delivered,87
2776,18539,172,Delivered,23
2777,12876,294,Late,24
2778,18668,56,Late,46
2779,1751,277,Late,42
2780,16357,282,Late,65
2781,12786,223,Late,53
2782,14021,116,Late,34
2783,13478,82,Late,59
2784,12635,144,Late,41
2785,1414,4,Delivered,19
2786,16357,107,Delivered,59
2787,14908,231,Delivered,89
2788,9291,254,Late,30
2789,15920,270,Late,21
2790,16807,91,Late,34
2791,14030,1,Delivered,77
2792,11258,190,Late,35
2793,14847,223,Late,83
2794,16070,168,Late,20
2795,10106,277,Late,54
2796,13662,220,Late,27
2797,6607,26,Delivered,21
2798,6362,128,Delivered,78
2799,19209,237,Delivered,38
2800,10561,155,Delivered,35
2801,15794,160,Late,22
2802,2764,101,Late,15
2803,10813,43,Delivered,49
2804,13839,70,Delivered,71
2805,1793,201,Delivered,24
2806,10659,51,Delivered,89
2807,3556,276,Late,40
2808,7071,211,Late,63
2809,3498,159,Delivered,48
2810,16854,147,Late,19
2811,14727,54,Late,90
2812,13763,203,Delivered,38
2813,5104,131,Late,83
2814,19977,45,Delivered,73
2815,9230,13,Delivered,70
2816,16043,20,Delivered,29
2817,9080,47,Delivered,15
2818,8730,283,Delivered,50
2819,6346,182,Delivered,45
2820,5450,38,Delivered,49
2821,4303,25,Late,33
2822,4150,207,Late,40
2823,9669,279,Delivered,31
2824,8649,236,Delivered,88
2825,6176,254,Delivered,42
2826,2468,233,Late,44
2827,14492,299,Late,83
2828,5769,297,Late,16
2829,7959,169,Delivered,44
2830,1165,188,Late,90
2831,2277,149,Delivered,79
2832,17614,176,Late,16
2833,9548,67,Late,27
2834,11871,155,Delivered,28
2835,16895,258,Delivered,90
2836,6224,184,Delivered,53
2837,18747,163,Delivered,69
2838,5232,261,Delivered,85
2839,1429,256,Delivered,22
2840,3995,86,Late,49
2841,15224,108,Delivered,59
2842,11979,246,Late,34
2843,13793,154,Late,31
2844,15853,230,Delivered,47
2845,9479,163,Late,17
2846,6519,94,Delivered,66
2847,18998,257,Late,26
2848,4245,288,Delivered,90
2849,12368,157,Late,20
2850,12440,178,Delivered,62
2851,13568,113,Delivered,63
2852,8115,95,Late,81
2853,8861,159,Late,65
2854,7787,151,Delivered,56
2855,17367,205,Late,83
2856,4223,152,Delivered,61
2857,7958,100,Late,45
2858,14856,101,Late,88
2859,19264,289,Delivered,45
2860,12004,144,Delivered,43
2861,435,74,Delivered,49
2862,14693,163,Delivered,79
2863,11160,84,Delivered,81
2864,3762,155,Delivered,66
2865,598,161,Late,26
2866,8275,145,Late,61
2867,7356,198,Delivered,87
2868,16220,54,Late,32
2869,17069,291,Late,79
2870,17069,258,Delivered,16
2871,4007,271,Delivered,64
2872,11148,240,Late,50
2873,19076,57,Delivered,82
2874,1730,116,Late,66
2875,3752,187,Late,55
2876,12021,17,Late,76
2877,15059,89,Delivered,67
2878,2346,81,Late,90
2879,13798,104,Delivered,53
2880,8101,188,Delivered,40
2881,17504,153,Late,89
2882,12637,107,Delivered,36
2883,15859,28,Late,55
2884,15118,243,Late,41
2885,15884,276,Delivered,89
2886,7705,159,Delivered,54
2887,14446,295,Late,48
2888,9302,108,Delivered,80
2889,5399,265,Late,47
2890,9064,15,Delivered,45
2891,11254,163,Delivered,56
2892,3874,220,Late,50
2893,5522,131,Delivered,58
2894,11798,122,Late,64
2895,6259,106,Delivered,61
2896,6383,178,Late,68
2897,13713,82,Delivered,32
2898,11660,246,Late,20
2899,17828,89,Late,67
2900,17118,260,Delivered,77
2901,7123,134,Late,58
2902,17978,12,Late,29
2903,16059,51,Late,30
2904,1918,97,Delivered,83
2905,14817,160,Late,76
2906,18788,117,Late,73
2907,19170,266,Late,36
2908,13304,274,Late,47
2909,16116,241,Late,90
2910,1910,270,Late,50
2911,10405,251,Late,36
2912,1605,141,Delivered,27
2913,6855,216,Delivered,66
2914,9993,205,Delivered,83
2915,15121,88,Delivered,18
2916,13581,63,Delivered,71
2917,13970,84,Delivered,73
2918,9503,152,Late,29
2919,15825,140,Late,55
2920,3564,101,Delivered,84
2921,18917,6,Delivered,82
2922,17317,209,Late,19
2923,12929,189,Late,84
2924,6693,37,Late,45
2925,14610,139,Late,74
2926,10347,214,Late,18
2927,4584,11,Delivered,86
2928,8177,282,Delivered,67
2929,8218,11,Delivered,43
2930,2003,140,Delivered,81
2931,3606,86,Late,20
2932,18175,227,Late,38
2933,595,217,Delivered,76
2934,9037,209,Late,30
2935,877,14,Delivered,70
2936,10590,2,Delivered,37
2937,4596,113,Late,62
2938,6991,298,Late,84
2939,419,101,Delivered,59
2940,14763,180,Delivered,54
2941,3627,255,Late,51
2942,18910,256,Delivered,31
2943,8692,230,Delivered,72
2944,15820,215,Delivered,86
2945,19099,69,Late,60
2946,10880,33,Delivered,58
2947,4042,207,Delivered,69
2948,10895,188,Late,81
2949,3376,160,Delivered,21
2950,10453,230,Late,34
2951,10935,203,Delivered,38
2952,2166,47,Delivered,16
2953,8251,62,Late,53
2954,4988,22,Late,62
2955,13002,36,Late,52
2956,7507,156,Delivered,34
2957,17676,121,Delivered,85
2958,16322,20,Delivered,22
2959,16963,278,Delivered,69
2960,15891,261,Late,31
2961,13455,242,Late,43
2962,4742,127,Late,63
2963,15451,64,Late,36
2964,17267,7,Delivered,26
2965,525,145,Late,79
2966,18500,291,Late,65
2967,17154,60,Delivered,86
2968,815,69,Late,68
2969,15463,243,Late,77
2970,7679,228,Late,75
2971,2874,63,Late,89
2972,1062,228,Delivered,86
2973,5387,294,Delivered,78
2974,1370,12,Delivered,21
2975,5644,77,Delivered,37
2976,6593,202,Late,41
2977,5565,182,Late,72
2978,13492,175,Late,25
2979,2548,213,Late,35
2980,14120,289,Delivered,32
2981,11904,236,Delivered,71
2982,18020,47,Delivered,59
2983,8193,149,Delivered,72
2984,2336,258,Delivered,18
2985,2156,62,Late,66
2986,7411,22,Late,64
2987,15937,20,Delivered,57
2988,15275,180,Late,34
2989,13242,133,Late,47
2990,8472,217,Late,32
2991,2572,229,Delivered,43
2992,6667,143,Late,41
2993,17241,153,Delivered,43
2994,12260,31,Late,33
2995,14303,8,Delivered,84
2996,16663,4,Late,23
2997,12477,297,Late,67
2998,3051,27,Late,54
2999,19600,138,Late,85
3000,14827,215,Delivered,55
3001,4938,232,Delivered,34
3002,12328,89,Delivered,83
3003,10030,25,Delivered,78
3004,10220,70,Late,32
3005,11213,247,Late,21
3006,5831,204,Late,29
3007,16535,19,Late,42
3008,19624,190,Delivered,53
3009,19657,275,Late,49
3010,6115,171,Late,37
3011,19332,32,Late,55
3012,12744,44,Delivered,42
3013,6120,195,Delivered,69
3014,18580,123,Late,16
3015,7274,8,Late,88
3016,5876,115,Late,58
3017,9174,197,Delivered,78
3018,5427,111,Late,65
3019,14430,48,Late,62
3020,12477,220,Delivered,15
3021,756,226,Delivered,79
3022,19571,178,Delivered,22
3023,10664,113,Delivered,76
3024,8133,119,Late,29
3025,17509,190,Delivered,48
3026,17434,23,Late,77
3027,4752,275,Late,29
3028,2813,298,Delivered,23
3029,19744,183,Late,20
3030,16387,112,Delivered,18
3031,17678,156,Delivered,41
3032,15958,277,Delivered,85
3033,2074,189,Delivered,74
3034,14819,67,Late,45
3035,1572,266,Late,73
3036,10172,120,Delivered,66
3037,7996,206,Delivered,47
3038,5068,256,Late,52
3039,16315,174,Late,76
3040,14681,97,Delivered,65
3041,11588,137,Late,78
3042,15202,262,Delivered,54
3043,6471,139,Late,34
3044,14714,37,Delivered,74
3045,8140,174,Late,22
3046,12388,268,Late,76
3047,8130,32,Late,41
3048,17836,110,Late,30
3049,9667,17,Delivered,18
3050,6978,189,Late,51
3051,11589,41,Late,83
3052,2783,22,Late,52
3053,6857,149,Delivered,46
3054,7887,228,Delivered,47
3055,11160,275,Late,83
3056,8203,199,Late,51
3057,14527,237,Delivered,62
3058,13956,107,Delivered,86
3059,17946,157,Late,61
3060,17377,80,Delivered,54
3061,1293,40,Late,73
3062,5942,173,Late,50
3063,18312,201,Late,34
3064,8095,22,Delivered,19
3065,7823,7,Late,87
3066,11395,227,Delivered,30
3067,3630,128,Delivered,21
3068,9878,49,Delivered,28
3069,15583,133,Late,81
3070,15009,21,Late,78
3071,14465,52,Late,52
3072,12093,4,Delivered,54
3073,10668,80,Delivered,86
3074,16370,96,Delivered,88
3075,2089,216,Late,33
3076,15511,237,Delivered,87
3077,9422,52,Late,34
3078,17138,277,Delivered,76
3079,7772,240,Delivered,59
3080,16902,27,Delivered,57
3081,12356,226,Late,37
3082,4535,84,Delivered,81
3083,5213,57,Delivered,33
3084,5146,90,Delivered,76
3085,12851,67,Late,47
3086,13581,181,Late,81
3087,14137,286,Late,41
3088,16010,288,Late,77
3089,16182,16,Late,42
3090,1490,162,Late,44
3091,13848,288,Delivered,72
3092,764,99,Late,51
3093,9330,101,Delivered,84
3094,6573,111,Delivered,25
3095,9768,83,Delivered,66
3096,18532,287,Delivered,32
3097,18121,80,Late,71
3098,3807,142,Delivered,61
3099,17214,34,Delivered,43
3100,19954,36,Late,38
3101,11844,103,Late,59
3102,2848,259,Delivered,59
3103,6989,83,Delivered,78
3104,19376,262,Delivered,87
3105,7473,269,Late,88
3106,9288,90,Delivered,59
3107,17826,18,Late,41
3108,3687,108,Late,87
3109,10524,294,Late,29
3110,6833,22,Delivered,88
3111,4145,52,Delivered,29
3112,17163,223,Late,67
3113,19933,28,Late,55
3114,19953,238,Delivered,34
3115,9444,36,Delivered,37
3116,19778,286,Late,42
3117,2054,179,Delivered,75
3118,14058,67,Late,88
3119,18651,207,Late,57
3120,11579,21,Delivered,77
3121,8549,219,Late,17
3122,17150,204,Delivered,58
3123,16723,167,Late,29
3124,16315,98,Delivered,49
3125,2966,153,Delivered,56
3126,15376,42,Late,35
3127,10725,244,Late,32
3128,19302,213,Delivered,60
3129,10652,154,Delivered,18
3130,11193,269,Delivered,47
3131,461,129,Delivered,30
3132,11151,221,Delivered,62
3133,19199,201,Late,67
3134,12185,99,Late,60
3135,2972,135,Delivered,25
3136,15651,102,Delivered,90
3137,12712,11,Late,67
3138,9338,205,Delivered,88
3139,5477,190,Delivered,87
3140,17016,137,Delivered,22
3141,10005,12,Delivered,87
3142,12681,193,Late,83
3143,10274,98,Late,85
3144,13607,300,Late,56
3145,15676,113,Late,70
3146,14650,1,Late,19
3147,7440,265,Delivered,42
3148,11883,87,Late,87
3149,9082,160,Late,52
3150,4940,16,Late,19
3151,12960,78,Delivered,22
3152,16364,232,Late,78
3153,17021,61,Late,87
3154,2274,283,Late,36
3155,7354,249,Delivered,33
3156,12565,68,Late,30
3157,16327,251,Late,70
3158,17968,1,Delivered,71
3159,7400,91,Late,39
3160,15867,23,Delivered,55
3161,8153,135,Late,17
3162,16237,9,Delivered,46
3163,4508,115,Late,64
3164,15329,173,Late,41
3165,1337,231,Late,19
3166,8545,134,Delivered,79
3167,19272,86,Late,63
3168,13369,238,Late,24
3169,2151,245,Late,68
3170,6693,284,Delivered,72
3171,4607,7,Late,72
3172,19293,204,Late,67
3173,14849,185,Late,72
3174,6894,85,Delivered,78
3175,12709,51,Delivered,60
3176,5605,59,Delivered,21
3177,12484,213,Late,17
3178,8811,190,Delivered,17
3179,6234,5,Late,65
3180,9826,252,Delivered,71
3181,9094,229,Late,74
3182,18150,107,Delivered,58
3183,13717,203,Delivered,32
3184,18931,68,Late,43
3185,19339,21,Delivered,62
3186,579,201,Late,53
3187,8421,44,Late,60
3188,14100,157,Delivered,68
3189,18859,57,Late,41
3190,9945,211,Late,33
3191,7259,225,Late,53
3192,11950,138,Delivered,86
3193,4695,89,Delivered,75
3194,7687,299,Late,46
3195,18171,275,Delivered,18
3196,19757,162,Late,78
3197,2013,108,Delivered,15
3198,14984,158,Late,22
3199,7935,124,Delivered,60
3200,5028,237,Late,21
3201,12516,266,Delivered,34
3202,16743,117,Delivered,70
3203,17983,95,Delivered,88
3204,527,298,Delivered,46
3205,4548,112,Delivered,59
3206,6033,104,Late,43
3207,6023,80,Late,22
3208,10234,175,Late,33
3209,13613,57,Late,58
3210,11413,256,Late,62
3211,16693,61,Late,41
3212,19730,211,Delivered,73
3213,11250,25,Late,30
3214,15468,275,Delivered,44
3215,1815,297,Late,41
3216,6152,272,Late,76
3217,7366,205,Delivered,52
3218,18007,137,Late,77
3219,9660,248,Late,52
3220,8063,220,Late,30
3221,2930,37,Late,90
3222,17432,7,Delivered,32
3223,1823,221,Late,89
3224,2471,207,Delivered,18
3225,5579,3,Delivered,38
3226,4717,39,Late,60
3227,2905,190,Delivered,72
3228,16428,122,Delivered,39
3229,17540,225,Late,21
3230,8607,232,Delivered,51
3231,10296,64,Late,45
3232,14802,168,Late,89
3233,4869,152,Delivered,33
3234,19630,33,Delivered,83
3235,6578,37,Delivered,89
3236,7153,97,Late,30
3237,15274,273,Delivered,24
3238,5774,241,Delivered,75
3239,3902,12,Delivered,28
3240,7279,83,Late,66
3241,16327,68,Late,33
3242,17163,41,Late,22
3243,11851,299,Delivered,20
3244,2843,282,Delivered,24
3245,15321,129,Late,48
3246,17293,139,Delivered,45
3247,16486,65,Late,17
3248,18238,231,Delivered,66
3249,7303,263,Late,89
3250,12552,246,Late,48
3251,15210,74,Late,19
3252,10231,128,Delivered,26
3253,11353,212,Late,50
3254,14785,289,Late,37
3255,19903,156,Delivered,60
3256,10921,276,Late,40
3257,7857,268,Late,73
3258,12080,125,Late,68
3259,5655,233,Late,45
3260,786,298,Delivered,76
3261,16833,160,Delivered,79
3262,12084,280,Late,70
3263,18952,212,Late,79
3264,9641,104,Late,78
3265,8441,25,Delivered,34
3266,13249,168,Late,34
3267,1595,71,Delivered,48
3268,4938,256,Delivered,50
3269,6752,199,Delivered,62
3270,10771,145,Late,84
3271,16744,161,Delivered,50
3272,12694,235,Delivered,62
3273,8803,256,Delivered,24
3274,13868,61,Late,88
3275,5708,155,Delivered,68
3276,15123,295,Delivered,37
3277,18811,201,Late,48
3278,19636,180,Delivered,59
3279,17143,51,Delivered,31
3280,12275,154,Late,50
3281,8105,117,Late,72
3282,11262,159,Delivered,33
3283,17903,63,Late,75
3284,15003,116,Late,29
3285,7961,85,Late,27
3286,10121,62,Late,84
3287,3267,232,Delivered,87
3288,9980,183,Delivered,83
3289,2490,87,Delivered,66
3290,16962,50,Late,19
3291,3081,1,Delivered,21
3292,7261,184,Late,38
3293,13445,100,Late,66
3294,12003,200,Delivered,39
3295,14748,197,Delivered,28
3296,13491,160,Delivered,44
3297,3475,46,Late,85
3298,12776,8,Delivered,16
3299,19869,153,Delivered,50
3300,5887,219,Delivered,73
3301,12035,215,Late,56
3302,673,280,Late,57
3303,6919,103,Late,54
3304,14513,119,Late,74
3305,19011,92,Late,58
3306,17297,152,Delivered,72
3307,14970,63,Delivered,36
3308,9799,117,Delivered,42
3309,531,98,Late,46
3310,7125,227,Delivered,19
3311,13391,99,Delivered,43
3312,10293,203,Delivered,53
3313,10833,69,Late,21
3314,4162,19,Late,75
3315,16613,252,Late,48
3316,16890,43,Delivered,80
3317,17131,165,Delivered,45
3318,7204,61,Late,87
3319,18308,212,Late,15
3320,1061,20,Delivered,53
3321,2479,129,Late,20
3322,7069,140,Late,58
3323,12793,227,Delivered,57
3324,11580,283,Delivered,17
3325,3788,93,Delivered,75
3326,1528,87,Late,30
3327,12027,156,Delivered,23
3328,3833,240,Delivered,76
3329,6239,74,Delivered,42
3330,7198,34,Late,71
3331,2567,198,Late,48
3332,12726,134,Delivered,65
3333,18306,76,Late,64
3334,19784,232,Late,52
3335,13376,86,Delivered,29
3336,12746,41,Delivered,45
3337,17890,49,Delivered,59
3338,9483,136,Delivered,77
3339,18200,62,Delivered,26
3340,17537,41,Late,53
3341,5734,239,Late,16
3342,5002,260,Late,43
3343,17631,54,Delivered,26
3344,572,23,Delivered,47
3345,5741,184,Late,71
3346,2880,88,Delivered,15
3347,7703,106,Delivered,50
3348,12740,4,Late,62
3349,11865,40,Late,59
3350,13716,189,Late,54
3351,9614,75,Late,30
3352,3709,64,Late,88
3353,18823,74,Late,83
3354,7225,178,Late,51
3355,18323,40,Late,62
3356,11985,253,Late,61
3357,11420,164,Late,22
3358,3366,188,Late,63
3359,8779,285,Delivered,23
3360,7135,287,Late,55
3361,14992,266,Late,52
3362,19566,298,Late,30
3363,12570,182,Late,18
3364,14964,216,Delivered,41
3365,5310,9,Late,68
3366,5733,111,Delivered,46
3367,13370,150,Delivered,82
3368,581,111,Delivered,53
3369,15483,151,Late,80
3370,10210,164,Delivered,55
3371,1494,42,Delivered,73
3372,1146,62,Delivered,86
3373,16774,259,Delivered,37
3374,12913,209,Delivered,56
3375,8661,273,Late,59
3376,1677,80,Late,66
3377,14582,276,Delivered,52
3378,18494,1,Late,52
3379,4186,73,Delivered,61
3380,18549,275,Delivered,29
3381,14118,16,Delivered,51
3382,7466,207,Late,50
3383,5385,161,Late,38
3384,19339,60,Delivered,61
3385,9093,152,Late,89
3386,8298,125,Late,36
3387,9712,272,Late,78
3388,6709,196,Delivered,36
3389,3162,230,Delivered,81
3390,18923,62,Late,19
3391,10590,24,Delivered,74
3392,12114,114,Late,41
3393,8526,272,Delivered,15
3394,18118,27,Late,28
3395,6367,106,Late,77
3396,5530,157,Delivered,22
3397,532,84,Delivered,37
3398,14927,19,Delivered,71
3399,5956,165,Late,45
3400,8389,283,Delivered,67
3401,2519,48,Late,89
3402,12581,146,Delivered,24
3403,7964,204,Delivered,34
3404,11205,112,Late,18
3405,18106,240,Late,68
3406,9765,204,Delivered,28
3407,6212,108,Delivered,37
3408,4140,148,Late,15
3409,1135,134,Late,46
3410,13192,292,Delivered,67
3411,13718,30,Late,19
3412,4488,243,Late,36
3413,16113,17,Delivered,56
3414,11321,107,Delivered,44
3415,13028,279,Late,59
3416,892,87,Delivered,28
3417,14988,81,Delivered,63
3418,6412,300,Delivered,35
3419,16813,114,Delivered,26
3420,6019,160,Delivered,57
3421,18781,166,Delivered,53
3422,9778,203,Late,50
3423,11599,54,Late,84
3424,6712,130,Delivered,58
3425,19818,271,Delivered,31
3426,7293,231,Delivered,45
3427,12762,98,Late,76
3428,13510,8,Late,47
3429,11349,170,Delivered,37
3430,12674,220,Delivered,30
3431,11607,290,Late,63
3432,8623,87,Late,81
3433,19075,227,Delivered,89
3434,9148,233,Late,57
3435,16649,218,Late,34
3436,11059,201,Delivered,22
3437,15472,43,Late,47
3438,4193,97,Delivered,75
3439,8468,23,Late,79
3440,3569,89,Late,57
3441,15124,256,Late,79
3442,9323,214,Late,21
3443,4073,132,Late,46
3444,3387,193,Late,44
3445,15941,81,Late,89
3446,16819,59,Late,42
3447,1272,16,Late,83
3448,5084,254,Delivered,49
3449,7107,118,Late,57
3450,6212,67,Late,84
3451,5942,273,Delivered,33
3452,14162,124,Delivered,49
3453,9967,182,Delivered,74
3454,18229,291,Delivered,34
3455,15293,249,Delivered,78
3456,4664,16,Delivered,36
3457,10261,79,Delivered,85
3458,15014,32,Delivered,58
3459,3623,252,Delivered,23
3460,11631,130,Late,57
3461,12804,36,Late,61
3462,14398,288,Late,30
3463,1192,85,Late,51
3464,14002,129,Late,41
3465,19851,248,Late,32
3466,18630,282,Late,21
3467,13992,131,Late,45
3468,8399,231,Delivered,73
3469,7927,24,Late,33
3470,15946,252,Delivered,83
3471,2459,157,Late,20
3472,5232,169,Delivered,38
3473,7793,147,Late,73
3474,9495,223,Delivered,54
3475,106,96,Late,77
3476,7467,285,Late,85
3477,19275,214,Late,50
3478,4832,295,Late,74
3479,8789,148,Late,38
3480,17373,88,Late,36
3481,5658,115,Late,35
3482,13532,227,Delivered,46
3483,1160,149,Late,45
3484,2288,40,Delivered,35
3485,14569,115,Delivered,57
3486,11899,291,Late,33
3487,5809,1,Delivered,41
3488,5999,242,Delivered,40
3489,14701,101,Delivered,23
3490,13506,189,Late,70
3491,18748,234,Late,58
3492,3381,84,Late,21
3493,19985,224,Delivered,24
3494,9601,78,Late,43
3495,7014,200,Delivered,15
3496,2506,46,Delivered,28
3497,13332,154,Late,47
3498,3377,218,Late,52
3499,9080,107,Delivered,26
3500,2899,53,Delivered,21
3501,19981,87,Delivered,60
3502,17864,261,Late,37
3503,5602,34,Delivered,43
3504,8053,34,Delivered,45
3505,1404,299,Delivered,43
3506,17225,138,Late,42
3507,7576,38,Delivered,66
3508,9318,184,Delivered,89
3509,19957,21,Late,28
3510,10354,34,Delivered,72
3511,2968,161,Delivered,34
3512,1801,8,Late,64
3513,12125,129,Delivered,57
3514,19793,79,Delivered,63
3515,4563,213,Delivered,47
3516,3276,107,Late,34
3517,1034,122,Delivered,74
3518,14312,66,Delivered,19
3519,8743,166,Late,60
3520,10799,96,Delivered,68
3521,7265,53,Late,79
3522,19792,201,Late,15
3523,5763,43,Delivered,78
3524,9465,125,Late,67
3525,11984,170,Delivered,67
3526,2874,75,Late,71
3527,765,129,Delivered,60
3528,4260,36,Late,25
3529,2410,274,Late,21
3530,18077,6,Delivered,45
3531,1205,32,Delivered,20
3532,10265,61,Delivered,83
3533,10127,238,Late,19
3534,14801,57,Late,28
3535,1761,287,Late,86
3536,11423,233,Delivered,28
3537,1366,63,Late,85
3538,747,172,Delivered,55
3539,14010,10,Late,86
3540,18390,32,Late,85
3541,4977,14,Late,87
3542,4742,121,Late,42
3543,19146,209,Delivered,26
3544,6843,79,Delivered,24
3545,14319,281,Late,81
3546,2272,286,Late,52
3547,3307,48,Delivered,67
3548,13731,264,Delivered,58
3549,7345,120,Delivered,16
3550,1012,291,Late,31
3551,12032,287,Delivered,34
3552,8340,248,Delivered,17
3553,12225,295,Late,32
3554,17712,187,Late,71
3555,15501,2,Delivered,32
3556,5177,131,Late,65
3557,13196,124,Delivered,68
3558,4888,5,Late,86
3559,3422,142,Late,25
3560,1652,226,Late,28
3561,14101,86,Late,87
3562,10916,183,Delivered,69
3563,19366,137,Late,62
3564,2245,146,Late,16
3565,9733,178,Delivered,77
3566,12094,206,Delivered,42
3567,12794,195,Late,57
3568,6207,172,Delivered,53
3569,10855,189,Late,57
3570,5081,73,Late,78
3571,19795,142,Late,75
3572,18973,69,Delivered,37
3573,9178,99,Late,51
3574,11776,27,Late,71
3575,3898,171,Delivered,60
3576,17838,25,Late,27
3577,5411,104,Late,21
3578,16668,211,Late,71
3579,11007,61,Late,62
3580,6966,84,Late,86
3581,984,52,Delivered,57
3582,13606,43,Late,67
3583,19378,120,Delivered,67
3584,18493,264,Delivered,57
3585,18707,211,Late,68
3586,13286,173,Delivered,32
3587,2083,183,Delivered,76
3588,19553,218,Late,68
3589,16429,172,Delivered,30
3590,4329,187,Late,27
3591,399,33,Delivered,58
3592,17533,133,Late,35
3593,5183,139,Delivered,87
3594,5043,149,Delivered,26
3595,3989,20,Delivered,83
3596,4868,15,Late,75
3597,17508,87,Delivered,78
3598,12785,61,Delivered,44
3599,19334,20,Late,60
3600,1189,129,Delivered,71
3601,19527,99,Delivered,49
3602,2776,41,Late,86
3603,14567,135,Late,46
3604,10545,285,Late,89
3605,11369,198,Delivered,90
3606,10598,24,Delivered,47
3607,8,6,Delivered,74
3608,7826,46,Late,86
3609,16501,275,Delivered,57
3610,14320,86,Late,87
3611,7092,46,Delivered,25
3612,7892,114,Delivered,86
3613,14625,169,Late,54
3614,9727,140,Delivered,66
3615,12255,257,Late,72
3616,9174,256,Late,58
3617,6555,241,Delivered,37
3618,4622,246,Delivered,77
3619,13280,260,Late,27
3620,10099,292,Late,35
3621,16754,274,Delivered,79
3622,18346,33,Delivered,49
3623,11196,78,Late,32
3624,8189,69,Delivered,61
3625,15923,281,Late,38
3626,15026,10,Late,31
3627,6197,297,Late,53
3628,9426,59,Delivered,33
3629,17998,198,Late,19
3630,8280,132,Late,36
3631,19212,160,Late,70
3632,18458,49,Delivered,64
3633,9059,269,Delivered,57
3634,3703,116,Late,17
3635,5688,85,Delivered,49
3636,2887,60,Delivered,36
3637,12700,178,Delivered,43
3638,18687,202,Delivered,85
3639,10470,67,Late,46
3640,16551,106,Delivered,50
3641,15530,279,Late,67
3642,3144,109,Late,27
3643,12519,96,Late,21
3644,7363,214,Delivered,66
3645,18860,205,Late,61
3646,5330,137,Late,24
3647,18822,57,Delivered,51
3648,19173,45,Delivered,80
3649,1843,66,Late,90
3650,12500,290,Delivered,86
3651,720,138,Delivered,79
3652,8969,275,Delivered,80
3653,7969,37,Delivered,61
3654,2520,9,Late,17
3655,5410,159,Late,44
3656,531,54,Delivered,51
3657,7722,264,Delivered,28
3658,18705,129,Delivered,87
3659,8686,138,Delivered,89
3660,2869,247,Delivered,54
3661,16379,272,Late,72
3662,8703,232,Delivered,27
3663,14229,184,Late,43
3664,6712,168,Late,32
3665,13253,221,Late,88
3666,7774,100,Delivered,32
3667,12332,266,Late,87
3668,10802,298,Late,20
3669,8245,192,Delivered,33
3670,5906,271,Delivered,81
3671,16422,298,Late,88
3672,1632,23,Delivered,59
3673,11679,186,Late,81
3674,18797,212,Late,44
3675,3966,18,Late,80
3676,11673,102,Late,25
3677,10763,268,Delivered,82
3678,1312,67,Late,67
3679,16500,219,Delivered,23
3680,9388,86,Delivered,83
3681,3492,272,Late,71
3682,6417,15,Delivered,32
3683,10507,107,Late,51
3684,8358,67,Delivered,77
3685,1039,153,Late,49
3686,13690,271,Late,33
3687,15117,118,Delivered,45
3688,2186,168,Delivered,53
3689,19411,294,Delivered,76
3690,18291,115,Delivered,72
3691,4461,219,Late,21
3692,11984,132,Delivered,59
3693,12713,261,Late,20
3694,10606,175,Late,22
3695,9021,26,Late,41
3696,19100,82,Delivered,57
3697,4986,126,Delivered,90
3698,19555,163,Late,48
3699,4881,248,Late,89
3700,9085,229,Delivered,38
3701,555,114,Late,67
3702,11301,175,Late,85
3703,19477,73,Late,69
3704,19604,97,Late,15
3705,16891,11,Delivered,76
3706,19815,18,Delivered,89
3707,19240,180,Delivered,34
3708,3682,162,Late,47
3709,3209,285,Late,60
3710,17385,213,Delivered,59
3711,8777,257,Late,72
3712,16869,48,Late,53
3713,9445,90,Late,62
3714,8356,89,Delivered,71
3715,6021,117,Late,25
3716,14926,281,Delivered,58
3717,16789,198,Delivered,47
3718,3502,47,Late,64
3719,10000,139,Late,19
3720,17420,273,Delivered,31
3721,11672,204,Delivered,29
3722,6619,98,Late,81
3723,16004,261,Delivered,33
3724,2692,35,Late,76
3725,7271,260,Delivered,43
3726,15248,50,Delivered,37
3727,18486,297,Late,16
3728,13114,217,Delivered,78
3729,5043,221,Late,85
3730,14950,136,Late,67
3731,7943,164,Late,81
3732,3241,215,Late,75
3733,16431,284,Delivered,45
3734,3108,226,Late,47
3735,10877,139,Late,43
3736,5047,235,Late,90
3737,10089,74,Delivered,15
3738,14599,293,Delivered,25
3739,10746,166,Delivered,49
3740,17326,100,Delivered,83
3741,4726,122,Late,87
3742,5222,50,Late,26
3743,2508,194,Late,85
3744,18819,260,Delivered,79
3745,6610,73,Late,30
3746,8474,292,Late,38
3747,18488,281,Delivered,59
3748,471,165,Late,74
3749,8807,140,Delivered,32
3750,10705,300,Late,66
3751,4467,152,Late,22
3752,16537,226,Late,29
3753,3794,107,Late,59
3754,12758,109,Delivered,68
3755,19384,4,Delivered,65
3756,18198,267,Delivered,69
3757,18857,59,Delivered,20
3758,335,206,Delivered,28
3759,10309,147,Late,87
3760,19620,172,Late,59
3761,9674,46,Delivered,25
3762,1740,199,Late,47
3763,15208,280,Late,36
3764,10890,189,Late,31
3765,7366,269,Late,56
3766,12942,248,Late,42
3767,17361,89,Delivered,58
3768,18001,80,Late,51
3769,17915,162,Late,88
3770,3263,71,Delivered,64
3771,13800,99,Delivered,87
3772,11447,108,Delivered,58
3773,414,131,Delivered,44
3774,13727,126,Late,39
3775,11114,154,Late,25
3776,18428,225,Late,54
3777,17424,74,Late,58
3778,16189,239,Late,24
3779,542,43,Late,61
3780,13805,227,Late,78
3781,9975,62,Late,32
3782,503,82,Late,75
3783,17623,137,Delivered,72
3784,19813,284,Late,45
3785,5706,232,Delivered,82
3786,8632,4,Delivered,68
3787,11364,272,Delivered,51
3788,9975,79,Delivered,49
3789,14998,291,Late,36
3790,7252,135,Late,70
3791,18338,286,Late,86
3792,7884,86,Late,54
3793,16475,107,Late,47
3794,18768,95,Delivered,90
3795,14065,232,Late,15
3796,5685,107,Delivered,22
3797,2821,37,Late,19
3798,13640,212,Delivered,31
3799,18981,228,Late,58
3800,19292,13,Late,57
3801,1759,68,Delivered,67
3802,13717,142,Late,65
3803,14532,11,Late,71
3804,1510,246,Late,89
3805,3188,95,Late,85
3806,4566,233,Delivered,64
3807,14112,84,Late,22
3808,19348,204,Late,18
3809,397,143,Late,30
3810,7051,22,Late,90
3811,15762,297,Delivered,37
3812,15702,196,Delivered,44
3813,10821,102,Late,48
3814,1665,102,Delivered,32
3815,15603,253,Late,85
3816,4444,265,Delivered,62
3817,9986,98,Delivered,50
3818,4646,176,Delivered,63
3819,13739,48,Delivered,78
3820,13816,99,Delivered,56
3821,19562,252,Delivered,27
3822,14110,168,Delivered,18
3823,6494,1,Late,39
3824,9647,215,Late,37
3825,9953,49,Delivered,70
3826,8346,44,Delivered,86
3827,13839,269,Late,60
3828,12450,12,Delivered,40
3829,3753,284,Delivered,45
3830,9727,27,Late,19
3831,1213,249,Delivered,35
3832,13102,171,Delivered,18
3833,7956,86,Delivered,46
3834,11725,249,Delivered,50
3835,7030,135,Delivered,87
3836,8245,205,Late,40
3837,18418,31,Delivered,60
3838,14750,40,Late,66
3839,14807,48,Late,26
3840,15899,135,Delivered,46
3841,18283,247,Late,33
3842,2571,143,Delivered,54
3843,571,119,Delivered,19
3844,6406,55,Late,82
3845,8228,191,Delivered,22
3846,12451,129,Late,52
3847,2862,111,Delivered,54
3848,7700,192,Late,41
3849,5418,232,Delivered,81
3850,1796,281,Late,53
3851,5262,75,Delivered,73
3852,540,50,Late,16
3853,19783,186,Delivered,23
3854,4473,90,Late,71
3855,704,186,Late,24
3856,2355,39,Delivered,15
3857,9985,102,Late,70
3858,1591,190,Late,79
3859,12622,187,Delivered,22
3860,2500,260,Late,67
3861,2366,40,Late,43
3862,11511,133,Late,36
3863,13350,134,Delivered,54
3864,3955,70,Late,72
3865,17096,249,Late,43
3866,4246,265,Delivered,19
3867,11716,39,Late,68
3868,18454,282,Late,30
3869,5328,140,Delivered,55
3870,19106,273,Delivered,77
3871,6976,21,Late,38
3872,17843,44,Delivered,62
3873,12408,149,Delivered,73
3874,12392,148,Delivered,28
3875,337,231,Late,34
3876,15797,71,Delivered,49
3877,17734,183,Delivered,81
3878,9820,38,Delivered,46
3879,12259,5,Late,89
3880,891,15,Late,53
3881,6605,232,Delivered,47
3882,14448,290,Delivered,76
3883,4941,137,Late,31
3884,14912,41,Delivered,53
3885,1840,176,Late,39
3886,11597,13,Delivered,17
3887,12899,135,Late,37
3888,9891,294,Late,40
3889,6193,262,Delivered,46
3890,18807,52,Late,48
3891,5763,158,Delivered,63
3892,2410,223,Delivered,63
3893,17490,290,Late,37
3894,130,229,Late,43
3895,9536,80,Late,73
3896,8375,144,Delivered,49
3897,10258,208,Late,35
3898,6498,44,Late,31
3899,13090,38,Late,82
3900,2116,142,Delivered,89
3901,4245,72,Delivered,62
3902,7553,38,Late,33
3903,14454,199,Late,65
3904,15186,127,Late,70
3905,8360,85,Delivered,64
3906,15620,84,Late,31
3907,17529,65,Late,84
3908,1093,100,Delivered,23
3909,3882,104,Late,66
3910,12891,273,Delivered,19
3911,8936,276,Late,25
3912,49,188,Delivered,60
3913,2975,270,Late,47
3914,7124,120,Late,26
3915,15291,6,Late,18
3916,3973,184,Delivered,73
3917,11158,217,Delivered,57
3918,13455,300,Delivered,18
3919,4693,113,Delivered,38
3920,18531,221,Late,51
3921,9298,101,Late,27
3922,2057,139,Delivered,75
3923,19587,292,Late,38
3924,7346,146,Late,67
3925,3861,64,Delivered,49
3926,686,75,Late,58
3927,2827,161,Delivered,90
3928,5846,204,Late,85
3929,13067,285,Late,43
3930,132,71,Late,74
3931,18342,58,Late,23
3932,499,52,Delivered,65
3933,17737,218,Delivered,68
3934,9917,267,Delivered,48
3935,16434,66,Late,64
3936,19817,152,Delivered,29
3937,9931,11,Late,45
3938,11149,11,Delivered,24
3939,3589,231,Delivered,72
3940,10646,300,Late,52
3941,6280,55,Late,47
3942,2168,86,Late,48
3943,11947,271,Late,34
3944,5231,261,Late,70
3945,8070,263,Delivered,75
3946,8375,134,Late,90
3947,10122,55,Late,55
3948,9232,3,Late,31
3949,13814,233,Late,82
3950,8912,44,Delivered,85
3951,15481,204,Late,21
3952,16188,11,Delivered,71
3953,18825,11,Late,72
3954,12242,253,Late,20
3955,6971,4,Late,23
3956,2114,99,Delivered,25
3957,8298,60,Delivered,55
3958,15801,39,Delivered,22
3959,17302,76,Late,44
3960,19942,142,Delivered,76
3961,10030,107,Late,40
3962,4581,116,Delivered,72
3963,590,289,Delivered,62
3964,6155,5,Delivered,36
3965,8291,280,Late,49
3966,19914,144,Late,48
3967,19289,183,Delivered,52
3968,2097,143,Delivered,24
3969,9172,35,Late,37
3970,4107,256,Delivered,75
3971,2269,55,Delivered,30
3972,15564,268,Delivered,49
3973,16782,165,Late,68
3974,4728,246,Late,49
3975,12584,124,Delivered,87
3976,11749,190,Delivered,87
3977,10529,11,Late,36
3978,4440,66,Delivered,75
3979,1515,237,Late,79
3980,14273,227,Late,31
3981,15048,45,Late,55
3982,11786,68,Late,90
3983,19032,202,Late,26
3984,18078,125,Delivered,61
3985,18057,46,Delivered,23
3986,13926,218,Late,56
3987,8240,178,Delivered,19
3988,4419,70,Late,86
3989,17733,120,Delivered,31
3990,15476,102,Late,48
3991,14425,55,Delivered,47
3992,30,115,Late,47
3993,7709,109,Delivered,28
3994,11778,188,Late,66
3995,69,98,Delivered,27
3996,8228,265,Delivered,69
3997,4149,124,Late,28
3998,16783,42,Delivered,39
3999,1728,240,Delivered,83
4000,173,102,Late,86
4001,11864,242,Late,66
4002,11956,170,Delivered,24
4003,5043,18,Late,16
4004,6285,60,Late,57
4005,19365,130,Late,15
4006,4349,234,Late,48
4007,10721,99,Delivered,21
4008,11,87,Late,56
4009,3046,106,Late,45
4010,2530,267,Delivered,89
4011,294,105,Delivered,90
4012,17741,225,Delivered,44
4013,18321,274,Delivered,48
4014,1482,117,Late,18
4015,1960,54,Delivered,64
4016,9416,38,Late,54
4017,19534,210,Late,79
4018,14116,14,Delivered,72
4019,6280,300,Late,88
4020,4990,60,Late,48
4021,1051,130,Delivered,52
4022,15825,222,Delivered,90
4023,96,92,Late,26
4024,13424,289,Delivered,19
4025,9368,88,Late,31
4026,3237,192,Delivered,28
4027,4049,138,Late,58
4028,5282,250,Late,85
4029,14038,212,Late,15
4030,17397,112,Late,36
4031,941,9,Delivered,68
4032,5119,138,Delivered,90
4033,1929,188,Late,21
4034,5541,152,Delivered,86
4035,13702,24,Delivered,70
4036,14400,294,Late,88
4037,16924,75,Late,58
4038,14785,168,Delivered,33
4039,12052,273,Late,79
4040,3602,210,Delivered,61
4041,6872,279,Late,66
4042,8528,140,Late,15
4043,10971,282,Late,53
4044,10656,258,Late,40
4045,9040,183,Late,15
4046,14543,250,Delivered,34
4047,5347,59,Late,34
4048,11651,89,Delivered,17
4049,19352,154,Delivered,80
4050,16965,12,Late,38
4051,14367,29,Delivered,19
4052,5118,266,Delivered,19
4053,13672,224,Late,30
4054,10598,145,Late,42
4055,10406,21,Delivered,58
4056,4506,260,Late,20
4057,4460,140,Delivered,31
4058,394,60,Late,62
4059,7777,131,Delivered,34
4060,16246,95,Late,17
4061,17091,297,Delivered,82
4062,16496,219,Late,48
4063,565,276,Late,77
4064,5065,260,Delivered,79
4065,3855,161,Late,79
4066,11671,58,Delivered,34
4067,7781,277,Delivered,41
4068,169,251,Late,40
4069,19101,102,Delivered,82
4070,4750,190,Delivered,71
4071,14461,258,Late,67
4072,15283,82,Late,67
4073,18344,146,Delivered,71
4074,3908,15,Delivered,89
4075,11805,281,Delivered,80
4076,2612,45,Late,84
4077,19943,16,Delivered,56
4078,9197,142,Delivered,45
4079,10185,39,Late,17
4080,8056,265,Late,65
4081,945,287,Delivered,80
4082,12465,188,Late,23
4083,11318,112,Late,32
4084,5692,243,Delivered,30
4085,8341,97,Delivered,41
4086,6835,189,Delivered,60
4087,19357,19,Late,40
4088,2100,93,Late,37
4089,12898,122,Delivered,34
4090,14386,111,Delivered,34
4091,13441,13,Late,62
4092,6512,155,Late,77
4093,16085,192,Delivered,30
4094,8073,218,Late,81
4095,11768,20,Late,86
4096,13710,191,Late,57
4097,18211,145,Late,64
4098,3436,123,Late,76
4099,17675,197,Late,17
4100,7070,246,Delivered,82
4101,784,60,Delivered,88
4102,3547,199,Late,25
4103,11034,85,Delivered,50
4104,16835,55,Delivered,48
4105,6614,6,Delivered,78
4106,17286,218,Delivered,41
4107,2787,269,Late,47
4108,17396,198,Late,24
4109,7317,168,Late,65
4110,3066,217,Late,72
4111,4361,272,Late,66
4112,19624,143,Delivered,34
4113,4519,80,Delivered,67
4114,10337,277,Delivered,27
4115,1639,11,Late,46
4116,8570,11,Late,40
4117,19955,172,Delivered,23
4118,16522,212,Late,68
4119,14015,239,Late,81
4120,19561,178,Late,71
4121,10002,119,Delivered,51
4122,9238,46,Delivered,40
4123,11554,188,Late,18
4124,843,153,Delivered,35
4125,14876,36,Delivered,71
4126,442,218,Late,81
4127,10061,49,Delivered,35
4128,74,227,Delivered,71
4129,16700,212,Delivered,81
4130,15955,90,Late,75
4131,1546,51,Late,70
4132,1377,110,Delivered,70
4133,10216,149,Late,60
4134,9792,242,Late,36
4135,8423,266,Delivered,42
4136,12171,215,Late,22
4137,18517,275,Delivered,90
4138,9483,23,Late,35
4139,10759,181,Late,44
4140,1135,157,Delivered,29
4141,13522,218,Delivered,61
4142,7401,5,Late,83
4143,16837,259,Late,37
4144,7642,137,Delivered,78
4145,8790,278,Delivered,74
4146,9336,157,Late,15
4147,1301,163,Delivered,64
4148,18191,284,Delivered,66
4149,14,137,Delivered,85
4150,17362,267,Delivered,44
4151,13322,6,Late,48
4152,5261,190,Late,34
4153,11006,265,Delivered,90
4154,18967,275,Late,17
4155,18170,180,Delivered,71
4156,17708,253,Delivered,57
4157,136,116,Delivered,49
4158,5602,115,Late,19
4159,2502,298,Late,72
4160,11114,56,Late,90
4161,7532,113,Late,48
4162,2281,67,Late,58
4163,16669,119,Late,59
4164,6865,261,Delivered,73
4165,18659,11,Delivered,59
4166,8022,90,Delivered,49
4167,11836,134,Delivered,40
4168,12458,268,Delivered,50
4169,9765,55,Delivered,15
4170,17854,117,Delivered,26
4171,1596,250,Late,64
4172,3155,172,Delivered,64
4173,9424,255,Late,86
4174,10686,191,Late,38
4175,9538,124,Late,33
4176,7045,177,Delivered,33
4177,8890,214,Delivered,24
4178,12238,136,Late,76
4179,9737,300,Delivered,73
4180,5479,76,Late,20
4181,5730,27,Delivered,75
4182,8376,114,Late,61
4183,7388,106,Delivered,47
4184,7424,239,Delivered,55
4185,3180,89,Delivered,41
4186,9287,240,Late,25
4187,17692,45,Delivered,76
4188,13538,135,Delivered,16
4189,8604,251,Delivered,56
4190,6241,163,Late,53
4191,4982,196,Late,52
4192,19741,4,Delivered,74
4193,18212,73,Late,79
4194,18967,71,Delivered,86
4195,13114,153,Late,90
4196,14111,214,Late,37
4197,8223,143,Late,67
4198,15047,296,Late,22
4199,4291,142,Late,73
4200,11360,22,Delivered,46
4201,13830,26,Late,49
4202,9465,115,Delivered,72
4203,14530,224,Late,33
4204,12913,109,Delivered,53
4205,14135,244,Late,77
4206,3023,162,Late,53
4207,18222,131,Delivered,80
4208,18483,79,Late,22
4209,6611,167,Late,16
4210,5645,208,Delivered,33
4211,17795,96,Late,15
4212,6609,272,Delivered,20
4213,18338,43,Late,90
4214,7981,92,Late,88
4215,9164,156,Late,76
4216,7617,183,Delivered,18
4217,18314,278,Delivered,28
4218,3989,274,Late,73
4219,17173,22,Delivered,90
4220,14512,154,Delivered,17
4221,2746,81,Late,58
4222,9000,245,Delivered,74
4223,13585,226,Delivered,42
4224,15893,14,Delivered,74
4225,4964,161,Delivered,46
4226,19239,142,Delivered,39
4227,8021,281,Late,63
4228,10372,183,Late,65
4229,7017,24,Delivered,48
4230,5956,30,Late,79
4231,2041,133,Late,27
4232,18795,124,Delivered,47
4233,12202,188,Delivered,61
4234,16689,124,Late,69
4235,8868,110,Late,90
4236,4820,14,Delivered,69
4237,12908,173,Late,64
4238,14632,279,Delivered,84
4239,9604,106,Late,65
4240,7266,242,Late,47
4241,16357,91,Late,43
4242,16671,214,Late,82
4243,12780,265,Late,58
4244,12793,52,Late,73
4245,6139,40,Late,17
4246,19386,228,Delivered,74
4247,15916,36,Delivered,77
4248,13924,20,Delivered,37
4249,6634,253,Delivered,52
4250,14118,99,Late,21
4251,13048,202,Late,58
4252,13523,22,Late,38
4253,9013,272,Late,28
4254,18692,144,Delivered,15
4255,9598,102,Late,19
4256,7167,7,Late,22
4257,10140,36,Late,28
4258,19079,187,Delivered,57
4259,17230,5,Delivered,70
4260,6947,182,Late,38
4261,10836,241,Delivered,71
4262,2805,42,Delivered,24
4263,4861,154,Delivered,46
4264,19009,231,Delivered,43
4265,11518,69,Late,47
4266,8301,169,Delivered,57
4267,4432,159,Late,61
4268,10407,71,Delivered,33
4269,14433,55,Delivered,37
4270,17692,183,Late,63
4271,12728,213,Delivered,82
4272,17628,279,Late,41
4273,3893,266,Late,71
4274,13655,37,Late,51
4275,6459,134,Late,69
4276,1891,50,Delivered,57
4277,16197,287,Delivered,27
4278,15570,20,Delivered,48
4279,759,8,Late,23
4280,8418,286,Delivered,65
4281,18837,120,Late,83
4282,11748,154,Delivered,39
4283,5841,174,Late,29
4284,14019,217,Delivered,79
4285,11054,22,Delivered,24
4286,6168,88,Delivered,79
4287,18861,187,Delivered,16
4288,16708,279,Delivered,74
4289,13547,199,Late,45
4290,11709,191,Delivered,69
4291,1221,195,Late,18
4292,12985,88,Delivered,39
4293,9556,82,Late,47
4294,5325,210,Delivered,55
4295,604,241,Delivered,81
4296,12058,214,Late,50
4297,13002,225,Delivered,21
4298,16626,298,Delivered,35
4299,15073,192,Late,18
4300,3399,188,Late,70
4301,5838,178,Late,16
4302,16988,105,Late,80
4303,1681,40,Delivered,88
4304,9841,262,Late,51
4305,19826,280,Late,32
4306,1638,136,Delivered,18
4307,8751,216,Late,21
4308,3747,192,Delivered,27
4309,19241,92,Delivered,83
4310,570,197,Late,41
4311,17992,206,Delivered,66
4312,19541,37,Late,87
4313,19216,109,Late,30
4314,5614,140,Delivered,45
4315,14821,279,Delivered,64
4316,17481,75,Late,80
4317,16608,244,Delivered,82
4318,12928,114,Late,47
4319,13923,259,Delivered,72
4320,12763,107,Delivered,89
4321,17834,204,Delivered,25
4322,14417,184,Late,22
4323,14777,258,Delivered,20
4324,4952,25,Late,22
4325,16905,228,Delivered,64
4326,9141,201,Delivered,76
4327,4503,8,Late,27
4328,18640,77,Late,50
4329,13352,69,Late,39
4330,6404,197,Late,68
4331,3565,22,Late,18
4332,11538,249,Delivered,79
4333,4366,4,Delivered,76
4334,19616,62,Late,76
4335,16112,261,Delivered,20
4336,15992,253,Delivered,27
4337,8575,107,Late,16
4338,16191,39,Late,57
4339,7417,65,Late,67
4340,2991,46,Delivered,90
4341,14629,268,Late,43
4342,1063,219,Late,65
4343,19803,12,Delivered,35
4344,9220,208,Late,30
4345,19677,285,Delivered,27
4346,6220,289,Delivered,84
4347,2434,264,Late,23
4348,3159,238,Delivered,33
4349,12151,71,Late,19
4350,8365,23,Delivered,53
4351,18883,190,Delivered,25
4352,9048,17,Delivered,42
4353,1335,120,Late,87
4354,19926,36,Delivered,48
4355,14188,100,Late,17
4356,8675,100,Delivered,35
4357,6548,226,Delivered,18
4358,6903,127,Late,37
4359,16390,79,Late,16
4360,17762,95,Late,36
4361,7827,60,Delivered,76
4362,9092,274,Delivered,65
4363,3374,247,Delivered,81
4364,3005,72,Late,36
4365,11645,81,Late,66
4366,8147,229,Late,80
4367,167,291,Delivered,73
4368,907,274,Late,17
4369,3776,87,Delivered,26
4370,13191,273,Delivered,71
4371,4439,119,Late,23
4372,3458,212,Delivered,41
4373,9452,138,Delivered,88
4374,4887,274,Delivered,90
4375,26,163,Delivered,74
4376,13020,88,Late,38
4377,15940,181,Late,84
4378,8645,263,Delivered,22
4379,16603,256,Late,52
4380,2980,63,Late,55
4381,15606,105,Delivered,31
4382,11380,159,Late,41
4383,882,141,Late,53
4384,17970,147,Late,77
4385,12597,220,Late,19
4386,7161,264,Late,46
4387,8324,56,Delivered,85
4388,3220,38,Delivered,41
4389,12486,178,Late,89
4390,671,121,Delivered,59
4391,9714,5,Late,55
4392,6616,234,Delivered,72
4393,19100,151,Delivered,45
4394,15596,266,Late,17
4395,7742,103,Delivered,18
4396,5864,102,Late,34
4397,18392,111,Delivered,47
4398,8803,218,Delivered,37
4399,12428,286,Delivered,24
4400,11596,34,Late,50
4401,15344,31,Late,31
4402,7242,232,Delivered,85
4403,9626,197,Delivered,74
4404,5003,264,Late,17
4405,19624,208,Late,43
4406,18905,142,Delivered,75
4407,18030,18,Delivered,28
4408,3369,73,Delivered,80
4409,3067,29,Delivered,88
4410,8196,221,Late,35
4411,5561,287,Late,59
4412,9914,290,Late,67
4413,14041,245,Late,82
4414,14491,124,Delivered,36
4415,13228,216,Delivered,49
4416,9774,7,Delivered,22
4417,7064,105,Late,40
4418,15543,104,Late,27
4419,7683,178,Late,38
4420,18224,126,Late,55
4421,11023,192,Late,57
4422,4073,219,Delivered,86
4423,16943,191,Late,65
4424,8035,95,Delivered,29
4425,7233,44,Late,16
4426,2552,184,Late,52
4427,7302,112,Late,33
4428,15025,81,Delivered,90
4429,5570,255,Late,27
4430,9711,225,Delivered,18
4431,16210,81,Late,26
4432,17819,297,Late,36
4433,6797,252,Late,87
4434,15389,300,Delivered,28
4435,7906,226,Delivered,48
4436,4103,102,Delivered,54
4437,7545,101,Delivered,24
4438,5526,277,Delivered,74
4439,19060,253,Delivered,26
4440,19305,27,Delivered,38
4441,3434,249,Delivered,48
4442,6811,285,Late,67
4443,9477,53,Delivered,75
4444,11680,147,Delivered,77
4445,14690,185,Late,68
4446,4512,145,Late,19
4447,19701,209,Late,74
4448,5812,134,Late,71
4449,4401,40,Delivered,26
4450,11039,139,Late,58
4451,8677,79,Late,85
4452,6193,172,Delivered,63
4453,9352,214,Late,77
4454,17191,195,Delivered,54
4455,2116,110,Late,16
4456,487,240,Delivered,46
4457,17328,18,Late,77
4458,3432,161,Late,35
4459,11174,168,Late,54
4460,737,208,Delivered,52
4461,8771,69,Delivered,35
4462,1694,23,Late,86
4463,4360,256,Delivered,32
4464,3328,198,Late,41
4465,3101,202,Delivered,62
4466,7526,232,Delivered,90
4467,8059,237,Delivered,64
4468,9082,284,Late,40
4469,14007,300,Delivered,15
4470,6007,166,Late,45
4471,11930,163,Late,26
4472,13695,56,Late,41
4473,18482,139,Delivered,76
4474,18926,86,Late,20
4475,8936,4,Delivered,40
4476,12909,267,Delivered,18
4477,8989,80,Delivered,82
4478,7291,91,Late,27
4479,9746,219,Late,17
4480,6629,258,Late,16
4481,3182,131,Delivered,43
4482,15354,232,Late,34
4483,9407,239,Late,87
4484,1210,170,Delivered,47
4485,6599,129,Late,45
4486,8983,179,Delivered,80
4487,11009,30,Late,48
4488,14997,52,Delivered,35
4489,1308,15,Delivered,62
4490,17821,174,Delivered,18
4491,11691,217,Late,68
4492,9983,177,Delivered,24
4493,1947,240,Late,34
4494,15497,106,Delivered,26
4495,10699,21,Late,23
4496,9090,224,Late,22
4497,10970,106,Delivered,59
4498,8888,227,Late,83
4499,17386,85,Late,19
4500,8260,297,Delivered,83
4501,5073,262,Delivered,38
4502,1174,107,Delivered,52
4503,14961,38,Delivered,32
4504,212,141,Delivered,50
4505,7132,46,Delivered,43
4506,16851,161,Late,83
4507,7842,156,Late,40
4508,19390,221,Late,25
4509,5719,272,Late,43
4510,13785,87,Delivered,54
4511,5688,221,Late,66
4512,15647,49,Delivered,77
4513,17113,91,Delivered,70
4514,439,72,Late,40
4515,16469,169,Late,20
4516,11868,103,Late,16
4517,4861,126,Late,47
4518,6469,246,Late,19
4519,19177,299,Late,67
4520,19182,235,Late,42
4521,3031,202,Delivered,50
4522,14103,72,Delivered,75
4523,6926,278,Delivered,22
4524,7290,66,Late,17
4525,19080,160,Late,71
4526,14512,92,Delivered,89
4527,2945,194,Delivered,43
4528,4109,153,Delivered,80
4529,6825,84,Late,59
4530,3099,146,Delivered,40
4531,17836,254,Delivered,77
4532,9149,131,Late,44
4533,8862,193,Delivered,61
4534,13619,298,Delivered,71
4535,19274,213,Late,73
4536,19141,14,Delivered,90
4537,1910,107,Delivered,78
4538,14317,118,Delivered,68
4539,7499,206,Late,89
4540,526,274,Delivered,75
4541,10508,224,Delivered,88
4542,9205,33,Delivered,81
4543,3235,108,Delivered,67
4544,6521,56,Delivered,24
4545,2244,36,Delivered,89
4546,13008,77,Delivered,65
4547,1369,235,Delivered,32
4548,8056,92,Delivered,39
4549,3580,7,Late,27
4550,4261,69,Late,25
4551,5008,291,Late,58
4552,19678,189,Delivered,63
4553,11082,94,Delivered,47
4554,17997,259,Late,74
4555,16002,225,Delivered,39
4556,14340,244,Late,27
4557,5293,78,Late,57
4558,14735,293,Delivered,47
4559,14968,293,Delivered,54
4560,644,232,Delivered,30
4561,2872,164,Late,21
4562,13193,59,Delivered,45
4563,18332,259,Late,42
4564,8417,95,Late,47
4565,14508,53,Late,86
4566,15758,32,Late,75
4567,10024,291,Delivered,33
4568,12220,132,Late,20
4569,4001,235,Delivered,73
4570,9335,164,Delivered,59
4571,14316,143,Late,50
4572,15674,10,Late,49
4573,3816,150,Late,80
4574,19041,29,Late,23
4575,8498,97,Delivered,56
4576,2928,209,Late,72
4577,2452,155,Delivered,68
4578,14356,63,Late,27
4579,19056,136,Late,17
4580,17000,257,Delivered,72
4581,18475,105,Late,47
4582,6550,191,Delivered,66
4583,5689,34,Delivered,34
4584,2190,75,Late,15
4585,11087,63,Late,86
4586,8046,77,Late,16
4587,3914,47,Delivered,64
4588,1657,149,Late,74
4589,2878,279,Delivered,82
4590,4463,181,Late,35
4591,18841,21,Late,83
4592,2343,180,Delivered,74
4593,9637,15,Delivered,26
4594,15801,253,Late,25
4595,12930,253,Late,78
4596,536,193,Delivered,70
4597,12576,275,Late,47
4598,16529,278,Delivered,22
4599,8571,65,Late,64
4600,16442,261,Late,16
4601,667,7,Late,15
4602,11169,166,Delivered,32
4603,17919,253,Late,56
4604,3936,55,Late,68
4605,17519,94,Delivered,26
4606,15513,39,Delivered,34
4607,9215,260,Delivered,32
4608,11974,46,Late,67
4609,4280,177,Late,48
4610,15140,50,Delivered,43
4611,9481,21,Late,89
4612,15322,284,Late,50
4613,13874,56,Late,72
4614,19595,195,Late,26
4615,10719,213,Delivered,47
4616,3833,102,Delivered,70
4617,1825,208,Late,29
4618,18130,192,Delivered,78
4619,4872,247,Late,18
4620,4516,173,Delivered,80
4621,14160,282,Delivered,74
4622,12126,210,Late,64
4623,7514,67,Delivered,56
4624,3801,105,Delivered,88
4625,12623,189,Late,73
4626,8868,84,Late,84
4627,9799,297,Late,67
4628,10163,141,Late,51
4629,18743,74,Late,43
4630,2130,186,Delivered,69
4631,19817,170,Delivered,77
4632,3359,22,Late,40
4633,9977,112,Late,66
4634,3186,280,Delivered,51
4635,15862,23,Late,52
4636,13473,299,Late,88
4637,9054,100,Late,57
4638,9964,90,Delivered,55
4639,13363,143,Delivered,71
4640,6392,124,Delivered,70
4641,3892,44,Late,63
4642,15591,193,Delivered,29
4643,1815,293,Delivered,63
4644,10334,160,Delivered,53
4645,4148,272,Delivered,22
4646,14948,26,Delivered,26
4647,3399,243,Delivered,63
4648,13492,117,Delivered,57
4649,13241,23,Delivered,55
4650,417,130,Late,88
4651,16186,180,Delivered,15
4652,2739,283,Late,65
4653,895,175,Delivered,52
4654,8096,5,Late,58
4655,8040,132,Late,59
4656,11883,212,Late,84
4657,136,68,Late,48
4658,10637,120,Delivered,81
4659,2435,44,Delivered,37
4660,9033,159,Delivered,24
4661,9296,250,Delivered,56
4662,16958,157,Late,26
4663,5918,185,Late,56
4664,11433,66,Delivered,62
4665,6923,20,Late,61
4666,19419,153,Late,76
4667,13995,187,Late,46
4668,14168,29,Delivered,53
4669,6629,31,Late,18
4670,13385,145,Late,70
4671,16209,157,Delivered,54
4672,6914,281,Late,89
4673,6532,260,Late,22
4674,4262,59,Late,77
4675,9540,194,Late,59
4676,18164,212,Delivered,67
4677,19902,147,Delivered,84
4678,6370,238,Late,60
4679,1283,39,Late,42
4680,18484,219,Late,37
4681,9901,229,Late,76
4682,2189,134,Late,85
4683,5782,221,Late,36
4684,3899,240,Delivered,73
4685,3584,295,Delivered,41
4686,11706,237,Late,28
4687,18529,54,Delivered,57
4688,5472,95,Late,54
4689,3697,125,Delivered,55
4690,5966,98,Late,53
4691,13784,142,Delivered,69
4692,18087,33,Delivered,84
4693,2460,300,Late,67
4694,8123,297,Late,49
4695,11664,192,Delivered,61
4696,4203,198,Delivered,66
4697,586,167,Delivered,64
4698,18080,65,Late,44
4699,19114,228,Late,49
4700,1145,126,Delivered,65
4701,6530,266,Late,43
4702,12134,210,Delivered,37
4703,13586,173,Late,60
4704,4846,76,Late,26
4705,2686,163,Delivered,88
4706,14160,157,Late,85
4707,4884,163,Late,49
4708,17579,75,Late,24
4709,11171,26,Late,34
4710,9024,131,Late,22
4711,4431,79,Delivered,34
4712,9048,297,Late,85
4713,13242,247,Delivered,22
4714,1588,33,Late,61
4715,14056,93,Late,23
4716,12499,154,Late,76
4717,505,274,Late,87
4718,15831,200,Late,83
4719,1433,246,Delivered,76
4720,7613,133,Delivered,71
4721,12280,25,Late,84
4722,3878,30,Delivered,44
4723,17905,291,Late,90
4724,17741,23,Late,52
4725,1304,66,Delivered,56
4726,6693,299,Delivered,24
4727,14338,42,Late,16
4728,15795,77,Late,75
4729,2736,192,Delivered,64
4730,13092,12,Late,54
4731,19848,256,Late,55
4732,5570,229,Late,66
4733,16711,115,Late,86
4734,14819,152,Delivered,75
4735,14863,136,Late,23
4736,13519,173,Late,81
4737,18422,270,Late,76
4738,18280,74,Delivered,24
4739,12926,112,Late,75
4740,10605,103,Late,29
4741,18373,125,Delivered,61
4742,2386,246,Late,32
4743,4870,11,Late,55
4744,10116,185,Delivered,23
4745,13926,128,Delivered,79
4746,17093,38,Late,90
4747,8834,292,Delivered,35
4748,13790,190,Late,51
4749,15941,28,Delivered,34
4750,19118,91,Late,40
4751,6927,99,Delivered,76
4752,10845,138,Late,81
4753,13932,272,Delivered,76
4754,16113,223,Delivered,70
4755,9650,25,Delivered,41
4756,4607,145,Delivered,59
4757,10349,204,Late,86
4758,19633,202,Delivered,65
4759,15882,141,Delivered,16
4760,19069,61,Late,89
4761,2357,14,Delivered,16
4762,15911,296,Delivered,37
4763,2531,190,Delivered,50
4764,14992,57,Delivered,60
4765,894,92,Late,77
4766,13238,28,Late,63
4767,18522,286,Late,44
4768,10436,245,Late,35
4769,445,151,Late,76
4770,9022,53,Delivered,69
4771,7846,228,Delivered,66
4772,16969,173,Late,33
4773,4193,154,Late,23
4774,272,270,Delivered,80
4775,18082,66,Late,23
4776,15903,168,Late,56
4777,8150,213,Delivered,40
4778,12356,125,Late,63
4779,18033,180,Late,84
4780,10671,246,Late,18
4781,5053,232,Late,19
4782,5230,260,Late,32
4783,19571,261,Late,57
4784,13505,165,Late,72
4785,606,147,Late,59
4786,11445,107,Delivered,76
4787,13186,214,Delivered,25
4788,13793,281,Delivered,37
4789,12556,177,Late,72
4790,6856,69,Late,63
4791,16728,69,Late,20
4792,10802,245,Delivered,57
4793,8244,57,Delivered,73
4794,9212,45,Late,69
4795,14434,154,Delivered,37
4796,18683,132,Late,19
4797,11606,74,Late,78
4798,3150,114,Late,68
4799,17181,63,Delivered,62
4800,16065,177,Delivered,27
4801,15717,127,Delivered,70
4802,14858,180,Delivered,37
4803,17127,139,Late,68
4804,6147,21,Late,52
4805,5248,227,Late,16
4806,16464,276,Late,77
4807,13114,269,Delivered,85
4808,11797,133,Late,70
4809,14502,170,Late,56
4810,1438,201,Late,31
4811,18382,81,Delivered,51
4812,17376,30,Late,69
4813,552,253,Late,19
4814,7114,144,Delivered,66
4815,18687,123,Delivered,88
4816,18482,65,Delivered,49
4817,16039,279,Delivered,89
4818,4099,113,Late,21
4819,19758,245,Late,46
4820,6173,132,Late,25
4821,19806,36,Late,34
4822,4919,146,Late,39
4823,16279,142,Delivered,17
4824,6557,128,Delivered,71
4825,2835,90,Delivered,55
4826,17651,293,Delivered,52
4827,18163,79,Delivered,36
4828,19614,60,Late,20
4829,9810,192,Delivered,32
4830,16104,258,Late,32
4831,5240,95,Delivered,23
4832,2910,292,Late,32
4833,3048,72,Late,84
4834,198,51,Late,59
4835,11405,90,Late,46
4836,13367,295,Delivered,73
4837,4758,68,Delivered,35
4838,18073,60,Delivered,77
4839,16118,287,Late,24
4840,4839,223,Late,24
4841,10636,60,Late,61
4842,6509,125,Delivered,60
4843,11124,83,Late,69
4844,18211,251,Late,50
4845,6269,232,Delivered,80
4846,8551,293,Delivered,87
4847,5666,290,Late,86
4848,19660,87,Delivered,71
4849,14468,65,Delivered,66
4850,4407,20,Delivered,51
4851,5747,161,Late,60
4852,8743,197,Delivered,26
4853,7505,265,Late,25
4854,13248,135,Late,46
4855,4967,290,Delivered,53
4856,6701,240,Delivered,90
4857,5766,114,Late,75
4858,17364,108,Delivered,80
4859,1757,122,Late,21
4860,10039,72,Late,64
4861,10622,136,Delivered,86
4862,10141,47,Late,30
4863,8875,71,Delivered,89
4864,17928,184,Late,46
4865,17275,172,Late,66
4866,11059,279,Delivered,15
4867,431,129,Late,24
4868,5089,260,Delivered,68
4869,14003,127,Delivered,73
4870,8506,41,Delivered,67
4871,9671,288,Delivered,47
4872,14283,98,Delivered,59
4873,1927,181,Late,50
4874,15011,117,Delivered,62
4875,15950,69,Delivered,85
4876,15479,213,Late,32
4877,12514,39,Delivered,22
4878,9191,249,Delivered,15
4879,3153,192,Late,23
4880,2469,161,Delivered,38
4881,10656,92,Late,81
4882,8165,298,Delivered,31
4883,4796,175,Late,89
4884,7192,266,Late,15
4885,15281,273,Delivered,35
4886,434,196,Late,75
4887,1770,26,Delivered,23
4888,9189,220,Late,68
4889,14936,24,Late,55
4890,19392,34,Late,87
4891,180,249,Late,18
4892,2512,279,Delivered,45
4893,8948,17,Late,57
4894,11147,209,Delivered,63
4895,5993,183,Late,87
4896,18359,15,Late,62
4897,7230,136,Delivered,80
4898,5813,85,Late,15
4899,3476,134,Late,65
4900,14739,60,Delivered,44
4901,11164,113,Delivered,34
4902,9388,218,Delivered,86
4903,842,300,Delivered,43
4904,5960,190,Delivered,16
4905,515,233,Delivered,76
4906,17301,44,Late,74
4907,6168,179,Delivered,42
4908,16578,288,Late,68
4909,17604,210,Delivered,22
4910,6350,45,Late,52
4911,13191,93,Delivered,62
4912,11733,73,Late,88
4913,13208,30,Late,15
4914,4347,13,Late,81
4915,7839,139,Late,40
4916,17330,222,Late,40
4917,9437,296,Delivered,51
4918,19608,204,Late,77
4919,16455,129,Late,30
4920,1994,125,Delivered,19
4921,3719,140,Delivered,59
4922,14985,79,Delivered,61
4923,17507,138,Late,59
4924,5042,212,Delivered,24
4925,15823,268,Delivered,80
4926,19140,30,Delivered,61
4927,12899,214,Late,55
4928,5906,224,Late,33
4929,5394,62,Delivered,22
4930,14072,161,Delivered,27
4931,6065,100,Late,60
4932,8823,152,Delivered,26
4933,16060,170,Delivered,53
4934,3492,117,Delivered,51
4935,2,120,Late,64
4936,3042,255,Delivered,85
4937,3531,272,Delivered,21
4938,10337,282,Late,71
4939,10786,295,Late,66
4940,4484,228,Late,58
4941,16178,42,Delivered,51
4942,12231,151,Delivered,89
4943,14487,240,Delivered,64
4944,5768,33,Late,73
4945,6130,269,Delivered,52
4946,17607,36,Late,58
4947,11432,34,Delivered,28
4948,6684,271,Late,51
4949,8102,86,Late,29
4950,10838,96,Delivered,68
4951,1775,299,Late,78
4952,9255,54,Late,16
4953,5736,97,Delivered,19
4954,7041,201,Late,81
4955,10826,5,Late,47
4956,17074,78,Late,20
4957,4148,149,Delivered,41
4958,8180,136,Late,86
4959,11394,257,Delivered,83
4960,9311,180,Delivered,58
4961,2835,160,Late,43
4962,10534,248,Delivered,18
4963,19569,226,Delivered,88
4964,5619,275,Late,72
4965,9708,161,Late,88
4966,18237,142,Delivered,28
4967,15202,30,Delivered,85
4968,2338,236,Delivered,36
4969,18946,46,Late,63
4970,16830,190,Late,49
4971,7752,213,Late,66
4972,6939,217,Delivered,35
4973,9228,148,Late,88
4974,3339,33,Delivered,86
4975,17527,298,Late,59
4976,16606,280,Late,24
4977,17600,143,Delivered,87
4978,11307,74,Delivered,26
4979,6331,52,Late,72
4980,3440,121,Late,65
4981,18702,236,Delivered,47
4982,17324,167,Delivered,20
4983,7148,216,Late,56
4984,18468,170,Late,83
4985,13849,279,Late,76
4986,8024,175,Late,79
4987,18200,152,Delivered,80
4988,12413,2,Delivered,66
4989,15915,293,Delivered,72
4990,8656,285,Late,89
4991,12848,254,Late,72
4992,12347,36,Delivered,18
4993,12287,232,Delivered,71
4994,5807,202,Late,80
4995,18372,134,Delivered,44
4996,1503,188,Late,62
4997,11727,205,Delivered,34
4998,12109,244,Delivered,52
4999,13925,193,Delivered,16
5000,8238,239,Late,51
5001,5711,169,Late,67
5002,10451,238,Delivered,70
5003,19303,143,Late,65
5004,13636,103,Delivered,66
5005,17308,216,Delivered,85
5006,13170,62,Delivered,61
5007,7711,134,Late,18
5008,19510,285,Late,69
5009,19428,39,Delivered,61
5010,11742,142,Delivered,17
5011,5717,108,Late,70
5012,13820,26,Late,52
5013,19496,170,Delivered,39
5014,10359,248,Late,29
5015,19433,279,Delivered,66
5016,16385,241,Late,60
5017,14843,276,Late,74
5018,19764,288,Late,17
5019,2955,224,Late,28
5020,1228,7,Delivered,81
5021,794,224,Late,66
5022,17215,115,Late,50
5023,10756,177,Late,71
5024,1169,31,Late,40
5025,15260,207,Late,84
5026,6545,246,Delivered,27
5027,7432,297,Late,32
5028,8088,70,Late,38
5029,19432,286,Delivered,74
5030,9241,38,Delivered,29
5031,5456,273,Late,51
5032,19448,123,Late,30
5033,3545,14,Delivered,20
5034,13682,85,Delivered,19
5035,5611,142,Late,48
5036,8648,133,Delivered,24
5037,11211,72,Delivered,49
5038,6960,224,Delivered,78
5039,2294,235,Late,45
5040,357,140,Delivered,90
5041,15447,217,Delivered,31
5042,7170,40,Delivered,36
5043,4258,68,Late,60
5044,11302,255,Delivered,47
5045,6529,299,Delivered,79
5046,10512,105,Delivered,64
5047,4209,265,Delivered,84
5048,7844,78,Delivered,88
5049,6794,31,Late,73
5050,19480,242,Late,44
5051,11750,45,Late,73
5052,1220,72,Delivered,67
5053,18212,109,Delivered,88
5054,12468,211,Delivered,39
5055,13521,209,Delivered,72
5056,10476,274,Late,74
5057,11049,146,Delivered,84
5058,10049,227,Delivered,47
5059,10481,31,Late,41
5060,3977,128,Delivered,52
5061,1903,133,Delivered,80
5062,14360,284,Late,34
5063,19914,85,Delivered,80
5064,15173,5,Delivered,76
5065,186,48,Delivered,16
5066,9103,158,Delivered,41
5067,4906,226,Late,33
5068,14730,129,Delivered,70
5069,4286,153,Delivered,87
5070,12367,222,Late,58
5071,7936,248,Delivered,57
5072,19494,16,Late,51
5073,2370,250,Late,30
5074,11209,41,Late,28
5075,5603,57,Late,88
5076,18267,78,Late,60
5077,10791,177,Late,69
5078,14463,172,Late,72
5079,4329,64,Late,74
5080,3289,202,Late,48
5081,3777,218,Late,39
5082,4540,142,Late,57
5083,6919,67,Late,28
5084,7004,262,Late,69
5085,12826,98,Late,70
5086,3310,297,Delivered,26
5087,12944,205,Delivered,15
5088,8910,113,Late,77
5089,13062,268,Delivered,81
5090,11842,176,Late,76
5091,12671,218,Late,26
5092,18316,264,Late,40
5093,1350,13,Delivered,87
5094,2190,167,Delivered,72
5095,6735,91,Late,80
5096,10257,162,Late,35
5097,12585,96,Late,64
5098,11780,216,Delivered,31
5099,10796,243,Delivered,30
5100,16988,258,Delivered,34
5101,17853,124,Delivered,34
5102,10577,59,Delivered,76
5103,8160,257,Delivered,68
5104,8560,285,Delivered,87
5105,249,205,Late,28
5106,1660,266,Delivered,69
5107,19828,262,Late,58
5108,17965,122,Delivered,78
5109,13449,62,Delivered,67
5110,4268,274,Delivered,41
5111,5073,291,Delivered,38
5112,13801,37,Late,61
5113,4341,34,Late,90
5114,7289,147,Delivered,75
5115,6481,21,Late,47
5116,4195,300,Delivered,45
5117,18807,98,Late,39
5118,10491,1,Delivered,53
5119,10835,230,Delivered,40
5120,11611,140,Delivered,76
5121,11818,22,Delivered,81
5122,13718,97,Delivered,26
5123,3454,181,Delivered,18
5124,16571,33,Late,25
5125,18497,35,Delivered,22
5126,17938,39,Delivered,39
5127,16466,65,Delivered,29
5128,14106,74,Delivered,38
5129,16365,96,Delivered,68
5130,17695,106,Late,62
5131,11569,150,Delivered,72
5132,11372,11,Delivered,68
5133,15654,24,Delivered,84
5134,13840,295,Late,25
5135,1452,193,Delivered,39
5136,9561,84,Delivered,63
5137,2230,61,Late,39
5138,3311,49,Delivered,37
5139,16921,220,Late,56
5140,18270,237,Delivered,16
5141,8805,24,Delivered,37
5142,18049,286,Late,50
5143,2673,112,Delivered,36
5144,12944,61,Delivered,61
5145,88,40,Delivered,83
5146,6322,125,Delivered,79
5147,3637,188,Late,84
5148,4781,216,Delivered,75
5149,6750,15,Delivered,42
5150,1371,191,Delivered,51
5151,19731,87,Late,67
5152,2539,255,Late,43
5153,2674,284,Delivered,43
5154,12259,233,Delivered,48
5155,12941,10,Delivered,56
5156,15039,287,Delivered,65
5157,4447,36,Delivered,55
5158,19205,111,Late,82
5159,14851,202,Delivered,27
5160,14060,266,Delivered,28
5161,7538,234,Late,61
5162,2136,150,Late,20
5163,6207,204,Late,44
5164,9042,250,Late,52
5165,15486,110,Delivered,83
5166,12327,64,Late,81
5167,9044,91,Delivered,23
5168,7517,242,Late,82
5169,2494,277,Delivered,53
5170,12207,274,Late,89
5171,19178,140,Delivered,60
5172,8226,168,Delivered,47
5173,3178,195,Delivered,43
5174,7990,95,Late,22
5175,2059,293,Delivered,31
5176,15239,40,Late,88
5177,7175,139,Delivered,74
5178,16852,203,Delivered,80
5179,6018,68,Delivered,77
5180,19589,105,Late,22
5181,18903,21,Late,50
5182,19240,263,Delivered,48
5183,18385,202,Delivered,82
5184,17866,167,Delivered,57
5185,11672,35,Late,19
5186,5547,169,Delivered,77
5187,8665,249,Delivered,81
5188,13965,170,Delivered,84
5189,11834,120,Delivered,16
5190,595,275,Late,48
5191,14959,288,Delivered,90
5192,4366,135,Late,65
5193,490,255,Late,31
5194,3462,71,Delivered,65
5195,16374,186,Delivered,23
5196,6611,98,Delivered,87
5197,12158,164,Late,75
5198,3288,265,Delivered,55
5199,15047,16,Delivered,78
5200,11835,26,Delivered,82
5201,14458,195,Late,16
5202,19845,106,Late,39
5203,6183,183,Delivered,39
5204,3363,243,Delivered,89
5205,7349,126,Late,68
5206,7468,193,Late,32
5207,16341,272,Delivered,87
5208,14406,14,Late,15
5209,11994,75,Delivered,60
5210,17159,33,Late,16
5211,18658,67,Delivered,68
5212,9011,221,Delivered,19
5213,8962,139,Late,62
5214,1427,297,Late,81
5215,4322,49,Late,27
5216,698,222,Late,28
5217,9240,119,Late,51
5218,14017,84,Delivered,63
5219,51,66,Late,90
5220,2859,236,Delivered,88
5221,18313,154,Late,86
5222,9855,55,Delivered,16
5223,15516,283,Delivered,49
5224,19281,222,Late,76
5225,14596,276,Late,51
5226,1664,55,Late,88
5227,3370,3,Delivered,51
5228,4535,185,Delivered,90
5229,12264,20,Delivered,51
5230,17640,35,Delivered,24
5231,1877,55,Late,41
5232,3212,250,Late,36
5233,12735,210,Late,43
5234,12935,18,Late,19
5235,5575,10,Delivered,70
5236,5206,247,Delivered,45
5237,6313,113,Late,29
5238,378,33,Delivered,18
5239,4356,1,Delivered,32
5240,6196,260,Late,22
5241,15315,58,Delivered,48
5242,14882,5,Late,90
5243,1440,253,Late,48
5244,18082,29,Delivered,65
5245,8640,181,Delivered,42
5246,11036,226,Delivered,41
5247,13616,231,Late,64
5248,17336,235,Late,67
5249,593,183,Late,27
5250,10228,158,Late,59
5251,1439,226,Late,20
5252,16153,39,Late,53
5253,1892,84,Delivered,65
5254,19754,299,Delivered,40
5255,14005,221,Delivered,88
5256,16213,170,Late,20
5257,422,105,Delivered,88
5258,14717,42,Late,67
5259,15660,183,Delivered,33
5260,17445,115,Late,26
5261,3571,251,Delivered,39
5262,11900,89,Late,54
5263,8859,187,Delivered,16
5264,10886,299,Late,70
5265,424,262,Delivered,79
5266,6673,262,Late,37
5267,7103,255,Late,89
5268,14314,238,Late,34
5269,3905,273,Late,49
5270,18922,100,Delivered,37
5271,3758,112,Late,29
5272,11738,120,Delivered,24
5273,10919,300,Late,82
5274,7834,32,Delivered,18
5275,9775,276,Late,15
5276,12520,35,Late,18
5277,892,103,Delivered,68
5278,17520,138,Delivered,64
5279,2873,215,Late,26
5280,17755,297,Delivered,29
5281,10482,267,Late,38
5282,19491,60,Delivered,81
5283,3743,98,Delivered,58
5284,14212,70,Late,36
5285,12259,206,Late,66
5286,19894,262,Late,64
5287,9737,266,Late,15
5288,19210,261,Delivered,59
5289,7593,283,Late,89
5290,15765,235,Delivered,56
5291,1935,295,Delivered,53
5292,11360,241,Late,75
5293,11805,275,Late,18
5294,1778,51,Delivered,24
5295,15204,87,Late,51
5296,11864,163,Late,72
5297,13078,69,Delivered,51
5298,14667,159,Late,68
5299,15755,101,Late,77
5300,15632,211,Delivered,55
5301,12066,198,Late,22
5302,19022,59,Delivered,34
5303,13094,297,Late,35
5304,1275,109,Late,15
5305,5107,14,Late,44
5306,15081,213,Delivered,72
5307,10320,122,Delivered,44
5308,15330,238,Late,67
5309,8388,20,Late,77
5310,12572,213,Delivered,17
5311,6657,39,Delivered,37
5312,7055,213,Delivered,30
5313,8432,76,Late,31
5314,2827,62,Late,19
5315,16034,132,Delivered,63
5316,1344,148,Delivered,42
5317,16748,116,Late,62
5318,8594,247,Delivered,62
5319,15786,208,Late,23
5320,14375,93,Late,25
5321,14723,89,Delivered,45
5322,11512,235,Delivered,15
5323,6993,4,Delivered,57
5324,19060,119,Late,67
5325,19467,37,Late,64
5326,2492,11,Delivered,81
5327,17688,174,Delivered,27
5328,6698,26,Delivered,88
5329,9575,259,Delivered,45
5330,13895,50,Late,36
5331,5522,237,Late,48
5332,11966,184,Delivered,71
5333,11318,6,Late,71
5334,14907,136,Late,80
5335,2482,268,Late,62
5336,2290,116,Late,75
5337,6062,241,Late,73
5338,16508,296,Delivered,28
5339,7588,73,Delivered,58
5340,7577,101,Delivered,58
5341,10766,300,Late,66
5342,16705,35,Late,45
5343,6509,73,Delivered,75
5344,2980,265,Delivered,77
5345,7440,173,Late,71
5346,10060,163,Delivered,87
5347,2622,228,Late,29
5348,13926,204,Late,89
5349,12084,241,Late,29
5350,4633,72,Late,85
5351,5559,228,Delivered,78
5352,14515,269,Late,89
5353,17978,20,Delivered,22
5354,5843,69,Late,67
5355,668,61,Late,41
5356,17490,12,Late,39
5357,10054,270,Delivered,59
5358,1818,32,Late,20
5359,10110,9,Delivered,50
5360,120,14,Late,15
5361,12867,39,Late,25
5362,11938,190,Late,73
5363,12137,226,Delivered,70
5364,18102,118,Delivered,81
5365,3206,203,Delivered,27
5366,14783,83,Delivered,50
5367,4173,58,Delivered,33
5368,1392,156,Late,50
5369,4388,73,Delivered,43
5370,10740,260,Delivered,82
5371,4877,113,Delivered,48
5372,9035,244,Late,61
5373,9167,88,Late,29
5374,17943,199,Late,19
5375,717,228,Late,64
5376,17942,160,Late,86
5377,11566,253,Delivered,29
5378,14797,67,Late,20
5379,11256,154,Late,39
5380,14943,164,Delivered,86
5381,5682,36,Delivered,38
5382,11570,247,Late,55
5383,9964,217,Late,37
5384,3228,33,Late,78
5385,17261,212,Delivered,41
5386,10606,79,Late,41
5387,4003,228,Delivered,53
5388,16514,242,Delivered,36
5389,6749,53,Late,46
5390,5462,85,Delivered,37
5391,18479,184,Late,16
5392,15859,224,Late,54
5393,10846,66,Late,20
5394,14210,110,Late,47
5395,4687,73,Delivered,81
5396,1677,34,Late,32
5397,16022,27,Delivered,35
5398,3708,223,Delivered,86
5399,19904,297,Delivered,45
5400,17115,209,Delivered,39
5401,11983,46,Delivered,34
5402,2012,147,Late,43
5403,15678,159,Delivered,75
5404,19146,165,Delivered,31
5405,15527,167,Late,76
5406,16799,35,Late,23
5407,12230,211,Late,46
5408,2477,130,Delivered,39
5409,7538,141,Delivered,60
5410,15871,293,Late,62
5411,9625,105,Late,20
5412,13121,265,Delivered,83
5413,15132,18,Delivered,49
5414,13095,228,Late,17
5415,3162,272,Delivered,28
5416,657,36,Late,50
5417,11575,281,Late,79
5418,19824,34,Delivered,68
5419,6090,73,Late,61
5420,4438,123,Delivered,76
5421,6264,132,Late,40
5422,18495,277,Late,57
5423,960,278,Late,40
5424,13946,67,Late,62
5425,4158,124,Delivered,70
5426,17023,249,Late,39
5427,11019,235,Delivered,43
5428,974,242,Delivered,21
5429,11672,276,Delivered,19
5430,4857,249,Delivered,71
5431,17257,37,Delivered,75
5432,3254,122,Late,79
5433,9356,44,Late,47
5434,575,5,Delivered,22
5435,16115,129,Delivered,90
5436,13348,51,Late,39
5437,5723,34,Delivered,73
5438,14364,234,Late,79
5439,2316,111,Late,38
5440,13975,71,Delivered,36
5441,1193,288,Late,38
5442,12865,155,Delivered,73
5443,10339,213,Delivered,41
5444,4703,173,Late,33
5445,17009,53,Delivered,67
5446,4625,180,Delivered,73
5447,15264,106,Late,28
5448,9993,76,Late,16
5449,3910,238,Delivered,73
5450,9045,265,Late,51
5451,2131,109,Delivered,81
5452,14287,191,Late,21
5453,18941,290,Delivered,85
5454,19058,127,Late,87
5455,10369,175,Late,52
5456,12407,224,Late,61
5457,9721,194,Delivered,43
5458,227,270,Late,30
5459,12886,53,Late,29
5460,19413,271,Delivered,39
5461,17517,39,Late,69
5462,15238,254,Delivered,46
5463,17920,284,Delivered,84
5464,3162,186,Delivered,43
5465,12156,30,Late,39
5466,15585,59,Late,37
5467,7792,287,Delivered,55
5468,2988,65,Delivered,53
5469,11094,3,Delivered,28
5470,2005,26,Delivered,80
5471,8713,213,Delivered,66
5472,18381,226,Late,83
5473,11940,114,Late,87
5474,1022,144,Late,40
5475,4413,145,Delivered,68
5476,19536,89,Late,32
5477,7071,1,Late,76
5478,19516,158,Delivered,84
5479,1377,259,Late,56
5480,11298,183,Late,52
5481,6368,93,Late,33
5482,11407,240,Delivered,56
5483,14885,182,Delivered,51
5484,17013,172,Delivered,72
5485,4432,105,Late,71
5486,7782,95,Delivered,37
5487,2394,24,Delivered,34
5488,9224,295,Late,36
5489,4159,198,Late,34
5490,16001,183,Late,81
5491,17177,126,Late,18
5492,16947,226,Late,26
5493,9563,16,Delivered,64
5494,17039,57,Late,62
5495,13772,113,Late,52
5496,2958,54,Late,72
5497,1484,245,Delivered,46
5498,17164,141,Delivered,30
5499,5228,84,Delivered,84
5500,1166,133,Delivered,39
5501,17408,148,Delivered,43
5502,10985,194,Delivered,40
5503,2966,139,Late,28
5504,3556,220,Delivered,75
5505,17826,280,Delivered,61
5506,2537,83,Delivered,90
5507,16225,135,Late,49
5508,15926,15,Late,73
5509,6573,283,Late,15
5510,8104,68,Late,40
5511,4989,263,Delivered,81
5512,17517,212,Late,89
5513,1378,83,Delivered,70
5514,1481,268,Delivered,19
5515,7192,160,Late,36
5516,149,167,Late,54
5517,7861,102,Delivered,48
5518,2181,229,Delivered,53
5519,7662,263,Delivered,66
5520,12325,64,Delivered,84
5521,15218,109,Late,47
5522,6880,291,Delivered,50
5523,10269,62,Delivered,60
5524,9672,222,Delivered,72
5525,8692,206,Late,45
5526,429,130,Late,36
5527,3964,288,Late,17
5528,16484,149,Late,66
5529,11167,286,Late,42
5530,6194,286,Delivered,84
5531,17334,104,Delivered,71
5532,15913,289,Delivered,63
5533,17728,159,Late,17
5534,4708,66,Late,30
5535,8876,88,Delivered,55
5536,19542,297,Late,81
5537,19293,107,Delivered,70
5538,19756,84,Delivered,27
5539,1946,225,Late,51
5540,7103,180,Delivered,41
5541,18761,155,Late,61
5542,13847,191,Late,79
5543,90,80,Delivered,22
5544,17965,219,Delivered,41
5545,1329,125,Late,25
5546,17910,53,Late,51
5547,18213,168,Late,75
5548,12760,97,Delivered,22
5549,4565,229,Delivered,22
5550,15833,86,Late,69
5551,113,36,Delivered,80
5552,16321,160,Delivered,53
5553,16426,284,Late,74
5554,11046,3,Late,83
5555,8137,60,Delivered,57
5556,13295,13,Late,36
5557,19553,272,Delivered,40
5558,499,50,Late,26
5559,5763,289,Late,83
5560,2534,295,Late,51
5561,6415,77,Late,39
5562,4875,297,Late,88
5563,18071,160,Late,76
5564,15162,141,Delivered,59
5565,10973,76,Late,16
5566,8233,289,Delivered,59
5567,10700,65,Late,69
5568,8531,65,Late,32
5569,18624,199,Late,63
5570,9491,33,Delivered,37
5571,5314,237,Late,29
5572,10225,62,Late,56
5573,17594,225,Delivered,55
5574,779,292,Delivered,50
5575,14439,56,Late,51
5576,16862,107,Late,48
5577,15639,248,Delivered,72
5578,4755,273,Late,16
5579,4638,171,Late,73
5580,9181,273,Delivered,68
5581,8180,205,Late,54
5582,14061,281,Delivered,28
5583,2691,247,Late,68
5584,18244,15,Late,32
5585,9785,111,Late,19
5586,10410,275,Late,61
5587,19051,265,Late,83
5588,6473,270,Delivered,49
5589,5082,9,Late,16
5590,6373,42,Delivered,70
5591,18974,1,Delivered,59
5592,11188,287,Late,35
5593,3730,60,Late,71
5594,13295,69,Late,29
5595,3388,264,Delivered,25
5596,7607,143,Delivered,58
5597,5479,224,Delivered,27
5598,5222,266,Late,87
5599,8956,142,Delivered,16
5600,3260,291,Delivered,77
5601,10774,136,Delivered,85
5602,5763,11,Delivered,58
5603,6841,13,Late,90
5604,15129,267,Delivered,68
5605,15208,272,Late,41
5606,12171,171,Late,37
5607,174,69,Late,42
5608,8677,298,Delivered,75
5609,19581,166,Late,76
5610,16195,22,Delivered,71
5611,15556,203,Late,85
5612,5168,5,Delivered,89
5613,11456,211,Delivered,76
5614,15732,275,Late,53
5615,15937,294,Late,29
5616,15004,183,Delivered,63
5617,16095,204,Late,48
5618,7603,288,Late,38
5619,13732,256,Late,19
5620,14782,66,Late,73
5621,3231,160,Late,41
5622,17193,249,Delivered,35
5623,19245,85,Delivered,24
5624,12373,262,Late,28
5625,18694,298,Late,87
5626,10084,234,Delivered,66
5627,2247,246,Late,39
5628,14846,256,Delivered,47
5629,5514,98,Late,76
5630,11892,217,Late,51
5631,10392,8,Delivered,42
5632,11446,256,Delivered,53
5633,18070,215,Late,59
5634,5517,286,Late,40
5635,14699,173,Delivered,54
5636,4512,64,Delivered,20
5637,6661,101,Late,25
5638,13693,18,Delivered,90
5639,7899,210,Delivered,37
5640,12043,60,Delivered,78
5641,5523,109,Delivered,87
5642,16952,181,Late,84
5643,13117,249,Delivered,25
5644,6824,188,Late,76
5645,5942,93,Delivered,89
5646,19958,97,Late,66
5647,1257,288,Late,83
5648,122,83,Late,36
5649,15745,33,Late,24
5650,4953,88,Delivered,45
5651,4766,300,Delivered,52
5652,1660,2,Late,60
5653,10321,162,Late,27
5654,18426,115,Delivered,79
5655,2084,99,Delivered,42
5656,7175,96,Delivered,80
5657,17614,31,Delivered,41
5658,1927,246,Late,20
5659,311,23,Delivered,71
5660,8852,163,Late,57
5661,18761,168,Late,46
5662,11892,294,Late,66
5663,6400,23,Delivered,38
5664,5923,10,Late,40
5665,9951,254,Delivered,44
5666,19315,58,Late,45
5667,18092,130,Late,26
5668,12950,282,Delivered,54
5669,4303,211,Late,89
5670,17755,138,Delivered,36
5671,4528,269,Delivered,58
5672,5921,132,Delivered,70
5673,6192,196,Delivered,55
5674,7108,207,Late,37
5675,9896,264,Delivered,56
5676,5578,216,Late,81
5677,6109,139,Late,72
5678,19839,94,Delivered,74
5679,7402,61,Delivered,71
5680,18867,87,Delivered,80
5681,17837,101,Delivered,58
5682,14030,257,Late,75
5683,14443,2,Delivered,54
5684,16873,8,Late,22
5685,11499,217,Delivered,15
5686,13559,249,Late,63
5687,3533,225,Delivered,78
5688,11173,207,Delivered,88
5689,17633,100,Late,42
5690,7438,216,Late,25
5691,9395,156,Delivered,78
5692,18096,188,Delivered,56
5693,13300,146,Delivered,55
5694,6055,113,Delivered,82
5695,12745,74,Delivered,79
5696,5250,78,Late,19
5697,168,145,Delivered,85
5698,19867,64,Delivered,70
5699,13180,40,Late,17
5700,5652,146,Late,40
5701,423,259,Late,67
5702,16950,184,Delivered,35
5703,9260,162,Delivered,53
5704,5393,283,Late,40
5705,833,132,Delivered,27
5706,18448,24,Late,54
5707,10677,5,Delivered,20
5708,16747,38,Late,25
5709,6295,179,Late,79
5710,11079,145,Delivered,60
5711,9499,71,Delivered,48
5712,7798,155,Delivered,81
5713,16876,68,Late,81
5714,2270,51,Delivered,22
5715,1910,179,Delivered,58
5716,19421,219,Late,77
5717,7931,247,Delivered,77
5718,6597,36,Delivered,56
5719,876,79,Late,47
5720,7200,277,Delivered,60
5721,19387,8,Late,79
5722,17497,168,Delivered,76
5723,9158,282,Delivered,70
5724,1452,46,Delivered,71
5725,13230,252,Delivered,25
5726,17272,209,Late,38
5727,16307,87,Delivered,16
5728,4234,201,Delivered,63
5729,5266,3,Late,75
5730,5818,284,Delivered,53
5731,15823,23,Late,36
5732,6090,6,Delivered,49
5733,14951,154,Late,17
5734,16944,234,Late,58
5735,13212,297,Delivered,43
5736,7267,107,Delivered,83
5737,13982,236,Delivered,40
5738,6354,67,Delivered,21
5739,17088,243,Late,43
5740,7314,64,Late,22
5741,2987,48,Late,35
5742,17125,170,Late,19
5743,5859,276,Delivered,15
5744,4634,296,Delivered,77
5745,1600,54,Delivered,47
5746,17695,199,Delivered,50
5747,16035,184,Delivered,15
5748,12903,239,Delivered,90
5749,15128,229,Late,43
5750,18276,273,Delivered,90
5751,13429,155,Delivered,60
5752,8353,111,Late,21
5753,1563,268,Late,52
5754,11815,47,Delivered,90
5755,11860,156,Late,63
5756,14445,260,Delivered,26
5757,15745,235,Late,79
5758,10813,188,Delivered,58
5759,15509,189,Late,53
5760,9675,271,Delivered,39
5761,6066,140,Late,38
5762,5909,229,Late,82
5763,5338,299,Delivered,73
5764,15735,297,Late,64
5765,12620,248,Delivered,44
5766,6550,113,Delivered,24
5767,13649,132,Delivered,80
5768,2065,184,Delivered,71
5769,12497,124,Late,70
5770,19521,171,Delivered,41
5771,2517,220,Late,33
5772,13698,245,Delivered,32
5773,19004,236,Delivered,54
5774,16866,133,Delivered,42
5775,11919,295,Delivered,31
5776,11312,131,Delivered,44
5777,2804,121,Late,89
5778,4577,122,Late,36
5779,14754,12,Delivered,43
5780,8771,250,Delivered,44
5781,1757,245,Late,69
5782,18312,156,Delivered,80
5783,11040,191,Late,22
5784,5872,84,Delivered,83
5785,11709,300,Delivered,71
5786,2023,123,Delivered,22
5787,13247,280,Delivered,77
5788,10640,292,Delivered,22
5789,2127,39,Delivered,26
5790,8145,98,Delivered,68
5791,277,77,Late,56
5792,17326,194,Delivered,18
5793,11694,122,Delivered,58
5794,4197,170,Late,80
5795,16095,115,Delivered,64
5796,15780,62,Delivered,56
5797,14441,280,Delivered,56
5798,635,190,Delivered,61
5799,12150,113,Delivered,40
5800,10950,85,Delivered,84
5801,10291,250,Delivered,68
5802,10876,81,Late,24
5803,3983,85,Late,81
5804,10982,283,Delivered,75
5805,15720,33,Late,81
5806,13668,196,Delivered,72
5807,17145,15,Delivered,56
5808,14987,111,Late,76
5809,363,109,Late,79
5810,1163,269,Late,30
5811,3712,221,Late,43
5812,1428,249,Delivered,24
5813,15008,252,Late,47
5814,11412,231,Late,55
5815,9696,220,Delivered,82
5816,19080,212,Late,74
5817,3527,142,Delivered,55
5818,8705,265,Late,33
5819,18106,78,Late,20
5820,18780,46,Late,62
5821,14709,208,Late,35
5822,12364,218,Delivered,26
5823,444,224,Delivered,83
5824,13707,274,Late,54
5825,18230,79,Delivered,44
5826,6649,201,Late,87
5827,2079,195,Delivered,49
5828,3121,240,Delivered,20
5829,5402,125,Late,85
5830,6440,68,Delivered,35
5831,8798,67,Delivered,44
5832,19478,231,Late,78
5833,4787,181,Late,86
5834,13472,186,Late,36
5835,16233,42,Delivered,28
5836,15548,170,Delivered,76
5837,10186,269,Delivered,38
5838,5954,212,Delivered,64
5839,18857,49,Delivered,74
5840,4882,95,Late,56
5841,8531,29,Late,19
5842,2852,219,Late,39
5843,3453,200,Late,52
5844,5184,179,Delivered,22
5845,16336,202,Delivered,52
5846,13764,202,Delivered,47
5847,10617,188,Late,59
5848,4586,46,Delivered,51
5849,1795,108,Delivered,81
5850,16455,290,Delivered,70
5851,15049,106,Late,41
5852,16017,269,Late,82
5853,13568,231,Delivered,28
5854,13966,31,Late,28
5855,13341,265,Late,65
5856,392,16,Delivered,61
5857,5918,186,Late,26
5858,10366,60,Late,64
5859,15065,14,Delivered,65
5860,19984,87,Delivered,59
5861,2377,223,Late,36
5862,17967,36,Late,74
5863,7898,234,Late,68
5864,465,140,Late,47
5865,15935,236,Delivered,83
5866,19671,93,Delivered,31
5867,8665,94,Late,47
5868,14591,107,Delivered,17
5869,11674,267,Delivered,49
5870,14540,295,Delivered,58
5871,19737,172,Delivered,62
5872,8635,104,Late,45
5873,16625,273,Delivered,34
5874,8370,32,Delivered,54
5875,13478,270,Delivered,33
5876,13269,200,Late,16
5877,18459,235,Delivered,50
5878,4169,62,Late,62
5879,13778,176,Late,24
5880,10167,82,Late,80
5881,17860,104,Late,21
5882,4969,131,Delivered,29
5883,6796,115,Delivered,34
5884,11429,14,Delivered,89
5885,8049,102,Late,69
5886,7504,122,Late,31
5887,3757,34,Delivered,76
5888,6419,207,Late,84
5889,15899,85,Delivered,34
5890,17090,89,Late,36
5891,15628,250,Delivered,88
5892,9428,260,Delivered,74
5893,2365,33,Late,24
5894,17820,177,Late,45
5895,4120,68,Delivered,47
5896,19448,17,Late,27
5897,3553,163,Delivered,70
5898,19068,259,Late,49
5899,1855,68,Delivered,20
5900,457,265,Delivered,39
5901,153,50,Delivered,23
5902,1304,177,Late,75
5903,13182,20,Late,52
5904,2769,185,Delivered,86
5905,4217,76,Delivered,15
5906,11843,187,Delivered,23
5907,16990,270,Delivered,71
5908,14352,253,Delivered,78
5909,3541,55,Delivered,78
5910,10585,102,Delivered,38
5911,4610,296,Delivered,89
5912,816,171,Late,74
5913,14339,5,Delivered,55
5914,18067,109,Delivered,15
5915,6745,21,Late,22
5916,11401,267,Late,30
5917,18560,31,Late,20
5918,14470,182,Delivered,20
5919,7281,38,Late,52
5920,8662,74,Delivered,89
5921,9694,266,Delivered,42
5922,14795,140,Delivered,40
5923,13893,21,Late,43
5924,10789,300,Late,87
5925,17932,287,Delivered,77
5926,19784,97,Late,26
5927,15604,181,Late,79
5928,11987,77,Delivered,23
5929,9254,289,Late,88
5930,11156,119,Delivered,61
5931,8368,15,Late,76
5932,7205,98,Delivered,34
5933,18599,195,Late,74
5934,1725,61,Late,48
5935,16352,188,Late,81
5936,6643,266,Delivered,26
5937,1467,238,Late,23
5938,13022,15,Late,86
5939,8318,34,Delivered,68
5940,873,216,Delivered,57
5941,12329,97,Delivered,43
5942,16638,158,Late,65
5943,19551,21,Late,15
5944,6746,71,Delivered,34
5945,2817,199,Late,83
5946,18156,24,Late,88
5947,10047,162,Delivered,40
5948,7257,92,Late,80
5949,16999,17,Delivered,82
5950,7830,269,Delivered,36
5951,17803,255,Delivered,32
5952,12445,36,Late,64
5953,15479,220,Late,18
5954,11455,51,Late,82
5955,15865,163,Late,81
5956,9203,41,Delivered,68
5957,5929,147,Delivered,88
5958,7754,39,Late,84
5959,14298,195,Delivered,88
5960,11433,46,Delivered,76
5961,5940,131,Late,86
5962,8464,209,Late,24
5963,16765,79,Late,24
5964,15743,89,Delivered,88
5965,5656,149,Late,60
5966,13277,255,Late,21
5967,19271,231,Delivered,55
5968,18797,143,Delivered,48
5969,9845,140,Late,54
5970,8343,11,Delivered,60
5971,16578,179,Delivered,17
5972,6696,241,Delivered,22
5973,10621,98,Late,43
5974,12934,211,Late,67
5975,11731,266,Delivered,88
5976,5829,76,Late,59
5977,15689,118,Late,51
5978,10666,61,Late,85
5979,19814,96,Late,16
5980,7533,65,Delivered,41
5981,4950,247,Delivered,36
5982,7322,99,Late,84
5983,14536,216,Delivered,85
5984,9903,182,Late,66
5985,1100,66,Delivered,70
5986,9011,23,Late,81
5987,4689,139,Delivered,22
5988,7306,91,Delivered,17
5989,1980,133,Late,42
5990,9453,274,Late,28
5991,8145,143,Late,61
5992,13668,119,Delivered,41
5993,9442,60,Late,47
5994,7313,64,Late,19
5995,2540,224,Late,75
5996,18889,266,Late,57
5997,1961,136,Delivered,49
5998,14977,102,Delivered,80
5999,18916,60,Delivered,22
6000,5769,296,Late,30
6001,18307,72,Late,75
6002,9548,286,Late,62
6003,16969,99,Late,34
6004,5633,227,Delivered,19
6005,3160,156,Delivered,72
6006,3189,72,Late,70
6007,10595,98,Late,31
6008,2389,267,Delivered,23
6009,17099,102,Late,29
6010,2832,102,Late,80
6011,512,26,Late,67
6012,15157,147,Delivered,25
6013,13569,248,Late,70
6014,1886,293,Delivered,24
6015,2235,49,Late,83
6016,6957,150,Delivered,39
6017,10246,167,Late,76
6018,7542,64,Delivered,65
6019,14027,98,Late,16
6020,5324,121,Late,89
6021,6798,48,Delivered,62
6022,12157,265,Late,17
6023,5262,54,Late,77
6024,18600,9,Late,36
6025,17707,240,Delivered,23
6026,8955,60,Delivered,48
6027,9024,291,Late,63
6028,15275,244,Delivered,63
6029,18902,234,Delivered,51
6030,16497,139,Late,17
6031,13848,107,Late,59
6032,7869,86,Late,76
6033,3272,147,Late,18
6034,12429,36,Late,60
6035,6988,60,Late,43
6036,6314,5,Delivered,60
6037,19709,281,Late,40
6038,15908,99,Delivered,48
6039,8113,167,Late,55
6040,13867,251,Delivered,70
6041,15240,264,Late,71
6042,8960,153,Delivered,49
6043,11693,58,Delivered,24
6044,7330,121,Delivered,31
6045,11226,282,Late,89
6046,7868,93,Delivered,45
6047,2020,207,Delivered,46
6048,9214,245,Late,32
6049,12573,166,Delivered,84
6050,4059,24,Delivered,23
6051,16923,241,Delivered,30
6052,6083,29,Late,32
6053,18218,84,Delivered,57
6054,8447,138,Delivered,72
6055,12852,216,Delivered,34
6056,9263,70,Late,44
6057,9265,257,Late,72
6058,12818,12,Delivered,71
6059,5764,202,Late,77
6060,16989,198,Late,77
6061,4063,278,Delivered,65
6062,14864,212,Delivered,86
6063,6995,196,Late,16
6064,16670,128,Late,27
6065,14662,34,Delivered,80
6066,5487,146,Delivered,88
6067,12432,240,Delivered,76
6068,11516,256,Delivered,81
6069,7904,250,Delivered,88
6070,6350,165,Delivered,80
6071,4253,131,Late,79
6072,2790,74,Late,81
6073,1410,70,Late,30
6074,2067,30,Late,76
6075,19241,2,Delivered,16
6076,2932,99,Late,36
6077,1220,281,Delivered,76
6078,15753,3,Delivered,46
6079,15630,190,Delivered,69
6080,18487,79,Late,60
6081,1228,90,Delivered,38
6082,3980,239,Delivered,53
6083,3393,54,Late,83
6084,14924,57,Delivered,89
6085,12978,149,Delivered,16
6086,19536,113,Late,51
6087,1901,29,Delivered,82
6088,19971,42,Late,23
6089,5122,129,Delivered,38
6090,11891,7,Late,33
6091,17064,178,Delivered,58
6092,9558,145,Delivered,23
6093,11910,69,Delivered,38
6094,3516,105,Late,70
6095,15828,263,Delivered,89
6096,19743,148,Delivered,21
6097,15965,168,Delivered,30
6098,12817,19,Delivered,37
6099,3663,167,Delivered,35
6100,12125,121,Late,29
6101,12108,169,Late,35
6102,13760,275,Delivered,84
6103,7144,249,Late,87
6104,13053,211,Late,49
6105,1410,275,Delivered,35
6106,2410,12,Late,79
6107,1020,291,Delivered,38
6108,17951,254,Delivered,60
6109,8608,80,Late,82
6110,5447,299,Late,62
6111,1802,166,Late,50
6112,7366,258,Delivered,18
6113,14208,241,Delivered,83
6114,15477,96,Late,22
6115,10300,208,Delivered,52
6116,2315,46,Delivered,58
6117,6881,109,Late,16
6118,6215,21,Late,56
6119,6090,51,Late,40
6120,19573,256,Late,77
6121,3640,97,Late,69
6122,7901,112,Late,37
6123,16859,173,Delivered,74
6124,9581,194,Late,34
6125,4414,19,Delivered,37
6126,15564,278,Late,66
6127,10544,173,Delivered,46
6128,8665,157,Delivered,60
6129,18012,203,Delivered,54
6130,615,180,Late,73
6131,19302,294,Delivered,30
6132,9664,170,Late,83
6133,16414,26,Delivered,84
6134,15338,19,Delivered,79
6135,13573,119,Delivered,42
6136,13553,116,Delivered,38
6137,121,194,Late,23
6138,18433,198,Delivered,41
6139,14213,123,Late,84
6140,13795,49,Late,36
6141,7160,200,Late,88
6142,9525,138,Delivered,75
6143,1708,260,Late,18
6144,3212,25,Delivered,40
6145,192,251,Delivered,18
6146,14985,11,Late,15
6147,15797,3,Delivered,75
6148,10333,63,Late,87
6149,13468,171,Delivered,77
6150,5962,296,Delivered,60
6151,10373,253,Delivered,88
6152,32,29,Delivered,18
6153,13021,70,Delivered,52
6154,15742,10,Delivered,42
6155,15881,161,Delivered,27
6156,9799,268,Late,83
6157,16608,292,Delivered,25
6158,9483,189,Delivered,20
6159,19936,3,Late,27
6160,17555,240,Delivered,75
6161,17208,91,Late,32
6162,1505,154,Delivered,29
6163,4803,61,Late,39
6164,16196,189,Late,19
6165,8364,157,Late,18
6166,10098,220,Delivered,34
6167,18397,123,Delivered,42
6168,3018,52,Delivered,83
6169,13413,164,Delivered,86
6170,2009,6,Delivered,33
6171,1913,148,Delivered,41
6172,7483,148,Delivered,33
6173,4988,160,Delivered,32
6174,4968,74,Delivered,42
6175,2860,186,Late,28
6176,6630,227,Delivered,51
6177,13616,133,Late,45
6178,1490,277,Delivered,36
6179,7397,255,Late,71
6180,1167,82,Late,50
6181,4783,272,Late,39
6182,6822,114,Late,57
6183,14311,188,Late,55
6184,14813,243,Late,58
6185,3773,146,Late,82
6186,17315,75,Late,39
6187,15139,101,Late,23
6188,5738,22,Late,74
6189,326,56,Delivered,65
6190,5414,234,Delivered,76
6191,4615,87,Late,22
6192,15766,222,Late,22
6193,3041,45,Late,59
6194,11563,154,Late,73
6195,12414,118,Late,52
6196,12371,217,Late,67
6197,10506,43,Late,73
6198,18686,284,Delivered,24
6199,18561,38,Delivered,30
6200,56,121,Late,77
6201,11671,252,Delivered,66
6202,12176,235,Delivered,43
6203,4828,257,Late,22
6204,5317,246,Delivered,63
6205,14535,6,Delivered,86
6206,9462,87,Delivered,67
6207,5736,127,Late,36
6208,7125,276,Delivered,59
6209,502,274,Delivered,87
6210,13307,208,Late,78
6211,317,208,Delivered,63
6212,7537,207,Late,16
6213,7617,107,Late,41
6214,16196,26,Late,85
6215,7775,114,Delivered,64
6216,3447,53,Delivered,46
6217,9383,21,Late,81
6218,1155,241,Delivered,18
6219,1153,259,Late,86
6220,13130,8,Delivered,33
6221,14998,97,Late,63
6222,17577,36,Delivered,63
6223,19976,41,Late,71
6224,11636,70,Late,51
6225,4482,166,Delivered,85
6226,3611,180,Late,18
6227,13034,89,Late,19
6228,12690,164,Late,42
6229,8158,182,Delivered,54
6230,18296,181,Late,76
6231,13419,290,Late,77
6232,16597,167,Delivered,23
6233,15982,36,Late,88
6234,18397,247,Late,77
6235,1966,276,Late,89
6236,4490,158,Delivered,55
6237,11672,136,Late,54
6238,18352,163,Delivered,74
6239,403,82,Delivered,65
6240,14609,121,Delivered,63
6241,6186,238,Late,58
6242,7826,186,Late,58
6243,15255,292,Delivered,73
6244,2778,185,Delivered,22
6245,16145,234,Delivered,60
6246,2566,10,Delivered,34
6247,4776,67,Late,80
6248,18531,268,Late,60
6249,6820,268,Delivered,61
6250,16515,274,Delivered,49
6251,18593,109,Delivered,39
6252,15518,192,Late,34
6253,102,231,Delivered,72
6254,10018,247,Delivered,65
6255,6357,8,Delivered,18
6256,17027,271,Late,90
6257,4636,93,Late,22
6258,15767,18,Late,21
6259,133,83,Delivered,61
6260,3443,19,Delivered,83
6261,12355,259,Delivered,19
6262,9585,215,Delivered,56
6263,11278,74,Delivered,31
6264,7547,135,Late,60
6265,5956,229,Late,32
6266,16024,112,Late,67
6267,12469,47,Late,21
6268,3393,10,Delivered,55
6269,4255,182,Late,53
6270,13513,73,Delivered,38
6271,12860,74,Delivered,50
6272,887,233,Delivered,39
6273,10300,62,Late,35
6274,12685,138,Late,32
6275,2628,92,Delivered,38
6276,7475,44,Late,54
6277,13527,160,Delivered,19
6278,9872,79,Late,63
6279,14002,11,Delivered,36
6280,12470,100,Late,43
6281,11779,103,Delivered,51
6282,4995,50,Late,73
6283,4311,45,Delivered,22
6284,16292,40,Late,56
6285,12961,41,Delivered,69
6286,12926,244,Late,51
6287,11811,197,Late,71
6288,6661,133,Delivered,50
6289,7705,294,Late,69
6290,9658,217,Late,83
6291,16634,229,Delivered,89
6292,15174,249,Delivered,23
6293,13285,214,Late,43
6294,8916,216,Late,71
6295,10618,238,Delivered,28
6296,3655,179,Late,53
6297,16037,112,Late,23
6298,11932,253,Late,35
6299,10133,7,Late,72
6300,7295,48,Late,79
6301,8801,92,Delivered,81
6302,13264,171,Late,74
6303,8629,212,Delivered,15
6304,2463,133,Delivered,47
6305,3505,239,Late,85
6306,17613,155,Late,62
6307,108,68,Delivered,79
6308,17011,161,Late,44
6309,9513,181,Delivered,36
6310,13319,199,Delivered,19
6311,15384,57,Delivered,26
6312,9138,94,Delivered,15
6313,5076,107,Late,48
6314,6159,38,Late,88
6315,13832,274,Late,67
6316,9494,185,Late,67
6317,334,229,Delivered,43
6318,13033,298,Delivered,53
6319,4674,167,Late,37
6320,4942,39,Late,24
6321,9353,158,Late,56
6322,148,149,Delivered,18
6323,7985,57,Late,66
6324,309,77,Late,35
6325,17361,266,Late,22
6326,7487,38,Late,73
6327,17966,44,Delivered,70
6328,2905,296,Delivered,23
6329,15245,67,Late,23
6330,8573,87,Delivered,25
6331,5392,86,Delivered,37
6332,2680,64,Delivered,44
6333,3008,91,Late,29
6334,9821,57,Late,81
6335,1236,68,Late,60
6336,53,260,Late,58
6337,4962,286,Delivered,68
6338,4453,199,Delivered,46
6339,14848,233,Delivered,86
6340,12720,7,Late,55
6341,1901,137,Delivered,86
6342,19010,150,Delivered,46
6343,4018,13,Late,52
6344,9748,268,Late,48
6345,9659,281,Late,68
6346,8002,125,Late,72
6347,4235,42,Late,83
6348,10474,87,Delivered,29
6349,9027,141,Late,67
6350,7857,49,Late,20
6351,11607,76,Late,39
6352,3911,21,Late,56
6353,1808,73,Late,31
6354,911,97,Late,80
6355,10267,276,Delivered,78
6356,16191,29,Delivered,58
6357,10248,232,Late,69
6358,17219,63,Late,62
6359,12021,113,Delivered,52
6360,19895,137,Delivered,28
6361,18935,266,Delivered,83
6362,14185,276,Late,56
6363,2134,113,Late,86
6364,15856,131,Delivered,40
6365,5605,174,Late,49
6366,14857,241,Late,48
6367,11515,56,Delivered,58
6368,13643,40,Delivered,86
6369,3877,192,Delivered,52
6370,57,46,Delivered,83
6371,9979,44,Late,25
6372,12339,299,Late,33
6373,2615,19,Late,21
6374,8857,83,Late,27
6375,9570,135,Late,58
6376,8262,190,Delivered,87
6377,19677,117,Delivered,32
6378,474,28,Late,61
6379,8203,252,Delivered,63
6380,4220,45,Delivered,52
6381,5074,265,Delivered,69
6382,13125,158,Late,73
6383,10891,72,Delivered,40
6384,8617,42,Delivered,40
6385,13878,33,Delivered,41
6386,11652,237,Delivered,84
6387,7033,264,Delivered,88
6388,17116,248,Delivered,38
6389,4445,209,Late,33
6390,3502,185,Delivered,24
6391,13206,240,Delivered,84
6392,13921,264,Delivered,58
6393,7288,32,Late,82
6394,5312,215,Delivered,67
6395,15386,108,Late,69
6396,17823,35,Late,35
6397,5189,10,Delivered,32
6398,5432,71,Late,74
6399,19138,144,Late,69
6400,7320,68,Delivered,31
6401,10667,33,Delivered,48
6402,8171,48,Late,76
6403,16541,225,Late,51
6404,3122,32,Late,24
6405,12363,286,Late,68
6406,9960,65,Late,35
6407,14436,242,Late,90
6408,13304,229,Delivered,89
6409,11012,222,Delivered,36
6410,989,195,Delivered,69
6411,10465,236,Delivered,16
6412,13413,107,Delivered,79
6413,16897,151,Delivered,33
6414,5450,79,Delivered,84
6415,12808,91,Delivered,44
6416,5487,243,Late,53
6417,6407,16,Delivered,47
6418,9357,67,Delivered,22
6419,10243,57,Delivered,38
6420,8728,119,Delivered,47
6421,10878,278,Late,58
6422,5552,59,Delivered,20
6423,11423,123,Late,78
6424,15363,284,Late,69
6425,2756,234,Delivered,82
6426,19667,265,Delivered,52
6427,13060,29,Delivered,15
6428,15996,251,Delivered,84
6429,4330,231,Delivered,72
6430,7320,75,Late,49
6431,10532,229,Delivered,17
6432,4085,67,Delivered,75
6433,14075,58,Delivered,31
6434,8603,97,Late,70
6435,9056,142,Delivered,23
6436,10108,283,Late,24
6437,4367,133,Late,24
6438,364,212,Delivered,15
6439,5890,286,Late,73
6440,17564,18,Late,35
6441,16774,25,Late,38
6442,5332,182,Delivered,69
6443,2768,16,Late,20
6444,17491,45,Late,76
6445,10913,226,Late,25
6446,10043,71,Delivered,42
6447,11604,122,Delivered,58
6448,9251,7,Late,41
6449,3011,19,Late,42
6450,11004,56,Delivered,19
6451,8091,188,Late,40
6452,2579,106,Late,50
6453,2924,186,Delivered,59
6454,6017,81,Late,31
6455,8658,10,Delivered,27
6456,6919,208,Late,72
6457,16903,140,Delivered,64
6458,56,239,Delivered,53
6459,9412,12,Late,61
6460,851,103,Delivered,23
6461,11241,284,Late,82
6462,4403,142,Late,29
6463,14106,122,Delivered,56
6464,16523,10,Late,78
6465,15907,250,Late,87
6466,854,87,Late,56
6467,16967,57,Delivered,65
6468,11726,183,Late,43
6469,7410,79,Delivered,59
6470,10764,166,Late,83
6471,5076,104,Delivered,83
6472,15768,72,Late,33
6473,15607,198,Late,37
6474,7868,97,Delivered,45
6475,3692,102,Late,62
6476,15007,194,Delivered,89
6477,13598,268,Delivered,41
6478,237,20,Late,19
6479,4940,82,Delivered,19
6480,15931,200,Late,52
6481,17626,291,Late,84
6482,15974,276,Late,52
6483,3095,26,Late,26
6484,1035,258,Delivered,86
6485,11977,122,Delivered,75
6486,10053,298,Delivered,73
6487,8732,227,Delivered,60
6488,9475,202,Late,78
6489,3739,29,Delivered,83
6490,9189,285,Delivered,43
6491,16597,22,Late,52
6492,17624,39,Delivered,43
6493,7936,272,Delivered,62
6494,11791,46,Late,69
6495,5492,194,Delivered,61
6496,3887,289,Delivered,50
6497,13448,9,Late,17
6498,4377,50,Delivered,69
6499,5418,3,Delivered,33
6500,3462,150,Delivered,80
6501,13322,23,Delivered,79
6502,13173,124,Delivered,72
6503,15838,10,Delivered,55
6504,11908,81,Delivered,22
6505,9220,158,Late,16
6506,6282,232,Late,31
6507,19617,2,Late,19
6508,4320,234,Late,18
6509,1797,44,Delivered,67
6510,2465,294,Late,71
6511,9245,300,Delivered,65
6512,7670,37,Delivered,47
6513,15193,221,Delivered,77
6514,5371,44,Delivered,89
6515,14978,176,Late,77
6516,11345,118,Late,32
6517,11852,102,Late,36
6518,6162,14,Delivered,60
6519,12462,86,Delivered,60
6520,15683,177,Delivered,45
6521,11131,275,Delivered,46
6522,12448,294,Late,31
6523,9826,288,Late,73
6524,16122,88,Delivered,64
6525,18083,153,Late,49
6526,13876,11,Delivered,73
6527,950,157,Late,76
6528,4160,298,Delivered,21
6529,18963,41,Late,77
6530,3451,145,Delivered,20
6531,6083,239,Delivered,73
6532,3111,208,Late,43
6533,18372,163,Late,58
6534,18332,89,Delivered,88
6535,87,183,Late,27
6536,15421,290,Late,49
6537,1829,289,Late,87
6538,17320,88,Late,35
6539,10569,65,Delivered,42
6540,8791,92,Delivered,35
6541,12744,57,Late,16
6542,11589,13,Delivered,75
6543,17093,156,Late,53
6544,4080,226,Late,80
6545,10523,81,Late,29
6546,7280,177,Late,50
6547,3363,153,Late,59
6548,8587,235,Delivered,21
6549,1822,58,Late,86
6550,8763,266,Late,53
6551,3822,190,Late,15
6552,2695,120,Late,52
6553,32,153,Delivered,39
6554,15417,128,Late,80
6555,15471,166,Delivered,23
6556,9053,181,Late,17
6557,4941,173,Delivered,33
6558,3363,96,Late,22
6559,13520,156,Delivered,59
6560,11109,64,Delivered,49
6561,3900,148,Late,84
6562,17198,285,Late,44
6563,3268,248,Late,62
6564,9850,210,Delivered,56
6565,9953,98,Late,58
6566,16847,137,Late,38
6567,13754,18,Delivered,16
6568,11047,91,Delivered,76
6569,19412,11,Late,32
6570,13324,238,Late,29
6571,13891,18,Late,18
6572,93,208,Delivered,54
6573,6086,255,Late,28
6574,1503,7,Delivered,72
6575,2252,268,Late,65
6576,2626,61,Delivered,19
6577,2511,114,Delivered,75
6578,19643,195,Late,78
6579,10175,125,Late,33
6580,17601,272,Late,21
6581,19207,164,Late,77
6582,1211,50,Delivered,36
6583,10719,72,Delivered,40
6584,2111,134,Late,41
6585,13458,113,Late,63
6586,14548,32,Late,87
6587,3772,222,Late,40
6588,4664,144,Late,32
6589,19996,180,Delivered,40
6590,1795,244,Delivered,87
6591,5381,248,Late,25
6592,7275,195,Late,54
6593,8056,151,Late,83
6594,6105,72,Late,61
6595,11242,242,Delivered,31
6596,3118,123,Delivered,31
6597,987,1,Late,87
6598,10705,161,Delivered,41
6599,6398,273,Delivered,58
6600,656,208,Delivered,47
6601,19726,71,Delivered,40
6602,14242,289,Delivered,16
6603,18964,38,Late,47
6604,5531,146,Late,33
6605,16185,67,Late,48
6606,17722,36,Late,64
6607,8265,31,Delivered,84
6608,11376,33,Delivered,15
6609,19400,152,Delivered,83
6610,1910,181,Late,54
6611,17671,143,Late,51
6612,18488,202,Delivered,51
6613,1646,63,Late,15
6614,6279,120,Delivered,60
6615,9443,209,Late,62
6616,10996,57,Delivered,80
6617,5173,79,Delivered,76
6618,2146,278,Delivered,82
6619,832,225,Late,83
6620,1177,73,Late,70
6621,8893,226,Delivered,78
6622,19967,23,Delivered,35
6623,9998,47,Delivered,17
6624,8017,13,Late,81
6625,13701,148,Delivered,31
6626,853,167,Late,62
6627,2123,86,Late,85
6628,1510,166,Late,39
6629,4945,17,Late,55
6630,8389,33,Late,27
6631,8621,82,Late,44
6632,13584,87,Delivered,48
6633,3298,152,Late,69
6634,19225,33,Late,71
6635,13849,132,Delivered,17
6636,12975,124,Delivered,77
6637,13447,28,Delivered,82
6638,7336,145,Late,89
6639,2987,252,Late,55
6640,5405,191,Delivered,20
6641,7523,159,Late,17
6642,8968,124,Late,73
6643,16388,286,Delivered,26
6644,16542,284,Delivered,67
6645,16057,182,Late,34
6646,17041,288,Delivered,33
6647,8757,177,Late,62
6648,13676,129,Late,69
6649,430,288,Late,30
6650,1460,13,Late,51
6651,7915,236,Delivered,65
6652,10106,89,Delivered,72
6653,4684,69,Delivered,90
6654,10374,80,Delivered,39
6655,18445,117,Late,43
6656,455,31,Delivered,53
6657,12716,200,Delivered,22
6658,3510,246,Delivered,47
6659,14547,107,Delivered,17
6660,13291,137,Delivered,70
6661,8951,61,Delivered,56
6662,18782,201,Late,66
6663,18359,234,Delivered,64
6664,94,78,Delivered,41
6665,154,148,Delivered,63
6666,16127,50,Late,47
6667,5887,50,Late,19
6668,19602,194,Late,83
6669,2054,15,Delivered,85
6670,18670,24,Delivered,77
6671,4310,246,Late,63
6672,3033,25,Delivered,75
6673,8629,241,Late,54
6674,16636,56,Delivered,46
6675,14357,62,Late,88
6676,15238,29,Late,48
6677,13357,76,Late,25
6678,16860,229,Delivered,87
6679,4455,72,Late,19
6680,9067,258,Late,89
6681,11968,105,Late,65
6682,12550,16,Delivered,75
6683,5668,2,Delivered,33
6684,19323,98,Late,64
6685,15388,169,Delivered,66
6686,5787,23,Late,65
6687,15181,95,Delivered,24
6688,13422,118,Late,62
6689,19118,221,Delivered,31
6690,5675,111,Late,55
6691,16796,283,Late,46
6692,3244,41,Delivered,43
6693,4559,125,Delivered,47
6694,10831,233,Late,33
6695,6511,101,Delivered,70
6696,19456,185,Late,88
6697,4308,83,Late,57
6698,19708,97,Delivered,41
6699,427,96,Late,84
6700,19992,252,Delivered,16
6701,5038,16,Late,74
6702,10718,273,Late,25
6703,1225,267,Late,37
6704,13720,92,Delivered,47
6705,11813,233,Late,48
6706,4487,100,Delivered,53
6707,17907,237,Late,58
6708,4257,170,Delivered,68
6709,15233,127,Delivered,70
6710,9938,116,Delivered,62
6711,4113,102,Delivered,78
6712,8503,193,Delivered,37
6713,2508,134,Delivered,80
6714,8894,250,Late,70
6715,13368,102,Delivered,27
6716,15648,123,Late,27
6717,8884,31,Late,60
6718,2273,178,Delivered,62
6719,66,6,Delivered,49
6720,3182,21,Delivered,80
6721,1835,16,Late,22
6722,14379,43,Late,55
6723,15464,131,Late,31
6724,283,162,Late,71
6725,15801,68,Delivered,60
6726,17473,175,Delivered,60
6727,16684,87,Late,20
6728,19352,100,Delivered,37
6729,6074,91,Delivered,69
6730,18645,151,Late,15
6731,18123,174,Delivered,22
6732,8954,257,Delivered,70
6733,5934,166,Late,78
6734,17511,57,Delivered,27
6735,14918,166,Late,17
6736,17595,45,Late,86
6737,14854,83,Late,57
6738,6757,7,Late,33
6739,7514,98,Late,77
6740,5146,151,Delivered,17
6741,18415,274,Delivered,35
6742,13044,233,Late,50
6743,3405,118,Delivered,46
6744,19778,82,Delivered,61
6745,18970,73,Late,32
6746,14665,86,Delivered,49
6747,6111,16,Late,59
6748,16756,223,Delivered,53
6749,19508,63,Late,81
6750,19391,146,Delivered,51
6751,12720,45,Late,51
6752,18186,28,Late,42
6753,9197,212,Late,25
6754,2884,213,Late,28
6755,19714,64,Delivered,69
6756,6152,238,Late,18
6757,5870,132,Delivered,33
6758,11686,202,Delivered,49
6759,3192,129,Delivered,43
6760,2845,65,Late,62
6761,17254,49,Late,29
6762,17463,207,Delivered,65
6763,9417,109,Late,47
6764,8655,147,Delivered,58
6765,3500,159,Late,39
6766,17583,58,Late,54
6767,19098,274,Late,89
6768,19703,111,Delivered,41
6769,15953,247,Late,54
6770,1635,274,Late,22
6771,12337,32,Delivered,20
6772,594,269,Delivered,23
6773,423,128,Delivered,26
6774,14683,274,Delivered,58
6775,13352,55,Late,58
6776,14809,258,Delivered,30
6777,621,280,Late,31
6778,15273,244,Delivered,46
6779,10740,110,Delivered,88
6780,13125,67,Delivered,61
6781,5635,276,Delivered,31
6782,8113,23,Late,42
6783,8242,124,Delivered,67
6784,14760,206,Delivered,17
6785,15323,76,Delivered,21
6786,17337,10,Late,27
6787,18291,163,Delivered,16
6788,1175,293,Delivered,28
6789,2085,81,Delivered,75
6790,12231,199,Delivered,15
6791,9036,266,Late,67
6792,13483,231,Delivered,52
6793,8904,1,Delivered,49
6794,4922,98,Delivered,40
6795,17059,245,Delivered,25
6796,17676,17,Delivered,51
6797,12070,52,Late,33
6798,16821,123,Delivered,45
6799,5105,240,Delivered,90
6800,17354,290,Delivered,72
6801,8837,39,Late,36
6802,19049,266,Late,18
6803,6983,170,Delivered,90
6804,18738,50,Delivered,53
6805,8535,285,Delivered,29
6806,2121,149,Delivered,15
6807,5246,201,Late,69
6808,6713,153,Delivered,63
6809,19260,189,Late,62
6810,7449,99,Late,82
6811,8720,75,Late,35
6812,2162,144,Delivered,74
6813,18953,240,Late,54
6814,18598,197,Late,45
6815,3000,67,Delivered,57
6816,7598,77,Delivered,67
6817,16705,230,Delivered,59
6818,11400,174,Late,54
6819,19280,58,Delivered,61
6820,13603,184,Delivered,19
6821,18957,221,Late,46
6822,11085,65,Delivered,16
6823,3334,216,Late,38
6824,18143,287,Delivered,80
6825,3104,234,Late,47
6826,10778,144,Late,60
6827,12730,89,Late,46
6828,13934,1,Late,61
6829,5126,174,Delivered,64
6830,4951,37,Delivered,60
6831,12794,149,Late,25
6832,18806,139,Late,42
6833,2236,91,Delivered,81
6834,12585,274,Delivered,28
6835,4357,117,Delivered,27
6836,3468,29,Late,20
6837,7038,50,Delivered,89
6838,9049,49,Delivered,59
6839,5296,95,Late,48
6840,6120,217,Late,59
6841,18835,266,Late,47
6842,12630,118,Delivered,77
6843,9351,89,Late,50
6844,16181,95,Delivered,39
6845,9376,257,Late,67
6846,19192,93,Delivered,44
6847,431,95,Delivered,21
6848,3554,34,Late,90
6849,15395,250,Delivered,49
6850,8036,190,Delivered,41
6851,5122,238,Late,62
6852,7937,278,Delivered,33
6853,8272,135,Delivered,79
6854,18530,238,Late,15
6855,7144,237,Late,32
6856,13668,15,Late,16
6857,7631,297,Delivered,32
6858,4474,295,Late,76
6859,11780,264,Late,40
6860,17614,59,Delivered,33
6861,2486,292,Late,78
6862,10193,42,Delivered,58
6863,1623,232,Late,81
6864,11304,27,Delivered,40
6865,19184,232,Late,44
6866,4888,109,Delivered,45
6867,5975,39,Late,44
6868,2241,276,Delivered,27
6869,9430,14,Delivered,47
6870,13028,162,Delivered,28
6871,12841,238,Late,58
6872,7483,70,Delivered,29
6873,459,287,Late,38
6874,5491,246,Late,68
6875,8183,17,Delivered,86
6876,10101,256,Delivered,86
6877,5570,274,Late,75
6878,16937,262,Late,68
6879,8881,227,Delivered,68
6880,8015,128,Delivered,20
6881,9450,112,Late,48
6882,4663,278,Late,62
6883,14935,48,Delivered,59
6884,9420,285,Late,15
6885,5767,8,Late,27
6886,5726,294,Delivered,36
6887,12444,78,Late,20
6888,18426,149,Delivered,47
6889,18225,228,Late,50
6890,1777,238,Delivered,82
6891,14377,227,Delivered,62
6892,2524,170,Late,31
6893,9414,277,Late,15
6894,10462,153,Late,88
6895,13991,282,Late,65
6896,10416,154,Delivered,63
6897,11201,258,Late,39
6898,7531,24,Delivered,44
6899,12676,9,Late,29
6900,6801,151,Delivered,87
6901,8510,43,Delivered,37
6902,11220,236,Late,84
6903,18945,123,Late,73
6904,19302,73,Delivered,26
6905,19680,7,Delivered,57
6906,5540,107,Delivered,32
6907,18941,172,Late,47
6908,17039,282,Late,53
6909,15642,57,Late,59
6910,12434,265,Late,59
6911,12089,139,Delivered,76
6912,10153,205,Delivered,28
6913,4085,101,Late,37
6914,8274,300,Delivered,88
6915,18272,62,Late,28
6916,16802,267,Late,78
6917,19611,201,Late,85
6918,1211,140,Delivered,56
6919,16377,264,Delivered,56
6920,5396,24,Delivered,31
6921,5487,135,Delivered,86
6922,9357,238,Delivered,46
6923,981,294,Delivered,52
6924,1435,160,Late,70
6925,17278,180,Delivered,30
6926,17714,150,Late,66
6927,16084,205,Delivered,49
6928,17420,193,Delivered,18
6929,177,175,Late,51
6930,9838,205,Late,29
6931,1051,103,Late,43
6932,13988,102,Delivered,56
6933,7461,267,Delivered,84
6934,10522,240,Delivered,68
6935,15407,232,Late,83
6936,2448,209,Late,40
6937,345,50,Late,25
6938,5786,36,Late,39
6939,8834,279,Late,74
6940,15062,181,Late,64
6941,6455,249,Late,58
6942,16808,133,Late,63
6943,1625,64,Late,38
6944,9165,211,Late,77
6945,16824,144,Late,72
6946,14105,5,Late,32
6947,3607,154,Late,84
6948,7991,87,Delivered,81
6949,2528,175,Late,51
6950,3696,23,Delivered,84
6951,14438,222,Delivered,48
6952,2569,30,Delivered,76
6953,224,42,Delivered,39
6954,19640,242,Delivered,40
6955,10434,21,Delivered,74
6956,12952,236,Late,60
6957,14534,282,Late,64
6958,19842,110,Delivered,17
6959,16424,81,Delivered,53
6960,5169,99,Late,33
6961,9568,70,Late,82
6962,9069,261,Delivered,61
6963,15134,201,Late,65
6964,2429,261,Late,22
6965,17768,295,Late,52
6966,17559,99,Late,20
6967,7093,278,Delivered,59
6968,3497,261,Late,20
6969,6387,212,Delivered,39
6970,17601,62,Late,75
6971,1772,286,Delivered,25
6972,6110,90,Late,30
6973,1676,282,Delivered,62
6974,14012,112,Late,83
6975,11977,197,Late,56
6976,787,284,Late,76
6977,15958,191,Late,63
6978,899,284,Late,29
6979,3796,271,Late,69
6980,6264,27,Delivered,86
6981,10729,206,Delivered,70
6982,237,162,Late,84
6983,11708,266,Late,86
6984,2426,37,Late,56
6985,17237,251,Delivered,83
6986,3103,271,Late,20
6987,19455,257,Delivered,39
6988,15162,183,Late,35
6989,8717,283,Delivered,56
6990,10560,270,Late,48
6991,13357,54,Delivered,89
6992,15805,44,Delivered,62
6993,2742,106,Delivered,74
6994,601,97,Delivered,46
6995,7130,28,Delivered,46
6996,13397,49,Delivered,19
6997,14164,285,Delivered,75
6998,18026,39,Delivered,77
6999,2851,214,Delivered,79
7000,4564,249,Delivered,46
7001,15687,18,Late,39
7002,5519,285,Delivered,30
7003,5136,138,Late,31
7004,662,216,Delivered,65
7005,8019,135,Delivered,61
7006,4800,24,Late,49
7007,16831,169,Late,39
7008,4444,203,Delivered,69
7009,6483,160,Delivered,41
7010,3636,220,Late,32
7011,13794,292,Late,35
7012,1702,189,Late,83
7013,17422,25,Late,70
7014,2003,295,Late,20
7015,8290,275,Late,22
7016,2224,110,Late,29
7017,18765,136,Delivered,20
7018,9170,157,Late,78
7019,2038,50,Late,18
7020,17470,236,Delivered,79
7021,17834,256,Delivered,54
7022,4230,259,Delivered,22
7023,14404,252,Delivered,57
7024,8152,292,Late,78
7025,12586,126,Delivered,84
7026,1958,134,Delivered,27
7027,3744,106,Delivered,17
7028,10339,264,Late,40
7029,15911,71,Late,79
7030,1346,19,Late,47
7031,17472,261,Delivered,74
7032,8138,214,Late,24
7033,15524,195,Delivered,44
7034,6051,287,Late,65
7035,6849,37,Late,29
7036,5087,5,Late,82
7037,19260,92,Delivered,38
7038,10699,214,Late,40
7039,1147,188,Late,78
7040,10309,112,Delivered,78
7041,5145,190,Late,53
7042,13388,176,Delivered,65
7043,19167,205,Late,79
7044,9575,178,Delivered,56
7045,6129,212,Late,65
7046,13818,11,Late,17
7047,5494,159,Delivered,38
7048,8521,155,Delivered,45
7049,19082,263,Delivered,16
7050,7962,84,Late,70
7051,11979,174,Delivered,82
7052,2648,113,Delivered,17
7053,18281,105,Delivered,71
7054,13299,237,Delivered,79
7055,18923,86,Late,38
7056,1252,71,Delivered,38
7057,10213,23,Delivered,19
7058,19453,166,Delivered,38
7059,13620,209,Delivered,67
7060,9184,1,Delivered,82
7061,3416,88,Late,86
7062,15561,246,Delivered,64
7063,14765,73,Delivered,58
7064,10666,51,Late,34
7065,10959,101,Delivered,70
7066,4761,162,Delivered,35
7067,2492,41,Delivered,84
7068,12710,23,Late,18
7069,11074,108,Delivered,90
7070,10650,55,Delivered,42
7071,12319,265,Late,78
7072,2427,283,Delivered,23
7073,15181,152,Delivered,69
7074,7370,193,Late,16
7075,11089,128,Late,21
7076,5069,198,Late,48
7077,11694,158,Late,18
7078,1908,203,Late,16
7079,304,142,Late,30
7080,4862,25,Late,35
7081,17628,138,Delivered,75
7082,19667,268,Late,48
7083,2280,91,Late,59
7084,19593,215,Late,80
7085,16765,199,Delivered,45
7086,15159,34,Late,19
7087,6560,9,Delivered,79
7088,11892,173,Delivered,78
7089,8202,215,Late,66
7090,19222,105,Late,47
7091,13758,16,Delivered,81
7092,7910,247,Late,69
7093,18436,155,Delivered,18
7094,309,200,Delivered,68
7095,18599,121,Delivered,62
7096,17702,255,Delivered,85
7097,15803,241,Late,26
7098,532,96,Late,54
7099,13655,157,Delivered,16
7100,9876,135,Late,19
7101,6451,62,Delivered,56
7102,2784,178,Late,89
7103,4630,258,Delivered,72
7104,9170,74,Late,32
7105,10181,202,Delivered,60
7106,16543,178,Delivered,86
7107,8604,114,Late,63
7108,9737,161,Delivered,55
7109,12473,118,Delivered,33
7110,16402,233,Delivered,70
7111,19749,17,Delivered,69
7112,14596,131,Delivered,35
7113,9592,46,Late,45
7114,4217,47,Delivered,54
7115,19927,77,Late,47
7116,18047,160,Delivered,52
7117,14861,177,Delivered,48
7118,12051,14,Delivered,16
7119,2611,250,Late,59
7120,5560,94,Delivered,57
7121,13164,34,Late,62
7122,16349,5,Delivered,53
7123,14040,288,Late,60
7124,7294,248,Late,22
7125,16328,35,Late,71
7126,9375,4,Delivered,31
7127,7610,267,Delivered,81
7128,17183,292,Delivered,51
7129,4683,88,Late,78
7130,13877,219,Delivered,75
7131,17163,7,Delivered,43
7132,17353,283,Delivered,83
7133,1024,150,Delivered,73
7134,3002,28,Delivered,67
7135,4271,190,Delivered,89
7136,17735,187,Delivered,73
7137,4942,92,Delivered,55
7138,6955,106,Delivered,41
7139,18831,143,Late,45
7140,9600,282,Late,89
7141,19736,261,Late,71
7142,8005,64,Late,67
7143,14227,141,Delivered,39
7144,46,293,Late,71
7145,15863,104,Delivered,71
7146,16516,22,Delivered,52
7147,19651,262,Delivered,74
7148,4413,64,Late,31
7149,7988,53,Late,47
7150,530,7,Delivered,62
7151,8253,278,Late,41
7152,12006,253,Delivered,84
7153,9065,165,Late,63
7154,11687,49,Late,50
7155,3965,224,Delivered,78
7156,15936,29,Late,17
7157,15820,270,Late,30
7158,1066,50,Late,67
7159,16907,157,Late,49
7160,8316,179,Late,19
7161,16167,274,Late,84
7162,4670,184,Late,22
7163,12709,90,Delivered,32
7164,4752,18,Delivered,47
7165,19235,2,Late,47
7166,16125,250,Late,89
7167,19416,283,Late,18
7168,4115,209,Delivered,67
7169,8462,149,Late,82
7170,16951,223,Late,40
7171,12508,279,Delivered,25
7172,12101,197,Late,43
7173,2095,186,Delivered,34
7174,10339,25,Delivered,64
7175,8017,105,Delivered,83
7176,19744,244,Delivered,38
7177,11677,147,Delivered,17
7178,16041,149,Late,21
7179,16159,239,Delivered,44
7180,15565,221,Late,57
7181,14867,110,Delivered,39
7182,12945,78,Delivered,75
7183,6874,182,Late,82
7184,8716,137,Delivered,52
7185,15145,213,Delivered,75
7186,9179,19,Late,69
7187,8668,198,Late,15
7188,4710,213,Late,70
7189,6804,216,Late,62
7190,10326,218,Delivered,19
7191,6054,279,Late,90
7192,15462,128,Delivered,54
7193,19971,249,Delivered,56
7194,12409,174,Delivered,18
7195,17969,217,Delivered,18
7196,9883,237,Late,39
7197,18342,125,Late,19
7198,3755,143,Delivered,76
7199,10223,296,Late,50
7200,17340,206,Late,31
7201,2182,283,Delivered,32
7202,4349,207,Delivered,61
7203,14992,44,Late,68
7204,819,34,Delivered,36
7205,13009,252,Late,82
7206,15921,88,Late,27
7207,13085,43,Late,60
7208,4600,125,Delivered,33
7209,7478,165,Delivered,60
7210,3068,57,Delivered,36
7211,3124,10,Delivered,51
7212,18243,271,Late,74
7213,17392,91,Late,70
7214,17687,272,Late,70
7215,13637,297,Delivered,66
7216,2494,7,Late,82
7217,7700,249,Delivered,49
7218,6726,153,Delivered,75
7219,2451,34,Delivered,61
7220,14596,227,Delivered,54
7221,861,162,Delivered,61
7222,36,290,Late,86
7223,1894,105,Late,21
7224,4315,41,Delivered,89
7225,13848,34,Late,20
7226,8823,88,Delivered,24
7227,19267,98,Late,17
7228,11494,277,Delivered,41
7229,18620,51,Late,88
7230,8066,239,Delivered,28
7231,3014,15,Delivered,69
7232,12559,7,Late,35
7233,4011,235,Late,75
7234,16407,93,Delivered,88
7235,3729,154,Delivered,71
7236,17621,238,Late,55
7237,9164,191,Late,38
7238,15606,237,Delivered,47
7239,7009,46,Delivered,22
7240,16763,127,Late,46
7241,1339,111,Late,44
7242,14544,217,Delivered,83
7243,18506,195,Late,79
7244,8990,64,Late,26
7245,7597,300,Delivered,70
7246,13448,20,Late,67
7247,15394,251,Delivered,82
7248,10499,115,Late,41
7249,12206,219,Delivered,53
7250,6991,50,Delivered,87
7251,13293,174,Late,45
7252,227,87,Delivered,85
7253,4563,185,Delivered,27
7254,11845,115,Late,66
7255,13643,74,Delivered,85
7256,6098,58,Late,49
7257,17126,58,Delivered,59
7258,11502,228,Delivered,69
7259,16324,124,Delivered,46
7260,16134,110,Late,67
7261,7751,234,Delivered,82
7262,3850,69,Delivered,46
7263,12621,197,Late,40
7264,8977,204,Delivered,62
7265,19325,210,Delivered,60
7266,782,294,Late,71
7267,12685,206,Late,61
7268,1075,254,Late,50
7269,1751,252,Late,74
7270,11839,208,Late,40
7271,7137,46,Delivered,80
7272,4591,115,Delivered,56
7273,14127,187,Delivered,16
7274,4261,191,Late,60
7275,16260,42,Late,78
7276,19784,271,Delivered,61
7277,14397,280,Delivered,56
7278,19538,161,Delivered,23
7279,15361,256,Late,33
7280,1495,133,Late,36
7281,9947,275,Late,73
7282,14327,212,Delivered,72
7283,6280,283,Delivered,44
7284,9848,25,Delivered,17
7285,13484,104,Delivered,90
7286,10122,130,Delivered,59
7287,1920,60,Delivered,64
7288,17294,161,Delivered,87
7289,8886,72,Delivered,20
7290,7059,12,Late,80
7291,7490,93,Late,78
7292,18222,120,Late,22
7293,17833,278,Late,35
7294,13009,1,Late,48
7295,11102,73,Late,43
7296,16777,108,Delivered,74
7297,8742,223,Late,35
7298,1138,24,Delivered,80
7299,16192,226,Delivered,25
7300,15272,260,Delivered,46
7301,15222,13,Late,88
7302,7693,257,Delivered,64
7303,5046,132,Delivered,64
7304,371,101,Delivered,47
7305,13654,278,Delivered,45
7306,12680,80,Late,48
7307,10909,22,Delivered,79
7308,13344,108,Delivered,67
7309,11588,111,Delivered,36
7310,3996,279,Late,46
7311,8167,146,Late,48
7312,13066,153,Delivered,79
7313,3115,5,Late,70
7314,14632,275,Late,75
7315,3687,28,Late,64
7316,18421,38,Delivered,49
7317,3793,140,Delivered,39
7318,18766,297,Late,47
7319,710,145,Delivered,81
7320,8252,193,Late,77
7321,11314,227,Late,88
7322,18357,162,Late,78
7323,12185,28,Delivered,67
7324,16212,96,Delivered,33
7325,2399,217,Late,45
7326,19691,167,Delivered,19
7327,7702,229,Late,25
7328,3101,151,Late,70
7329,10284,140,Delivered,29
7330,3898,136,Late,69
7331,4607,295,Late,87
7332,5670,140,Delivered,64
7333,4268,80,Late,60
7334,9710,143,Delivered,40
7335,3050,277,Delivered,87
7336,18642,4,Late,17
7337,18924,142,Late,43
7338,8689,247,Late,28
7339,14271,265,Late,82
7340,1970,97,Delivered,18
7341,10302,163,Late,36
7342,923,111,Delivered,32
7343,19282,194,Late,17
7344,14982,228,Delivered,28
7345,4834,7,Delivered,83
7346,6086,218,Late,57
7347,11052,147,Delivered,70
7348,5903,201,Late,42
7349,10878,253,Delivered,82
7350,16924,69,Late,27
7351,12690,80,Late,44
7352,6380,122,Late,42
7353,424,216,Delivered,68
7354,15294,67,Delivered,55
7355,19822,248,Late,26
7356,15239,90,Late,49
7357,856,16,Late,87
7358,11100,216,Late,60
7359,16662,251,Late,64
7360,7958,23,Delivered,44
7361,1517,245,Delivered,21
7362,16280,198,Delivered,37
7363,16205,15,Delivered,70
7364,12898,73,Late,20
7365,2966,107,Late,46
7366,10462,240,Late,27
7367,19178,157,Late,87
7368,1730,118,Late,48
7369,5777,216,Delivered,17
7370,4204,184,Delivered,36
7371,19548,278,Late,24
7372,5730,84,Delivered,75
7373,18744,84,Delivered,23
7374,1893,173,Late,87
7375,19912,115,Delivered,25
7376,3734,169,Late,43
7377,6505,4,Delivered,52
7378,16975,208,Delivered,64
7379,13019,144,Delivered,84
7380,18331,9,Delivered,24
7381,944,269,Delivered,34
7382,4891,64,Late,56
7383,10044,172,Delivered,24
7384,16596,120,Late,16
7385,5934,300,Delivered,48
7386,13013,86,Late,78
7387,7954,155,Late,28
7388,139,223,Delivered,71
7389,3068,19,Late,35
7390,1727,27,Late,82
7391,3520,39,Delivered,70
7392,9991,138,Delivered,39
7393,16377,21,Late,32
7394,1419,299,Late,16
7395,10456,107,Delivered,41
7396,3038,279,Late,29
7397,16284,234,Late,15
7398,5306,40,Late,26
7399,14443,169,Late,83
7400,15632,105,Late,51
7401,16307,174,Late,26
7402,1739,184,Delivered,61
7403,9197,168,Delivered,17
7404,19673,53,Late,40
7405,11620,240,Delivered,28
7406,16876,266,Late,53
7407,9106,193,Delivered,30
7408,14376,145,Late,53
7409,10535,32,Delivered,67
7410,3721,39,Late,16
7411,3107,258,Late,86
7412,8005,38,Delivered,56
7413,18175,171,Delivered,28
7414,423,77,Delivered,67
7415,2109,239,Late,27
7416,13582,204,Late,46
7417,14933,36,Late,52
7418,19215,26,Delivered,80
7419,11577,195,Delivered,57
7420,942,184,Late,17
7421,15367,295,Late,68
7422,7219,134,Late,15
7423,12671,276,Delivered,43
7424,6423,91,Late,51
7425,11921,117,Late,47
7426,14595,20,Delivered,71
7427,19993,169,Late,35
7428,18810,46,Delivered,82
7429,5210,93,Late,30
7430,6266,231,Late,81
7431,16169,124,Late,23
7432,14755,294,Late,67
7433,17203,254,Late,28
7434,18586,258,Delivered,37
7435,10615,189,Late,25
7436,14434,214,Late,29
7437,4202,191,Late,41
7438,11350,232,Delivered,85
7439,1742,281,Delivered,21
7440,9807,107,Late,32
7441,10834,184,Delivered,66
7442,17308,137,Delivered,41
7443,1883,105,Late,72
7444,3607,72,Late,27
7445,6186,125,Late,74
7446,32,283,Delivered,22
7447,15115,38,Late,53
7448,16385,59,Late,68
7449,12381,271,Late,34
7450,3691,151,Delivered,29
7451,15387,22,Late,62
7452,18693,198,Delivered,17
7453,18248,95,Delivered,68
7454,6212,100,Delivered,64
7455,9029,247,Delivered,83
7456,10045,69,Late,37
7457,18198,154,Late,66
7458,4975,280,Delivered,58
7459,19699,220,Late,41
7460,9143,217,Delivered,61
7461,11251,121,Delivered,38
7462,11077,196,Late,51
7463,1379,53,Delivered,76
7464,19538,173,Delivered,60
7465,15915,288,Late,43
7466,8418,155,Delivered,67
7467,2740,145,Delivered,37
7468,7258,254,Delivered,85
7469,16103,226,Delivered,54
7470,6114,136,Late,46
7471,17253,97,Delivered,28
7472,12003,209,Delivered,70
7473,12612,225,Late,43
7474,237,86,Late,63
7475,16434,28,Late,65
7476,14342,136,Delivered,88
7477,6577,177,Late,58
7478,4752,79,Delivered,37
7479,6707,299,Delivered,83
7480,13555,108,Delivered,64
7481,729,50,Late,37
7482,14514,277,Delivered,68
7483,5744,175,Late,48
7484,16449,217,Delivered,15
7485,17001,207,Late,66
7486,11870,69,Delivered,45
7487,7716,129,Late,88
7488,16790,201,Delivered,50
7489,4632,138,Late,62
7490,15974,261,Late,88
7491,11641,265,Delivered,39
7492,8282,48,Late,75
7493,19641,72,Late,35
7494,11635,57,Late,16
7495,5644,26,Late,64
7496,10463,167,Late,17
7497,12960,214,Late,52
7498,4274,168,Delivered,69
7499,7425,241,Late,20
7500,12580,30,Late,21
7501,1850,42,Late,27
7502,7044,97,Late,59
7503,7631,294,Delivered,29
7504,6109,204,Delivered,75
7505,8213,27,Delivered,64
7506,10468,300,Late,23
7507,4405,260,Late,63
7508,3837,132,Late,66
7509,7213,68,Late,42
7510,18070,46,Late,49
7511,5824,155,Delivered,25
7512,14642,236,Late,61
7513,3496,204,Late,82
7514,15157,130,Late,50
7515,1916,149,Late,31
7516,10589,97,Delivered,56
7517,6911,134,Late,22
7518,19340,217,Delivered,60
7519,17287,153,Delivered,24
7520,2969,182,Late,42
7521,4780,117,Delivered,62
7522,15197,240,Delivered,37
7523,6117,149,Delivered,37
7524,16117,30,Delivered,71
7525,12548,11,Delivered,46
7526,18146,80,Delivered,68
7527,11259,173,Delivered,43
7528,8578,157,Late,75
7529,15266,294,Late,46
7530,11825,113,Delivered,55
7531,17684,120,Late,35
7532,18000,213,Delivered,23
7533,2931,75,Delivered,17
7534,10886,77,Late,64
7535,17954,99,Late,80
7536,8745,27,Delivered,25
7537,6002,173,Delivered,79
7538,5462,235,Delivered,35
7539,11782,58,Late,63
7540,11429,71,Late,35
7541,17256,264,Late,25
7542,6727,97,Delivered,24
7543,11670,53,Delivered,51
7544,7265,167,Delivered,87
7545,11585,287,Delivered,37
7546,19742,128,Late,23
7547,14907,113,Late,59
7548,2881,25,Delivered,82
7549,5937,176,Delivered,19
7550,18948,68,Late,64
7551,12996,238,Delivered,43
7552,9324,78,Delivered,23
7553,19811,288,Delivered,62
7554,9412,63,Late,85
7555,1854,57,Delivered,88
7556,564,238,Delivered,30
7557,15079,38,Late,18
7558,12676,154,Late,71
7559,9961,258,Late,76
7560,8851,158,Delivered,84
7561,9442,32,Delivered,69
7562,17906,188,Late,58
7563,11574,245,Delivered,46
7564,930,68,Late,67
7565,11157,173,Late,90
7566,7128,197,Delivered,64
7567,158,54,Late,84
7568,3870,194,Delivered,59
7569,19394,255,Delivered,73
7570,12668,171,Delivered,71
7571,8728,226,Delivered,19
7572,7578,196,Late,71
7573,16713,291,Delivered,33
7574,2307,51,Late,70
7575,9810,42,Delivered,64
7576,3912,263,Delivered,38
7577,9631,250,Delivered,68
7578,9380,171,Delivered,19
7579,18855,187,Late,16
7580,2756,108,Delivered,48
7581,1415,150,Delivered,38
7582,5724,25,Late,25
7583,5887,101,Delivered,65
7584,493,190,Late,70
7585,13618,129,Late,42
7586,1496,97,Late,56
7587,3915,163,Delivered,65
7588,3327,52,Late,76
7589,15492,212,Delivered,56
7590,3772,179,Delivered,46
7591,6922,14,Delivered,34
7592,8628,162,Delivered,22
7593,774,66,Delivered,71
7594,18930,100,Late,59
7595,4806,167,Late,60
7596,10184,20,Delivered,22
7597,18769,151,Delivered,64
7598,19839,185,Delivered,37
7599,12281,266,Delivered,42
7600,19844,258,Late,38
7601,15207,299,Late,55
7602,14172,87,Delivered,39
7603,3663,261,Delivered,84
7604,7464,30,Delivered,35
7605,1715,135,Late,42
7606,12323,233,Delivered,72
7607,9278,170,Delivered,17
7608,3686,163,Late,62
7609,17608,95,Late,26
7610,7437,21,Delivered,88
7611,1111,39,Late,88
7612,14807,58,Late,82
7613,5884,1,Late,89
7614,8956,142,Late,31
7615,3104,281,Delivered,49
7616,1939,136,Delivered,32
7617,4003,221,Delivered,38
7618,4096,23,Delivered,86
7619,6306,228,Late,69
7620,10599,131,Delivered,84
7621,11033,123,Late,49
7622,6262,208,Delivered,74
7623,17509,210,Late,63
7624,19354,11,Delivered,78
7625,11962,256,Late,78
7626,11108,186,Late,63
7627,14290,46,Late,66
7628,4388,233,Delivered,31
7629,16738,28,Late,77
7630,2147,172,Delivered,35
7631,3825,55,Delivered,80
7632,14806,279,Late,79
7633,5229,59,Late,77
7634,3033,299,Delivered,45
7635,12667,55,Late,85
7636,15871,167,Late,43
7637,8613,288,Late,78
7638,15560,100,Delivered,63
7639,7289,87,Delivered,21
7640,7422,109,Late,40
7641,7331,252,Delivered,24
7642,18974,180,Late,15
7643,7809,193,Delivered,69
7644,3622,284,Delivered,19
7645,7294,210,Delivered,29
7646,6186,33,Late,75
7647,865,287,Late,43
7648,6626,251,Delivered,30
7649,4770,118,Delivered,26
7650,11369,121,Late,65
7651,480,130,Delivered,89
7652,4576,87,Late,65
7653,12846,163,Delivered,51
7654,10601,42,Late,38
7655,5534,199,Late,39
7656,1379,81,Delivered,67
7657,1846,243,Delivered,22
7658,8376,99,Late,64
7659,1961,196,Late,67
7660,3798,263,Late,22
7661,13534,45,Delivered,33
7662,3227,10,Delivered,49
7663,7342,59,Late,67
7664,19059,129,Late,31
7665,14449,164,Late,18
7666,13377,64,Late,39
7667,17024,265,Delivered,48
7668,14007,221,Delivered,42
7669,12366,286,Late,79
7670,9736,31,Late,78
7671,13244,49,Delivered,24
7672,7842,232,Late,38
7673,17997,83,Delivered,82
7674,19947,210,Delivered,55
7675,18947,146,Late,81
7676,1979,281,Late,35
7677,12489,299,Delivered,85
7678,12750,13,Late,69
7679,9724,279,Late,79
7680,15015,92,Late,50
7681,10446,259,Delivered,41
7682,13893,222,Late,46
7683,15576,210,Late,81
7684,8957,130,Late,54
7685,14549,141,Delivered,58
7686,16648,6,Delivered,24
7687,14865,184,Delivered,59
7688,10220,177,Delivered,71
7689,8277,63,Late,44
7690,8922,138,Delivered,85
7691,19683,77,Late,21
7692,9741,298,Delivered,73
7693,2165,273,Late,41
7694,15543,102,Delivered,56
7695,17849,241,Late,31
7696,14386,129,Delivered,59
7697,4908,215,Late,26
7698,6387,36,Delivered,65
7699,18272,15,Delivered,86
7700,5091,59,Late,59
7701,1726,175,Late,57
7702,19432,243,Late,80
7703,14581,50,Late,45
7704,4823,123,Delivered,21
7705,5482,43,Delivered,59
7706,2507,163,Delivered,20
7707,17721,280,Late,70
7708,16539,27,Delivered,74
7709,11995,52,Late,68
7710,5535,170,Late,36
7711,5947,262,Delivered,52
7712,19478,223,Delivered,20
7713,5091,144,Delivered,76
7714,10941,265,Delivered,63
7715,13129,278,Delivered,16
7716,11631,97,Late,90
7717,1261,243,Delivered,52
7718,18178,142,Late,27
7719,4800,280,Delivered,72
7720,12863,270,Late,42
7721,10818,211,Delivered,57
7722,11636,115,Late,32
7723,7756,286,Late,48
7724,15650,174,Delivered,16
7725,15059,26,Delivered,88
7726,11216,87,Late,66
7727,4233,212,Delivered,45
7728,5882,242,Delivered,57
7729,19922,239,Late,52
7730,14123,262,Delivered,73
7731,14809,47,Delivered,16
7732,11491,118,Late,37
7733,17496,6,Delivered,44
7734,10976,184,Delivered,18
7735,2024,41,Delivered,70
7736,17728,141,Delivered,74
7737,7548,251,Delivered,86
7738,16603,33,Late,36
7739,19003,118,Late,25
7740,2521,7,Delivered,49
7741,14580,206,Late,24
7742,14288,254,Delivered,29
7743,4759,290,Late,18
7744,1705,126,Late,82
7745,13998,43,Late,50
7746,16073,194,Delivered,58
7747,4133,105,Delivered,42
7748,10736,1,Delivered,45
7749,5483,291,Delivered,35
7750,7856,86,Delivered,39
7751,13456,155,Delivered,42
7752,13279,177,Late,67
7753,9488,134,Delivered,28
7754,13138,54,Late,34
7755,14216,179,Delivered,19
7756,17430,139,Late,36
7757,2811,187,Late,20
7758,15058,213,Delivered,84
7759,695,298,Delivered,47
7760,11223,113,Late,50
7761,5067,185,Delivered,29
7762,13397,5,Delivered,56
7763,3197,20,Delivered,59
7764,11558,120,Delivered,49
7765,3296,95,Late,68
7766,9757,111,Late,83
7767,1334,113,Delivered,51
7768,1637,71,Late,80
7769,6246,178,Delivered,28
7770,19832,24,Delivered,88
7771,126,245,Late,67
7772,7237,50,Late,43
7773,19293,156,Late,76
7774,10017,113,Delivered,57
7775,9395,11,Delivered,48
7776,7652,26,Late,81
7777,1938,242,Delivered,87
7778,14969,137,Delivered,32
7779,19229,235,Delivered,43
7780,7559,151,Late,32
7781,8668,69,Late,30
7782,10024,134,Delivered,72
7783,9820,155,Late,83
7784,15852,117,Delivered,34
7785,17924,36,Delivered,69
7786,9846,131,Delivered,21
7787,5818,36,Delivered,82
7788,6053,18,Late,57
7789,2389,18,Delivered,76
7790,11125,257,Late,34
7791,6081,151,Late,80
7792,4972,40,Late,90
7793,6026,222,Late,85
7794,5019,266,Late,22
7795,3717,150,Late,53
7796,17569,147,Late,68
7797,7692,160,Delivered,54
7798,19143,201,Delivered,52
7799,10152,16,Delivered,90
7800,7550,89,Late,25
7801,12282,198,Delivered,18
7802,10012,297,Late,88
7803,7310,289,Delivered,57
7804,1641,9,Late,88
7805,17929,47,Delivered,33
7806,5674,138,Delivered,68
7807,11413,213,Delivered,61
7808,8662,257,Late,31
7809,16298,280,Delivered,27
7810,15938,162,Delivered,27
7811,7489,137,Late,59
7812,16432,13,Late,48
7813,10480,12,Late,15
7814,19760,67,Delivered,29
7815,17291,253,Delivered,56
7816,229,119,Delivered,63
7817,2894,1,Delivered,66
7818,3747,247,Late,66
7819,129,289,Delivered,67
7820,14210,289,Late,67
7821,6462,262,Delivered,66
7822,2126,161,Late,40
7823,7883,22,Delivered,79
7824,17998,126,Late,17
7825,9695,3,Delivered,77
7826,15616,248,Delivered,59
7827,11556,43,Delivered,89
7828,15492,208,Late,34
7829,16023,148,Delivered,78
7830,5053,43,Late,88
7831,2388,199,Late,35
7832,13988,286,Late,90
7833,10382,162,Late,48
7834,9085,137,Delivered,89
7835,10089,171,Late,68
7836,16901,162,Delivered,76
7837,11792,247,Late,61
7838,14653,106,Delivered,59
7839,3942,143,Delivered,82
7840,14805,131,Late,63
7841,19231,67,Delivered,29
7842,4157,136,Late,71
7843,12595,128,Delivered,17
7844,872,254,Delivered,70
7845,17032,241,Delivered,79
7846,14035,66,Late,64
7847,2193,19,Delivered,43
7848,10043,298,Delivered,54
7849,14085,131,Delivered,89
7850,11114,70,Late,61
7851,5413,260,Late,33
7852,17775,184,Delivered,79
7853,17296,25,Delivered,56
7854,7131,171,Late,59
7855,4938,189,Delivered,49
7856,13584,210,Delivered,74
7857,10283,146,Delivered,46
7858,7504,90,Late,68
7859,11278,191,Late,36
7860,6332,272,Delivered,46
7861,2774,231,Delivered,29
7862,7203,17,Late,52
7863,10762,106,Late,66
7864,7211,231,Late,32
7865,18586,27,Late,35
7866,14395,76,Delivered,71
7867,12394,123,Late,71
7868,3106,241,Late,20
7869,10072,164,Delivered,84
7870,1852,212,Delivered,38
7871,8669,25,Late,69
7872,18840,244,Delivered,87
7873,4458,90,Delivered,75
7874,19010,37,Delivered,54
7875,7190,160,Delivered,40
7876,3814,272,Late,47
7877,440,158,Late,61
7878,6629,85,Late,31
7879,16872,216,Delivered,85
7880,14337,44,Delivered,70
7881,11986,123,Delivered,28
7882,6284,257,Late,35
7883,11373,233,Late,20
7884,18114,186,Delivered,67
7885,17983,126,Delivered,28
7886,13131,254,Delivered,44
7887,15596,206,Late,66
7888,580,160,Late,24
7889,5933,291,Delivered,89
7890,13190,139,Late,77
7891,1352,204,Delivered,39
7892,6397,158,Late,23
7893,4027,236,Late,47
7894,17626,85,Delivered,34
7895,18772,249,Late,44
7896,5392,104,Late,53
7897,737,81,Delivered,24
7898,4365,250,Late,69
7899,18042,213,Delivered,90
7900,15747,166,Late,88
7901,18725,1,Delivered,67
7902,12075,191,Late,21
7903,309,257,Delivered,78
7904,174,272,Late,38
7905,12477,57,Delivered,76
7906,16817,41,Late,90
7907,8650,287,Late,43
7908,5862,180,Late,25
7909,16261,178,Delivered,15
7910,5833,290,Late,69
7911,11226,93,Late,79
7912,9033,123,Delivered,36
7913,12725,185,Late,62
7914,12175,208,Delivered,73
7915,8535,200,Late,41
7916,6343,292,Delivered,53
7917,8061,286,Late,34
7918,17602,109,Delivered,20
7919,2754,124,Delivered,78
7920,1858,291,Late,21
7921,12295,174,Delivered,53
7922,15189,147,Late,52
7923,18362,259,Late,87
7924,32,291,Delivered,38
7925,17730,278,Delivered,40
7926,15425,94,Delivered,87
7927,6614,111,Late,33
7928,5973,91,Delivered,34
7929,3577,56,Delivered,36
7930,15093,77,Delivered,26
7931,14339,56,Delivered,74
7932,14168,59,Delivered,53
7933,13934,253,Late,31
7934,3463,271,Delivered,56
7935,4925,178,Delivered,69
7936,19077,260,Delivered,64
7937,81,256,Late,63
7938,5652,8,Late,84
7939,16907,292,Late,77
7940,17128,26,Delivered,60
7941,9958,122,Late,17
7942,5767,62,Delivered,36
7943,18452,225,Late,39
7944,14108,138,Delivered,31
7945,3015,64,Delivered,26
7946,17195,128,Late,37
7947,15399,74,Late,68
7948,1663,160,Late,67
7949,17599,290,Delivered,32
7950,9292,176,Late,31
7951,7893,126,Late,77
7952,17864,210,Late,57
7953,18950,107,Late,18
7954,6294,300,Late,40
7955,11245,227,Late,38
7956,19276,258,Late,44
7957,8962,59,Delivered,90
7958,18332,191,Delivered,30
7959,7119,284,Late,47
7960,19970,52,Delivered,57
7961,13928,34,Delivered,52
7962,18564,76,Delivered,71
7963,9617,162,Late,74
7964,12532,230,Late,54
7965,5626,9,Delivered,18
7966,9431,143,Delivered,53
7967,3618,224,Delivered,55
7968,10592,212,Delivered,87
7969,13616,175,Late,89
7970,17882,115,Delivered,24
7971,5898,100,Delivered,32
7972,7819,116,Late,15
7973,906,129,Late,41
7974,8132,250,Late,22
7975,17437,83,Delivered,52
7976,5535,141,Late,75
7977,19820,215,Late,30
7978,16705,89,Late,86
7979,3585,129,Delivered,79
7980,960,6,Late,50
7981,8354,110,Delivered,70
7982,8928,293,Late,36
7983,4070,281,Delivered,88
7984,2689,279,Delivered,45
7985,3487,51,Late,72
7986,12186,132,Late,26
7987,10479,160,Delivered,17
7988,17915,3,Late,56
7989,7470,24,Delivered,56
7990,18817,32,Late,77
7991,11033,87,Delivered,82
7992,10301,145,Delivered,30
7993,19540,156,Delivered,58
7994,7178,254,Late,33
7995,3972,150,Late,46
7996,16711,8,Delivered,53
7997,19225,75,Delivered,77
7998,13484,106,Delivered,31
7999,13947,31,Late,30
8000,6107,101,Late,46
8001,8695,74,Delivered,66
8002,5567,296,Late,61
8003,17602,115,Delivered,18
8004,12066,71,Late,77
8005,10692,75,Late,89
8006,2871,27,Delivered,75
8007,17811,178,Late,46
8008,7732,29,Delivered,18
8009,10702,239,Delivered,72
8010,17363,282,Delivered,82
8011,9814,110,Late,76
8012,12003,204,Delivered,61
8013,11542,41,Late,42
8014,8895,288,Late,54
8015,15161,49,Late,34
8016,19736,29,Delivered,60
8017,9183,180,Delivered,37
8018,8308,135,Delivered,83
8019,10821,157,Delivered,80
8020,16443,209,Late,29
8021,15313,173,Delivered,49
8022,15199,82,Late,83
8023,16910,253,Delivered,34
8024,3837,193,Delivered,74
8025,224,292,Late,32
8026,445,161,Late,24
8027,12525,158,Late,31
8028,2085,93,Late,25
8029,3972,67,Delivered,51
8030,19210,251,Delivered,78
8031,2296,152,Late,48
8032,17326,221,Late,75
8033,4138,161,Late,60
8034,16577,142,Late,48
8035,1227,294,Late,57
8036,18699,80,Delivered,58
8037,18699,77,Delivered,18
8038,1744,118,Late,57
8039,9103,78,Late,44
8040,15652,84,Late,82
8041,17436,21,Late,19
8042,17716,197,Delivered,27
8043,12286,37,Late,54
8044,537,22,Delivered,30
8045,10597,285,Delivered,28
8046,11829,41,Delivered,67
8047,398,61,Late,35
8048,18452,82,Late,74
8049,13071,101,Late,54
8050,6372,203,Delivered,16
8051,13675,175,Late,27
8052,6954,227,Delivered,69
8053,9152,198,Delivered,18
8054,1996,261,Late,63
8055,1832,163,Late,81
8056,12874,140,Delivered,17
8057,4684,119,Delivered,34
8058,9690,233,Late,73
8059,17866,121,Delivered,30
8060,2517,236,Delivered,36
8061,3418,65,Late,56
8062,4560,206,Late,47
8063,7317,75,Late,57
8064,2732,154,Delivered,56
8065,18707,226,Delivered,53
8066,4237,36,Delivered,38
8067,6603,254,Delivered,65
8068,12226,240,Delivered,89
8069,15087,215,Delivered,87
8070,6537,11,Late,46
8071,1878,18,Late,15
8072,13179,172,Late,77
8073,13239,7,Delivered,63
8074,2950,88,Late,20
8075,17783,165,Late,84
8076,4601,56,Late,18
8077,2440,238,Delivered,67
8078,18565,255,Late,21
8079,579,160,Delivered,24
8080,7480,281,Delivered,83
8081,11551,295,Late,20
8082,10469,228,Delivered,21
8083,3024,121,Delivered,20
8084,6577,132,Late,65
8085,14547,184,Delivered,19
8086,17376,33,Late,89
8087,8386,153,Delivered,71
8088,7719,269,Late,49
8089,18914,95,Late,67
8090,5164,120,Delivered,18
8091,15303,149,Delivered,28
8092,9130,201,Late,43
8093,18517,146,Delivered,45
8094,14432,37,Late,44
8095,4633,6,Delivered,31
8096,1608,80,Delivered,31
8097,15494,191,Delivered,43
8098,8014,37,Delivered,27
8099,9935,220,Delivered,47
8100,10144,68,Delivered,35
8101,12998,68,Late,52
8102,4741,104,Delivered,38
8103,6983,212,Delivered,31
8104,5872,109,Delivered,58
8105,15264,202,Delivered,70
8106,10976,46,Late,75
8107,12415,208,Delivered,42
8108,15014,173,Late,79
8109,547,178,Late,26
8110,5316,265,Delivered,71
8111,7472,160,Late,52
8112,3281,261,Late,78
8113,19939,52,Delivered,64
8114,16316,228,Late,66
8115,4713,55,Late,39
8116,9665,71,Delivered,80
8117,7440,163,Late,36
8118,16728,30,Delivered,58
8119,9108,229,Late,49
8120,1696,122,Late,59
8121,17788,197,Late,58
8122,150,76,Delivered,88
8123,8683,86,Late,17
8124,13303,261,Delivered,17
8125,13951,166,Late,62
8126,6607,16,Late,76
8127,16837,40,Delivered,17
8128,4508,165,Late,64
8129,8993,279,Late,55
8130,12265,57,Late,74
8131,5932,83,Delivered,38
8132,11820,16,Delivered,23
8133,6369,173,Delivered,41
8134,4747,164,Delivered,24
8135,13218,77,Late,90
8136,7436,282,Late,32
8137,11667,131,Delivered,27
8138,7212,13,Late,73
8139,1888,188,Delivered,21
8140,17080,160,Delivered,46
8141,17705,175,Late,67
8142,3252,155,Late,66
8143,1570,279,Delivered,61
8144,1505,267,Delivered,71
8145,15973,217,Delivered,43
8146,10465,15,Late,63
8147,15142,117,Delivered,29
8148,9522,189,Late,46
8149,9418,236,Delivered,77
8150,14085,64,Late,49
8151,4463,286,Late,49
8152,4260,258,Delivered,42
8153,10989,174,Delivered,55
8154,16110,143,Delivered,39
8155,10696,20,Late,31
8156,7962,78,Delivered,84
8157,5246,88,Delivered,69
8158,19329,147,Late,38
8159,7467,15,Late,69
8160,13824,69,Late,82
8161,16766,90,Delivered,80
8162,16025,60,Delivered,55
8163,8811,219,Delivered,59
8164,4496,15,Delivered,24
8165,6057,255,Late,71
8166,11110,272,Late,76
8167,11304,139,Late,37
8168,11513,173,Late,33
8169,13663,13,Late,74
8170,18307,95,Late,75
8171,11848,241,Delivered,38
8172,7873,104,Delivered,78
8173,2454,270,Late,44
8174,6890,219,Delivered,45
8175,12269,258,Late,60
8176,11802,259,Delivered,64
8177,3201,145,Late,64
8178,14474,265,Late,32
8179,4515,203,Delivered,90
8180,8441,210,Late,33
8181,2833,246,Delivered,39
8182,764,22,Delivered,75
8183,3152,113,Delivered,32
8184,8471,217,Late,79
8185,8553,62,Delivered,19
8186,1289,137,Late,90
8187,10525,220,Late,40
8188,5915,155,Late,63
8189,12934,159,Late,50
8190,1135,102,Delivered,41
8191,4850,110,Late,64
8192,13107,182,Delivered,28
8193,18673,200,Late,27
8194,6474,81,Delivered,20
8195,18505,135,Late,48
8196,3945,41,Delivered,43
8197,11733,176,Delivered,83
8198,16127,133,Late,64
8199,13999,253,Late,73
8200,2457,287,Late,46
8201,4631,28,Late,19
8202,11298,276,Late,81
8203,13275,33,Late,83
8204,16123,218,Late,67
8205,7630,143,Late,53
8206,16011,210,Delivered,64
8207,7698,154,Delivered,15
8208,11773,53,Late,87
8209,19587,184,Late,45
8210,2455,46,Late,81
8211,17639,250,Delivered,30
8212,13761,176,Delivered,60
8213,12989,104,Late,39
8214,7590,178,Late,61
8215,19277,83,Late,80
8216,11210,35,Delivered,17
8217,12135,46,Delivered,70
8218,4098,126,Late,30
8219,15634,230,Delivered,61
8220,19041,104,Late,41
8221,10136,276,Late,81
8222,16132,172,Late,84
8223,19618,152,Delivered,86
8224,12254,177,Late,25
8225,11193,110,Late,24
8226,3132,142,Delivered,55
8227,18851,21,Late,19
8228,15903,200,Delivered,89
8229,6606,295,Delivered,79
8230,15579,291,Late,63
8231,1785,41,Delivered,32
8232,5417,27,Delivered,85
8233,19301,69,Delivered,55
8234,6300,243,Late,31
8235,7585,218,Late,68
8236,4313,177,Late,66
8237,992,195,Late,18
8238,17409,204,Late,30
8239,3551,299,Delivered,84
8240,11550,285,Delivered,75
8241,1320,196,Late,62
8242,13297,162,Late,58
8243,17930,10,Late,24
8244,8860,126,Delivered,76
8245,3592,152,Late,55
8246,19447,45,Late,48
8247,14691,271,Late,46
8248,19854,161,Late,77
8249,10093,295,Delivered,15
8250,11584,25,Late,47
8251,15041,226,Late,29
8252,18741,128,Late,20
8253,17272,193,Late,89
8254,6924,147,Delivered,56
8255,6869,64,Delivered,35
8256,10772,70,Late,43
8257,3579,42,Late,84
8258,19925,201,Late,57
8259,8056,202,Delivered,59
8260,7249,177,Late,74
8261,1304,201,Late,86
8262,441,208,Late,29
8263,6396,214,Late,34
8264,9783,213,Late,66
8265,19784,235,Late,69
8266,18070,113,Delivered,53
8267,5944,174,Delivered,84
8268,18732,47,Delivered,67
8269,17949,45,Late,15
8270,18728,51,Delivered,35
8271,7386,92,Late,15
8272,1802,177,Late,56
8273,10629,52,Delivered,34
8274,2082,166,Late,34
8275,19434,16,Delivered,82
8276,4861,297,Delivered,66
8277,9724,86,Late,65
8278,7303,109,Late,41
8279,16523,79,Late,68
8280,11622,87,Late,45
8281,5271,229,Late,29
8282,13480,254,Delivered,21
8283,5006,162,Delivered,69
8284,12205,130,Delivered,58
8285,4700,134,Delivered,88
8286,928,81,Delivered,45
8287,18827,105,Late,40
8288,10427,167,Delivered,27
8289,3127,30,Late,26
8290,74,262,Late,73
8291,8054,283,Late,84
8292,9099,292,Late,87
8293,9002,142,Delivered,63
8294,16273,218,Delivered,19
8295,12983,92,Delivered,42
8296,17840,119,Late,50
8297,19106,139,Late,74
8298,8350,33,Delivered,19
8299,11720,147,Late,72
8300,16396,56,Delivered,88
8301,6278,271,Late,72
8302,18363,185,Late,74
8303,5461,292,Late,72
8304,1785,219,Late,52
8305,2322,82,Late,53
8306,7399,81,Late,24
8307,11722,52,Late,53
8308,16373,95,Delivered,26
8309,8868,21,Delivered,42
8310,5783,105,Late,30
8311,16892,181,Late,34
8312,5310,267,Delivered,30
8313,15699,221,Delivered,30
8314,16825,291,Late,39
8315,12988,273,Late,90
8316,9607,150,Late,86
8317,15212,282,Late,68
8318,19509,124,Delivered,47
8319,3922,90,Delivered,15
8320,14276,38,Late,44
8321,16860,209,Late,82
8322,10400,251,Late,66
8323,19595,86,Late,15
8324,13692,27,Late,36
8325,2844,238,Delivered,61
8326,14409,169,Delivered,66
8327,14540,129,Delivered,48
8328,13352,237,Late,75
8329,10384,189,Late,60
8330,8934,265,Late,29
8331,12125,210,Delivered,75
8332,11650,73,Delivered,74
8333,15275,251,Delivered,23
8334,18257,36,Late,40
8335,8569,19,Delivered,45
8336,4947,79,Late,23
8337,10324,186,Late,88
8338,6762,167,Delivered,64
8339,8105,15,Late,31
8340,4727,10,Late,36
8341,19094,224,Delivered,63
8342,18167,7,Late,17
8343,6136,148,Late,51
8344,7104,163,Delivered,62
8345,11027,50,Late,62
8346,13224,96,Delivered,37
8347,4412,111,Late,69
8348,5711,61,Delivered,15
8349,1301,290,Delivered,44
8350,10146,19,Delivered,68
8351,5626,8,Late,44
8352,3100,111,Delivered,74
8353,8693,79,Late,44
8354,120,163,Delivered,26
8355,7574,290,Delivered,80
8356,19841,117,Delivered,36
8357,19901,54,Delivered,28
8358,11584,119,Delivered,87
8359,17977,203,Late,32
8360,4481,247,Late,21
8361,6788,133,Late,90
8362,14896,219,Late,51
8363,18386,194,Late,17
8364,19407,50,Late,67
8365,13965,66,Late,17
8366,7905,35,Delivered,22
8367,13706,184,Late,89
8368,1213,264,Late,47
8369,16439,159,Late,30
8370,18902,250,Late,46
8371,18655,64,Late,53
8372,14048,86,Late,65
8373,4771,273,Delivered,23
8374,6844,140,Late,75
8375,1895,270,Delivered,69
8376,9613,120,Delivered,30
8377,4315,118,Delivered,71
8378,652,50,Delivered,78
8379,6371,52,Late,21
8380,3649,241,Late,58
8381,18626,23,Late,24
8382,4129,27,Late,90
8383,14109,132,Late,87
8384,13991,232,Delivered,19
8385,18873,254,Late,56
8386,18499,24,Delivered,88
8387,7907,192,Late,28
8388,9971,217,Delivered,38
8389,18278,208,Delivered,87
8390,16478,222,Late,59
8391,8859,102,Delivered,79
8392,18781,237,Late,77
8393,6937,6,Late,67
8394,15897,223,Delivered,90
8395,15973,287,Delivered,51
8396,19385,249,Late,74
8397,16462,270,Late,76
8398,1839,84,Late,36
8399,10618,281,Late,83
8400,1759,26,Delivered,25
8401,17403,18,Delivered,63
8402,16495,17,Delivered,54
8403,11053,134,Late,63
8404,3702,171,Late,57
8405,9256,103,Late,56
8406,7894,199,Late,69
8407,9640,275,Late,32
8408,5130,288,Delivered,33
8409,15863,252,Delivered,31
8410,864,75,Late,41
8411,9754,295,Late,35
8412,14482,202,Late,70
8413,8495,64,Delivered,86
8414,188,22,Delivered,25
8415,5618,269,Late,84
8416,5253,146,Late,71
8417,17898,108,Delivered,58
8418,5232,141,Delivered,34
8419,14748,198,Late,28
8420,13835,46,Late,75
8421,10648,146,Delivered,88
8422,3031,90,Delivered,26
8423,4385,148,Delivered,68
8424,1550,270,Delivered,38
8425,6182,196,Late,67
8426,19631,4,Delivered,26
8427,5517,226,Delivered,15
8428,11264,84,Late,88
8429,16269,262,Late,87
8430,5506,249,Delivered,46
8431,275,17,Late,53
8432,17248,69,Late,48
8433,6318,92,Delivered,41
8434,2195,19,Late,45
8435,10357,279,Delivered,75
8436,11335,62,Late,16
8437,209,100,Late,30
8438,16652,85,Late,73
8439,1780,210,Delivered,59
8440,446,163,Late,36
8441,16291,245,Delivered,66
8442,14358,161,Delivered,75
8443,18834,95,Delivered,51
8444,13986,271,Late,79
8445,5986,166,Delivered,66
8446,10148,161,Delivered,31
8447,1149,237,Late,64
8448,7462,235,Delivered,35
8449,19194,161,Delivered,43
8450,10635,38,Late,77
8451,11610,267,Late,72
8452,8086,99,Late,28
8453,10565,188,Delivered,89
8454,33,287,Late,22
8455,19234,83,Delivered,51
8456,3220,63,Delivered,58
8457,9289,267,Late,66
8458,14126,31,Late,16
8459,14488,194,Delivered,67
8460,19083,7,Delivered,90
8461,15615,98,Late,81
8462,17373,86,Late,38
8463,4001,134,Late,43
8464,18959,10,Delivered,25
8465,19578,208,Delivered,21
8466,7585,218,Late,77
8467,13141,210,Delivered,22
8468,18336,275,Late,64
8469,10721,62,Late,54
8470,535,3,Late,45
8471,14273,18,Delivered,86
8472,4861,83,Late,22
8473,3493,234,Late,74
8474,16029,48,Late,31
8475,10121,39,Delivered,42
8476,3198,99,Late,24
8477,4914,256,Late,88
8478,8928,24,Late,71
8479,1920,72,Delivered,40
8480,15754,273,Late,16
8481,10732,271,Delivered,70
8482,8896,200,Late,44
8483,18663,139,Delivered,79
8484,16282,247,Delivered,61
8485,4261,235,Late,72
8486,19055,291,Late,35
8487,14931,262,Late,17
8488,8541,271,Delivered,39
8489,8316,7,Late,33
8490,17895,10,Late,49
8491,18732,252,Delivered,37
8492,14174,235,Delivered,17
8493,2670,182,Late,50
8494,2077,108,Delivered,39
8495,9182,52,Late,76
8496,7312,1,Late,34
8497,1054,266,Late,78
8498,14217,232,Delivered,80
8499,18010,119,Late,89
8500,19244,123,Delivered,65
8501,13483,244,Delivered,53
8502,560,276,Delivered,90
8503,15372,53,Delivered,31
8504,3680,141,Delivered,62
8505,14885,130,Delivered,65
8506,4557,250,Delivered,20
8507,13468,173,Late,80
8508,13486,57,Late,52
8509,11039,238,Delivered,79
8510,17417,52,Delivered,40
8511,14090,9,Delivered,71
8512,15077,86,Delivered,71
8513,15845,195,Late,41
8514,19291,241,Late,46
8515,14663,208,Delivered,50
8516,3506,194,Late,66
8517,11142,68,Delivered,79
8518,8503,78,Delivered,70
8519,9378,124,Delivered,22
8520,15380,280,Late,63
8521,4956,62,Delivered,18
8522,1943,181,Late,58
8523,17281,297,Late,60
8524,7686,238,Late,35
8525,2810,146,Late,78
8526,16857,28,Late,26
8527,15888,151,Delivered,71
8528,9977,294,Delivered,74
8529,8890,154,Late,66
8530,7946,127,Delivered,46
8531,766,282,Delivered,83
8532,14850,131,Delivered,68
8533,2368,233,Late,29
8534,4655,295,Late,25
8535,3744,216,Late,61
8536,4028,224,Delivered,23
8537,14689,95,Late,38
8538,1875,74,Delivered,79
8539,19648,214,Late,19
8540,8739,159,Delivered,57
8541,2751,238,Late,48
8542,6769,86,Delivered,84
8543,15944,249,Delivered,74
8544,9991,180,Delivered,19
8545,19905,300,Late,29
8546,9805,219,Delivered,56
8547,15302,98,Late,39
8548,18688,174,Late,84
8549,7637,26,Delivered,90
8550,4208,49,Late,39
8551,2028,129,Delivered,90
8552,959,261,Late,62
8553,10793,119,Late,21
8554,2508,141,Late,32
8555,13481,246,Delivered,39
8556,8813,290,Delivered,74
8557,17115,8,Delivered,65
8558,4864,113,Late,69
8559,18663,292,Delivered,57
8560,199,120,Late,84
8561,15284,257,Late,26
8562,14888,276,Delivered,84
8563,3385,4,Late,88
8564,15645,11,Delivered,21
8565,11057,104,Late,35
8566,6467,169,Late,44
8567,16971,299,Delivered,57
8568,1960,18,Late,79
8569,3196,231,Late,66
8570,3916,191,Late,62
8571,19207,214,Late,19
8572,15828,254,Delivered,65
8573,16037,272,Delivered,44
8574,8250,41,Delivered,56
8575,4828,144,Late,48
8576,2017,271,Late,59
8577,15809,17,Late,85
8578,2414,151,Late,17
8579,9966,22,Delivered,81
8580,12292,167,Delivered,20
8581,7532,240,Delivered,41
8582,8679,255,Late,42
8583,6156,96,Late,36
8584,8169,279,Late,69
8585,2842,260,Late,23
8586,10513,126,Late,21
8587,19193,30,Delivered,74
8588,8865,23,Delivered,83
8589,10353,271,Late,18
8590,9603,10,Late,84
8591,5540,30,Delivered,27
8592,15738,206,Delivered,52
8593,5570,200,Delivered,83
8594,6604,115,Late,74
8595,14314,232,Late,58
8596,2477,20,Delivered,84
8597,18048,117,Late,52
8598,12544,255,Delivered,56
8599,6167,87,Late,68
8600,13874,75,Delivered,72
8601,15530,229,Delivered,63
8602,17037,124,Late,67
8603,19385,112,Late,76
8604,5788,114,Late,75
8605,11293,274,Delivered,77
8606,15655,82,Delivered,63
8607,13629,171,Delivered,54
8608,258,300,Delivered,36
8609,5482,117,Delivered,46
8610,10596,259,Late,42
8611,4020,52,Delivered,73
8612,2768,13,Late,85
8613,14019,101,Delivered,56
8614,10725,274,Late,44
8615,11345,38,Delivered,25
8616,9097,18,Delivered,34
8617,4838,172,Delivered,61
8618,17714,125,Late,41
8619,9378,130,Delivered,90
8620,925,300,Delivered,66
8621,4100,65,Late,31
8622,15524,161,Late,39
8623,11241,87,Delivered,77
8624,13422,15,Delivered,87
8625,1443,269,Late,70
8626,1128,195,Delivered,84
8627,13056,141,Late,48
8628,17285,186,Delivered,54
8629,8053,25,Delivered,40
8630,1965,237,Late,30
8631,11912,151,Delivered,23
8632,13694,91,Late,89
8633,11226,203,Delivered,87
8634,10414,240,Delivered,36
8635,6802,263,Late,67
8636,19619,14,Delivered,86
8637,69,80,Delivered,67
8638,75,109,Late,46
8639,14962,29,Late,74
8640,14127,114,Late,28
8641,16901,70,Delivered,76
8642,153,272,Late,69
8643,5142,127,Delivered,39
8644,18702,207,Late,80
8645,17684,50,Delivered,76
8646,15504,215,Late,77
8647,8108,11,Late,28
8648,8652,180,Delivered,41
8649,14360,100,Delivered,86
8650,9741,174,Delivered,22
8651,9836,102,Delivered,89
8652,10919,100,Late,50
8653,18776,8,Late,61
8654,18477,49,Delivered,75
8655,11712,42,Delivered,81
8656,13105,3,Late,44
8657,16789,202,Late,73
8658,5458,187,Delivered,52
8659,794,82,Delivered,73
8660,10390,4,Late,89
8661,11462,291,Late,25
8662,17431,194,Delivered,49
8663,19340,257,Delivered,76
8664,11391,6,Late,31
8665,19222,35,Delivered,38
8666,9096,272,Delivered,28
8667,11503,222,Late,65
8668,10531,126,Delivered,47
8669,4349,32,Delivered,29
8670,9843,284,Late,22
8671,3719,53,Delivered,34
8672,5632,82,Delivered,54
8673,15109,218,Delivered,88
8674,10630,234,Delivered,74
8675,2689,140,Delivered,49
8676,18833,200,Late,37
8677,9041,136,Late,45
8678,4226,4,Delivered,62
8679,14459,283,Delivered,33
8680,5996,159,Late,51
8681,15171,243,Delivered,44
8682,3188,138,Delivered,69
8683,15238,10,Delivered,76
8684,15433,137,Delivered,88
8685,15843,144,Late,32
8686,5984,201,Late,76
8687,11868,273,Delivered,23
8688,6563,88,Late,78
8689,10379,100,Late,55
8690,1010,63,Late,50
8691,622,95,Late,75
8692,10958,64,Late,66
8693,5904,61,Late,17
8694,10118,87,Delivered,69
8695,137,64,Late,44
8696,818,139,Late,86
8697,16696,27,Delivered,22
8698,12120,36,Late,46
8699,8429,164,Delivered,33
8700,12791,64,Late,74
8701,18067,298,Late,34
8702,18103,9,Delivered,21
8703,2508,10,Late,37
8704,15654,92,Delivered,75
8705,373,287,Late,16
8706,14372,219,Late,21
8707,4862,68,Late,39
8708,3508,159,Late,19
8709,2747,154,Delivered,74
8710,12943,81,Delivered,32
8711,1155,250,Late,21
8712,16609,209,Late,53
8713,3191,98,Late,33
8714,8553,166,Delivered,66
8715,6055,183,Delivered,56
8716,1245,109,Delivered,68
8717,5679,100,Late,89
8718,4217,241,Late,15
8719,5883,177,Delivered,76
8720,11619,145,Late,59
8721,15632,27,Late,74
8722,12290,182,Delivered,55
8723,4576,297,Delivered,79
8724,2348,206,Late,17
8725,6093,184,Late,66
8726,1738,131,Delivered,42
8727,4806,98,Late,77
8728,346,237,Late,34
8729,19638,82,Late,46
8730,2384,33,Late,54
8731,16410,125,Late,24
8732,5806,161,Late,24
8733,18410,148,Late,41
8734,17834,142,Delivered,16
8735,5988,225,Late,70
8736,6408,199,Late,64
8737,10080,294,Delivered,87
8738,14489,257,Delivered,86
8739,10759,217,Late,17
8740,16519,44,Delivered,82
8741,44,29,Late,68
8742,16119,28,Delivered,68
8743,11320,42,Delivered,40
8744,12969,134,Delivered,60
8745,19060,122,Late,86
8746,4815,269,Late,43
8747,5129,76,Delivered,57
8748,13386,23,Late,55
8749,7325,278,Delivered,75
8750,7043,114,Delivered,66
8751,4766,91,Delivered,76
8752,6246,289,Delivered,56
8753,443,9,Late,78
8754,4401,88,Delivered,41
8755,10524,234,Delivered,28
8756,971,190,Late,47
8757,5095,235,Late,66
8758,13157,119,Delivered,25
8759,17737,89,Delivered,51
8760,12492,234,Late,31
8761,7248,245,Late,40
8762,16262,201,Delivered,55
8763,19007,132,Late,43
8764,7240,286,Late,75
8765,13663,192,Late,32
8766,16526,75,Late,16
8767,4005,21,Delivered,49
8768,19009,281,Late,58
8769,2539,71,Late,42
8770,16227,198,Late,52
8771,14735,53,Late,70
8772,14050,85,Late,71
8773,7287,66,Late,84
8774,11572,149,Late,70
8775,11329,247,Delivered,69
8776,823,135,Delivered,55
8777,3821,195,Delivered,48
8778,7750,239,Delivered,57
8779,4383,156,Delivered,17
8780,6468,270,Delivered,75
8781,15290,58,Late,23
8782,4313,234,Delivered,49
8783,7151,189,Late,77
8784,3427,283,Late,42
8785,9428,161,Late,73
8786,16706,282,Late,31
8787,15072,31,Late,34
8788,19950,198,Late,54
8789,9988,66,Late,39
8790,6253,233,Delivered,48
8791,7585,3,Late,59
8792,8328,277,Delivered,15
8793,12957,141,Late,45
8794,9182,254,Late,49
8795,3718,167,Delivered,37
8796,3701,68,Late,19
8797,18647,133,Delivered,53
8798,6752,78,Late,59
8799,10504,188,Delivered,28
8800,18810,80,Delivered,45
8801,4727,254,Delivered,40
8802,6706,186,Delivered,19
8803,1893,143,Delivered,32
8804,17865,218,Late,87
8805,1458,105,Late,72
8806,5023,267,Late,76
8807,14737,154,Late,18
8808,8270,223,Late,81
8809,4564,100,Delivered,89
8810,1716,88,Delivered,58
8811,10889,152,Late,30
8812,8391,237,Delivered,26
8813,15321,211,Late,17
8814,18178,67,Delivered,16
8815,15584,147,Delivered,54
8816,553,26,Delivered,80
8817,15934,136,Delivered,59
8818,7398,201,Delivered,53
8819,16963,6,Delivered,77
8820,12843,189,Late,36
8821,5146,220,Delivered,51
8822,393,135,Late,68
8823,1815,111,Late,44
8824,12672,156,Late,78
8825,5925,224,Late,75
8826,10199,33,Delivered,51
8827,17558,217,Late,82
8828,16009,261,Late,30
8829,6259,240,Late,58
8830,1617,129,Late,87
8831,3547,96,Late,34
8832,1995,236,Delivered,48
8833,16768,175,Late,39
8834,2850,194,Delivered,55
8835,4986,274,Late,30
8836,3973,31,Late,23
8837,8610,130,Late,34
8838,2476,33,Delivered,49
8839,5053,72,Delivered,34
8840,924,293,Delivered,33
8841,11775,126,Late,35
8842,9170,104,Delivered,67
8843,10286,110,Late,18
8844,12995,18,Delivered,36
8845,1899,171,Late,66
8846,17492,123,Late,25
8847,5498,67,Delivered,36
8848,7734,166,Late,69
8849,6088,111,Delivered,85
8850,8,150,Late,85
8851,17568,293,Delivered,79
8852,18752,57,Late,62
8853,11289,247,Late,16
8854,4501,237,Late,81
8855,16423,37,Late,39
8856,19701,250,Late,63
8857,3432,60,Late,21
8858,10917,134,Late,29
8859,5701,180,Delivered,74
8860,7052,129,Late,16
8861,10448,34,Late,27
8862,9882,22,Delivered,85
8863,4027,87,Late,66
8864,19603,294,Late,55
8865,19725,64,Late,22
8866,18393,155,Late,55
8867,324,227,Delivered,44
8868,9728,199,Late,34
8869,17607,109,Delivered,52
8870,1078,206,Delivered,73
8871,845,168,Delivered,31
8872,14672,4,Late,71
8873,10640,174,Late,45
8874,1912,6,Delivered,59
8875,4019,237,Late,36
8876,17133,168,Late,61
8877,9725,181,Delivered,24
8878,15504,125,Late,48
8879,3629,286,Late,18
8880,17732,9,Late,23
8881,3407,64,Late,86
8882,13099,57,Delivered,84
8883,13796,111,Delivered,76
8884,9790,93,Late,84
8885,11084,188,Delivered,44
8886,3994,155,Delivered,42
8887,9094,4,Delivered,33
8888,5300,31,Late,57
8889,3131,249,Late,22
8890,8749,33,Delivered,35
8891,11478,23,Late,60
8892,18040,122,Delivered,16
8893,5181,107,Late,74
8894,15757,201,Delivered,80
8895,17889,209,Late,69
8896,9485,268,Delivered,56
8897,7216,236,Delivered,77
8898,439,101,Delivered,69
8899,16729,19,Delivered,86
8900,13120,287,Late,21
8901,88,188,Late,83
8902,5671,79,Late,70
8903,564,188,Late,44
8904,11163,255,Delivered,77
8905,17917,133,Late,65
8906,4035,175,Late,71
8907,589,251,Late,80
8908,13599,70,Late,75
8909,9907,46,Late,41
8910,3038,35,Late,84
8911,7243,289,Late,80
8912,11090,46,Delivered,68
8913,5917,119,Delivered,18
8914,17261,118,Delivered,40
8915,258,159,Late,35
8916,1404,38,Delivered,42
8917,110,243,Delivered,79
8918,18819,202,Late,88
8919,2049,7,Delivered,88
8920,4773,66,Delivered,45
8921,15450,274,Delivered,29
8922,4989,115,Delivered,83
8923,16914,154,Delivered,81
8924,14843,233,Late,77
8925,13737,210,Delivered,66
8926,2243,224,Late,64
8927,2494,124,Delivered,25
8928,17088,128,Late,55
8929,10223,62,Late,52
8930,12036,216,Delivered,79
8931,18405,97,Delivered,68
8932,10157,264,Delivered,47
8933,8160,148,Late,47
8934,3335,144,Delivered,57
8935,19841,166,Delivered,83
8936,17939,15,Late,20
8937,13797,41,Delivered,74
8938,2211,38,Delivered,88
8939,15604,80,Delivered,48
8940,8608,55,Late,37
8941,5466,272,Late,23
8942,19625,220,Late,25
8943,11371,184,Delivered,61
8944,15387,73,Late,15
8945,18875,96,Delivered,29
8946,9171,53,Late,82
8947,15015,40,Late,59
8948,14348,131,Delivered,15
8949,17565,300,Delivered,76
8950,13526,88,Late,38
8951,3026,208,Late,20
8952,4707,262,Late,57
8953,13075,146,Delivered,88
8954,19769,223,Delivered,25
8955,4623,173,Delivered,19
8956,13640,162,Late,67
8957,16213,109,Delivered,82
8958,19870,38,Late,19
8959,15393,57,Delivered,54
8960,7084,265,Delivered,20
8961,14470,278,Delivered,40
8962,9473,181,Late,90
8963,17231,218,Late,24
8964,18049,99,Delivered,27
8965,11094,190,Delivered,17
8966,3621,214,Late,57
8967,5504,112,Delivered,29
8968,6395,92,Delivered,83
8969,16146,230,Late,19
8970,10164,104,Delivered,18
8971,18948,57,Late,67
8972,9090,85,Delivered,51
8973,6634,9,Late,29
8974,3873,180,Delivered,78
8975,3174,89,Late,49
8976,9401,58,Late,22
8977,14599,160,Delivered,90
8978,14134,173,Delivered,83
8979,9168,240,Delivered,28
8980,12708,272,Delivered,51
8981,4183,136,Late,80
8982,19643,107,Delivered,58
8983,10328,149,Late,82
8984,7993,198,Late,41
8985,2969,261,Delivered,64
8986,15976,217,Delivered,25
8987,11719,44,Delivered,51
8988,9160,63,Delivered,34
8989,8243,61,Delivered,79
8990,75,138,Delivered,37
8991,6522,251,Delivered,34
8992,11444,2,Late,64
8993,14130,40,Delivered,48
8994,13752,187,Delivered,37
8995,12047,258,Delivered,21
8996,6608,262,Late,40
8997,6578,110,Late,22
8998,4808,144,Delivered,20
8999,12002,33,Late,26
9000,4330,219,Late,37
9001,10436,228,Late,80
9002,16793,15,Delivered,17
9003,8035,262,Late,39
9004,635,128,Delivered,86
9005,17729,166,Late,38
9006,6306,272,Late,30
9007,13400,27,Late,34
9008,902,163,Delivered,23
9009,8072,274,Late,70
9010,18159,135,Delivered,46
9011,7309,97,Delivered,75
9012,9330,160,Delivered,55
9013,12400,24,Late,67
9014,3475,110,Late,53
9015,19534,292,Delivered,16
9016,17585,220,Delivered,38
9017,4383,86,Delivered,52
9018,4953,77,Late,69
9019,15741,300,Late,90
9020,2152,196,Delivered,39
9021,16029,185,Late,60
9022,1389,25,Late,75
9023,4563,134,Delivered,85
9024,19544,103,Delivered,43
9025,3315,132,Late,71
9026,16050,234,Late,89
9027,4536,27,Late,24
9028,11449,65,Late,63
9029,18330,174,Delivered,78
9030,13601,58,Late,78
9031,11589,7,Delivered,55
9032,10308,200,Late,69
9033,4025,100,Delivered,77
9034,1950,263,Delivered,72
9035,14902,189,Delivered,62
9036,10894,166,Delivered,32
9037,18514,211,Delivered,61
9038,8952,134,Delivered,78
9039,15139,80,Delivered,18
9040,7700,141,Delivered,30
9041,694,91,Late,85
9042,3266,3,Late,24
9043,3549,203,Late,18
9044,14608,260,Late,16
9045,12854,297,Delivered,55
9046,5090,79,Late,26
9047,726,142,Delivered,15
9048,12045,54,Late,34
9049,16976,91,Delivered,70
9050,2656,75,Late,61
9051,8532,239,Late,27
9052,2315,266,Delivered,65
9053,14294,292,Late,24
9054,16767,84,Late,19
9055,16138,137,Late,80
9056,383,201,Delivered,71
9057,3532,172,Delivered,47
9058,6469,142,Late,16
9059,8504,53,Delivered,46
9060,19423,159,Late,87
9061,5745,71,Delivered,36
9062,14672,60,Delivered,38
9063,18207,231,Delivered,29
9064,8571,63,Late,78
9065,2724,293,Delivered,50
9066,6605,289,Late,46
9067,19955,154,Late,85
9068,14010,49,Late,35
9069,12553,184,Late,86
9070,6561,49,Late,45
9071,16470,257,Delivered,24
9072,11017,262,Delivered,83
9073,8669,261,Late,90
9074,14361,206,Late,67
9075,8996,130,Late,39
9076,6247,28,Late,30
9077,13523,10,Delivered,76
9078,11901,222,Delivered,82
9079,1356,101,Delivered,59
9080,11448,69,Late,59
9081,457,136,Delivered,70
9082,9513,208,Delivered,32
9083,8333,132,Delivered,83
9084,18445,299,Late,44
9085,8555,300,Delivered,43
9086,3683,116,Delivered,16
9087,12302,10,Delivered,78
9088,9563,57,Delivered,39
9089,8266,114,Delivered,50
9090,9744,32,Delivered,22
9091,3878,117,Delivered,60
9092,12736,61,Delivered,61
9093,9557,31,Delivered,59
9094,11108,132,Delivered,39
9095,16877,154,Delivered,80
9096,14849,190,Late,29
9097,14689,177,Delivered,18
9098,16616,158,Delivered,39
9099,4135,266,Delivered,51
9100,3466,151,Delivered,33
9101,12899,150,Delivered,71
9102,18930,178,Delivered,18
9103,12471,157,Late,25
9104,15874,112,Late,36
9105,11923,106,Late,76
9106,1041,283,Delivered,30
9107,2348,37,Late,31
9108,18766,126,Late,62
9109,4695,126,Late,68
9110,15973,297,Delivered,69
9111,14136,266,Late,21
9112,5698,254,Delivered,29
9113,10219,227,Late,18
9114,10702,97,Late,18
9115,3642,223,Late,42
9116,15018,93,Delivered,86
9117,16480,121,Delivered,65
9118,15253,130,Delivered,54
9119,13806,174,Delivered,90
9120,11128,287,Delivered,17
9121,7917,266,Delivered,88
9122,6924,277,Delivered,49
9123,8020,104,Delivered,78
9124,2951,127,Late,80
9125,13611,208,Delivered,72
9126,4730,18,Delivered,54
9127,2357,91,Delivered,74
9128,5551,153,Late,22
9129,6280,14,Late,17
9130,4114,213,Late,57
9131,6239,104,Late,69
9132,11594,31,Delivered,19
9133,4204,145,Late,61
9134,18613,262,Late,60
9135,8397,139,Delivered,77
9136,1843,210,Delivered,82
9137,12320,210,Late,82
9138,13754,33,Late,90
9139,7464,185,Late,51
9140,6987,36,Late,18
9141,5497,111,Late,73
9142,14337,289,Delivered,57
9143,5706,265,Delivered,50
9144,17362,207,Late,73
9145,11876,165,Late,51
9146,2092,255,Late,60
9147,6513,158,Late,24
9148,15882,141,Late,29
9149,1174,191,Late,41
9150,8698,56,Late,73
9151,5501,23,Delivered,77
9152,4111,153,Late,21
9153,12854,250,Delivered,82
9154,5051,160,Delivered,90
9155,10324,276,Delivered,28
9156,638,12,Late,18
9157,2446,289,Late,49
9158,8758,253,Delivered,28
9159,4615,291,Delivered,79
9160,7305,283,Delivered,58
9161,6526,253,Late,72
9162,15671,55,Delivered,33
9163,15106,184,Late,54
9164,6749,208,Delivered,28
9165,4285,240,Late,28
9166,4797,224,Late,70
9167,13864,214,Delivered,24
9168,5463,234,Late,34
9169,19613,87,Delivered,57
9170,2234,37,Late,37
9171,10343,296,Delivered,51
9172,120,155,Late,59
9173,5027,284,Late,48
9174,17760,53,Delivered,48
9175,3628,240,Delivered,90
9176,8103,163,Delivered,17
9177,2961,44,Late,24
9178,8713,125,Late,64
9179,9417,188,Delivered,50
9180,4809,284,Delivered,39
9181,12243,50,Late,62
9182,15914,42,Late,51
9183,5235,136,Late,31
9184,6876,276,Late,79
9185,19682,153,Late,68
9186,2836,54,Delivered,67
9187,1375,58,Delivered,52
9188,19283,125,Late,47
9189,17993,37,Late,88
9190,10582,243,Delivered,28
9191,11533,77,Delivered,21
9192,8176,258,Delivered,76
9193,18647,246,Late,34
9194,1867,153,Late,53
9195,4287,71,Delivered,53
9196,14071,104,Late,36
9197,16928,104,Late,20
9198,4398,73,Delivered,26
9199,14145,284,Delivered,32
9200,14519,56,Delivered,47
9201,13792,238,Late,65
9202,14550,273,Delivered,90
9203,879,160,Delivered,15
9204,14919,29,Late,81
9205,15254,132,Late,16
9206,2768,99,Delivered,48
9207,5885,21,Late,58
9208,3215,240,Late,55
9209,14771,78,Delivered,54
9210,1882,133,Late,33
9211,3166,58,Late,17
9212,17809,216,Delivered,25
9213,17819,282,Late,30
9214,17819,211,Delivered,90
9215,12183,64,Delivered,58
9216,17575,168,Delivered,24
9217,15485,203,Delivered,62
9218,17214,275,Delivered,16
9219,4434,74,Late,89
9220,2598,72,Late,55
9221,3377,60,Delivered,64
9222,14586,58,Delivered,30
9223,1539,4,Delivered,53
9224,17724,80,Delivered,83
9225,1010,112,Late,43
9226,4923,2,Delivered,79
9227,7069,65,Late,62
9228,18757,95,Late,35
9229,9002,125,Late,46
9230,13492,204,Delivered,68
9231,10439,15,Delivered,51
9232,12846,60,Delivered,40
9233,11294,50,Late,30
9234,13796,253,Delivered,63
9235,16257,156,Delivered,74
9236,15869,268,Delivered,28
9237,18827,60,Delivered,18
9238,17453,265,Late,22
9239,8505,224,Delivered,48
9240,5620,13,Late,45
9241,7607,281,Late,73
9242,5173,192,Delivered,35
9243,6620,198,Late,64
9244,3857,285,Delivered,65
9245,9496,196,Late,38
9246,4310,172,Late,68
9247,6396,99,Delivered,55
9248,6452,134,Late,65
9249,12734,15,Delivered,69
9250,219,6,Delivered,69
9251,7534,39,Delivered,30
9252,13661,82,Late,32
9253,1921,190,Late,77
9254,1238,299,Delivered,81
9255,4993,159,Late,29
9256,10689,29,Delivered,75
9257,4985,221,Late,57
9258,1474,279,Delivered,33
9259,17733,54,Late,60
9260,7540,24,Delivered,41
9261,1180,274,Delivered,53
9262,4658,59,Late,33
9263,10660,34,Late,61
9264,8880,292,Delivered,51
9265,16043,5,Late,59
9266,3696,138,Delivered,29
9267,17515,186,Delivered,55
9268,5630,157,Late,32
9269,11259,232,Delivered,44
9270,14485,143,Delivered,18
9271,15738,128,Delivered,89
9272,5727,159,Late,21
9273,19732,299,Late,40
9274,15763,204,Late,50
9275,13078,260,Delivered,16
9276,19175,131,Delivered,55
9277,1255,35,Late,86
9278,17132,75,Late,19
9279,15800,68,Delivered,40
9280,17834,35,Late,59
9281,1097,221,Late,38
9282,11504,258,Late,72
9283,3709,235,Late,23
9284,612,297,Delivered,46
9285,10174,250,Delivered,37
9286,19676,112,Delivered,26
9287,5499,6,Late,77
9288,18185,239,Delivered,53
9289,2828,110,Late,78
9290,2276,34,Late,23
9291,1447,274,Delivered,76
9292,4,226,Late,64
9293,12029,174,Delivered,55
9294,5150,202,Late,72
9295,10257,234,Delivered,53
9296,19125,29,Late,42
9297,10257,9,Delivered,18
9298,2052,263,Delivered,50
9299,17566,124,Delivered,65
9300,8410,53,Late,88
9301,17478,81,Late,49
9302,18213,99,Delivered,58
9303,17839,32,Late,47
9304,9377,184,Delivered,68
9305,13279,29,Delivered,40
9306,16259,293,Late,41
9307,3230,27,Late,29
9308,6087,3,Late,46
9309,4185,38,Late,85
9310,10053,64,Delivered,45
9311,541,258,Late,31
9312,3931,78,Late,79
9313,5883,26,Delivered,21
9314,11647,178,Delivered,85
9315,1219,47,Delivered,43
9316,4671,130,Delivered,49
9317,19295,131,Delivered,52
9318,5144,38,Late,64
9319,11522,17,Late,22
9320,4542,32,Delivered,64
9321,14958,65,Delivered,71
9322,13247,282,Delivered,26
9323,14372,133,Delivered,43
9324,4417,36,Late,81
9325,17084,121,Late,65
9326,9871,112,Delivered,44
9327,9704,206,Delivered,71
9328,4529,154,Delivered,47
9329,12117,113,Late,32
9330,6300,291,Late,63
9331,14971,89,Late,88
9332,221,158,Delivered,55
9333,9798,169,Delivered,54
9334,15875,198,Late,52
9335,6648,290,Late,24
9336,13272,83,Delivered,15
9337,17769,93,Delivered,16
9338,4917,85,Late,39
9339,12185,123,Late,55
9340,19784,160,Late,24
9341,3040,211,Delivered,62
9342,8741,215,Late,21
9343,14100,297,Delivered,72
9344,7070,118,Delivered,70
9345,7159,227,Delivered,85
9346,595,92,Late,66
9347,12390,229,Late,44
9348,10936,185,Delivered,41
9349,4290,226,Late,85
9350,14482,209,Delivered,15
9351,9906,159,Delivered,72
9352,3969,191,Late,40
9353,2632,67,Late,48
9354,17082,290,Late,57
9355,5873,208,Late,87
9356,2765,151,Late,16
9357,1656,78,Delivered,40
9358,14036,249,Late,78
9359,6084,29,Late,21
9360,279,167,Late,84
9361,17128,100,Late,76
9362,7487,48,Delivered,81
9363,10903,190,Delivered,84
9364,1578,50,Delivered,73
9365,10761,194,Delivered,33
9366,16988,299,Late,78
9367,1847,283,Delivered,19
9368,1748,182,Delivered,22
9369,3334,175,Late,64
9370,13577,93,Delivered,86
9371,11027,137,Delivered,30
9372,13072,127,Late,90
9373,12016,229,Late,46
9374,10382,288,Late,77
9375,12754,118,Delivered,74
9376,14753,93,Delivered,85
9377,19382,250,Delivered,32
9378,18152,38,Late,51
9379,5222,181,Delivered,47
9380,12799,168,Late,48
9381,19919,276,Delivered,62
9382,5979,267,Late,35
9383,16713,40,Delivered,64
9384,6876,8,Delivered,60
9385,13752,131,Delivered,18
9386,19326,52,Delivered,90
9387,15713,207,Late,37
9388,208,238,Delivered,23
9389,5071,29,Delivered,15
9390,6373,31,Late,60
9391,7788,149,Late,54
9392,12651,69,Late,25
9393,6158,212,Delivered,66
9394,7311,189,Delivered,47
9395,5950,131,Delivered,21
9396,9032,71,Delivered,30
9397,10678,48,Delivered,15
9398,13837,115,Late,34
9399,17718,199,Delivered,35
9400,9434,183,Late,23
9401,18648,275,Late,35
9402,14726,290,Late,72
9403,203,256,Delivered,54
9404,842,8,Late,64
9405,11865,91,Late,21
9406,17751,200,Late,90
9407,17504,1,Late,74
9408,8383,31,Delivered,89
9409,18428,195,Delivered,26
9410,6058,58,Delivered,34
9411,17814,91,Late,84
9412,14551,167,Delivered,16
9413,2514,255,Delivered,34
9414,17474,163,Late,38
9415,15245,21,Delivered,76
9416,1031,57,Late,20
9417,16806,298,Delivered,55
9418,19200,87,Late,33
9419,3617,178,Late,32
9420,3510,19,Delivered,61
9421,1937,79,Delivered,57
9422,15932,222,Late,17
9423,11727,229,Delivered,35
9424,2730,206,Delivered,50
9425,17434,272,Late,71
9426,15420,167,Late,21
9427,19295,130,Delivered,36
9428,3476,288,Delivered,62
9429,1976,45,Delivered,57
9430,4891,155,Late,19
9431,16635,182,Late,59
9432,4877,295,Late,78
9433,11103,81,Late,39
9434,19261,92,Late,82
9435,10351,159,Delivered,81
9436,1983,228,Delivered,75
9437,10005,181,Delivered,47
9438,11260,182,Late,58
9439,3933,274,Late,25
9440,4808,117,Late,39
9441,15844,250,Late,85
9442,14857,90,Delivered,20
9443,18658,81,Late,19
9444,13628,5,Delivered,68
9445,4043,39,Late,80
9446,18190,258,Delivered,35
9447,3854,31,Late,28
9448,7074,37,Delivered,16
9449,15344,228,Late,76
9450,2230,205,Late,76
9451,3054,235,Late,72
9452,3361,149,Delivered,89
9453,7335,261,Delivered,52
9454,14985,43,Late,85
9455,2096,10,Delivered,70
9456,7107,90,Delivered,67
9457,15181,204,Late,85
9458,6845,184,Delivered,42
9459,14028,7,Late,76
9460,8954,153,Late,59
9461,7909,205,Late,39
9462,3574,179,Late,35
9463,3190,182,Delivered,84
9464,269,169,Delivered,51
9465,15470,201,Late,65
9466,7174,267,Delivered,28
9467,7058,8,Late,50
9468,12593,146,Delivered,21
9469,3049,210,Delivered,89
9470,5622,216,Late,60
9471,3865,123,Late,61
9472,2702,291,Late,82
9473,516,202,Delivered,48
9474,15723,116,Late,41
9475,15395,230,Delivered,55
9476,11996,126,Delivered,22
9477,3007,148,Late,73
9478,6228,184,Late,55
9479,18173,104,Late,15
9480,11964,171,Delivered,90
9481,17076,296,Delivered,58
9482,16754,151,Late,72
9483,3215,223,Late,81
9484,3568,140,Late,39
9485,3537,150,Delivered,20
9486,3847,181,Late,66
9487,5560,280,Delivered,57
9488,2280,97,Late,85
9489,12620,5,Late,71
9490,610,21,Late,86
9491,6711,183,Late,57
9492,7697,202,Late,29
9493,1538,243,Late,74
9494,11748,284,Late,75
9495,1971,138,Delivered,49
9496,14602,212,Late,23
9497,97,32,Delivered,90
9498,4131,73,Delivered,17
9499,3532,120,Late,53
9500,10608,3,Late,80
9501,15573,221,Delivered,58
9502,8524,4,Delivered,20
9503,5232,236,Delivered,81
9504,9264,279,Delivered,82
9505,3751,67,Delivered,63
9506,6641,36,Late,47
9507,17773,161,Late,82
9508,101,214,Delivered,48
9509,490,288,Delivered,15
9510,18130,210,Late,73
9511,8543,280,Late,62
9512,2820,268,Delivered,59
9513,7,223,Late,52
9514,11844,188,Late,50
9515,13534,202,Delivered,89
9516,14826,236,Delivered,82
9517,14192,269,Late,89
9518,17699,100,Late,69
9519,14228,134,Delivered,29
9520,18478,75,Delivered,62
9521,16684,278,Delivered,47
9522,9154,71,Late,50
9523,6282,151,Late,18
9524,13010,225,Delivered,55
9525,8022,22,Delivered,70
9526,16930,140,Late,21
9527,19238,96,Late,22
9528,17642,221,Delivered,52
9529,19270,80,Late,36
9530,853,180,Late,22
9531,7366,71,Delivered,46
9532,14268,46,Delivered,85
9533,16048,72,Delivered,33
9534,14050,107,Delivered,22
9535,7200,159,Delivered,90
9536,10814,287,Delivered,90
9537,18336,75,Delivered,59
9538,11981,290,Late,78
9539,3034,149,Late,82
9540,2588,85,Delivered,52
9541,3413,260,Late,22
9542,2885,126,Late,28
9543,6945,37,Late,26
9544,11931,248,Delivered,86
9545,10268,56,Late,46
9546,12351,185,Late,31
9547,10024,2,Delivered,48
9548,16055,66,Delivered,47
9549,17839,211,Delivered,73
9550,18150,222,Late,81
9551,3899,82,Delivered,51
9552,4761,105,Delivered,40
9553,7031,170,Delivered,82
9554,4032,71,Delivered,32
9555,19834,181,Delivered,16
9556,262,127,Delivered,67
9557,12059,268,Late,71
9558,19472,8,Late,28
9559,16746,181,Late,56
9560,5138,241,Late,46
9561,11676,82,Delivered,46
9562,9724,156,Late,43
9563,3464,244,Late,60
9564,1496,2,Delivered,73
9565,16995,262,Late,25
9566,14301,102,Late,77
9567,3204,287,Late,39
9568,11067,232,Delivered,31
9569,16251,128,Delivered,75
9570,14713,93,Delivered,28
9571,17141,110,Delivered,55
9572,4400,290,Late,46
9573,619,72,Late,53
9574,19964,266,Delivered,56
9575,19790,184,Late,81
9576,16801,95,Delivered,33
9577,15121,269,Late,54
9578,10530,76,Late,88
9579,6649,11,Delivered,35
9580,11633,205,Late,90
9581,14966,254,Delivered,58
9582,2273,128,Late,86
9583,4557,281,Late,68
9584,9444,196,Late,53
9585,7348,299,Delivered,42
9586,9362,276,Delivered,72
9587,17302,101,Late,30
9588,17469,172,Delivered,51
9589,1522,151,Late,62
9590,7580,222,Delivered,42
9591,17757,196,Late,68
9592,2863,136,Delivered,16
9593,10035,171,Late,66
9594,14286,11,Delivered,28
9595,12292,5,Late,44
9596,7659,79,Late,18
9597,13729,263,Delivered,43
9598,9246,145,Delivered,65
9599,1245,98,Delivered,43
9600,15963,296,Late,31
9601,18216,106,Late,31
9602,2885,292,Delivered,62
9603,13796,110,Delivered,28
9604,5849,292,Delivered,43
9605,6947,36,Delivered,64
9606,8815,139,Late,36
9607,3631,43,Late,82
9608,13278,292,Delivered,57
9609,12924,124,Delivered,61
9610,5303,205,Late,90
9611,17596,20,Late,33
9612,7540,185,Delivered,48
9613,5052,256,Late,67
9614,4868,32,Late,32
9615,5926,131,Delivered,81
9616,4913,229,Delivered,33
9617,4560,104,Late,49
9618,12616,253,Late,70
9619,12809,47,Late,87
9620,13625,54,Delivered,27
9621,1550,25,Delivered,40
9622,10116,102,Delivered,58
9623,9127,208,Delivered,45
9624,15514,143,Delivered,17
9625,2304,119,Late,25
9626,12402,151,Delivered,19
9627,17649,44,Late,31
9628,15251,267,Late,48
9629,5305,185,Delivered,35
9630,1300,70,Delivered,67
9631,10310,57,Late,66
9632,966,175,Late,67
9633,19956,120,Delivered,50
9634,19056,46,Late,88
9635,6307,177,Late,62
9636,1356,62,Late,33
9637,9596,3,Delivered,47
9638,11499,273,Delivered,57
9639,8838,105,Delivered,52
9640,17010,205,Late,47
9641,7516,199,Late,27
9642,16987,219,Delivered,68
9643,8052,169,Late,15
9644,3818,53,Late,63
9645,7836,152,Delivered,86
9646,10657,146,Late,34
9647,18502,168,Delivered,19
9648,9715,228,Delivered,55
9649,945,50,Delivered,46
9650,1349,66,Late,33
9651,7009,188,Delivered,74
9652,4350,127,Late,38
9653,16530,49,Late,65
9654,2567,218,Late,24
9655,18512,90,Delivered,72
9656,12338,106,Late,37
9657,4001,41,Late,84
9658,16374,195,Delivered,61
9659,8150,108,Late,63
9660,11680,293,Delivered,89
9661,2396,47,Late,48
9662,13349,120,Delivered,36
9663,5760,298,Delivered,21
9664,5365,200,Late,63
9665,17807,103,Delivered,44
9666,4451,82,Late,86
9667,11527,35,Late,55
9668,8757,169,Late,40
9669,9214,143,Late,58
9670,16158,8,Late,79
9671,5614,54,Late,65
9672,14367,256,Late,59
9673,12820,168,Delivered,85
9674,10310,205,Delivered,26
9675,14562,237,Late,57
9676,18336,88,Late,63
9677,9212,101,Late,81
9678,16644,77,Late,21
9679,18296,292,Delivered,62
9680,19333,243,Delivered,67
9681,524,139,Late,42
9682,10791,46,Late,85
9683,3876,235,Late,31
9684,19951,124,Late,64
9685,18354,191,Late,17
9686,19401,85,Late,26
9687,9447,27,Late,32
9688,3957,126,Late,69
9689,11031,88,Delivered,25
9690,3043,280,Delivered,42
9691,7785,238,Delivered,60
9692,15413,37,Late,20
9693,16531,279,Delivered,73
9694,12426,200,Delivered,69
9695,10109,111,Late,18
9696,12789,105,Late,54
9697,2428,18,Delivered,76
9698,14804,182,Delivered,65
9699,2628,119,Late,46
9700,159,121,Late,76
9701,1491,2,Late,90
9702,18189,283,Delivered,65
9703,4093,257,Late,16
9704,16137,44,Delivered,49
9705,12746,236,Late,62
9706,12120,231,Late,44
9707,16699,63,Late,39
9708,2547,208,Late,33
9709,8143,225,Delivered,23
9710,5038,12,Delivered,43
9711,5518,159,Late,20
9712,4953,219,Delivered,17
9713,19143,258,Delivered,41
9714,2407,150,Delivered,59
9715,14735,170,Late,39
9716,1403,240,Delivered,26
9717,476,207,Delivered,24
9718,15644,57,Late,15
9719,15772,160,Late,33
9720,19902,82,Late,89
9721,19971,97,Late,20
9722,6784,68,Late,90
9723,5536,246,Delivered,39
9724,18000,201,Delivered,60
9725,6268,124,Delivered,80
9726,2706,117,Late,73
9727,12354,205,Delivered,87
9728,18302,255,Late,41
9729,3523,141,Late,46
9730,13412,295,Delivered,74
9731,5692,214,Delivered,45
9732,17815,225,Delivered,85
9733,14223,104,Late,68
9734,8220,102,Late,20
9735,176,80,Late,36
9736,16870,115,Delivered,57
9737,2996,148,Late,65
9738,5829,92,Delivered,78
9739,1692,130,Late,37
9740,13120,56,Late,47
9741,14127,139,Late,57
9742,9404,18,Late,21
9743,1900,106,Late,48
9744,5000,133,Delivered,36
9745,5580,7,Late,68
9746,11909,195,Delivered,22
9747,11242,264,Delivered,65
9748,12649,269,Late,84
9749,6212,122,Late,88
9750,19706,136,Delivered,46
9751,15439,80,Delivered,62
9752,12889,279,Delivered,63
9753,13067,69,Late,21
9754,17391,7,Delivered,32
9755,17410,123,Late,28
9756,2041,1,Late,76
9757,11726,276,Delivered,24
9758,10845,46,Late,49
9759,9951,168,Delivered,32
9760,15810,200,Late,37
9761,2001,292,Late,41
9762,6064,167,Delivered,18
9763,3072,78,Delivered,65
9764,14348,180,Delivered,54
9765,19168,217,Late,90
9766,19929,125,Late,26
9767,19182,202,Delivered,31
9768,9103,150,Late,55
9769,13989,26,Delivered,46
9770,18043,245,Late,67
9771,2499,119,Late,62
9772,17661,130,Delivered,26
9773,13377,287,Delivered,41
9774,9052,148,Delivered,47
9775,7646,169,Late,89
9776,12713,61,Late,47
9777,6605,72,Late,37
9778,15627,217,Late,85
9779,2237,122,Delivered,31
9780,8508,276,Delivered,29
9781,7957,120,Delivered,26
9782,17046,235,Delivered,62
9783,5993,244,Late,82
9784,12370,269,Delivered,54
9785,18480,76,Delivered,52
9786,14322,68,Delivered,78
9787,4450,81,Late,90
9788,12043,175,Late,24
9789,5287,23,Late,75
9790,5719,205,Late,62
9791,2567,185,Delivered,36
9792,12901,184,Delivered,22
9793,11960,76,Delivered,46
9794,8604,20,Late,81
9795,12887,152,Delivered,73
9796,1651,132,Late,71
9797,13357,233,Delivered,15
9798,7644,196,Delivered,29
9799,3982,16,Late,74
9800,19758,229,Late,65
9801,12767,266,Delivered,86
9802,7294,107,Delivered,43
9803,10979,224,Late,23
9804,18288,61,Delivered,51
9805,19826,203,Delivered,81
9806,15681,9,Delivered,72
9807,658,142,Delivered,81
9808,3617,111,Late,24
9809,14819,299,Delivered,34
9810,1466,189,Delivered,49
9811,18079,77,Late,18
9812,18040,197,Delivered,61
9813,15480,219,Delivered,84
9814,11020,38,Delivered,57
9815,438,66,Late,21
9816,18532,11,Delivered,26
9817,5762,257,Delivered,61
9818,2114,214,Late,46
9819,18249,154,Late,35
9820,4610,44,Delivered,86
9821,9450,210,Late,38
9822,15193,85,Late,61
9823,6000,126,Delivered,88
9824,10224,186,Late,24
9825,13885,115,Delivered,88
9826,7168,5,Late,66
9827,11570,8,Late,65
9828,13353,266,Delivered,80
9829,1829,159,Delivered,36
9830,16088,58,Late,40
9831,16026,184,Late,62
9832,10531,147,Late,70
9833,2603,275,Delivered,71
9834,11065,146,Delivered,87
9835,5234,151,Delivered,63
9836,1051,4,Delivered,75
9837,6257,138,Delivered,48
9838,852,93,Delivered,71
9839,7519,277,Delivered,68
9840,15695,123,Delivered,83
9841,12365,137,Delivered,34
9842,9077,95,Delivered,74
9843,15757,211,Delivered,88
9844,5488,141,Delivered,17
9845,17696,69,Late,42
9846,19293,30,Late,25
9847,17073,64,Late,40
9848,2932,40,Delivered,18
9849,13972,205,Late,56
9850,4546,88,Late,53
9851,18891,256,Delivered,26
9852,739,252,Delivered,89
9853,11542,227,Delivered,39
9854,4599,271,Delivered,48
9855,12845,58,Delivered,19
9856,18835,120,Late,37
9857,16536,243,Late,32
9858,902,78,Delivered,65
9859,9526,211,Late,64
9860,17132,36,Late,17
9861,14627,190,Late,29
9862,15988,232,Late,53
9863,5176,193,Late,49
9864,10140,294,Late,72
9865,15727,162,Delivered,81
9866,1938,240,Late,18
9867,1595,4,Delivered,26
9868,17478,200,Late,27
9869,3435,299,Late,46
9870,8307,208,Late,73
9871,19662,268,Late,66
9872,3790,193,Delivered,21
9873,18534,144,Delivered,76
9874,2046,253,Delivered,32
9875,14733,259,Delivered,35
9876,19175,46,Delivered,61
9877,11881,57,Delivered,87
9878,8766,196,Delivered,56
9879,13981,251,Late,51
9880,19716,145,Late,16
9881,9283,243,Delivered,15
9882,12050,156,Late,19
9883,16693,225,Late,17
9884,5524,37,Delivered,46
9885,18227,45,Late,18
9886,15671,253,Delivered,58
9887,17181,100,Late,76
9888,16110,66,Late,22
9889,445,284,Late,86
9890,8517,144,Late,55
9891,12638,126,Late,42
9892,2422,90,Late,58
9893,13186,245,Delivered,34
9894,18197,182,Late,49
9895,1862,259,Late,15
9896,12851,216,Late,40
9897,2260,103,Late,51
9898,368,237,Late,66
9899,1351,226,Delivered,42
9900,6492,230,Delivered,42
9901,17708,244,Late,54
9902,988,46,Delivered,34
9903,6489,91,Delivered,25
9904,12266,215,Late,58
9905,15114,242,Late,25
9906,9590,81,Delivered,89
9907,13863,33,Delivered,18
9908,9465,13,Delivered,20
9909,12105,11,Delivered,23
9910,1860,225,Late,90
9911,16739,67,Late,67
9912,12657,232,Late,42
9913,16991,297,Delivered,63
9914,16893,82,Late,63
9915,9934,241,Late,83
9916,13396,4,Late,62
9917,3578,34,Late,64
9918,7106,44,Delivered,69
9919,14067,174,Late,68
9920,19830,297,Late,26
9921,10574,98,Delivered,22
9922,19699,102,Late,70
9923,6363,24,Delivered,85
9924,1026,290,Late,70
9925,16001,224,Delivered,88
9926,10275,272,Late,86
9927,12924,124,Delivered,38
9928,3124,221,Delivered,26
9929,16618,154,Late,90
9930,7014,6,Delivered,76
9931,15231,145,Delivered,76
9932,6363,67,Delivered,37
9933,17855,153,Delivered,62
9934,8918,179,Late,40
9935,532,104,Delivered,30
9936,19635,40,Late,31
9937,2725,244,Late,51
9938,2166,175,Delivered,75
9939,356,120,Delivered,24
9940,8894,42,Delivered,19
9941,12208,4,Late,78
9942,5143,167,Delivered,62
9943,13218,204,Late,82
9944,14771,41,Late,19
9945,5789,76,Delivered,57
9946,3167,268,Delivered,61
9947,9537,14,Delivered,45
9948,7271,90,Late,59
9949,2889,61,Delivered,59
9950,4191,282,Delivered,48
9951,11292,106,Delivered,66
9952,15906,246,Late,35
9953,16755,69,Delivered,16
9954,2745,84,Delivered,69
9955,12222,39,Delivered,27
9956,15084,271,Late,85
9957,5918,38,Delivered,51
9958,935,180,Late,32
9959,15031,14,Delivered,89
9960,8524,176,Late,36
9961,14615,151,Late,18
9962,2607,24,Late,43
9963,13985,146,Late,31
9964,11420,143,Late,57
9965,17997,8,Late,86
9966,9094,90,Late,84
9967,11695,87,Delivered,72
9968,10970,225,Delivered,85
9969,9295,188,Delivered,27
9970,11851,201,Delivered,66
9971,11545,50,Delivered,88
9972,18196,94,Late,21
9973,3090,217,Delivered,63
9974,13295,235,Late,69
9975,11254,224,Delivered,45
9976,15691,211,Delivered,40
9977,6520,250,Late,47
9978,11679,265,Late,71
9979,1918,147,Late,30
9980,18635,72,Delivered,47
9981,5464,244,Delivered,31
9982,16649,224,Late,15
9983,18808,110,Late,23
9984,8991,181,Late,58
9985,14538,291,Delivered,58
9986,7196,81,Delivered,36
9987,14987,241,Delivered,21
9988,7157,132,Late,25
9989,1001,17,Late,31
9990,1406,217,Late,72
9991,5598,34,Late,63
9992,14848,262,Late,84
9993,15037,88,Late,18
9994,15960,137,Delivered,65
9995,14297,90,Late,20
9996,182,43,Late,63
9997,2017,235,Delivered,49
9998,15760,97,Delivered,79
9999,10752,90,Late,64
10000,3718,289,Delivered,42
10001,14853,60,Late,23
10002,3699,9,Delivered,34
10003,8424,103,Delivered,60
10004,13180,44,Delivered,33
10005,18932,120,Late,62
10006,13819,200,Late,39
10007,11686,38,Delivered,24
10008,7963,281,Late,26
10009,15103,244,Late,60
10010,10703,271,Delivered,41
10011,13786,282,Delivered,90
10012,8903,231,Late,50
10013,703,81,Late,24
10014,14532,102,Delivered,88
10015,2008,290,Delivered,61
10016,6502,67,Delivered,62
10017,3292,56,Late,89
10018,15760,228,Late,67
10019,1332,252,Delivered,54
10020,18507,249,Late,46
10021,10657,6,Delivered,49
10022,8509,45,Delivered,88
10023,18852,64,Delivered,77
10024,9448,105,Late,15
10025,5779,259,Late,68
10026,18518,136,Delivered,22
10027,11758,104,Late,65
10028,88,270,Delivered,81
10029,16266,263,Late,59
10030,1570,273,Late,80
10031,19765,64,Delivered,20
10032,13327,126,Delivered,16
10033,5096,68,Delivered,37
10034,10506,10,Delivered,23
10035,11453,275,Delivered,61
10036,16952,215,Delivered,53
10037,16921,209,Delivered,25
10038,6161,269,Late,70
10039,15876,205,Late,86
10040,3340,11,Delivered,55
10041,11230,131,Delivered,69
10042,14619,160,Late,33
10043,3390,173,Delivered,27
10044,13783,133,Delivered,85
10045,3330,55,Late,35
10046,16361,55,Delivered,67
10047,13844,183,Late,34
10048,13512,95,Delivered,30
10049,13966,253,Delivered,31
10050,10506,78,Late,53
10051,18433,140,Late,26
10052,1808,233,Late,50
10053,1574,291,Delivered,32
10054,5158,180,Delivered,30
10055,14310,203,Late,83
10056,12513,230,Late,63
10057,919,266,Delivered,82
10058,1660,72,Late,70
10059,4908,160,Delivered,47
10060,9375,217,Late,40
10061,13519,73,Late,65
10062,15172,271,Late,38
10063,11250,152,Late,52
10064,2245,159,Late,90
10065,11505,155,Late,67
10066,19301,212,Late,47
10067,14029,143,Late,20
10068,15770,282,Late,30
10069,15999,120,Delivered,70
10070,6611,17,Late,54
10071,10072,18,Late,36
10072,8036,68,Late,34
10073,16983,114,Delivered,27
10074,1265,74,Late,69
10075,19618,81,Delivered,75
10076,947,55,Delivered,79
10077,13382,209,Late,68
10078,17426,123,Delivered,59
10079,7031,223,Late,57
10080,8025,33,Delivered,15
10081,9330,213,Delivered,88
10082,8480,158,Late,88
10083,2756,196,Delivered,85
10084,15710,17,Late,43
10085,4921,106,Late,82
10086,17246,190,Late,83
10087,15483,89,Late,34
10088,2589,280,Late,87
10089,5642,290,Late,63
10090,16470,28,Delivered,76
10091,4653,209,Late,47
10092,2155,244,Late,32
10093,2520,69,Delivered,81
10094,12058,68,Late,79
10095,6538,70,Late,50
10096,4437,135,Delivered,67
10097,6601,49,Delivered,87
10098,4209,127,Late,53
10099,9139,94,Late,46
10100,2549,65,Delivered,90
10101,12219,231,Late,39
10102,18026,1,Late,53
10103,10218,207,Delivered,56
10104,16464,62,Late,71
10105,14936,196,Delivered,88
10106,2532,95,Late,64
10107,3825,215,Delivered,87
10108,8521,205,Delivered,46
10109,3193,248,Late,72
10110,19351,293,Late,58
10111,4090,227,Late,16
10112,18954,38,Delivered,87
10113,8364,85,Late,43
10114,10448,146,Late,78
10115,19126,96,Late,72
10116,9473,174,Delivered,71
10117,1754,76,Late,21
10118,1070,109,Delivered,26
10119,19811,184,Late,49
10120,14836,24,Delivered,50
10121,8350,269,Delivered,51
10122,1098,67,Delivered,86
10123,983,190,Delivered,65
10124,12862,19,Late,38
10125,12677,294,Delivered,42
10126,8443,227,Delivered,39
10127,14272,196,Late,24
10128,9790,188,Delivered,39
10129,7215,106,Delivered,37
10130,13799,229,Late,76
10131,4980,85,Late,82
10132,5715,236,Late,26
10133,5732,44,Late,74
10134,5563,122,Delivered,90
10135,599,58,Delivered,61
10136,8513,239,Late,34
10137,13728,66,Late,70
10138,11019,264,Delivered,28
10139,4285,58,Delivered,74
10140,11069,136,Late,18
10141,3012,61,Late,27
10142,12458,43,Delivered,47
10143,10254,14,Delivered,57
10144,5428,190,Late,66
10145,4885,22,Delivered,41
10146,4242,232,Late,16
10147,15682,28,Delivered,61
10148,10138,291,Delivered,82
10149,9576,245,Delivered,18
10150,8217,227,Delivered,89
10151,6945,158,Delivered,67
10152,3902,18,Late,65
10153,1590,178,Delivered,18
10154,5377,146,Delivered,84
10155,13630,241,Delivered,45
10156,4316,233,Delivered,46
10157,2084,2,Late,72
10158,3991,125,Delivered,58
10159,9292,188,Delivered,33
10160,5875,79,Delivered,48
10161,9302,185,Delivered,44
10162,15492,49,Late,45
10163,945,258,Delivered,76
10164,19761,206,Delivered,85
10165,14244,80,Delivered,90
10166,14956,17,Late,75
10167,5935,198,Late,73
10168,13626,141,Late,89
10169,14597,172,Late,89
10170,6132,105,Late,82
10171,18171,144,Delivered,48
10172,2277,240,Late,34
10173,5674,206,Late,56
10174,12554,5,Delivered,70
10175,6592,162,Delivered,79
10176,7378,88,Late,30
10177,9091,197,Delivered,42
10178,3100,269,Late,15
10179,13987,26,Late,25
10180,970,77,Delivered,23
10181,8946,85,Late,69
10182,14342,277,Late,22
10183,8333,138,Late,46
10184,19103,224,Delivered,51
10185,17445,140,Delivered,81
10186,19910,10,Delivered,32
10187,11229,170,Delivered,76
10188,1283,227,Late,30
10189,19146,139,Delivered,55
10190,11658,233,Late,79
10191,10396,108,Late,36
10192,9438,84,Delivered,78
10193,6808,48,Delivered,37
10194,2435,144,Delivered,85
10195,9701,261,Late,69
10196,9112,43,Late,61
10197,16706,3,Delivered,35
10198,14981,199,Delivered,43
10199,636,283,Delivered,78
10200,17306,52,Delivered,73
10201,12300,220,Late,50
10202,13732,52,Delivered,15
10203,12237,174,Late,15
10204,72,15,Delivered,35
10205,15010,93,Late,61
10206,1867,81,Late,35
10207,11288,230,Late,67
10208,11626,220,Late,27
10209,1706,256,Late,69
10210,3267,279,Late,69
10211,5074,189,Delivered,65
10212,12995,253,Late,29
10213,1737,67,Delivered,38
10214,14220,110,Late,29
10215,11354,41,Delivered,40
10216,15252,217,Delivered,83
10217,4714,140,Late,73
10218,15330,115,Delivered,78
10219,11320,140,Late,20
10220,3153,250,Late,77
10221,9521,149,Delivered,50
10222,18580,7,Delivered,54
10223,15165,214,Late,58
10224,13718,160,Late,69
10225,18297,36,Late,36
10226,2390,176,Delivered,57
10227,13135,293,Late,64
10228,18817,95,Delivered,50
10229,19623,52,Delivered,76
10230,11296,256,Delivered,72
10231,19205,104,Late,78
10232,10141,277,Late,47
10233,5289,207,Late,40
10234,2922,234,Late,83
10235,11564,209,Delivered,63
10236,927,35,Delivered,48
10237,172,37,Delivered,19
10238,16824,83,Late,50
10239,19631,36,Late,87
10240,13593,169,Late,46
10241,7094,64,Late,65
10242,14642,263,Delivered,78
10243,11091,109,Late,33
10244,6395,55,Delivered,82
10245,8754,267,Delivered,77
10246,9889,280,Late,23
10247,12090,69,Late,60
10248,12644,32,Delivered,35
10249,19316,235,Late,55
10250,13892,174,Delivered,17
10251,11596,70,Delivered,52
10252,2253,295,Delivered,86
10253,15643,184,Late,45
10254,15110,270,Late,67
10255,18412,269,Delivered,29
10256,12507,174,Late,70
10257,16232,204,Delivered,72
10258,13890,152,Delivered,83
10259,10678,39,Late,83
10260,5701,292,Delivered,63
10261,10655,265,Delivered,80
10262,9440,125,Late,44
10263,966,227,Late,16
10264,12640,200,Late,29
10265,9878,148,Delivered,76
10266,8202,4,Delivered,38
10267,6068,135,Late,22
10268,17289,60,Late,76
10269,18673,159,Delivered,56
10270,7448,195,Late,86
10271,17839,33,Delivered,85
10272,15426,150,Delivered,64
10273,16358,201,Late,23
10274,11890,240,Delivered,71
10275,1275,252,Delivered,39
10276,9271,166,Delivered,22
10277,12767,190,Delivered,34
10278,15628,37,Late,26
10279,16837,73,Late,75
10280,4350,87,Late,32
10281,17438,36,Late,49
10282,16059,76,Late,19
10283,16339,102,Delivered,44
10284,6946,176,Delivered,34
10285,4604,95,Delivered,19
10286,6101,99,Late,42
10287,16556,166,Late,51
10288,12137,36,Delivered,63
10289,8338,261,Late,22
10290,16551,275,Late,62
10291,7338,220,Late,17
10292,18802,58,Delivered,28
10293,3069,203,Late,41
10294,1172,153,Delivered,40
10295,12982,210,Late,43
10296,12459,27,Delivered,31
10297,19688,60,Late,66
10298,9937,188,Late,45
10299,15948,145,Late,38
10300,1840,274,Late,49
10301,11591,278,Delivered,89
10302,13213,25,Delivered,30
10303,16478,147,Delivered,77
10304,12299,257,Delivered,53
10305,3849,31,Delivered,22
10306,12337,156,Delivered,44
10307,7515,215,Delivered,76
10308,3621,295,Late,77
10309,5878,254,Late,90
10310,11551,169,Late,16
10311,5393,9,Late,32
10312,269,26,Late,24
10313,13905,41,Late,31
10314,959,41,Delivered,62
10315,17493,170,Delivered,46
10316,3050,28,Delivered,15
10317,10562,56,Late,28
10318,15159,267,Late,30
10319,5869,125,Late,51
10320,9229,69,Delivered,30
10321,4068,179,Late,86
10322,2827,193,Delivered,30
10323,3648,276,Late,82
10324,4371,14,Late,60
10325,13902,133,Delivered,90
10326,573,260,Late,59
10327,8349,77,Delivered,22
10328,2948,121,Delivered,25
10329,17706,114,Delivered,41
10330,11983,19,Delivered,87
10331,7988,220,Late,54
10332,14672,151,Delivered,48
10333,19426,116,Late,77
10334,5201,135,Delivered,17
10335,19937,108,Delivered,62
10336,12848,248,Late,19
10337,13001,73,Late,59
10338,14405,240,Late,59
10339,17360,75,Delivered,62
10340,12852,232,Delivered,34
10341,4165,84,Delivered,17
10342,9449,208,Late,21
10343,4117,228,Delivered,30
10344,2782,217,Late,63
10345,3989,154,Delivered,61
10346,17799,200,Late,62
10347,5577,286,Delivered,37
10348,9546,183,Delivered,20
10349,13696,251,Late,84
10350,11742,128,Late,56
10351,6277,47,Delivered,82
10352,13762,182,Delivered,62
10353,11429,149,Late,28
10354,14655,1,Late,80
10355,11144,211,Late,70
10356,9275,166,Late,68
10357,3754,118,Late,74
10358,5705,18,Delivered,30
10359,12122,155,Delivered,26
10360,10363,42,Late,57
10361,16513,176,Late,72
10362,19006,86,Late,43
10363,13035,150,Delivered,83
10364,7312,67,Late,38
10365,10597,190,Delivered,58
10366,8862,76,Late,40
10367,3256,217,Delivered,36
10368,16846,213,Late,53
10369,14672,262,Late,84
10370,19531,68,Delivered,16
10371,3825,276,Delivered,57
10372,6078,250,Late,19
10373,1523,25,Delivered,78
10374,3980,235,Late,67
10375,12797,282,Delivered,87
10376,11475,54,Delivered,20
10377,19539,213,Delivered,57
10378,3159,261,Delivered,23
10379,6922,85,Delivered,59
10380,12919,42,Late,34
10381,4313,120,Late,36
10382,12730,285,Late,62
10383,9465,201,Late,78
10384,2292,277,Late,85
10385,4505,47,Late,81
10386,6468,17,Late,23
10387,6448,107,Delivered,15
10388,1516,116,Delivered,43
10389,5377,235,Late,49
10390,11012,265,Delivered,53
10391,492,107,Late,59
10392,16617,153,Delivered,54
10393,19487,3,Late,75
10394,3560,103,Delivered,42
10395,15672,285,Delivered,54
10396,660,49,Late,35
10397,11680,118,Late,39
10398,9216,211,Late,61
10399,10736,232,Delivered,27
10400,14026,250,Late,43
10401,17865,116,Delivered,77
10402,11024,274,Late,31
10403,15818,161,Delivered,46
10404,4086,249,Delivered,80
10405,2101,48,Delivered,30
10406,15706,131,Delivered,64
10407,12776,163,Late,72
10408,703,74,Delivered,69
10409,14859,3,Delivered,77
10410,9085,204,Late,19
10411,11501,227,Delivered,79
10412,5264,189,Late,80
10413,3828,32,Delivered,36
10414,8839,165,Delivered,39
10415,1675,207,Late,78
10416,263,36,Late,42
10417,5232,250,Delivered,58
10418,14847,137,Late,62
10419,11804,288,Delivered,55
10420,14382,150,Late,66
10421,5459,116,Late,37
10422,9677,107,Late,89
10423,16539,287,Delivered,90
10424,12399,164,Late,45
10425,12289,50,Delivered,25
10426,797,133,Late,74
10427,7787,76,Delivered,33
10428,14367,177,Delivered,68
10429,17805,226,Delivered,58
10430,2653,43,Delivered,26
10431,3490,18,Delivered,51
10432,15755,98,Delivered,26
10433,16260,125,Late,54
10434,1771,239,Late,46
10435,5835,269,Delivered,70
10436,2387,142,Delivered,35
10437,5329,212,Delivered,37
10438,17453,147,Late,59
10439,10507,15,Delivered,42
10440,17711,188,Late,35
10441,10872,27,Late,16
10442,4461,48,Delivered,42
10443,12916,23,Late,90
10444,4619,276,Late,57
10445,439,191,Late,53
10446,11309,200,Late,78
10447,18870,251,Delivered,83
10448,4800,246,Delivered,49
10449,19904,16,Late,24
10450,5611,270,Late,70
10451,19890,2,Delivered,45
10452,10585,83,Late,15
10453,11921,97,Delivered,40
10454,10181,135,Delivered,17
10455,12187,240,Delivered,65
10456,10559,273,Late,72
10457,13907,270,Late,73
10458,7637,165,Delivered,41
10459,14091,56,Late,21
10460,19911,62,Delivered,40
10461,4145,159,Delivered,64
10462,1696,79,Delivered,30
10463,9358,221,Late,52
10464,19908,163,Delivered,41
10465,6978,295,Delivered,33
10466,11116,147,Late,63
10467,11047,15,Late,62
10468,11545,21,Delivered,34
10469,13938,185,Late,70
10470,6420,19,Late,81
10471,12498,292,Delivered,42
10472,14758,137,Late,54
10473,7559,161,Delivered,64
10474,8871,89,Late,45
10475,8622,216,Delivered,56
10476,18004,195,Late,25
10477,15549,135,Late,82
10478,16122,81,Late,82
10479,19452,282,Late,58
10480,4226,142,Delivered,38
10481,9797,178,Late,47
10482,7714,169,Late,74
10483,1006,99,Late,85
10484,1942,112,Delivered,39
10485,1012,183,Late,71
10486,15180,168,Late,81
10487,11245,227,Late,66
10488,10502,298,Late,37
10489,6214,203,Late,62
10490,10798,261,Late,56
10491,11017,74,Delivered,15
10492,10892,104,Delivered,76
10493,5109,278,Late,27
10494,10983,188,Delivered,24
10495,2340,46,Late,31
10496,11168,291,Late,21
10497,6666,254,Late,57
10498,9983,157,Delivered,17
10499,8707,289,Delivered,20
10500,17547,251,Late,73
10501,15253,261,Delivered,62
10502,11526,181,Delivered,27
10503,18907,10,Late,35
10504,12518,234,Delivered,30
10505,8357,8,Late,72
10506,16888,132,Late,39
10507,19807,25,Late,22
10508,1042,32,Late,62
10509,18328,182,Late,42
10510,18964,111,Delivered,21
10511,15669,57,Late,36
10512,6143,51,Delivered,52
10513,3223,156,Late,78
10514,18549,287,Late,62
10515,2725,150,Late,44
10516,9184,103,Delivered,43
10517,1178,278,Late,27
10518,9287,222,Late,27
10519,12086,78,Late,41
10520,10351,3,Late,39
10521,10908,62,Delivered,56
10522,1977,208,Delivered,66
10523,8691,44,Late,62
10524,2673,66,Delivered,86
10525,12519,255,Late,72
10526,3684,284,Late,18
10527,12530,135,Late,42
10528,5840,260,Late,17
10529,12038,261,Delivered,42
10530,11859,129,Delivered,78
10531,9115,241,Delivered,15
10532,7966,220,Delivered,20
10533,13121,15,Delivered,64
10534,18684,49,Delivered,75
10535,16864,112,Late,87
10536,13067,95,Late,57
10537,10333,239,Late,32
10538,13137,78,Late,32
10539,12073,22,Delivered,29
10540,14510,203,Delivered,86
10541,1981,38,Late,37
10542,13826,250,Late,82
10543,12048,189,Delivered,43
10544,4247,22,Late,71
10545,5696,53,Late,24
10546,16646,78,Delivered,66
10547,10113,296,Delivered,66
10548,9557,185,Delivered,21
10549,4516,250,Delivered,67
10550,7732,66,Late,43
10551,6528,48,Delivered,79
10552,13225,284,Late,21
10553,7110,223,Late,76
10554,5161,9,Delivered,33
10555,11298,12,Delivered,30
10556,9506,156,Delivered,65
10557,2540,249,Late,28
10558,6446,184,Delivered,47
10559,18189,235,Delivered,44
10560,16647,59,Delivered,61
10561,13844,170,Late,52
10562,185,217,Late,84
10563,5775,213,Late,47
10564,18909,158,Late,86
10565,15807,298,Delivered,65
10566,10335,184,Delivered,63
10567,14558,52,Late,26
10568,5287,46,Delivered,83
10569,8851,37,Delivered,82
10570,10025,106,Delivered,53
10571,10775,136,Late,57
10572,15420,144,Late,84
10573,2476,240,Delivered,50
10574,6352,42,Delivered,59
10575,19969,67,Delivered,74
10576,1835,206,Late,47
10577,10305,196,Late,52
10578,12509,270,Late,21
10579,10868,105,Delivered,38
10580,5637,66,Late,81
10581,3918,53,Delivered,88
10582,637,75,Delivered,67
10583,10836,4,Delivered,77
10584,11194,237,Delivered,70
10585,1633,289,Late,45
10586,17303,77,Late,78
10587,5199,231,Delivered,54
10588,3708,53,Delivered,56
10589,10044,298,Delivered,29
10590,11159,110,Delivered,28
10591,4376,127,Late,79
10592,10652,189,Late,17
10593,11962,68,Delivered,59
10594,1723,2,Late,18
10595,8628,291,Delivered,85
10596,14547,65,Late,64
10597,2911,179,Delivered,52
10598,797,50,Delivered,27
10599,539,56,Late,79
10600,3148,116,Delivered,25
10601,17841,281,Delivered,27
10602,10594,295,Delivered,34
10603,19314,159,Late,77
10604,7993,285,Late,27
10605,16427,251,Late,64
10606,10790,213,Delivered,29
10607,5147,56,Late,23
10608,7550,159,Delivered,33
10609,17475,37,Late,57
10610,2312,146,Late,46
10611,2647,190,Late,84
10612,15425,61,Late,86
10613,305,9,Late,70
10614,12313,133,Late,65
10615,16300,239,Late,22
10616,10654,165,Delivered,65
10617,10966,4,Late,31
10618,2117,78,Delivered,62
10619,2185,98,Delivered,22
10620,8884,11,Late,27
10621,15760,117,Late,52
10622,13734,7,Delivered,81
10623,1551,290,Late,23
10624,8256,191,Delivered,84
10625,5851,44,Delivered,41
10626,8366,90,Late,26
10627,1189,86,Late,71
10628,13213,242,Late,52
10629,13641,124,Delivered,89
10630,3330,298,Late,61
10631,7261,264,Delivered,31
10632,459,195,Delivered,43
10633,13056,109,Late,55
10634,857,295,Delivered,67
10635,16733,41,Delivered,39
10636,3174,177,Delivered,52
10637,12579,59,Delivered,77
10638,758,243,Late,17
10639,3871,264,Late,75
10640,1663,18,Delivered,32
10641,16383,181,Late,69
10642,219,148,Delivered,63
10643,6484,235,Late,87
10644,6571,71,Late,68
10645,10880,155,Late,87
10646,16237,28,Delivered,49
10647,13576,5,Delivered,61
10648,4393,1,Late,34
10649,13870,224,Late,25
10650,1590,32,Delivered,53
10651,17764,80,Delivered,89
10652,10521,228,Delivered,88
10653,10154,38,Delivered,77
10654,5609,220,Delivered,67
10655,12909,146,Late,42
10656,15813,261,Late,61
10657,9108,256,Late,68
10658,2830,296,Late,82
10659,5397,295,Delivered,31
10660,15738,188,Late,82
10661,14419,300,Delivered,27
10662,15154,220,Late,55
10663,15505,115,Late,57
10664,18230,188,Delivered,16
10665,6419,73,Delivered,81
10666,15381,101,Delivered,56
10667,17000,78,Late,80
10668,19557,50,Delivered,45
10669,8508,293,Late,53
10670,4070,258,Late,72
10671,14465,46,Delivered,59
10672,7460,180,Delivered,22
10673,4411,49,Delivered,63
10674,11394,51,Late,55
10675,18824,31,Late,68
10676,3825,58,Delivered,78
10677,17753,277,Late,39
10678,12655,235,Late,57
10679,19667,127,Late,57
10680,18248,89,Delivered,68
10681,9557,182,Delivered,18
10682,17818,128,Delivered,81
10683,10901,66,Late,52
10684,10926,89,Delivered,29
10685,9749,198,Delivered,46
10686,4750,245,Delivered,63
10687,15502,187,Delivered,50
10688,11128,260,Delivered,80
10689,8973,264,Late,31
10690,37,269,Late,31
10691,6684,21,Late,71
10692,11027,153,Delivered,21
10693,8742,199,Delivered,23
10694,15358,297,Late,66
10695,6016,47,Late,81
10696,6108,92,Delivered,22
10697,974,185,Late,61
10698,11283,230,Late,73
10699,13388,132,Late,55
10700,232,230,Late,65
10701,2462,102,Delivered,84
10702,5693,54,Delivered,77
10703,3214,82,Late,39
10704,16049,212,Delivered,29
10705,11628,34,Late,78
10706,16888,98,Delivered,53
10707,16727,30,Delivered,62
10708,11900,190,Delivered,64
10709,6078,206,Delivered,51
10710,6775,296,Late,19
10711,18766,4,Late,41
10712,4558,92,Delivered,37
10713,17522,86,Late,15
10714,10319,151,Delivered,31
10715,1692,146,Late,48
10716,3117,229,Late,56
10717,16070,296,Delivered,42
10718,4019,39,Late,42
10719,16368,184,Delivered,40
10720,16680,263,Late,80
10721,7829,39,Delivered,18
10722,15699,188,Delivered,46
10723,3754,10,Delivered,28
10724,19233,246,Delivered,64
10725,18166,74,Late,61
10726,12054,10,Delivered,72
10727,14552,278,Delivered,32
10728,13547,77,Late,90
10729,16540,203,Late,79
10730,3789,279,Delivered,89
10731,2012,72,Delivered,51
10732,7940,224,Late,49
10733,12018,37,Late,26
10734,3460,150,Late,25
10735,6346,146,Delivered,80
10736,8966,179,Delivered,43
10737,3778,213,Delivered,29
10738,7100,54,Late,24
10739,562,240,Late,21
10740,7351,227,Late,86
10741,1149,158,Delivered,39
10742,6593,193,Late,41
10743,14117,144,Late,29
10744,17593,31,Delivered,78
10745,1538,262,Late,20
10746,9096,212,Late,38
10747,11991,124,Late,90
10748,15169,2,Delivered,66
10749,5585,184,Delivered,90
10750,8903,188,Late,77
10751,1742,215,Delivered,66
10752,215,205,Delivered,59
10753,4382,119,Late,75
10754,14082,276,Late,79
10755,18183,253,Delivered,63
10756,1632,290,Delivered,86
10757,347,166,Delivered,45
10758,10522,94,Late,15
10759,14380,2,Late,41
10760,10242,109,Delivered,62
10761,13491,102,Delivered,43
10762,5317,163,Late,30
10763,823,187,Late,69
10764,1668,174,Late,65
10765,12499,230,Late,65
10766,1342,215,Delivered,84
10767,18080,148,Delivered,62
10768,11773,23,Late,53
10769,16218,123,Delivered,56
10770,3380,48,Late,87
10771,14907,115,Late,84
10772,2003,53,Late,85
10773,14010,141,Delivered,35
10774,1530,197,Late,67
10775,6395,101,Late,34
10776,2957,40,Late,49
10777,17759,145,Delivered,32
10778,19232,272,Late,23
10779,12025,48,Late,36
10780,1073,211,Delivered,82
10781,17693,296,Delivered,83
10782,1597,92,Delivered,30
10783,10178,289,Late,90
10784,5587,79,Late,42
10785,29,216,Delivered,34
10786,274,45,Delivered,63
10787,15737,135,Late,87
10788,16318,98,Late,49
10789,6785,71,Delivered,82
10790,12604,48,Late,29
10791,15794,150,Late,77
10792,11523,299,Delivered,53
10793,4569,294,Late,30
10794,11784,278,Late,55
10795,3860,53,Delivered,80
10796,8894,281,Delivered,77
10797,4385,297,Delivered,47
10798,4839,23,Delivered,87
10799,1888,270,Late,59
10800,10911,41,Late,29
10801,4455,282,Delivered,77
10802,17345,204,Delivered,84
10803,8704,93,Delivered,63
10804,659,278,Late,41
10805,2084,177,Delivered,36
10806,5295,243,Late,63
10807,5729,171,Late,71
10808,18017,151,Late,29
10809,19264,14,Late,17
10810,11787,19,Late,75
10811,2127,275,Delivered,83
10812,18054,280,Late,42
10813,13181,11,Delivered,42
10814,13083,195,Delivered,34
10815,13297,124,Delivered,73
10816,5359,236,Delivered,58
10817,4348,243,Late,17
10818,644,43,Late,17
10819,18792,192,Delivered,46
10820,8162,96,Late,45
10821,3112,51,Late,49
10822,11175,133,Late,44
10823,3680,191,Delivered,69
10824,4966,59,Late,84
10825,18046,218,Delivered,17
10826,5217,171,Delivered,75
10827,10434,96,Delivered,15
10828,15163,211,Delivered,71
10829,6921,93,Delivered,71
10830,9481,214,Late,43
10831,12565,175,Late,67
10832,12618,142,Late,40
10833,16223,42,Delivered,69
10834,10134,57,Delivered,89
10835,11579,50,Delivered,85
10836,7900,51,Delivered,29
10837,12170,270,Late,29
10838,5088,85,Late,63
10839,3433,112,Late,78
10840,3488,5,Delivered,76
10841,5996,58,Delivered,44
10842,6931,4,Late,53
10843,16021,248,Delivered,39
10844,15124,238,Delivered,17
10845,4504,292,Delivered,68
10846,4691,177,Delivered,47
10847,18379,65,Late,83
10848,6907,43,Late,71
10849,7133,198,Late,70
10850,13312,216,Late,56
10851,15059,104,Delivered,41
10852,4212,36,Late,89
10853,8548,150,Late,77
10854,1857,146,Late,32
10855,5013,297,Delivered,31
10856,120,60,Delivered,88
10857,2814,150,Delivered,70
10858,11208,105,Delivered,64
10859,6678,92,Delivered,67
10860,2366,234,Late,35
10861,5462,49,Delivered,39
10862,18315,145,Late,90
10863,6630,163,Late,49
10864,1816,38,Late,38
10865,12042,32,Delivered,60
10866,4623,134,Delivered,40
10867,10077,108,Delivered,38
10868,2361,245,Late,54
10869,11733,64,Delivered,62
10870,12477,254,Delivered,24
10871,17837,89,Late,75
10872,11665,136,Late,38
10873,7786,40,Late,60
10874,5816,113,Late,26
10875,8040,268,Delivered,24
10876,16325,192,Delivered,87
10877,6004,24,Late,20
10878,12349,19,Delivered,83
10879,8177,165,Late,22
10880,16203,285,Late,78
10881,8892,179,Late,84
10882,5639,181,Late,87
10883,9302,62,Late,50
10884,3585,210,Delivered,27
10885,17213,3,Delivered,87
10886,15346,230,Delivered,90
10887,8495,242,Late,55
10888,16110,131,Late,41
10889,14419,112,Late,80
10890,443,26,Late,48
10891,5110,283,Delivered,67
10892,3417,211,Delivered,78
10893,8363,207,Late,83
10894,12212,65,Delivered,25
10895,6630,198,Late,71
10896,11962,131,Late,40
10897,11121,247,Delivered,60
10898,15865,255,Late,25
10899,925,191,Late,84
10900,412,112,Delivered,39
10901,17773,256,Delivered,28
10902,18104,16,Late,38
10903,4778,259,Delivered,56
10904,13730,176,Delivered,89
10905,8869,152,Delivered,60
10906,14887,68,Delivered,26
10907,3978,150,Delivered,80
10908,17596,53,Late,85
10909,1852,42,Delivered,81
10910,10029,57,Late,68
10911,11103,260,Delivered,26
10912,18964,84,Late,60
10913,4238,15,Late,41
10914,368,221,Delivered,55
10915,9989,67,Delivered,73
10916,19738,221,Delivered,65
10917,12816,123,Late,28
10918,7849,293,Delivered,47
10919,15534,171,Delivered,39
10920,15971,288,Late,53
10921,190,28,Delivered,40
10922,19704,121,Delivered,83
10923,10054,79,Delivered,16
10924,9966,16,Late,50
10925,9754,7,Delivered,26
10926,2275,256,Delivered,48
10927,5619,67,Delivered,81
10928,1695,273,Late,81
10929,17746,23,Delivered,80
10930,19914,287,Delivered,50
10931,4582,140,Delivered,42
10932,15548,299,Late,75
10933,19524,244,Delivered,28
10934,6937,43,Delivered,74
10935,10078,126,Late,39
10936,19806,20,Late,82
10937,15186,231,Delivered,61
10938,12254,178,Late,64
10939,15051,285,Delivered,19
10940,8753,256,Delivered,45
10941,2441,91,Late,53
10942,515,188,Delivered,36
10943,15312,82,Late,73
10944,16048,294,Delivered,74
10945,10970,276,Late,58
10946,11286,6,Delivered,65
10947,15762,235,Late,45
10948,13462,281,Late,76
10949,9096,194,Delivered,71
10950,2294,122,Delivered,22
10951,17144,179,Late,82
10952,15331,230,Delivered,49
10953,9864,299,Late,25
10954,15133,152,Late,81
10955,17710,5,Delivered,15
10956,4684,289,Delivered,58
10957,17739,295,Late,53
10958,9237,203,Delivered,64
10959,16572,204,Late,66
10960,13568,31,Delivered,66
10961,10282,56,Late,69
10962,6200,164,Late,68
10963,9802,176,Late,16
10964,18138,128,Late,43
10965,13589,78,Late,37
10966,19637,24,Delivered,77
10967,9015,28,Late,16
10968,5250,45,Late,58
10969,18325,241,Delivered,38
10970,4623,57,Late,87
10971,14575,50,Late,73
10972,3125,224,Delivered,67
10973,15419,209,Delivered,42
10974,445,101,Delivered,60
10975,12693,254,Late,62
10976,11833,121,Delivered,20
10977,3666,109,Delivered,63
10978,10631,99,Late,26
10979,2281,163,Late,60
10980,16890,130,Delivered,72
10981,7441,277,Delivered,64
10982,6863,79,Late,27
10983,9155,285,Delivered,56
10984,8508,218,Late,80
10985,17234,35,Delivered,27
10986,8636,300,Late,44
10987,10584,242,Late,35
10988,12734,196,Delivered,43
10989,10198,275,Delivered,48
10990,10837,196,Late,42
10991,13845,120,Late,48
10992,7860,25,Delivered,23
10993,12139,5,Delivered,77
10994,3873,192,Late,32
10995,15263,72,Delivered,42
10996,12669,232,Delivered,85
10997,4878,122,Delivered,45
10998,2012,10,Delivered,90
10999,14121,244,Delivered,51
11000,16003,3,Late,20
11001,18751,95,Late,27
11002,10741,199,Late,33
11003,9057,74,Late,52
11004,7421,26,Late,29
11005,17158,118,Delivered,73
11006,12063,185,Late,83
11007,17707,109,Late,35
11008,9402,53,Delivered,87
11009,4386,250,Late,44
11010,5335,86,Late,72
11011,2614,259,Late,77
11012,11967,213,Late,20
11013,10510,273,Late,43
11014,2704,231,Late,69
11015,15237,215,Delivered,47
11016,18925,145,Delivered,63
11017,19838,111,Delivered,50
11018,10155,214,Delivered,65
11019,10883,274,Late,75
11020,7113,8,Delivered,35
11021,18080,134,Delivered,32
11022,6403,1,Delivered,15
11023,12489,269,Late,67
11024,16247,145,Delivered,20
11025,10138,263,Late,34
11026,7079,98,Late,70
11027,10326,290,Late,82
11028,19286,175,Delivered,68
11029,14310,106,Delivered,37
11030,1322,4,Late,62
11031,18048,195,Delivered,71
11032,9414,46,Delivered,21
11033,5725,142,Late,71
11034,5074,151,Delivered,38
11035,9960,226,Late,26
11036,4510,241,Delivered,51
11037,9288,240,Delivered,44
11038,8149,297,Late,86
11039,15353,146,Delivered,65
11040,8356,262,Delivered,81
11041,14596,108,Late,84
11042,12677,114,Late,18
11043,5441,279,Delivered,42
11044,10951,299,Delivered,71
11045,19035,285,Delivered,68
11046,3987,154,Delivered,39
11047,9775,93,Late,27
11048,13685,196,Late,75
11049,6272,147,Delivered,83
11050,2647,170,Delivered,20
11051,13008,294,Late,24
11052,1930,71,Late,26
11053,15883,208,Late,22
11054,10613,226,Late,61
11055,7195,252,Late,51
11056,6580,57,Delivered,24
11057,1351,287,Late,31
11058,19327,243,Late,77
11059,13416,113,Late,28
11060,8872,73,Late,51
11061,4887,286,Delivered,80
11062,4799,8,Late,78
11063,11446,112,Delivered,16
11064,12027,228,Late,42
11065,5416,173,Late,45
11066,19790,11,Delivered,45
11067,11666,250,Late,73
11068,17466,294,Late,53
11069,6183,44,Delivered,51
11070,12197,287,Late,51
11071,4895,171,Delivered,71
11072,9698,37,Late,61
11073,16459,270,Delivered,18
11074,4747,32,Delivered,39
11075,11044,15,Delivered,55
11076,3985,236,Delivered,33
11077,9488,269,Delivered,67
11078,10419,87,Late,17
11079,3271,32,Delivered,26
11080,11615,185,Late,86
11081,18277,19,Delivered,48
11082,17951,270,Late,26
11083,2037,68,Delivered,25
11084,5465,35,Delivered,86
11085,7816,133,Late,59
11086,19909,186,Late,71
11087,13968,77,Delivered,71
11088,17100,8,Late,16
11089,6256,191,Late,41
11090,18928,265,Late,79
11091,16281,47,Delivered,18
11092,4677,125,Delivered,65
11093,6707,189,Delivered,45
11094,12886,106,Late,82
11095,2267,66,Late,40
11096,4242,255,Late,64
11097,17009,259,Late,24
11098,17206,134,Delivered,79
11099,8313,275,Late,83
11100,2861,203,Delivered,67
11101,10519,69,Late,32
11102,14074,90,Late,47
11103,19206,44,Delivered,26
11104,5473,278,Delivered,22
11105,615,171,Delivered,23
11106,8171,131,Delivered,17
11107,7178,27,Delivered,87
11108,514,149,Delivered,16
11109,6281,135,Delivered,24
11110,9262,84,Delivered,71
11111,7072,242,Late,19
11112,15204,210,Late,80
11113,2475,30,Late,71
11114,2575,291,Late,37
11115,10257,195,Late,80
11116,11569,255,Late,54
11117,6351,94,Delivered,70
11118,1817,228,Late,76
11119,14237,272,Delivered,21
11120,19562,132,Delivered,31
11121,17900,168,Delivered,44
11122,14841,201,Late,31
11123,3114,30,Delivered,61
11124,19189,216,Late,55
11125,18543,247,Late,90
11126,6896,197,Delivered,75
11127,15278,113,Delivered,42
11128,8447,56,Late,89
11129,4863,21,Late,79
11130,1838,220,Late,79
11131,9592,147,Late,37
11132,18171,274,Late,60
11133,6309,126,Late,16
11134,9758,158,Late,61
11135,17504,171,Delivered,79
11136,6849,55,Delivered,58
11137,1629,120,Delivered,16
11138,13222,226,Delivered,19
11139,11611,290,Delivered,62
11140,2762,289,Delivered,85
11141,1022,260,Delivered,83
11142,13903,293,Delivered,37
11143,2602,241,Delivered,83
11144,4150,11,Delivered,46
11145,16300,293,Delivered,26
11146,19703,95,Delivered,16
11147,13315,212,Delivered,25
11148,11538,283,Late,68
11149,1294,221,Delivered,50
11150,18215,9,Delivered,68
11151,11409,209,Delivered,72
11152,15558,108,Delivered,88
11153,5915,265,Delivered,69
11154,1962,211,Delivered,79
11155,14130,190,Late,79
11156,11844,89,Delivered,52
11157,17827,60,Late,38
11158,1960,189,Delivered,79
11159,9527,45,Late,38
11160,11764,61,Late,57
11161,365,182,Late,79
11162,16708,298,Delivered,46
11163,16376,132,Delivered,64
11164,6922,104,Late,80
11165,10599,103,Delivered,35
11166,5845,150,Late,15
11167,12678,154,Late,26
11168,3747,221,Late,29
11169,19496,123,Delivered,41
11170,13026,104,Late,84
11171,7903,210,Delivered,25
11172,13661,102,Late,34
11173,5449,194,Delivered,45
11174,13800,1,Late,16
11175,13978,287,Late,54
11176,5016,75,Delivered,15
11177,5668,90,Late,69
11178,19261,256,Delivered,70
11179,19674,267,Late,28
11180,17734,177,Late,53
11181,7483,177,Late,45
11182,7677,182,Late,76
11183,14588,32,Late,84
11184,952,299,Delivered,44
11185,6484,121,Late,28
11186,17374,285,Delivered,40
11187,19474,254,Late,57
11188,12946,23,Late,47
11189,5658,23,Late,33
11190,8489,49,Delivered,80
11191,14835,246,Late,76
11192,18070,116,Delivered,56
11193,7893,136,Delivered,33
11194,11351,234,Delivered,88
11195,9151,130,Late,40
11196,2996,258,Late,75
11197,18274,50,Late,48
11198,8687,147,Delivered,32
11199,16101,258,Late,21
11200,10291,154,Delivered,81
11201,8501,254,Delivered,79
11202,11727,206,Delivered,83
11203,7688,40,Delivered,81
11204,17147,136,Delivered,24
11205,10646,47,Delivered,64
11206,1857,196,Delivered,52
11207,11824,127,Delivered,64
11208,11383,178,Late,40
11209,963,192,Late,15
11210,12917,58,Late,20
11211,19403,209,Late,59
11212,4360,21,Late,62
11213,2246,154,Late,33
11214,15718,228,Late,52
11215,18406,234,Delivered,71
11216,7778,2,Delivered,85
11217,19095,113,Late,31
11218,13875,151,Delivered,24
11219,17754,44,Delivered,59
11220,17842,51,Delivered,26
11221,14917,40,Late,59
11222,2128,77,Late,80
11223,13262,268,Delivered,79
11224,4358,37,Late,80
11225,12521,98,Late,87
11226,19552,79,Delivered,59
11227,16946,266,Delivered,31
11228,2560,165,Delivered,50
11229,19932,77,Delivered,45
11230,16891,29,Delivered,62
11231,8048,162,Delivered,67
11232,14568,112,Delivered,88
11233,17197,167,Delivered,65
11234,3389,89,Late,70
11235,9173,263,Delivered,16
11236,312,107,Delivered,35
11237,15706,118,Late,62
11238,7563,225,Late,63
11239,15351,150,Delivered,69
11240,17052,43,Delivered,56
11241,6878,229,Late,85
11242,9146,91,Late,78
11243,15158,116,Delivered,86
11244,2194,144,Late,35
11245,9065,271,Late,51
11246,7945,101,Late,50
11247,2660,29,Delivered,88
11248,592,105,Late,66
11249,15834,149,Late,64
11250,10402,168,Delivered,33
11251,9632,292,Late,82
11252,17154,173,Delivered,87
11253,15015,169,Late,21
11254,7141,77,Late,47
11255,18136,258,Late,32
11256,13563,215,Late,62
11257,4045,148,Delivered,35
11258,9137,214,Late,32
11259,10115,103,Delivered,15
11260,19240,255,Delivered,30
11261,6411,89,Late,39
11262,14429,251,Delivered,15
11263,8846,173,Late,64
11264,15102,1,Delivered,28
11265,16318,76,Late,76
11266,2093,212,Late,41
11267,2116,99,Delivered,62
11268,663,124,Late,72
11269,12619,39,Delivered,51
11270,8536,69,Delivered,52
11271,19233,103,Delivered,44
11272,11540,78,Late,43
11273,19163,61,Late,68
11274,9172,183,Late,89
11275,17367,211,Delivered,24
11276,883,189,Delivered,15
11277,11077,253,Late,87
11278,10569,52,Late,18
11279,2028,89,Delivered,35
11280,15546,148,Delivered,65
11281,7583,21,Late,34
11282,13051,126,Delivered,26
11283,12401,107,Late,29
11284,5249,202,Late,65
11285,5164,277,Late,69
11286,4393,171,Late,81
11287,2967,199,Late,82
11288,13414,189,Late,75
11289,12908,164,Late,29
11290,9480,117,Delivered,63
11291,19940,203,Late,59
11292,13180,27,Delivered,31
11293,9702,279,Delivered,25
11294,15586,90,Delivered,65
11295,19455,68,Late,61
11296,2768,53,Delivered,39
11297,8445,260,Delivered,76
11298,18647,92,Late,31
11299,1091,200,Delivered,69
11300,4717,184,Late,70
11301,5087,185,Delivered,22
11302,2647,23,Delivered,33
11303,10894,13,Late,15
11304,2424,274,Delivered,71
11305,6623,96,Late,69
11306,11518,273,Late,17
11307,8494,44,Delivered,77
11308,6033,252,Delivered,67
11309,10900,60,Late,70
11310,12269,183,Delivered,83
11311,451,13,Delivered,42
11312,374,169,Delivered,25
11313,3698,62,Late,52
11314,5885,223,Delivered,19
11315,17250,145,Delivered,90
11316,12335,255,Late,52
11317,2258,86,Late,89
11318,5678,242,Late,34
11319,54,291,Delivered,75
11320,13885,45,Delivered,64
11321,18851,186,Delivered,40
11322,6837,88,Late,49
11323,8695,269,Late,20
11324,3778,18,Delivered,82
11325,7841,37,Delivered,73
11326,14999,180,Late,22
11327,2739,290,Late,18
11328,1654,292,Delivered,60
11329,16428,143,Delivered,22
11330,18589,148,Delivered,69
11331,19024,21,Delivered,47
11332,11935,57,Delivered,43
11333,4876,9,Delivered,68
11334,6730,160,Late,81
11335,14171,265,Late,20
11336,5738,177,Delivered,16
11337,14617,46,Delivered,28
11338,14752,55,Late,80
11339,16234,213,Late,66
11340,18473,80,Delivered,74
11341,9303,114,Late,65
11342,15213,181,Late,17
11343,1282,260,Late,58
11344,2125,192,Late,44
11345,18662,23,Delivered,57
11346,7263,81,Delivered,68
11347,18421,114,Late,15
11348,153,191,Late,87
11349,9181,216,Delivered,30
11350,17152,148,Late,87
11351,1382,245,Late,15
11352,9787,49,Late,26
11353,13274,282,Late,46
11354,303,293,Late,86
11355,5257,215,Late,77
11356,8718,106,Late,81
11357,19109,127,Delivered,50
11358,14710,286,Late,20
11359,11292,86,Late,74
11360,17,136,Late,82
11361,479,214,Delivered,49
11362,29,144,Delivered,82
11363,587,209,Delivered,80
11364,17282,269,Delivered,70
11365,3758,114,Late,69
11366,5737,121,Delivered,53
11367,12527,90,Delivered,22
11368,17940,152,Delivered,82
11369,8191,86,Late,68
11370,184,75,Delivered,38
11371,7923,62,Delivered,89
11372,17145,150,Late,46
11373,8949,125,Delivered,84
11374,554,60,Delivered,22
11375,358,160,Late,32
11376,10950,222,Delivered,41
11377,9884,185,Late,78
11378,10359,179,Late,19
11379,10264,110,Late,66
11380,10653,83,Delivered,84
11381,5917,12,Late,85
11382,6965,252,Late,68
11383,11261,227,Late,49
11384,8628,265,Delivered,87
11385,8917,107,Late,29
11386,3667,69,Delivered,42
11387,17940,65,Delivered,67
11388,14199,216,Delivered,40
11389,6297,274,Late,71
11390,1387,278,Delivered,58
11391,8907,242,Delivered,81
11392,1144,211,Delivered,72
11393,1765,104,Delivered,90
11394,3121,268,Delivered,32
11395,1729,155,Delivered,75
11396,10852,250,Late,18
11397,3682,89,Delivered,90
11398,3254,157,Delivered,20
11399,17404,208,Late,23
11400,7652,2,Late,34
11401,18466,48,Delivered,53
11402,4309,134,Late,50
11403,18892,19,Delivered,37
11404,6899,72,Delivered,57
11405,16589,71,Delivered,75
11406,19282,41,Delivered,35
11407,18257,183,Late,33
11408,19557,74,Late,81
11409,5425,20,Late,37
11410,8239,11,Late,30
11411,1170,34,Delivered,75
11412,1855,84,Delivered,22
11413,4251,267,Delivered,19
11414,9231,289,Delivered,35
11415,15551,239,Late,83
11416,8535,86,Late,54
11417,2677,151,Late,31
11418,16686,94,Late,59
11419,11027,50,Late,36
11420,15150,252,Late,50
11421,17617,86,Late,20
11422,12726,18,Delivered,29
11423,9681,297,Late,52
11424,1507,126,Delivered,56
11425,1459,63,Delivered,31
11426,5009,128,Late,24
11427,2143,111,Late,15
11428,17579,29,Late,80
11429,13989,158,Delivered,21
11430,11032,53,Delivered,31
11431,12897,33,Delivered,74
11432,1238,135,Delivered,63
11433,3971,152,Late,44
11434,10787,107,Late,41
11435,3878,286,Delivered,34
11436,8635,253,Delivered,26
11437,17325,71,Late,63
11438,14351,200,Late,81
11439,1685,54,Late,19
11440,13173,37,Late,51
11441,1723,166,Late,90
11442,2389,252,Delivered,60
11443,12611,237,Delivered,64
11444,6730,50,Late,52
11445,7790,264,Late,18
11446,5005,238,Delivered,87
11447,15371,99,Delivered,42
11448,17420,188,Delivered,53
11449,4770,254,Late,69
11450,4766,74,Late,55
11451,2442,274,Delivered,64
11452,15877,34,Late,78
11453,9631,98,Late,51
11454,7902,191,Late,54
11455,637,120,Late,51
11456,5125,179,Late,15
11457,13458,35,Delivered,78
11458,3465,266,Late,49
11459,5312,103,Delivered,31
11460,9423,187,Delivered,67
11461,17807,295,Delivered,41
11462,1701,245,Late,52
11463,19363,80,Late,64
11464,4733,174,Delivered,28
11465,18933,212,Delivered,47
11466,3952,257,Delivered,69
11467,7628,159,Delivered,68
11468,8313,161,Late,84
11469,14028,89,Late,32
11470,17494,252,Late,86
11471,6569,166,Delivered,41
11472,9635,66,Late,19
11473,4735,159,Late,35
11474,6773,197,Delivered,59
11475,1363,158,Late,23
11476,11068,254,Late,21
11477,14332,219,Delivered,24
11478,3519,287,Delivered,39
11479,17995,26,Late,76
11480,14368,250,Delivered,81
11481,13726,166,Late,45
11482,17442,262,Delivered,89
11483,3052,39,Late,52
11484,1372,66,Delivered,40
11485,13722,36,Late,18
11486,18203,280,Delivered,71
11487,858,258,Late,66
11488,1425,184,Late,63
11489,12032,181,Late,34
11490,15543,39,Late,58
11491,944,254,Delivered,62
11492,7269,211,Delivered,46
11493,12468,207,Late,29
11494,4345,48,Delivered,76
11495,5181,236,Late,48
11496,18333,209,Delivered,50
11497,14569,207,Late,63
11498,4299,131,Late,87
11499,18868,25,Late,71
11500,7854,111,Delivered,90
11501,11362,259,Late,27
11502,10579,217,Late,22
11503,16120,41,Delivered,17
11504,13278,108,Delivered,70
11505,12672,220,Late,44
11506,13475,182,Late,81
11507,11014,142,Late,85
11508,337,79,Delivered,20
11509,14543,209,Late,22
11510,19805,212,Late,40
11511,7221,132,Late,64
11512,11604,11,Delivered,47
11513,1914,219,Delivered,78
11514,19633,106,Late,32
11515,13537,207,Late,15
11516,17869,286,Late,60
11517,15245,272,Delivered,77
11518,17075,107,Late,16
11519,12870,179,Delivered,18
11520,4377,114,Delivered,33
11521,17311,131,Late,54
11522,17001,291,Delivered,86
11523,11638,145,Late,48
11524,11533,223,Delivered,66
11525,8698,132,Late,75
11526,13062,171,Delivered,56
11527,17894,143,Delivered,47
11528,17100,112,Delivered,37
11529,7490,23,Delivered,73
11530,14313,299,Late,67
11531,17433,213,Delivered,70
11532,16168,94,Late,83
11533,9550,1,Late,88
11534,9693,36,Late,83
11535,11914,80,Late,70
11536,10763,4,Late,50
11537,3707,266,Delivered,87
11538,15890,104,Late,68
11539,10311,293,Delivered,78
11540,8515,5,Delivered,17
11541,10036,289,Late,47
11542,17981,90,Late,63
11543,3514,184,Late,32
11544,822,159,Late,69
11545,4328,286,Delivered,70
11546,2148,232,Late,82
11547,10712,48,Late,47
11548,11894,246,Late,54
11549,5211,47,Late,63
11550,12611,276,Late,44
11551,13053,20,Late,52
11552,19019,106,Late,42
11553,12771,267,Late,67
11554,14190,270,Delivered,53
11555,2307,271,Late,70
11556,7686,52,Delivered,42
11557,19576,100,Late,86
11558,12447,277,Delivered,79
11559,2138,111,Late,18
11560,9727,104,Delivered,25
11561,14123,254,Late,59
11562,15854,28,Late,81
11563,15931,91,Delivered,73
11564,16863,203,Late,42
11565,7607,205,Late,69
11566,10086,274,Late,22
11567,1338,228,Late,24
11568,1975,128,Delivered,90
11569,2907,234,Delivered,49
11570,14824,35,Late,44
11571,6264,234,Delivered,84
11572,18396,281,Delivered,16
11573,11328,63,Delivered,73
11574,6691,298,Late,70
11575,7105,244,Late,31
11576,4506,98,Delivered,76
11577,10560,252,Delivered,71
11578,8298,272,Delivered,77
11579,9275,130,Delivered,40
11580,12587,81,Delivered,49
11581,9675,31,Delivered,75
11582,14017,159,Late,86
11583,11814,269,Late,66
11584,15314,159,Delivered,77
11585,5274,14,Late,82
11586,14165,210,Delivered,86
11587,16743,31,Late,32
11588,6694,285,Late,67
11589,14296,221,Delivered,34
11590,1788,185,Late,81
11591,789,151,Late,72
11592,11080,276,Late,21
11593,15343,186,Late,40
11594,19260,69,Delivered,88
11595,13419,297,Delivered,37
11596,15941,116,Delivered,39
11597,8005,186,Late,67
11598,7323,87,Delivered,61
11599,3287,223,Delivered,28
11600,13666,263,Delivered,76
11601,3741,268,Late,76
11602,14121,226,Delivered,43
11603,4030,67,Late,44
11604,7352,46,Late,75
11605,18428,140,Late,86
11606,215,172,Late,33
11607,3243,145,Delivered,57
11608,7997,153,Late,41
11609,9818,279,Late,58
11610,5058,43,Late,76
11611,3980,166,Delivered,27
11612,12304,155,Late,85
11613,14756,266,Late,26
11614,4089,38,Late,62
11615,3192,23,Delivered,17
11616,18156,223,Late,71
11617,16088,207,Late,63
11618,2,88,Late,63
11619,138,82,Late,37
11620,383,195,Late,51
11621,1262,85,Delivered,43
11622,16518,149,Delivered,74
11623,8850,8,Delivered,29
11624,1171,225,Delivered,90
11625,252,137,Delivered,61
11626,2485,243,Late,16
11627,10460,10,Late,45
11628,17244,46,Late,71
11629,13131,240,Late,58
11630,3301,162,Delivered,53
11631,15095,135,Delivered,25
11632,9599,77,Delivered,26
11633,14835,169,Late,24
11634,3797,41,Delivered,86
11635,5912,113,Late,35
11636,13329,182,Late,67
11637,4098,296,Late,89
11638,612,48,Late,27
11639,8565,149,Late,48
11640,4563,30,Late,52
11641,8555,185,Delivered,56
11642,14301,86,Delivered,89
11643,4953,131,Delivered,17
11644,13032,202,Late,31
11645,3639,241,Late,59
11646,12317,4,Delivered,81
11647,17089,165,Delivered,44
11648,603,167,Late,41
11649,15379,14,Late,26
11650,4507,143,Late,46
11651,4735,286,Delivered,17
11652,10479,80,Delivered,72
11653,10612,140,Late,18
11654,15825,106,Late,36
11655,4229,127,Delivered,53
11656,12174,243,Late,86
11657,17607,163,Delivered,15
11658,3661,185,Delivered,60
11659,13506,117,Late,36
11660,7879,111,Late,90
11661,9954,161,Late,44
11662,18666,158,Late,17
11663,8804,209,Delivered,38
11664,793,58,Late,66
11665,7096,230,Late,43
11666,10604,37,Late,34
11667,244,47,Delivered,67
11668,12458,14,Delivered,55
11669,8472,74,Delivered,16
11670,255,117,Delivered,73
11671,11912,252,Delivered,57
11672,10961,222,Late,39
11673,3139,221,Late,34
11674,8669,96,Delivered,38
11675,17895,40,Delivered,59
11676,15482,300,Delivered,90
11677,10520,30,Delivered,83
11678,15586,70,Delivered,81
11679,5279,273,Delivered,52
11680,9618,228,Late,90
11681,18140,61,Delivered,57
11682,19769,94,Delivered,64
11683,4068,17,Late,26
11684,977,209,Late,41
11685,3080,227,Delivered,56
11686,8573,96,Late,16
11687,13522,240,Delivered,66
11688,11563,40,Delivered,54
11689,8377,228,Delivered,46
11690,2015,213,Late,17
11691,6725,18,Late,54
11692,7928,106,Delivered,80
11693,12567,56,Delivered,40
11694,5591,192,Delivered,51
11695,17632,101,Delivered,41
11696,6629,228,Delivered,81
11697,14703,132,Late,21
11698,16882,90,Late,89
11699,3846,288,Late,16
11700,15914,204,Delivered,28
11701,14886,92,Delivered,78
11702,4251,242,Delivered,37
11703,18222,237,Delivered,88
11704,13989,149,Late,50
11705,11920,224,Late,82
11706,842,63,Delivered,30
11707,15276,109,Delivered,24
11708,6508,160,Late,32
11709,2240,135,Late,57
11710,11688,182,Delivered,78
11711,12214,135,Late,37
11712,632,68,Delivered,41
11713,1149,129,Delivered,27
11714,13765,125,Delivered,33
11715,9277,7,Delivered,20
11716,18597,265,Delivered,81
11717,15526,191,Late,90
11718,1228,152,Late,17
11719,15977,35,Delivered,87
11720,19,291,Delivered,78
11721,654,284,Late,77
11722,9932,295,Delivered,30
11723,10645,163,Late,66
11724,10727,275,Delivered,45
11725,10661,30,Late,84
11726,11640,181,Delivered,27
11727,11043,201,Late,60
11728,16009,269,Late,79
11729,2211,238,Delivered,28
11730,3880,228,Delivered,51
11731,7774,227,Delivered,32
11732,18732,238,Delivered,75
11733,6134,30,Delivered,24
11734,18307,299,Delivered,48
11735,8504,217,Late,63
11736,10108,148,Delivered,36
11737,15667,253,Late,69
11738,10618,207,Delivered,38
11739,18477,171,Late,17
11740,3141,256,Delivered,70
11741,5405,15,Delivered,50
11742,10870,262,Delivered,34
11743,11523,181,Late,29
11744,18921,143,Late,60
11745,9228,72,Delivered,25
11746,5421,94,Late,70
11747,17555,230,Late,36
11748,15184,15,Late,20
11749,12712,84,Delivered,36
11750,4003,32,Late,71
11751,9832,283,Late,21
11752,15434,291,Late,40
11753,19085,183,Delivered,59
11754,10723,288,Late,41
11755,5141,264,Late,80
11756,9685,267,Late,84
11757,6484,214,Late,30
11758,6058,122,Late,80
11759,19,233,Late,33
11760,12375,238,Delivered,87
11761,12780,250,Delivered,71
11762,19768,117,Late,86
11763,9892,238,Late,70
11764,12998,92,Late,90
11765,10214,15,Late,30
11766,10457,199,Late,26
11767,18461,189,Late,30
11768,3129,8,Late,49
11769,16472,37,Late,90
11770,2595,298,Late,15
11771,14076,243,Delivered,41
11772,12274,250,Delivered,86
11773,14838,166,Delivered,24
11774,18826,282,Delivered,73
11775,17554,76,Delivered,59
11776,19482,48,Delivered,89
11777,13729,180,Delivered,88
11778,14053,102,Delivered,87
11779,3257,171,Late,50
11780,8915,181,Delivered,42
11781,16364,297,Late,19
11782,13160,95,Late,86
11783,13219,218,Late,31
11784,9369,111,Late,31
11785,15295,6,Delivered,62
11786,15606,27,Late,30
11787,1979,78,Late,16
11788,14642,267,Late,25
11789,18708,263,Delivered,77
11790,8346,75,Delivered,62
11791,4785,248,Late,77
11792,17808,105,Late,21
11793,14836,151,Late,88
11794,5731,157,Delivered,61
11795,4358,217,Delivered,46
11796,9291,270,Delivered,55
11797,11904,255,Delivered,75
11798,15094,120,Delivered,83
11799,15492,252,Delivered,25
11800,6177,21,Late,16
11801,16807,64,Late,57
11802,18914,77,Delivered,59
11803,15403,85,Delivered,61
11804,9021,96,Late,17
11805,8394,251,Delivered,30
11806,2044,235,Late,49
11807,12915,215,Late,66
11808,6143,157,Late,29
11809,17355,239,Delivered,53
11810,6173,80,Delivered,29
11811,19474,272,Late,57
11812,16991,113,Delivered,42
11813,3319,300,Late,50
11814,19356,110,Late,36
11815,11495,177,Late,84
11816,710,38,Late,86
11817,4876,81,Delivered,58
11818,2136,251,Late,19
11819,15775,65,Late,17
11820,8502,181,Delivered,15
11821,4808,116,Delivered,30
11822,6371,61,Delivered,73
11823,18421,11,Late,20
11824,11375,154,Late,49
11825,18756,163,Late,57
11826,10630,166,Late,58
11827,18656,19,Delivered,69
11828,15833,9,Delivered,64
11829,16763,1,Delivered,35
11830,6639,26,Delivered,85
11831,8817,39,Delivered,72
11832,11798,230,Delivered,15
11833,13888,229,Late,15
11834,11295,286,Late,72
11835,14853,13,Delivered,52
11836,11521,98,Late,44
11837,2070,217,Delivered,83
11838,7852,124,Delivered,71
11839,16784,18,Late,66
11840,3086,166,Delivered,56
11841,5119,205,Late,31
11842,13424,26,Delivered,89
11843,16683,27,Delivered,67
11844,13981,290,Late,31
11845,405,96,Late,59
11846,17108,49,Delivered,59
11847,6944,45,Late,82
11848,12892,190,Late,25
11849,17312,255,Delivered,56
11850,1567,135,Delivered,18
11851,8295,19,Late,21
11852,11940,65,Late,75
11853,9507,224,Delivered,89
11854,10718,209,Delivered,84
11855,3100,208,Late,61
11856,18748,80,Delivered,75
11857,2367,130,Late,78
11858,5194,58,Delivered,85
11859,10574,97,Late,18
11860,14333,122,Late,34
11861,9680,141,Delivered,62
11862,13751,138,Late,72
11863,6367,204,Late,54
11864,13435,202,Late,51
11865,13551,105,Delivered,31
11866,10172,213,Late,55
11867,12019,5,Delivered,16
11868,27,264,Late,82
11869,14828,296,Delivered,40
11870,16826,286,Late,37
11871,14790,76,Delivered,33
11872,2540,76,Late,63
11873,706,257,Late,36
11874,5846,46,Late,57
11875,10874,104,Delivered,54
11876,7184,243,Delivered,71
11877,19210,66,Late,60
11878,2838,244,Late,37
11879,14482,210,Delivered,90
11880,8715,53,Late,41
11881,11328,7,Delivered,41
11882,10408,120,Late,34
11883,18865,8,Delivered,89
11884,18707,80,Delivered,37
11885,5056,153,Delivered,68
11886,17430,140,Delivered,46
11887,18822,46,Delivered,33
11888,12825,228,Late,26
11889,1485,253,Late,22
11890,10283,1,Late,43
11891,11135,105,Delivered,83
11892,17090,123,Delivered,51
11893,6495,210,Delivered,48
11894,9880,166,Delivered,34
11895,7173,182,Delivered,40
11896,3818,227,Delivered,22
11897,17730,5,Late,48
11898,11595,200,Delivered,39
11899,3695,84,Delivered,71
11900,18911,148,Late,78
11901,9897,86,Late,47
11902,2558,231,Delivered,79
11903,3332,160,Late,70
11904,15468,251,Delivered,52
11905,1920,71,Delivered,62
11906,12778,53,Late,56
11907,6347,39,Late,87
11908,8455,261,Late,70
11909,9179,276,Late,69
11910,6801,8,Delivered,87
11911,6414,64,Late,20
11912,2743,267,Late,54
11913,8151,292,Delivered,86
11914,4638,260,Late,44
11915,12712,47,Delivered,73
11916,18166,151,Late,33
11917,16635,286,Late,22
11918,6233,121,Late,76
11919,18364,216,Late,78
11920,9941,210,Delivered,79
11921,4608,204,Delivered,49
11922,8325,32,Delivered,18
11923,9728,228,Delivered,69
11924,17435,202,Late,55
11925,10599,201,Delivered,80
11926,19527,31,Late,74
11927,10442,37,Delivered,23
11928,6838,14,Delivered,41
11929,6302,138,Delivered,70
11930,10342,67,Delivered,39
11931,4492,238,Late,41
11932,11814,138,Late,74
11933,2951,247,Delivered,47
11934,19491,173,Delivered,35
11935,12773,211,Delivered,58
11936,7822,218,Late,41
11937,7645,18,Late,70
11938,11053,95,Late,33
11939,17067,244,Late,18
11940,330,165,Delivered,55
11941,10803,159,Late,65
11942,3619,183,Delivered,43
11943,11638,117,Late,64
11944,10703,47,Late,28
11945,1701,94,Late,53
11946,11558,127,Late,23
11947,8472,221,Late,38
11948,17919,33,Delivered,35
11949,4212,7,Delivered,63
11950,4247,94,Late,76
11951,18715,123,Delivered,88
11952,4790,163,Late,86
11953,17495,68,Delivered,46
11954,17021,284,Delivered,37
11955,17226,114,Delivered,17
11956,1533,232,Late,86
11957,11865,197,Late,37
11958,16768,48,Late,63
11959,5821,166,Late,56
11960,403,225,Late,51
11961,6615,220,Late,79
11962,428,208,Delivered,26
11963,10017,299,Delivered,66
11964,3941,238,Late,24
11965,18121,155,Delivered,15
11966,17412,105,Delivered,30
11967,11930,62,Delivered,32
11968,8701,61,Late,45
11969,7475,107,Late,89
11970,19003,200,Late,72
11971,948,117,Late,58
11972,18859,280,Delivered,72
11973,1735,105,Delivered,71
11974,19073,290,Late,31
11975,12983,83,Late,67
11976,725,31,Late,82
11977,588,79,Delivered,87
11978,1056,113,Late,75
11979,6999,125,Delivered,47
11980,5677,270,Late,78
11981,19347,17,Late,43
11982,4869,137,Late,75
11983,14232,137,Delivered,63
11984,3374,26,Delivered,27
11985,19548,21,Late,52
11986,18568,42,Delivered,56
11987,5773,101,Late,65
11988,2227,48,Late,30
11989,8529,163,Delivered,80
11990,525,248,Late,64
11991,7454,12,Late,15
11992,14819,87,Late,85
11993,17233,258,Delivered,24
11994,3648,146,Delivered,37
11995,15488,50,Late,34
11996,5675,10,Late,35
11997,6832,220,Late,29
11998,1054,109,Delivered,47
11999,3667,246,Late,17
12000,7191,128,Delivered,76
12001,3131,227,Late,38
12002,7442,212,Delivered,50
12003,14411,214,Delivered,24
12004,8917,254,Late,72
12005,13181,68,Late,87
12006,1759,228,Delivered,66
12007,9812,186,Late,45
12008,16334,141,Delivered,83
12009,16583,43,Late,57
12010,13785,223,Late,76
12011,8148,89,Late,44
12012,4374,238,Late,81
12013,2158,175,Delivered,39
12014,8856,171,Late,20
12015,5143,152,Late,83
12016,13487,194,Delivered,63
12017,18590,231,Delivered,26
12018,9251,98,Delivered,76
12019,7358,210,Late,90
12020,4742,99,Delivered,15
12021,19159,173,Late,58
12022,28,12,Delivered,63
12023,8727,20,Delivered,54
12024,11142,21,Late,31
12025,3092,116,Late,78
12026,5158,148,Late,90
12027,10947,51,Delivered,62
12028,2235,216,Delivered,43
12029,4746,27,Late,45
12030,11635,14,Late,86
12031,15234,236,Delivered,87
12032,9859,1,Late,70
12033,12916,83,Delivered,27
12034,15220,252,Delivered,65
12035,756,140,Late,45
12036,5449,16,Delivered,83
12037,3298,73,Delivered,61
12038,8271,186,Late,66
12039,4178,278,Delivered,82
12040,14908,77,Delivered,23
12041,3086,33,Delivered,88
12042,19496,266,Delivered,86
12043,11710,231,Delivered,25
12044,19150,202,Late,34
12045,916,57,Delivered,52
12046,13907,102,Delivered,56
12047,632,151,Delivered,85
12048,7088,118,Late,20
12049,8535,103,Late,29
12050,14682,180,Late,59
12051,200,136,Delivered,85
12052,9815,25,Late,70
12053,17975,41,Late,71
12054,3854,2,Delivered,64
12055,5869,24,Late,78
12056,6949,295,Delivered,78
12057,13405,147,Delivered,24
12058,3383,232,Late,54
12059,5700,219,Late,54
12060,14044,123,Delivered,24
12061,4267,204,Late,70
12062,8621,251,Delivered,74
12063,2396,149,Late,61
12064,4781,214,Late,31
12065,19143,275,Delivered,45
12066,7055,67,Delivered,65
12067,8482,150,Late,19
12068,19921,282,Late,20
12069,13718,110,Late,43
12070,6497,96,Late,70
12071,17779,190,Late,59
12072,10250,289,Late,89
12073,14715,227,Late,88
12074,3271,91,Late,39
12075,19010,109,Late,19
12076,13711,152,Delivered,62
12077,5407,114,Delivered,17
12078,9392,207,Late,36
12079,12363,78,Late,23
12080,552,222,Late,45
12081,922,91,Delivered,79
12082,6470,283,Late,65
12083,12748,228,Late,89
12084,13367,131,Delivered,33
12085,14136,192,Late,77
12086,9211,269,Delivered,42
12087,2531,39,Late,44
12088,1336,129,Late,87
12089,3905,142,Delivered,20
12090,19229,246,Late,36
12091,28,220,Delivered,63
12092,14449,33,Delivered,29
12093,18104,201,Late,53
12094,10159,22,Delivered,21
12095,14318,171,Late,87
12096,15024,57,Delivered,27
12097,970,275,Late,38
12098,17328,62,Late,24
12099,16876,49,Late,58
12100,13422,35,Delivered,72
12101,2839,254,Delivered,58
12102,14163,50,Delivered,32
12103,3614,194,Delivered,34
12104,18559,143,Delivered,26
12105,9673,155,Late,85
12106,2388,9,Delivered,47
12107,10481,211,Late,86
12108,5502,94,Delivered,49
12109,72,98,Delivered,45
12110,11922,10,Late,75
12111,16610,260,Late,17
12112,4874,88,Late,74
12113,13752,291,Delivered,61
12114,1454,40,Delivered,67
12115,8296,281,Late,57
12116,16063,235,Late,73
12117,10307,121,Late,74
12118,9522,148,Late,90
12119,3698,282,Delivered,28
12120,15490,50,Late,25
12121,11179,129,Delivered,62
12122,4006,38,Late,70
12123,19193,133,Delivered,33
12124,3486,155,Delivered,74
12125,3928,283,Delivered,17
12126,218,30,Delivered,39
12127,7760,187,Delivered,24
12128,17485,103,Late,50
12129,16192,269,Late,68
12130,1973,39,Late,84
12131,15500,66,Delivered,21
12132,8508,200,Delivered,70
12133,4940,280,Delivered,80
12134,2860,38,Delivered,39
12135,10712,194,Delivered,41
12136,5526,111,Late,26
12137,13666,119,Delivered,42
12138,9193,108,Late,43
12139,13710,203,Late,51
12140,11626,212,Late,64
12141,15720,80,Delivered,55
12142,14648,291,Delivered,87
12143,19624,161,Delivered,67
12144,19508,291,Late,32
12145,17869,244,Delivered,53
12146,18765,110,Late,59
12147,12195,209,Late,61
12148,8142,260,Delivered,59
12149,601,159,Late,22
12150,8079,275,Late,86
12151,8620,130,Late,19
12152,16514,159,Late,90
12153,15837,285,Delivered,46
12154,1141,299,Delivered,57
12155,3937,126,Delivered,50
12156,4238,268,Late,64
12157,18018,266,Late,34
12158,16280,245,Delivered,81
12159,9603,180,Late,15
12160,4039,246,Delivered,34
12161,1505,47,Late,31
12162,4118,40,Late,55
12163,12584,59,Late,85
12164,6704,164,Late,48
12165,6066,258,Delivered,44
12166,10386,125,Late,62
12167,7225,4,Delivered,25
12168,19542,225,Delivered,53
12169,8681,27,Late,34
12170,10391,39,Delivered,64
12171,1349,290,Late,85
12172,281,171,Delivered,84
12173,10346,292,Delivered,57
12174,4937,199,Delivered,40
12175,19367,166,Late,25
12176,6011,69,Late,39
12177,1173,170,Late,62
12178,16407,26,Late,83
12179,5669,169,Late,21
12180,5070,214,Delivered,23
12181,835,92,Delivered,68
12182,6435,178,Late,54
12183,12619,273,Late,26
12184,11613,8,Late,49
12185,5170,104,Delivered,28
12186,18176,68,Late,39
12187,15281,4,Late,50
12188,13830,284,Late,33
12189,1348,3,Delivered,32
12190,8549,264,Late,47
12191,19647,157,Late,45
12192,19118,221,Late,82
12193,14642,132,Late,57
12194,4309,116,Delivered,85
12195,19783,204,Delivered,67
12196,2724,44,Late,75
12197,9471,211,Delivered,51
12198,4690,230,Delivered,59
12199,8623,33,Late,30
12200,12056,230,Delivered,58
12201,2755,190,Late,58
12202,7852,108,Delivered,44
12203,19412,200,Delivered,75
12204,9253,207,Late,76
12205,3444,189,Late,65
12206,10863,5,Late,58
12207,9039,278,Delivered,45
12208,9095,189,Late,73
12209,6716,126,Delivered,41
12210,15522,86,Late,45
12211,8218,104,Delivered,48
12212,18782,94,Late,45
12213,3813,273,Delivered,16
12214,17336,247,Delivered,56
12215,6222,259,Late,59
12216,8867,16,Delivered,29
12217,17422,276,Delivered,86
12218,10692,234,Delivered,61
12219,11184,110,Delivered,36
12220,13024,64,Late,31
12221,12622,61,Late,39
12222,2720,104,Late,67
12223,1807,108,Late,44
12224,17287,9,Delivered,80
12225,19913,260,Delivered,62
12226,4718,124,Late,61
12227,8877,294,Late,16
12228,15415,233,Late,51
12229,8060,66,Delivered,51
12230,11823,231,Delivered,31
12231,12351,222,Delivered,37
12232,17580,198,Delivered,76
12233,9131,260,Late,50
12234,3631,223,Late,52
12235,15554,46,Delivered,69
12236,1716,296,Late,36
12237,8195,147,Late,32
12238,12375,51,Late,84
12239,12586,37,Delivered,76
12240,18261,150,Late,46
12241,7584,195,Late,15
12242,3626,170,Delivered,78
12243,18338,183,Late,22
12244,4190,61,Late,57
12245,12468,126,Delivered,54
12246,13508,91,Delivered,62
12247,9368,263,Late,62
12248,9468,41,Late,81
12249,6933,232,Late,63
12250,1479,287,Late,53
12251,19325,183,Late,59
12252,6090,17,Late,39
12253,18962,294,Late,59
12254,15279,48,Late,24
12255,2607,42,Delivered,47
12256,982,170,Delivered,16
12257,12140,163,Delivered,49
12258,6442,141,Late,60
12259,6932,177,Late,40
12260,19127,215,Late,72
12261,4161,107,Delivered,77
12262,9969,152,Late,41
12263,18269,32,Delivered,30
12264,11725,7,Delivered,61
12265,9634,23,Late,46
12266,8791,212,Late,45
12267,3612,271,Late,20
12268,3495,99,Late,77
12269,3903,300,Late,21
12270,11447,199,Delivered,50
12271,14986,281,Delivered,74
12272,4277,119,Late,60
12273,5153,100,Late,80
12274,9064,12,Delivered,24
12275,3704,282,Delivered,17
12276,7384,84,Delivered,80
12277,9780,103,Delivered,86
12278,16873,191,Late,57
12279,12163,61,Delivered,33
12280,19522,168,Delivered,51
12281,7477,68,Late,60
12282,272,269,Delivered,68
12283,10279,229,Delivered,16
12284,3893,32,Delivered,23
12285,5421,82,Delivered,70
12286,12640,191,Delivered,60
12287,4009,139,Delivered,31
12288,11986,268,Late,50
12289,1793,9,Delivered,86
12290,7466,195,Delivered,72
12291,16479,72,Late,51
12292,1730,186,Delivered,85
12293,15432,105,Late,84
12294,11163,274,Delivered,58
12295,4212,232,Late,64
12296,166,18,Delivered,42
12297,13093,93,Late,78
12298,3612,289,Delivered,71
12299,10230,42,Late,48
12300,448,271,Delivered,49
12301,5222,199,Late,32
12302,3555,104,Delivered,83
12303,9595,41,Delivered,60
12304,2797,293,Late,17
12305,963,197,Delivered,57
12306,12058,126,Late,72
12307,14870,9,Delivered,46
12308,4162,14,Delivered,72
12309,9005,264,Late,70
12310,18605,297,Delivered,52
12311,19060,212,Delivered,18
12312,1583,212,Delivered,49
12313,6637,20,Late,80
12314,1438,124,Late,36
12315,18226,176,Delivered,35
12316,6118,109,Late,36
12317,10090,119,Late,38
12318,19378,226,Late,75
12319,6457,29,Delivered,15
12320,5506,249,Late,73
12321,3540,263,Delivered,57
12322,3886,48,Late,49
12323,3809,146,Delivered,56
12324,18371,187,Delivered,43
12325,9608,274,Delivered,33
12326,1455,281,Delivered,60
12327,3553,18,Delivered,47
12328,10595,236,Delivered,33
12329,14463,78,Late,24
12330,1759,287,Delivered,65
12331,290,9,Late,79
12332,12663,258,Late,33
12333,6054,249,Delivered,50
12334,11994,228,Late,74
12335,17273,185,Delivered,23
12336,12189,51,Late,87
12337,10898,109,Late,41
12338,15196,16,Late,56
12339,1245,139,Delivered,68
12340,15391,31,Late,59
12341,12171,282,Late,41
12342,18390,131,Delivered,56
12343,8296,285,Delivered,22
12344,8631,84,Delivered,32
12345,12994,283,Delivered,74
12346,18906,236,Late,82
12347,6677,4,Late,16
12348,19080,10,Delivered,15
12349,8126,42,Delivered,80
12350,3962,49,Late,53
12351,19380,103,Delivered,23
12352,3084,95,Delivered,82
12353,18719,81,Delivered,54
12354,18434,75,Delivered,84
12355,7897,190,Late,43
12356,16327,42,Delivered,84
12357,2924,29,Late,57
12358,18547,15,Delivered,15
12359,3380,171,Delivered,35
12360,17997,263,Late,45
12361,10941,66,Late,53
12362,18503,129,Delivered,59
12363,3184,72,Delivered,82
12364,9083,195,Delivered,67
12365,11598,175,Late,64
12366,6610,106,Late,22
12367,6049,251,Delivered,82
12368,2789,41,Delivered,60
12369,579,212,Late,20
12370,19091,234,Delivered,88
12371,12256,128,Late,89
12372,15745,286,Delivered,59
12373,18369,34,Delivered,78
12374,12112,161,Late,63
12375,7106,136,Late,86
12376,1333,273,Delivered,64
12377,12872,60,Late,15
12378,8756,123,Late,64
12379,9240,30,Delivered,41
12380,10987,211,Late,75
12381,3494,30,Late,88
12382,14215,65,Delivered,20
12383,8098,78,Delivered,89
12384,12829,27,Delivered,63
12385,17931,101,Late,15
12386,18828,162,Delivered,80
12387,2113,139,Delivered,66
12388,2543,252,Late,70
12389,1690,130,Late,62
12390,3506,136,Late,79
12391,7323,113,Late,62
12392,5995,110,Late,43
12393,16391,29,Delivered,80
12394,4201,70,Late,50
12395,15031,107,Delivered,16
12396,10456,197,Late,77
12397,991,4,Late,55
12398,15499,9,Late,41
12399,6074,116,Late,79
12400,2756,18,Delivered,38
12401,5426,40,Late,18
12402,14223,1,Late,83
12403,8408,79,Late,65
12404,13281,240,Late,37
12405,11736,20,Delivered,55
12406,18380,41,Delivered,29
12407,1194,118,Delivered,59
12408,13781,211,Late,89
12409,12602,139,Delivered,55
12410,19829,169,Late,44
12411,3478,255,Late,85
12412,3325,227,Delivered,63
12413,18588,234,Delivered,60
12414,1941,65,Delivered,81
12415,443,226,Late,59
12416,8996,178,Late,58
12417,10770,20,Delivered,69
12418,4008,251,Delivered,48
12419,4854,236,Late,54
12420,2479,47,Delivered,66
12421,19173,225,Late,24
12422,10193,68,Late,46
12423,10484,87,Delivered,44
12424,4921,192,Late,59
12425,12926,283,Delivered,77
12426,17356,39,Delivered,28
12427,19185,111,Delivered,50
12428,3203,6,Late,52
12429,18694,226,Late,25
12430,11625,96,Late,85
12431,18576,211,Delivered,54
12432,1951,113,Delivered,81
12433,17612,237,Late,70
12434,9586,195,Delivered,61
12435,113,283,Late,64
12436,2294,168,Delivered,75
12437,2898,14,Delivered,88
12438,2210,277,Delivered,74
12439,15290,139,Delivered,54
12440,9338,163,Late,54
12441,12621,60,Late,16
12442,15419,270,Late,37
12443,12117,195,Late,24
12444,571,52,Late,89
12445,15840,242,Late,49
12446,13403,175,Delivered,15
12447,4278,142,Late,54
12448,2742,56,Late,21
12449,4973,281,Late,30
12450,18136,135,Delivered,79
12451,6042,170,Late,70
12452,2926,183,Late,59
12453,5640,131,Delivered,89
12454,16373,234,Late,57
12455,1368,125,Delivered,52
12456,6140,207,Late,28
12457,11233,27,Delivered,51
12458,12049,54,Delivered,44
12459,18850,219,Late,25
12460,4349,142,Delivered,28
12461,5402,128,Late,43
12462,6858,164,Late,26
12463,16265,158,Late,34
12464,11705,4,Delivered,33
12465,7144,205,Delivered,22
12466,19593,171,Late,23
12467,18530,186,Late,52
12468,4810,201,Late,25
12469,9643,117,Late,20
12470,4397,209,Delivered,33
12471,18169,112,Late,25
12472,646,75,Delivered,37
12473,19494,71,Late,69
12474,6657,172,Late,65
12475,10344,150,Delivered,54
12476,18821,64,Delivered,22
12477,15107,84,Delivered,69
12478,379,295,Delivered,60
12479,13240,137,Delivered,33
12480,8420,298,Delivered,61
12481,4425,185,Late,55
12482,1979,192,Late,44
12483,7753,93,Late,17
12484,2541,120,Late,62
12485,12255,9,Delivered,61
12486,2731,169,Late,80
12487,5681,80,Late,51
12488,8437,271,Late,83
12489,17381,188,Late,79
12490,12386,201,Delivered,33
12491,11866,189,Late,45
12492,18424,219,Late,16
12493,9550,103,Delivered,60
12494,7591,202,Delivered,29
12495,10504,239,Late,63
12496,797,260,Delivered,76
12497,2788,295,Delivered,89
12498,8218,249,Delivered,65
12499,15310,149,Late,38
12500,19584,56,Late,69
12501,19222,120,Delivered,53
12502,2189,138,Delivered,76
12503,8614,276,Late,81
12504,15005,134,Delivered,69
12505,17432,211,Delivered,77
12506,2351,136,Late,38
12507,10806,138,Delivered,53
12508,8745,274,Late,83
12509,529,273,Delivered,90
12510,7788,114,Delivered,80
12511,9066,72,Late,54
12512,5215,296,Delivered,39
12513,12782,241,Delivered,54
12514,19162,180,Delivered,69
12515,11370,160,Delivered,72
12516,10553,161,Late,30
12517,18541,119,Delivered,87
12518,19863,151,Late,31
12519,16593,62,Late,51
12520,12843,148,Delivered,61
12521,18040,171,Delivered,30
12522,14335,164,Delivered,22
12523,9061,102,Late,35
12524,17944,2,Delivered,82
12525,6466,228,Late,88
12526,12539,238,Delivered,75
12527,10647,145,Delivered,54
12528,17794,83,Late,34
12529,8206,295,Delivered,48
12530,13270,93,Delivered,17
12531,8314,246,Delivered,42
12532,17758,123,Delivered,73
12533,2537,142,Late,47
12534,12865,174,Delivered,16
12535,18842,114,Late,65
12536,16413,280,Delivered,15
12537,18632,128,Late,83
12538,2996,282,Late,38
12539,9157,3,Late,39
12540,4003,82,Delivered,82
12541,2844,294,Late,58
12542,19464,182,Delivered,15
12543,18930,7,Late,75
12544,4838,295,Late,82
12545,13665,156,Late,25
12546,8786,51,Delivered,58
12547,12760,265,Delivered,63
12548,377,113,Delivered,23
12549,11641,41,Delivered,74
12550,9831,10,Delivered,78
12551,7095,2,Late,19
12552,13808,64,Late,29
12553,1519,159,Late,19
12554,4828,202,Delivered,26
12555,651,221,Delivered,86
12556,14328,34,Delivered,45
12557,4953,242,Late,43
12558,18792,276,Delivered,23
12559,12280,140,Delivered,18
12560,16255,39,Late,23
12561,12864,112,Delivered,23
12562,4295,24,Late,77
12563,5053,222,Late,59
12564,5204,226,Late,59
12565,8334,88,Delivered,52
12566,10316,112,Delivered,54
12567,2822,121,Late,82
12568,17847,264,Delivered,18
12569,15242,220,Delivered,21
12570,4351,106,Late,29
12571,8342,183,Late,49
12572,16044,83,Delivered,38
12573,16487,211,Delivered,35
12574,17715,35,Delivered,73
12575,15458,40,Late,32
12576,10974,267,Late,61
12577,6823,96,Delivered,70
12578,13305,264,Delivered,44
12579,19602,179,Delivered,73
12580,4033,32,Delivered,89
12581,14183,54,Late,41
12582,19300,16,Late,31
12583,50,75,Delivered,16
12584,19994,233,Delivered,28
12585,18473,287,Late,18
12586,17123,213,Delivered,89
12587,6642,164,Late,51
12588,8328,182,Delivered,84
12589,4893,207,Late,23
12590,13836,88,Late,78
12591,992,36,Delivered,47
12592,15210,60,Delivered,70
12593,9105,284,Delivered,77
12594,15829,249,Delivered,60
12595,18398,43,Delivered,81
12596,1520,113,Late,81
12597,9421,220,Delivered,60
12598,13595,263,Late,58
12599,509,240,Delivered,24
12600,9204,66,Late,69
12601,12295,127,Late,59
12602,10805,92,Delivered,67
12603,15211,246,Delivered,36
12604,8267,21,Delivered,40
12605,9034,65,Delivered,30
12606,874,190,Late,34
12607,3281,80,Late,80
12608,11963,13,Delivered,53
12609,4672,214,Delivered,40
12610,290,18,Delivered,47
12611,15719,163,Late,57
12612,7635,193,Delivered,27
12613,1625,264,Late,69
12614,12619,35,Delivered,78
12615,10515,275,Delivered,49
12616,13895,28,Delivered,15
12617,6131,89,Delivered,43
12618,2667,156,Delivered,86
12619,14146,164,Late,43
12620,16376,17,Late,53
12621,3332,67,Delivered,37
12622,9425,111,Delivered,57
12623,16544,33,Late,40
12624,12280,111,Delivered,51
12625,9582,298,Delivered,23
12626,11039,63,Late,66
12627,7664,37,Delivered,65
12628,15743,208,Delivered,58
12629,8470,255,Delivered,88
12630,14629,197,Delivered,83
12631,11083,254,Late,84
12632,5479,236,Late,71
12633,13986,299,Delivered,36
12634,2833,245,Delivered,88
12635,2963,246,Late,58
12636,15523,18,Late,45
12637,4115,151,Delivered,64
12638,19102,286,Delivered,17
12639,12566,39,Delivered,37
12640,15537,79,Late,74
12641,14675,265,Delivered,78
12642,7455,11,Late,47
12643,760,174,Delivered,82
12644,9704,25,Delivered,46
12645,1704,136,Delivered,23
12646,10079,154,Late,86
12647,14478,27,Late,78
12648,9210,255,Delivered,59
12649,14284,297,Late,48
12650,12520,163,Delivered,38
12651,5345,172,Late,80
12652,13419,165,Late,23
12653,10774,243,Late,15
12654,4979,119,Delivered,22
12655,8891,3,Late,64
12656,12797,259,Late,64
12657,10154,62,Delivered,23
12658,19201,11,Late,58
12659,12103,171,Delivered,23
12660,8766,60,Late,23
12661,8951,220,Delivered,67
12662,8318,240,Delivered,19
12663,8498,189,Delivered,66
12664,7070,277,Delivered,16
12665,16538,26,Late,59
12666,10138,114,Delivered,40
12667,13042,221,Delivered,20
12668,2918,114,Late,37
12669,932,57,Late,44
12670,19192,186,Delivered,59
12671,8170,83,Late,21
12672,15563,29,Delivered,88
12673,17155,189,Delivered,66
12674,2708,3,Late,15
12675,12342,62,Late,69
12676,18417,175,Delivered,87
12677,4977,56,Late,26
12678,8466,270,Late,74
12679,14787,188,Late,48
12680,6451,168,Delivered,90
12681,10580,174,Late,83
12682,19693,224,Late,55
12683,14588,112,Delivered,25
12684,17263,149,Late,73
12685,10716,281,Delivered,38
12686,10647,209,Late,90
12687,15507,197,Late,77
12688,9680,43,Late,79
12689,18648,194,Delivered,65
12690,18203,159,Late,43
12691,8133,48,Late,69
12692,19004,10,Late,70
12693,8659,212,Late,39
12694,17790,232,Delivered,69
12695,4907,159,Late,86
12696,8832,94,Delivered,77
12697,8623,57,Late,75
12698,7703,232,Late,29
12699,19648,61,Delivered,35
12700,12824,94,Delivered,63
12701,3930,281,Delivered,25
12702,16787,82,Delivered,84
12703,2908,179,Delivered,48
12704,10577,82,Late,66
12705,15290,110,Late,83
12706,3078,238,Late,75
12707,11245,145,Delivered,83
12708,7676,153,Late,19
12709,19171,11,Late,51
12710,13172,134,Late,49
12711,11084,179,Late,52
12712,15752,134,Delivered,81
12713,11508,191,Delivered,60
12714,5682,142,Late,42
12715,17907,289,Late,33
12716,3635,52,Delivered,78
12717,18453,241,Late,66
12718,15875,273,Delivered,36
12719,4677,19,Delivered,66
12720,19863,122,Late,64
12721,5952,249,Delivered,31
12722,14900,254,Late,87
12723,1799,258,Late,54
12724,7133,244,Late,39
12725,6189,93,Late,16
12726,4998,167,Delivered,30
12727,18097,143,Delivered,44
12728,14521,164,Delivered,81
12729,16402,212,Late,50
12730,17280,68,Delivered,88
12731,18069,51,Late,65
12732,19083,202,Delivered,47
12733,10039,268,Delivered,31
12734,14512,233,Delivered,32
12735,1676,113,Late,69
12736,1883,66,Delivered,43
12737,11456,46,Delivered,90
12738,2085,173,Delivered,41
12739,3836,86,Delivered,50
12740,11924,93,Late,84
12741,10935,167,Delivered,69
12742,5883,97,Late,74
12743,14172,251,Late,19
12744,11845,247,Late,22
12745,14007,250,Late,70
12746,3512,225,Delivered,71
12747,39,156,Delivered,20
12748,12785,175,Late,42
12749,12892,224,Late,35
12750,17674,289,Late,20
12751,1546,185,Delivered,69
12752,19815,98,Late,46
12753,1997,274,Late,28
12754,19724,165,Delivered,54
12755,14199,246,Delivered,79
12756,324,252,Delivered,37
12757,13624,284,Late,79
12758,6834,40,Delivered,38
12759,10276,276,Late,81
12760,19444,28,Late,16
12761,13339,247,Delivered,82
12762,7269,161,Late,76
12763,1866,290,Delivered,75
12764,3903,105,Late,38
12765,5621,110,Delivered,46
12766,15957,254,Delivered,40
12767,4487,50,Late,81
12768,19315,62,Late,53
12769,6454,94,Late,46
12770,9218,271,Delivered,64
12771,11871,139,Delivered,73
12772,8241,209,Late,80
12773,15781,66,Late,58
12774,18294,223,Delivered,45
12775,3931,61,Late,53
12776,12932,206,Late,50
12777,16941,176,Late,79
12778,18501,113,Delivered,77
12779,15359,137,Late,84
12780,7791,87,Delivered,65
12781,3017,48,Late,53
12782,14178,171,Delivered,86
12783,18354,57,Late,21
12784,12812,220,Delivered,55
12785,19810,39,Late,33
12786,7222,5,Late,45
12787,8901,108,Late,21
12788,2376,220,Late,46
12789,6590,7,Late,53
12790,7379,77,Delivered,72
12791,4338,93,Delivered,27
12792,14227,102,Delivered,81
12793,9525,233,Late,76
12794,1710,230,Late,52
12795,14507,115,Delivered,55
12796,16543,283,Late,90
12797,17783,160,Delivered,76
12798,18753,198,Late,61
12799,1124,258,Delivered,61
12800,8456,5,Late,28
12801,7249,284,Late,90
12802,1258,234,Delivered,15
12803,9770,95,Delivered,62
12804,6008,19,Delivered,31
12805,13859,61,Delivered,78
12806,18526,142,Late,87
12807,6242,132,Delivered,89
12808,14829,289,Delivered,78
12809,6421,126,Late,54
12810,984,276,Late,80
12811,10731,96,Delivered,19
12812,18320,274,Late,53
12813,2669,226,Delivered,87
12814,16614,93,Late,32
12815,9166,231,Late,85
12816,8942,70,Delivered,90
12817,14428,165,Late,70
12818,6874,288,Late,31
12819,9665,113,Late,85
12820,13444,232,Delivered,57
12821,9969,100,Late,82
12822,14622,25,Late,82
12823,8642,190,Delivered,68
12824,15819,22,Late,37
12825,7848,58,Late,51
12826,1719,190,Late,46
12827,9778,125,Delivered,49
12828,5685,138,Late,15
12829,13991,218,Late,63
12830,9089,167,Delivered,22
12831,14874,287,Delivered,63
12832,16017,66,Late,67
12833,4866,157,Delivered,44
12834,19280,89,Delivered,62
12835,11536,200,Delivered,90
12836,4166,126,Delivered,36
12837,12397,95,Delivered,29
12838,10597,127,Late,64
12839,18130,99,Delivered,22
12840,19354,248,Late,85
12841,17807,19,Delivered,22
12842,5657,31,Delivered,70
12843,9690,70,Late,43
12844,4753,219,Late,90
12845,17684,188,Late,87
12846,9206,121,Late,36
12847,12406,174,Delivered,88
12848,7777,99,Late,16
12849,16117,58,Late,60
12850,3578,235,Delivered,29
12851,11615,206,Late,21
12852,9425,189,Delivered,81
12853,19718,229,Delivered,66
12854,8512,108,Delivered,32
12855,2568,215,Delivered,20
12856,2655,172,Late,74
12857,14129,40,Late,81
12858,5747,16,Late,21
12859,18027,78,Late,22
12860,18078,178,Delivered,59
12861,3016,145,Delivered,65
12862,2087,60,Delivered,18
12863,9024,21,Delivered,63
12864,13542,248,Delivered,72
12865,4223,181,Delivered,78
12866,3762,6,Late,56
12867,6260,135,Late,80
12868,2082,46,Delivered,37
12869,16391,94,Delivered,41
12870,5719,234,Late,63
12871,12120,205,Late,38
12872,6370,87,Late,16
12873,15604,81,Late,90
12874,1119,17,Delivered,57
12875,14710,25,Late,41
12876,10535,285,Late,28
12877,19168,104,Delivered,60
12878,292,280,Late,40
12879,11530,156,Late,86
12880,17211,121,Late,73
12881,14179,300,Late,65
12882,17834,44,Late,45
12883,8717,54,Late,70
12884,13098,64,Late,39
12885,570,162,Delivered,61
12886,1646,273,Late,46
12887,15610,115,Delivered,54
12888,6861,25,Delivered,28
12889,5514,125,Delivered,48
12890,4510,52,Delivered,72
12891,17184,245,Late,16
12892,19953,94,Delivered,17
12893,8386,205,Delivered,43
12894,19697,236,Delivered,28
12895,1812,201,Delivered,88
12896,10262,230,Late,42
12897,10087,184,Delivered,50
12898,15855,111,Delivered,64
12899,10538,234,Delivered,56
12900,16808,136,Delivered,86
12901,11177,175,Late,57
12902,6345,1,Late,78
12903,7313,210,Late,71
12904,1856,93,Delivered,24
12905,277,201,Late,61
12906,1867,172,Late,52
12907,12785,149,Delivered,62
12908,14511,15,Late,70
12909,13415,15,Delivered,68
12910,7615,97,Late,83
12911,9355,2,Late,35
12912,17680,24,Late,55
12913,247,294,Late,29
12914,8243,22,Late,17
12915,5156,148,Delivered,46
12916,10153,7,Late,37
12917,921,66,Late,29
12918,1994,104,Delivered,50
12919,6367,46,Late,69
12920,8426,107,Late,37
12921,13348,88,Delivered,48
12922,13504,35,Late,90
12923,17749,187,Delivered,86
12924,11377,137,Delivered,24
12925,12683,266,Delivered,49
12926,16085,63,Delivered,32
12927,1611,37,Delivered,26
12928,6079,260,Delivered,39
12929,9863,190,Late,15
12930,16908,88,Late,77
12931,16307,24,Delivered,29
12932,14394,183,Delivered,49
12933,2414,99,Delivered,18
12934,14420,42,Late,43
12935,19363,233,Delivered,56
12936,15870,156,Late,45
12937,4610,71,Delivered,50
12938,3316,60,Late,37
12939,14949,202,Delivered,63
12940,18788,257,Delivered,37
12941,17667,243,Late,59
12942,3945,8,Late,76
12943,16230,204,Delivered,78
12944,1909,228,Delivered,74
12945,1673,202,Delivered,79
12946,18789,79,Delivered,76
12947,11672,272,Late,61
12948,212,72,Delivered,65
12949,7524,256,Delivered,73
12950,16116,165,Late,48
12951,702,207,Late,72
12952,18003,57,Delivered,89
12953,19692,188,Delivered,38
12954,9602,97,Late,86
12955,4701,231,Delivered,17
12956,9320,165,Delivered,69
12957,16576,84,Late,78
12958,13333,115,Late,34
12959,15494,225,Delivered,78
12960,19414,283,Delivered,34
12961,11502,91,Late,86
12962,8164,48,Delivered,88
12963,8383,195,Delivered,46
12964,2436,233,Delivered,54
12965,16215,70,Delivered,54
12966,430,272,Delivered,24
12967,11462,280,Late,15
12968,16663,194,Delivered,59
12969,4220,160,Delivered,47
12970,418,153,Delivered,45
12971,1991,143,Late,54
12972,8627,136,Delivered,82
12973,8858,94,Delivered,49
12974,589,131,Late,24
12975,11928,290,Late,27
12976,6093,190,Late,73
12977,15210,177,Delivered,18
12978,14665,56,Delivered,61
12979,7925,277,Delivered,24
12980,3841,142,Delivered,38
12981,7755,83,Delivered,50
12982,3433,47,Late,90
12983,7490,39,Late,78
12984,7840,238,Delivered,30
12985,6308,284,Delivered,65
12986,2482,272,Late,19
12987,13958,152,Late,30
12988,9186,240,Delivered,68
12989,16029,57,Late,43
12990,5562,102,Delivered,59
12991,19283,244,Delivered,27
12992,7172,170,Late,31
12993,15628,157,Delivered,48
12994,9066,83,Delivered,79
12995,1809,74,Delivered,85
12996,4944,50,Late,28
12997,193,246,Late,51
12998,6946,201,Late,87
12999,14308,9,Delivered,81
13000,3711,125,Delivered,39
13001,15280,205,Late,25
13002,10208,4,Late,36
13003,18448,260,Late,58
13004,573,20,Late,61
13005,9972,187,Delivered,25
13006,18468,93,Late,77
13007,644,204,Late,39
13008,10400,231,Late,42
13009,18641,157,Late,73
13010,19015,94,Delivered,65
13011,19098,52,Late,35
13012,8461,160,Late,72
13013,16173,184,Delivered,42
13014,2380,224,Delivered,72
13015,14663,63,Delivered,17
13016,13066,167,Delivered,71
13017,9894,253,Delivered,83
13018,16918,137,Late,40
13019,3292,188,Late,57
13020,18002,206,Late,70
13021,1173,282,Late,78
13022,17848,156,Delivered,71
13023,5850,100,Delivered,21
13024,13122,17,Delivered,65
13025,9148,189,Late,17
13026,8597,32,Late,68
13027,941,155,Delivered,76
13028,14922,108,Late,51
13029,18429,28,Delivered,55
13030,13113,105,Delivered,36
13031,2288,107,Late,90
13032,6479,221,Delivered,27
13033,2656,250,Late,52
13034,5660,201,Delivered,24
13035,18214,35,Delivered,48
13036,11585,233,Delivered,28
13037,9384,280,Delivered,75
13038,10154,172,Late,66
13039,19169,97,Delivered,45
13040,8265,238,Delivered,81
13041,18416,271,Delivered,46
13042,10091,192,Late,43
13043,16131,127,Delivered,66
13044,12771,161,Delivered,49
13045,2315,18,Late,77
13046,13379,112,Delivered,74
13047,446,139,Delivered,71
13048,1028,174,Delivered,36
13049,3120,14,Late,90
13050,1184,99,Late,87
13051,7460,220,Delivered,44
13052,2829,248,Late,55
13053,7470,56,Late,76
13054,2548,171,Late,68
13055,15715,146,Delivered,81
13056,2225,253,Delivered,42
13057,16290,299,Delivered,31
13058,19420,14,Late,45
13059,6357,246,Delivered,23
13060,2698,230,Delivered,57
13061,11730,280,Late,82
13062,7354,188,Late,15
13063,10721,26,Late,18
13064,1704,244,Late,25
13065,7305,64,Delivered,28
13066,5137,144,Delivered,58
13067,5079,178,Delivered,18
13068,2513,260,Late,23
13069,7254,87,Delivered,19
13070,19377,113,Late,57
13071,1996,161,Late,87
13072,7752,248,Late,39
13073,14058,197,Delivered,43
13074,1866,289,Delivered,49
13075,15547,196,Late,16
13076,8729,274,Late,53
13077,1090,125,Late,81
13078,13016,215,Delivered,51
13079,14342,188,Delivered,65
13080,15671,70,Delivered,53
13081,1567,264,Delivered,63
13082,8977,123,Delivered,89
13083,13181,248,Delivered,64
13084,6705,176,Late,59
13085,324,40,Delivered,42
13086,10043,269,Late,32
13087,5883,231,Late,40
13088,11255,237,Delivered,23
13089,849,117,Delivered,41
13090,791,50,Delivered,26
13091,5616,116,Late,27
13092,7410,244,Delivered,41
13093,16724,35,Delivered,62
13094,7713,41,Delivered,36
13095,16892,216,Delivered,72
13096,13390,12,Late,44
13097,824,258,Late,51
13098,10982,231,Late,88
13099,5659,13,Delivered,64
13100,1424,258,Late,88
13101,4392,64,Late,52
13102,4856,38,Late,61
13103,5513,299,Delivered,62
13104,9394,242,Delivered,55
13105,5284,295,Late,50
13106,13833,74,Delivered,36
13107,3094,28,Late,38
13108,7146,97,Delivered,51
13109,19035,122,Delivered,24
13110,7891,209,Delivered,25
13111,11554,189,Late,65
13112,9737,80,Late,83
13113,4188,43,Late,65
13114,18164,286,Delivered,75
13115,2593,151,Late,34
13116,19862,130,Delivered,76
13117,7219,271,Late,34
13118,12714,122,Late,71
13119,4223,282,Delivered,89
13120,115,75,Delivered,63
13121,10665,105,Late,27
13122,13906,196,Delivered,26
13123,16758,16,Late,42
13124,13840,155,Delivered,73
13125,9760,75,Delivered,68
13126,11361,267,Late,25
13127,12187,136,Delivered,41
13128,5205,100,Delivered,22
13129,7164,270,Late,51
13130,17242,223,Late,26
13131,2075,222,Delivered,36
13132,9518,289,Late,37
13133,1721,239,Delivered,28
13134,15723,200,Delivered,73
13135,2401,250,Delivered,82
13136,7123,177,Delivered,57
13137,11864,200,Delivered,34
13138,3035,296,Late,81
13139,18474,164,Late,30
13140,5485,284,Late,23
13141,10349,1,Late,48
13142,4819,99,Late,90
13143,3365,85,Delivered,90
13144,242,246,Delivered,70
13145,10026,11,Delivered,55
13146,7234,296,Late,42
13147,19088,248,Delivered,85
13148,4828,264,Delivered,64
13149,4339,17,Delivered,89
13150,9700,250,Late,35
13151,17538,214,Late,84
13152,16842,28,Delivered,86
13153,5243,199,Late,32
13154,945,188,Delivered,54
13155,8915,233,Late,64
13156,8680,232,Late,83
13157,11113,119,Late,39
13158,9597,68,Late,24
13159,17031,122,Delivered,42
13160,11742,122,Delivered,32
13161,3182,182,Late,25
13162,679,129,Delivered,59
13163,13865,149,Late,46
13164,15496,152,Delivered,64
13165,12564,83,Late,54
13166,8065,108,Delivered,40
13167,5474,244,Late,66
13168,1442,284,Late,66
13169,8865,29,Late,48
13170,8617,34,Late,51
13171,13776,17,Delivered,39
13172,10528,3,Late,20
13173,7503,17,Late,84
13174,13621,35,Delivered,64
13175,15492,38,Delivered,42
13176,11511,181,Delivered,16
13177,4821,272,Delivered,67
13178,5047,17,Late,47
13179,10091,103,Late,31
13180,8286,106,Delivered,31
13181,16183,238,Delivered,77
13182,11395,18,Delivered,54
13183,14034,37,Delivered,58
13184,896,128,Delivered,39
13185,14508,194,Late,61
13186,179,154,Delivered,74
13187,3808,130,Delivered,80
13188,16757,284,Delivered,67
13189,4944,190,Late,86
13190,2645,31,Late,20
13191,10688,22,Late,27
13192,9758,67,Delivered,54
13193,5166,271,Late,69
13194,7518,137,Delivered,18
13195,6065,267,Delivered,90
13196,4973,183,Late,35
13197,13307,23,Late,74
13198,5124,288,Late,89
13199,13484,291,Late,88
13200,2424,163,Late,22
13201,3880,100,Late,88
13202,3058,21,Late,24
13203,9285,180,Delivered,67
13204,13534,135,Delivered,21
13205,948,197,Late,80
13206,16741,196,Late,30
13207,9590,198,Late,59
13208,16104,3,Delivered,77
13209,18375,216,Delivered,25
13210,12435,95,Late,31
13211,18158,151,Delivered,54
13212,18050,46,Late,38
13213,3705,251,Delivered,78
13214,17859,285,Late,79
13215,18835,174,Delivered,30
13216,14685,28,Late,66
13217,3058,257,Late,48
13218,11568,72,Delivered,67
13219,15672,236,Late,39
13220,863,234,Delivered,17
13221,7191,241,Delivered,31
13222,17617,265,Delivered,68
13223,620,65,Delivered,40
13224,1994,71,Late,85
13225,1961,100,Late,51
13226,15918,36,Late,18
13227,19251,148,Delivered,87
13228,2755,61,Delivered,47
13229,391,241,Late,55
13230,5880,126,Late,90
13231,19978,177,Late,36
13232,13945,97,Late,64
13233,7406,251,Delivered,18
13234,5298,256,Late,32
13235,11914,268,Delivered,25
13236,5199,162,Delivered,55
13237,8389,197,Late,27
13238,11696,284,Late,77
13239,1729,117,Late,24
13240,483,166,Delivered,51
13241,13316,176,Delivered,83
13242,7605,188,Late,37
13243,11281,285,Late,71
13244,6008,274,Late,29
13245,2602,135,Delivered,71
13246,11575,291,Delivered,48
13247,10250,214,Delivered,34
13248,18318,296,Delivered,76
13249,16959,236,Delivered,75
13250,11289,163,Delivered,33
13251,6001,157,Late,20
13252,19032,61,Delivered,24
13253,2458,87,Delivered,85
13254,15162,121,Delivered,85
13255,17110,152,Delivered,34
13256,8148,41,Late,67
13257,13870,107,Delivered,84
13258,10580,70,Delivered,81
13259,17055,197,Delivered,35
13260,5053,159,Delivered,37
13261,16660,68,Delivered,79
13262,16787,53,Late,64
13263,62,240,Delivered,79
13264,10254,297,Late,71
13265,18028,83,Late,82
13266,2117,17,Delivered,88
13267,14204,49,Delivered,22
13268,3849,246,Late,27
13269,384,135,Late,71
13270,10226,91,Delivered,79
13271,5248,270,Late,54
13272,16012,139,Delivered,44
13273,8712,109,Late,80
13274,16483,110,Late,34
13275,14405,139,Delivered,44
13276,6733,100,Delivered,51
13277,2817,49,Late,20
13278,12537,159,Late,85
13279,11625,114,Late,88
13280,12700,4,Delivered,24
13281,5966,117,Delivered,31
13282,9444,170,Delivered,90
13283,8922,56,Delivered,88
13284,7541,289,Late,19
13285,7981,2,Late,47
13286,19116,46,Late,69
13287,17258,229,Delivered,84
13288,3697,299,Late,88
13289,15298,216,Delivered,65
13290,18256,55,Delivered,50
13291,15634,167,Delivered,36
13292,2370,222,Late,20
13293,12047,48,Delivered,31
13294,1113,175,Delivered,61
13295,19407,135,Delivered,75
13296,5453,76,Late,25
13297,13404,73,Late,62
13298,1755,180,Late,60
13299,12647,38,Late,51
13300,12844,234,Late,44
13301,12407,146,Late,47
13302,168,126,Late,44
13303,19481,240,Delivered,59
13304,15059,252,Late,16
13305,9977,85,Late,58
13306,17558,69,Late,22
13307,13849,207,Delivered,35
13308,17911,88,Delivered,30
13309,11750,203,Delivered,19
13310,3044,297,Late,60
13311,3338,173,Delivered,17
13312,19091,57,Late,64
13313,13186,106,Late,68
13314,16733,298,Delivered,39
13315,10397,82,Delivered,45
13316,12989,262,Delivered,49
13317,5164,43,Late,33
13318,19630,93,Late,49
13319,7139,223,Delivered,27
13320,7976,216,Late,27
13321,17819,89,Delivered,67
13322,6380,38,Delivered,21
13323,4757,270,Delivered,74
13324,4692,50,Delivered,84
13325,11523,253,Delivered,63
13326,13918,22,Late,32
13327,6070,295,Late,78
13328,6694,6,Late,89
13329,9462,219,Delivered,39
13330,19221,181,Delivered,32
13331,1314,7,Delivered,24
13332,9877,56,Late,30
13333,1924,300,Delivered,45
13334,3414,296,Delivered,45
13335,13686,94,Late,48
13336,13088,119,Delivered,43
13337,13974,41,Late,30
13338,11420,300,Late,22
13339,1779,46,Late,64
13340,18386,235,Delivered,24
13341,17502,254,Delivered,69
13342,17184,169,Delivered,76
13343,17658,256,Late,29
13344,7408,149,Delivered,75
13345,6709,222,Late,36
13346,15993,283,Late,26
13347,3055,26,Late,15
13348,5513,197,Delivered,65
13349,7626,80,Delivered,21
13350,5812,126,Late,61
13351,9873,59,Late,86
13352,9272,3,Delivered,41
13353,10443,263,Late,43
13354,18761,132,Late,59
13355,11744,243,Late,57
13356,9117,104,Late,33
13357,13138,163,Late,73
13358,10763,260,Delivered,46
13359,9032,288,Late,19
13360,17775,2,Late,41
13361,13454,219,Late,86
13362,7330,251,Late,35
13363,14333,149,Late,57
13364,10401,179,Late,16
13365,6140,118,Delivered,69
13366,16208,140,Delivered,35
13367,2923,19,Late,48
13368,11024,80,Late,71
13369,6509,52,Late,89
13370,10223,142,Delivered,25
13371,19665,189,Late,79
13372,17891,3,Delivered,62
13373,7501,39,Delivered,72
13374,19005,66,Delivered,23
13375,17688,187,Delivered,69
13376,13319,33,Delivered,19
13377,17235,16,Delivered,17
13378,5226,173,Late,26
13379,17189,262,Late,68
13380,18494,81,Late,82
13381,3312,33,Late,60
13382,7236,214,Late,86
13383,3519,270,Delivered,71
13384,6774,193,Delivered,57
13385,8188,274,Delivered,80
13386,865,126,Late,49
13387,3842,231,Delivered,64
13388,16286,216,Late,61
13389,711,270,Delivered,67
13390,15110,287,Late,72
13391,8594,40,Delivered,86
13392,978,272,Late,34
13393,16721,168,Delivered,80
13394,2026,125,Delivered,85
13395,11155,235,Late,77
13396,6905,200,Late,19
13397,1719,15,Delivered,43
13398,19787,202,Delivered,36
13399,14388,46,Delivered,58
13400,2017,136,Delivered,65
13401,3519,105,Delivered,29
13402,9585,127,Late,50
13403,17145,282,Late,20
13404,9179,221,Late,25
13405,2924,7,Delivered,18
13406,11901,209,Late,79
13407,11486,245,Late,22
13408,14088,90,Late,82
13409,14535,100,Late,50
13410,1370,119,Delivered,64
13411,18135,139,Late,31
13412,1804,296,Late,78
13413,6327,80,Late,75
13414,222,140,Late,70
13415,7138,205,Late,78
13416,8530,72,Delivered,18
13417,5274,98,Late,33
13418,14512,97,Delivered,57
13419,11608,100,Late,86
13420,6170,128,Delivered,48
13421,12992,53,Late,25
13422,8916,57,Delivered,40
13423,14957,176,Late,25
13424,15735,62,Delivered,21
13425,6134,87,Delivered,81
13426,4713,86,Delivered,80
13427,16040,103,Delivered,62
13428,10987,293,Delivered,19
13429,8710,191,Late,86
13430,2649,83,Late,66
13431,5721,281,Late,43
13432,14295,114,Delivered,71
13433,3769,288,Late,51
13434,11629,227,Late,53
13435,17527,208,Delivered,51
13436,7017,270,Late,60
13437,9529,228,Delivered,55
13438,1611,150,Late,27
13439,438,222,Late,16
13440,12488,197,Late,36
13441,8208,23,Delivered,46
13442,2461,292,Delivered,32
13443,14189,158,Delivered,17
13444,1125,290,Late,47
13445,3228,239,Late,30
13446,12655,75,Late,82
13447,13785,108,Delivered,39
13448,2165,34,Delivered,56
13449,955,154,Late,56
13450,15063,218,Late,42
13451,1516,276,Late,63
13452,12916,43,Late,22
13453,19714,212,Delivered,30
13454,1985,277,Delivered,75
13455,16345,160,Late,32
13456,16119,68,Delivered,90
13457,15059,58,Delivered,87
13458,445,270,Late,50
13459,11212,222,Delivered,19
13460,6202,15,Delivered,83
13461,11636,13,Late,84
13462,7146,76,Late,48
13463,18913,189,Late,59
13464,1939,224,Delivered,76
13465,12664,184,Late,21
13466,2496,138,Late,62
13467,10216,68,Late,42
13468,18741,228,Late,15
13469,17984,159,Delivered,28
13470,2015,136,Late,77
13471,9582,297,Late,70
13472,10654,239,Late,77
13473,15423,233,Late,82
13474,16687,258,Delivered,58
13475,16427,272,Delivered,20
13476,19728,272,Delivered,82
13477,7707,26,Delivered,81
13478,13097,181,Late,65
13479,7379,105,Late,77
13480,12420,243,Delivered,81
13481,2849,214,Delivered,28
13482,15238,8,Delivered,86
13483,9698,225,Late,27
13484,10878,288,Delivered,47
13485,2838,121,Late,59
13486,14154,240,Delivered,67
13487,12419,2,Late,16
13488,7273,19,Late,71
13489,3398,194,Late,54
13490,14222,281,Late,49
13491,17905,110,Late,60
13492,9305,130,Late,71
13493,3413,111,Late,36
13494,971,5,Late,88
13495,8153,270,Late,71
13496,2031,288,Delivered,29
13497,16912,165,Delivered,85
13498,2473,247,Late,43
13499,4003,143,Late,77
13500,13690,24,Delivered,82
13501,1799,38,Late,18
13502,12487,64,Late,31
13503,7938,153,Late,76
13504,16165,61,Late,71
13505,15837,253,Late,18
13506,2474,75,Delivered,79
13507,18168,198,Delivered,61
13508,6587,205,Late,80
13509,1579,1,Late,18
13510,8175,175,Delivered,75
13511,5969,161,Delivered,71
13512,14491,285,Late,70
13513,11861,55,Delivered,38
13514,10558,253,Late,36
13515,14133,287,Late,81
13516,15898,173,Late,79
13517,14444,51,Delivered,28
13518,5152,87,Delivered,42
13519,15278,220,Late,88
13520,7871,91,Delivered,73
13521,5831,47,Late,62
13522,7388,222,Delivered,86
13523,14721,209,Delivered,42
13524,16131,238,Delivered,64
13525,14238,54,Late,59
13526,790,140,Late,27
13527,9601,237,Delivered,61
13528,13526,281,Late,26
13529,15819,80,Late,33
13530,2698,74,Delivered,71
13531,14597,67,Late,81
13532,4635,239,Delivered,56
13533,15437,15,Delivered,84
13534,9972,108,Late,49
13535,9712,6,Late,69
13536,16352,209,Late,43
13537,11676,161,Delivered,79
13538,335,75,Delivered,55
13539,14008,69,Delivered,89
13540,10314,294,Late,22
13541,753,8,Delivered,84
13542,8787,152,Delivered,67
13543,14691,190,Delivered,49
13544,6658,200,Late,38
13545,2902,187,Late,31
13546,9004,135,Delivered,82
13547,6915,42,Delivered,15
13548,5422,4,Delivered,45
13549,8399,45,Delivered,69
13550,2549,136,Delivered,35
13551,3572,100,Delivered,45
13552,579,112,Late,25
13553,5288,269,Delivered,58
13554,17276,211,Late,61
13555,13026,151,Late,42
13556,14490,240,Delivered,65
13557,493,145,Late,25
13558,7314,114,Delivered,75
13559,3732,75,Late,38
13560,11943,224,Delivered,63
13561,837,20,Delivered,69
13562,13983,246,Late,59
13563,8831,205,Late,71
13564,5848,39,Delivered,88
13565,13516,199,Delivered,32
13566,15540,106,Delivered,74
13567,5186,235,Late,36
13568,5741,50,Delivered,17
13569,12170,166,Late,21
13570,5501,30,Late,39
13571,8455,193,Delivered,87
13572,4833,176,Late,59
13573,19931,285,Late,60
13574,2535,125,Late,46
13575,5403,232,Delivered,53
13576,17865,139,Delivered,44
13577,4870,161,Delivered,35
13578,17265,83,Late,36
13579,18843,181,Late,82
13580,10666,235,Late,73
13581,13348,246,Delivered,25
13582,6487,216,Delivered,53
13583,11785,48,Delivered,68
13584,7705,210,Late,49
13585,6971,189,Late,53
13586,3063,98,Late,58
13587,18627,293,Late,72
13588,3120,250,Delivered,39
13589,800,224,Late,77
13590,15928,21,Delivered,89
13591,7963,48,Late,44
13592,1490,63,Late,54
13593,5139,25,Delivered,21
13594,12537,165,Late,16
13595,17635,76,Late,49
13596,6293,134,Delivered,34
13597,13155,132,Late,20
13598,19570,219,Late,60
13599,3517,239,Late,15
13600,16744,287,Late,61
13601,14648,284,Late,75
13602,10204,48,Delivered,28
13603,18128,223,Late,64
13604,11885,227,Late,87
13605,19681,53,Late,64
13606,8854,129,Delivered,36
13607,10830,257,Late,79
13608,12629,80,Late,62
13609,17768,22,Late,19
13610,1150,235,Late,23
13611,11729,218,Late,40
13612,6154,112,Delivered,19
13613,1808,177,Delivered,71
13614,16364,154,Delivered,49
13615,17993,175,Late,87
13616,19334,33,Late,73
13617,9500,66,Delivered,72
13618,14574,278,Delivered,74
13619,12220,117,Late,71
13620,16725,116,Late,36
13621,9409,274,Delivered,82
13622,15246,45,Late,85
13623,16463,98,Late,62
13624,9047,129,Delivered,22
13625,4280,227,Delivered,34
13626,19747,9,Late,78
13627,18649,80,Delivered,49
13628,2259,192,Late,44
13629,16574,8,Delivered,51
13630,13609,166,Delivered,65
13631,3395,13,Late,45
13632,16832,29,Delivered,56
13633,766,180,Late,72
13634,11561,127,Late,24
13635,7152,157,Late,76
13636,7135,137,Late,23
13637,19005,46,Delivered,77
13638,18179,61,Delivered,23
13639,15745,300,Delivered,16
13640,4438,150,Late,25
13641,4061,92,Late,54
13642,16415,281,Delivered,26
13643,15993,109,Delivered,60
13644,16187,99,Delivered,43
13645,17128,198,Late,25
13646,14051,251,Delivered,64
13647,3431,173,Delivered,44
13648,17539,1,Late,19
13649,18006,224,Delivered,17
13650,19979,267,Delivered,73
13651,18200,212,Delivered,16
13652,13112,44,Late,24
13653,6552,275,Late,63
13654,15086,10,Delivered,74
13655,11585,66,Late,53
13656,3947,123,Delivered,28
13657,14103,142,Delivered,32
13658,81,222,Delivered,35
13659,9110,147,Late,32
13660,14451,252,Late,59
13661,18519,139,Late,41
13662,19390,117,Late,52
13663,19692,177,Late,35
13664,18046,258,Late,54
13665,10553,88,Delivered,67
13666,1317,71,Delivered,70
13667,7767,80,Late,79
13668,14926,99,Delivered,33
13669,18754,8,Delivered,15
13670,6524,231,Late,75
13671,3931,29,Late,46
13672,13183,8,Late,19
13673,10515,187,Late,64
13674,5534,89,Late,68
13675,7971,136,Late,61
13676,18158,218,Late,33
13677,18448,240,Late,15
13678,19664,135,Late,73
13679,13344,277,Delivered,52
13680,3730,130,Late,86
13681,8013,242,Late,27
13682,2303,102,Late,86
13683,1282,62,Late,24
13684,12824,97,Delivered,44
13685,13949,127,Delivered,32
13686,405,264,Late,84
13687,11190,196,Delivered,47
13688,17204,98,Delivered,37
13689,3738,39,Delivered,18
13690,16591,218,Delivered,45
13691,9274,14,Late,28
13692,15953,81,Delivered,51
13693,4852,174,Late,26
13694,8601,37,Late,90
13695,1534,122,Delivered,84
13696,4762,175,Delivered,87
13697,3998,223,Delivered,28
13698,16061,18,Delivered,79
13699,17317,106,Late,83
13700,6230,298,Delivered,34
13701,6411,92,Late,78
13702,4208,45,Delivered,28
13703,19748,223,Delivered,22
13704,10094,173,Delivered,35
13705,4078,262,Late,41
13706,501,114,Delivered,42
13707,5006,69,Delivered,35
13708,11853,296,Late,72
13709,17883,214,Late,19
13710,1184,292,Late,18
13711,8375,100,Late,43
13712,19356,91,Late,22
13713,13848,275,Late,19
13714,10635,66,Delivered,68
13715,15868,43,Late,25
13716,15586,204,Late,17
13717,15366,171,Late,38
13718,18436,91,Delivered,63
13719,170,292,Delivered,74
13720,10517,187,Delivered,31
13721,6366,156,Late,83
13722,10537,248,Late,43
13723,6582,38,Delivered,82
13724,5685,274,Late,26
13725,11590,13,Late,67
13726,19993,80,Late,55
13727,4320,157,Late,17
13728,19971,193,Delivered,50
13729,11997,51,Late,89
13730,1648,181,Late,33
13731,448,42,Delivered,19
13732,3417,162,Delivered,81
13733,5756,278,Delivered,88
13734,5411,85,Late,89
13735,3235,83,Delivered,57
13736,9167,46,Delivered,90
13737,15021,57,Delivered,17
13738,18590,42,Delivered,48
13739,17840,139,Delivered,80
13740,3644,259,Delivered,41
13741,5733,211,Delivered,42
13742,16803,154,Delivered,41
13743,13877,69,Delivered,82
13744,11923,233,Late,84
13745,8095,25,Delivered,49
13746,5474,263,Late,81
13747,2593,282,Late,71
13748,19529,60,Late,28
13749,16256,36,Delivered,64
13750,7491,132,Delivered,87
13751,10927,277,Delivered,34
13752,1334,1,Delivered,34
13753,17241,294,Late,19
13754,3128,218,Delivered,46
13755,17446,249,Delivered,29
13756,11706,236,Late,57
13757,703,222,Late,76
13758,318,260,Delivered,27
13759,4151,141,Late,36
13760,13111,197,Late,71
13761,4591,247,Late,83
13762,9074,284,Delivered,48
13763,14768,173,Delivered,41
13764,5852,38,Late,54
13765,9418,180,Delivered,64
13766,1376,254,Delivered,51
13767,9803,219,Delivered,79
13768,1395,163,Late,42
13769,7395,297,Delivered,24
13770,8399,258,Delivered,58
13771,15399,247,Late,55
13772,16911,4,Late,34
13773,9818,167,Delivered,61
13774,15981,236,Late,67
13775,1729,129,Late,74
13776,12161,271,Delivered,45
13777,17580,189,Delivered,26
13778,17441,101,Late,52
13779,4996,186,Late,62
13780,10881,32,Late,84
13781,16162,252,Late,77
13782,14448,163,Late,89
13783,8398,7,Delivered,34
13784,10430,130,Delivered,65
13785,15158,226,Delivered,63
13786,2687,141,Late,17
13787,11364,125,Late,24
13788,6009,113,Delivered,30
13789,19119,27,Late,21
13790,16360,213,Late,87
13791,11765,98,Late,86
13792,31,175,Delivered,33
13793,11862,57,Late,64
13794,9604,231,Late,37
13795,12691,214,Late,69
13796,10534,83,Late,63
13797,13196,227,Late,33
13798,17006,103,Late,45
13799,3212,291,Delivered,40
13800,16494,17,Late,75
13801,964,18,Delivered,59
13802,117,77,Delivered,62
13803,15155,254,Delivered,74
13804,12566,60,Delivered,23
13805,5151,289,Delivered,53
13806,2376,5,Delivered,19
13807,3511,273,Late,57
13808,10631,74,Delivered,49
13809,1869,74,Delivered,45
13810,10121,210,Delivered,21
13811,10307,3,Late,45
13812,6819,82,Delivered,80
13813,17031,169,Delivered,36
13814,8971,71,Late,25
13815,6915,14,Late,24
13816,13557,123,Delivered,17
13817,6127,268,Late,33
13818,7377,166,Delivered,21
13819,18127,213,Delivered,46
13820,5234,298,Delivered,67
13821,15542,256,Late,52
13822,3951,244,Delivered,41
13823,15326,253,Late,42
13824,4011,13,Late,32
13825,3246,284,Delivered,15
13826,16000,183,Delivered,37
13827,10557,24,Late,75
13828,11943,19,Late,67
13829,19914,236,Late,38
13830,69,173,Late,51
13831,11283,138,Delivered,20
13832,8516,63,Delivered,16
13833,17153,166,Delivered,65
13834,14010,263,Delivered,17
13835,891,174,Late,44
13836,19586,250,Delivered,15
13837,988,105,Delivered,42
13838,14473,21,Delivered,34
13839,8676,282,Late,79
13840,19388,144,Delivered,63
13841,16714,33,Late,50
13842,12192,34,Delivered,73
13843,8351,268,Delivered,89
13844,15714,290,Late,60
13845,18509,185,Delivered,65
13846,11450,264,Late,72
13847,1474,211,Delivered,64
13848,16787,120,Delivered,41
13849,8058,217,Delivered,24
13850,2125,139,Late,52
13851,5256,137,Delivered,19
13852,2064,164,Delivered,48
13853,14134,292,Delivered,82
13854,13303,133,Delivered,84
13855,10695,3,Late,80
13856,11959,62,Late,67
13857,8125,282,Late,54
13858,9584,60,Delivered,28
13859,13856,29,Late,77
13860,10837,156,Delivered,17
13861,13831,282,Delivered,31
13862,9727,33,Delivered,27
13863,9149,278,Delivered,50
13864,14287,37,Late,33
13865,4631,65,Late,73
13866,18420,52,Late,53
13867,13529,16,Delivered,17
13868,10289,77,Delivered,76
13869,17207,232,Late,62
13870,8036,253,Delivered,30
13871,8913,278,Late,54
13872,5725,119,Late,64
13873,6501,154,Delivered,76
13874,12773,136,Late,64
13875,15413,190,Delivered,48
13876,16989,166,Delivered,41
13877,3753,152,Late,33
13878,18687,69,Delivered,34
13879,16980,74,Delivered,68
13880,5823,71,Delivered,56
13881,8008,84,Late,45
13882,2070,292,Late,40
13883,10033,238,Late,43
13884,6201,275,Late,38
13885,19572,175,Late,51
13886,10887,152,Late,46
13887,19943,206,Late,44
13888,19947,290,Delivered,77
13889,13604,51,Delivered,37
13890,12139,224,Late,73
13891,7963,290,Late,24
13892,16091,25,Delivered,57
13893,8459,219,Delivered,38
13894,5369,127,Late,82
13895,15147,61,Delivered,56
13896,5499,21,Delivered,74
13897,12757,75,Delivered,88
13898,15029,286,Late,83
13899,1250,143,Late,36
13900,16885,247,Delivered,84
13901,11850,106,Delivered,67
13902,17539,240,Late,31
13903,2662,143,Delivered,74
13904,13866,126,Late,29
13905,18638,143,Late,70
13906,10794,157,Delivered,70
13907,8758,206,Delivered,55
13908,18596,105,Late,43
13909,3526,41,Late,16
13910,16480,136,Delivered,25
13911,14683,212,Late,65
13912,3573,232,Late,34
13913,7240,228,Late,54
13914,12437,297,Delivered,37
13915,7979,77,Delivered,45
13916,7085,222,Delivered,37
13917,16555,66,Late,43
13918,18826,37,Delivered,84
13919,3292,247,Late,75
13920,12269,106,Late,75
13921,8974,130,Delivered,25
13922,10676,185,Delivered,73
13923,7773,230,Delivered,46
13924,15211,165,Delivered,38
13925,19498,256,Delivered,70
13926,19362,142,Delivered,69
13927,16869,94,Late,63
13928,15264,278,Late,66
13929,18404,26,Delivered,24
13930,3702,277,Late,71
13931,6473,110,Delivered,82
13932,9404,289,Late,76
13933,17414,35,Delivered,71
13934,7140,203,Delivered,30
13935,16797,33,Late,52
13936,7670,178,Delivered,57
13937,2995,261,Delivered,90
13938,6007,269,Late,32
13939,12452,280,Delivered,51
13940,1755,231,Late,80
13941,6019,3,Delivered,90
13942,15851,24,Delivered,65
13943,16277,63,Delivered,84
13944,12474,54,Late,49
13945,619,105,Delivered,85
13946,16084,168,Late,80
13947,6868,75,Delivered,67
13948,16618,150,Late,31
13949,4848,54,Late,78
13950,7247,129,Delivered,26
13951,18224,182,Delivered,35
13952,2460,136,Late,58
13953,3617,264,Delivered,20
13954,19729,134,Late,47
13955,16255,103,Delivered,56
13956,14849,194,Late,32
13957,1197,86,Delivered,61
13958,6998,183,Late,51
13959,15960,216,Late,66
13960,14783,68,Delivered,23
13961,19590,101,Late,22
13962,19275,254,Late,15
13963,8548,170,Delivered,66
13964,4319,229,Late,60
13965,18241,91,Delivered,65
13966,1555,44,Delivered,68
13967,9396,57,Late,40
13968,7167,293,Delivered,61
13969,11996,216,Late,46
13970,15136,115,Delivered,21
13971,771,280,Late,89
13972,18938,172,Late,76
13973,1034,76,Late,38
13974,13463,13,Delivered,80
13975,15223,48,Late,53
13976,5114,90,Delivered,19
13977,1643,46,Late,86
13978,3481,295,Late,17
13979,12467,105,Delivered,76
13980,3894,146,Delivered,59
13981,3431,46,Delivered,49
13982,677,163,Delivered,40
13983,13694,157,Delivered,80
13984,7944,20,Delivered,43
13985,12221,6,Late,79
13986,4608,145,Late,29
13987,17585,31,Delivered,58
13988,17177,48,Delivered,64
13989,7108,18,Late,58
13990,16099,245,Late,78
13991,478,230,Late,45
13992,13635,115,Late,66
13993,16273,261,Late,30
13994,17389,228,Delivered,26
13995,13520,191,Delivered,30
13996,19104,145,Delivered,70
13997,3301,268,Late,42
13998,2864,27,Late,77
13999,7311,10,Late,29
14000,318,216,Delivered,52
14001,15550,11,Late,22
14002,17842,150,Delivered,61
14003,7267,267,Delivered,85
14004,18021,219,Late,37
14005,3348,49,Delivered,87
14006,2166,166,Late,79
14007,18235,52,Late,47
14008,4159,287,Delivered,80
14009,15051,240,Delivered,46
14010,14096,10,Delivered,72
14011,5304,249,Late,79
14012,8729,107,Delivered,74
14013,10813,93,Late,32
14014,726,105,Late,22
14015,5104,270,Delivered,72
14016,19698,171,Delivered,49
14017,19731,193,Late,60
14018,7718,264,Delivered,20
14019,19256,239,Delivered,22
14020,15676,174,Delivered,60
14021,7133,200,Delivered,87
14022,5576,68,Late,75
14023,10348,196,Late,80
14024,16893,92,Delivered,87
14025,14449,287,Late,40
14026,593,127,Delivered,86
14027,16686,93,Late,62
14028,11524,155,Delivered,74
14029,7088,70,Delivered,75
14030,2754,212,Delivered,56
14031,1936,138,Late,47
14032,19305,106,Delivered,69
14033,13005,223,Late,72
14034,18481,38,Delivered,51
14035,19002,39,Delivered,31
14036,19826,208,Late,49
14037,13626,76,Late,56
14038,13000,125,Delivered,89
14039,6842,246,Late,37
14040,14894,294,Late,31
14041,18543,91,Late,30
14042,15731,264,Delivered,17
14043,12119,241,Delivered,58
14044,4159,140,Delivered,47
14045,11103,145,Late,50
14046,16158,288,Delivered,42
14047,1338,22,Late,37
14048,6845,5,Late,73
14049,207,158,Late,44
14050,10990,110,Late,56
14051,9651,260,Delivered,50
14052,5296,75,Late,44
14053,19882,91,Late,59
14054,14507,282,Delivered,54
14055,15536,160,Delivered,64
14056,816,151,Late,60
14057,14765,180,Delivered,22
14058,12503,123,Delivered,74
14059,5237,236,Late,24
14060,2394,216,Delivered,77
14061,15196,120,Delivered,48
14062,363,179,Late,40
14063,16969,109,Late,27
14064,12655,97,Delivered,58
14065,8685,5,Late,37
14066,903,109,Delivered,56
14067,13079,161,Delivered,39
14068,11557,155,Delivered,61
14069,11724,252,Late,25
14070,17692,67,Late,84
14071,1521,67,Late,27
14072,6149,275,Delivered,71
14073,471,20,Late,21
14074,1561,186,Late,48
14075,3558,64,Delivered,32
14076,12300,262,Delivered,29
14077,11823,284,Delivered,56
14078,4059,52,Delivered,63
14079,10032,75,Late,54
14080,10615,38,Late,15
14081,8203,103,Delivered,67
14082,14881,193,Delivered,19
14083,12241,126,Late,69
14084,9607,143,Late,53
14085,19458,232,Late,89
14086,341,87,Late,88
14087,6652,93,Delivered,32
14088,10216,153,Late,52
14089,5358,121,Late,30
14090,15314,97,Delivered,69
14091,9614,249,Delivered,59
14092,8394,235,Late,48
14093,8577,25,Late,15
14094,12359,239,Late,57
14095,18016,162,Late,27
14096,803,72,Delivered,21
14097,3824,272,Late,51
14098,6961,71,Late,67
14099,5385,45,Delivered,71
14100,19118,208,Delivered,63
14101,1928,38,Delivered,43
14102,16556,252,Delivered,83
14103,250,194,Delivered,83
14104,546,187,Late,87
14105,884,37,Delivered,36
14106,1837,79,Late,44
14107,9258,11,Delivered,80
14108,4934,164,Delivered,22
14109,18373,142,Late,22
14110,2921,58,Delivered,16
14111,5030,68,Late,26
14112,2076,253,Late,26
14113,11659,62,Delivered,31
14114,415,34,Late,16
14115,19847,46,Delivered,87
14116,1237,79,Late,85
14117,2475,178,Delivered,29
14118,6036,158,Late,20
14119,1199,155,Delivered,70
14120,4252,130,Late,21
14121,3563,97,Late,76
14122,12304,292,Late,17
14123,7552,31,Delivered,90
14124,15654,12,Delivered,39
14125,12830,183,Delivered,17
14126,2400,203,Late,18
14127,1813,111,Late,43
14128,14278,142,Late,77
14129,6639,216,Delivered,71
14130,19614,142,Late,40
14131,15685,271,Delivered,38
14132,17381,107,Delivered,53
14133,3425,295,Late,70
14134,5412,257,Late,70
14135,1868,155,Delivered,49
14136,10981,58,Delivered,35
14137,17086,203,Delivered,53
14138,2528,15,Late,52
14139,3523,12,Delivered,62
14140,12297,224,Late,75
14141,18484,264,Delivered,70
14142,9460,59,Late,56
14143,6859,216,Delivered,39
14144,16778,298,Delivered,87
14145,10357,222,Delivered,78
14146,13033,233,Delivered,67
14147,13843,167,Delivered,74
14148,9047,273,Delivered,60
14149,14466,142,Delivered,48
14150,17663,208,Delivered,84
14151,12591,237,Late,71
14152,2223,36,Delivered,47
14153,19178,20,Late,70
14154,12489,109,Delivered,77
14155,4313,36,Delivered,71
14156,8184,13,Late,51
14157,18871,272,Delivered,74
14158,17158,249,Delivered,80
14159,6602,166,Delivered,22
14160,3128,152,Late,49
14161,2468,97,Late,33
14162,18019,273,Delivered,27
14163,16671,219,Late,41
14164,14022,61,Delivered,64
14165,1181,105,Late,74
14166,19913,43,Late,68
14167,18058,102,Late,29
14168,6909,9,Delivered,41
14169,3080,295,Late,81
14170,10350,8,Delivered,88
14171,16504,58,Late,21
14172,16364,221,Delivered,73
14173,9641,229,Delivered,79
14174,9846,202,Late,27
14175,10953,196,Late,38
14176,17572,240,Late,70
14177,19551,83,Delivered,37
14178,18850,182,Delivered,89
14179,6735,126,Delivered,46
14180,7900,46,Late,49
14181,9973,107,Late,52
14182,17785,161,Late,61
14183,4150,185,Delivered,38
14184,17510,235,Late,64
14185,2497,209,Delivered,81
14186,3312,270,Delivered,68
14187,8923,212,Delivered,59
14188,7856,14,Delivered,69
14189,3751,30,Delivered,85
14190,12861,297,Late,36
14191,14621,41,Late,21
14192,17888,260,Delivered,22
14193,10401,265,Late,39
14194,249,93,Late,15
14195,17895,36,Late,77
14196,5676,90,Late,84
14197,8036,75,Late,30
14198,5524,173,Delivered,65
14199,1034,80,Delivered,26
14200,345,121,Late,23
14201,8232,272,Late,36
14202,2362,62,Delivered,61
14203,15345,9,Delivered,20
14204,8802,247,Delivered,62
14205,1670,10,Late,61
14206,8005,264,Late,71
14207,296,30,Late,76
14208,1847,248,Delivered,22
14209,13996,259,Late,50
14210,10362,225,Late,18
14211,9590,100,Delivered,36
14212,16848,147,Delivered,67
14213,8015,167,Delivered,40
14214,6778,21,Late,40
14215,18231,157,Delivered,68
14216,8903,258,Delivered,34
14217,724,241,Late,37
14218,10170,162,Delivered,47
14219,10472,167,Late,23
14220,3071,55,Late,51
14221,10509,260,Late,47
14222,11529,94,Late,32
14223,31,67,Late,70
14224,18722,51,Delivered,65
14225,14823,84,Late,32
14226,12121,269,Delivered,30
14227,10767,35,Late,23
14228,15134,276,Late,35
14229,18005,37,Late,29
14230,3638,181,Late,47
14231,14655,69,Delivered,41
14232,855,234,Delivered,90
14233,3256,22,Delivered,70
14234,827,143,Delivered,69
14235,1597,156,Delivered,33
14236,19883,47,Delivered,75
14237,19963,53,Late,89
14238,5290,231,Delivered,81
14239,17808,104,Delivered,48
14240,16538,53,Delivered,40
14241,10755,126,Late,72
14242,2262,57,Delivered,49
14243,6440,54,Delivered,88
14244,119,10,Late,87
14245,12720,167,Delivered,15
14246,17732,217,Delivered,52
14247,14860,177,Late,63
14248,14983,205,Late,83
14249,7575,20,Late,23
14250,6992,42,Delivered,85
14251,15620,184,Late,73
14252,16913,109,Delivered,55
14253,8558,121,Late,20
14254,1802,45,Late,60
14255,5857,150,Delivered,74
14256,18544,58,Late,85
14257,6143,23,Delivered,32
14258,4867,36,Late,51
14259,6373,204,Delivered,75
14260,11758,221,Delivered,60
14261,11386,107,Late,82
14262,16502,64,Delivered,25
14263,17132,181,Late,40
14264,10672,281,Late,18
14265,17699,147,Delivered,76
14266,10935,169,Late,68
14267,1953,287,Late,73
14268,1185,73,Delivered,85
14269,9046,27,Delivered,35
14270,1235,95,Delivered,21
14271,5486,87,Late,85
14272,12744,161,Delivered,51
14273,9015,157,Delivered,51
14274,10519,256,Delivered,49
14275,17576,79,Delivered,23
14276,10554,154,Delivered,28
14277,8493,219,Delivered,44
14278,7552,169,Late,83
14279,17758,299,Late,54
14280,6693,107,Late,41
14281,5907,4,Late,35
14282,9359,202,Late,80
14283,12233,72,Late,35
14284,986,281,Late,79
14285,10805,102,Delivered,81
14286,8672,197,Late,36
14287,6543,39,Late,65
14288,2776,161,Late,81
14289,15501,103,Delivered,61
14290,16017,123,Late,34
14291,7450,142,Delivered,32
14292,19108,171,Delivered,67
14293,2342,111,Late,87
14294,19354,54,Late,54
14295,17244,199,Delivered,88
14296,12935,291,Delivered,86
14297,8630,5,Delivered,35
14298,16097,277,Late,27
14299,14448,130,Late,54
14300,14596,295,Delivered,71
14301,18952,46,Late,26
14302,10153,284,Late,59
14303,5317,143,Late,17
14304,11111,277,Delivered,56
14305,16407,47,Delivered,27
14306,18124,77,Delivered,51
14307,11946,5,Delivered,51
14308,15049,5,Late,39
14309,4853,275,Delivered,63
14310,19079,17,Late,67
14311,1632,85,Late,22
14312,8682,187,Late,35
14313,11628,131,Delivered,72
14314,4597,229,Late,71
14315,3829,225,Late,17
14316,17124,168,Delivered,26
14317,5761,236,Late,76
14318,11882,173,Delivered,42
14319,11948,108,Late,52
14320,17321,300,Late,59
14321,18443,228,Late,64
14322,3905,268,Late,63
14323,19219,148,Late,84
14324,17864,236,Late,44
14325,6819,31,Delivered,37
14326,7396,276,Delivered,43
14327,1157,149,Late,65
14328,13139,139,Delivered,87
14329,17557,223,Late,54
14330,17196,265,Late,16
14331,7732,13,Late,85
14332,16457,247,Delivered,47
14333,4997,73,Delivered,22
14334,958,191,Late,45
14335,5037,98,Delivered,75
14336,7402,253,Delivered,74
14337,10359,248,Delivered,52
14338,6687,152,Late,53
14339,17057,52,Late,20
14340,18191,83,Late,25
14341,3047,198,Late,34
14342,11833,299,Late,34
14343,17661,190,Late,63
14344,8474,119,Late,25
14345,13733,98,Delivered,83
14346,12472,34,Late,79
14347,7798,4,Late,51
14348,5354,263,Late,75
14349,18037,270,Delivered,76
14350,2937,88,Delivered,58
14351,12722,293,Late,20
14352,19573,35,Delivered,61
14353,10598,270,Late,72
14354,18588,261,Delivered,87
14355,6395,285,Late,71
14356,18453,143,Late,40
14357,14987,231,Late,27
14358,9961,44,Late,26
14359,5888,272,Late,40
14360,18540,170,Late,56
14361,4170,283,Late,73
14362,7063,220,Late,47
14363,15161,177,Late,76
14364,1843,82,Delivered,87
14365,15825,247,Late,74
14366,8423,90,Delivered,69
14367,12479,183,Delivered,31
14368,9638,116,Delivered,86
14369,4545,194,Delivered,81
14370,11640,293,Late,48
14371,5351,233,Delivered,24
14372,294,138,Delivered,87
14373,8055,243,Delivered,61
14374,15479,194,Delivered,77
14375,1301,26,Late,20
14376,922,249,Late,68
14377,16698,6,Late,88
14378,782,259,Late,17
14379,12195,199,Late,19
14380,16213,4,Late,68
14381,12362,148,Late,46
14382,3855,116,Late,31
14383,2891,127,Delivered,59
14384,10106,52,Late,39
14385,2442,213,Delivered,32
14386,11958,218,Delivered,49
14387,18192,67,Delivered,52
14388,17962,115,Delivered,76
14389,12267,106,Late,68
14390,9979,248,Late,54
14391,2608,206,Late,49
14392,10662,1,Late,77
14393,3167,115,Late,56
14394,13304,121,Late,46
14395,8401,300,Delivered,87
14396,13468,62,Late,63
14397,10860,207,Late,35
14398,8508,255,Late,43
14399,3105,136,Late,29
14400,10214,77,Delivered,89
14401,9819,225,Late,83
14402,18028,4,Delivered,67
14403,3787,112,Delivered,45
14404,2681,146,Delivered,30
14405,18048,166,Delivered,57
14406,12675,256,Delivered,31
14407,1743,176,Delivered,69
14408,3449,266,Delivered,57
14409,14719,188,Late,70
14410,14748,49,Late,65
14411,14449,199,Late,78
14412,15901,199,Late,82
14413,16500,27,Late,71
14414,16575,134,Delivered,15
14415,11189,114,Delivered,67
14416,15779,240,Delivered,61
14417,17146,266,Delivered,65
14418,13475,113,Late,40
14419,10244,76,Late,71
14420,7682,80,Late,22
14421,6554,240,Late,76
14422,5581,193,Late,46
14423,8493,175,Late,25
14424,10879,175,Delivered,89
14425,3937,74,Delivered,45
14426,6946,138,Late,28
14427,8660,277,Late,62
14428,14615,286,Late,41
14429,10787,87,Delivered,53
14430,15725,32,Late,16
14431,8201,164,Delivered,67
14432,9936,199,Late,88
14433,3384,230,Delivered,81
14434,15428,87,Late,80
14435,2213,59,Delivered,29
14436,15271,66,Delivered,55
14437,5865,101,Late,85
14438,15324,15,Delivered,63
14439,17303,239,Late,68
14440,1665,205,Delivered,37
14441,14174,157,Delivered,47
14442,18421,68,Delivered,85
14443,10166,202,Late,15
14444,115,101,Late,49
14445,3400,263,Delivered,21
14446,15774,277,Delivered,21
14447,18712,83,Late,22
14448,15449,210,Delivered,52
14449,17715,152,Late,53
14450,16333,107,Delivered,38
14451,13053,87,Delivered,55
14452,5883,261,Delivered,23
14453,15218,17,Late,77
14454,19968,21,Late,83
14455,699,153,Delivered,32
14456,7011,106,Late,71
14457,2532,178,Delivered,59
14458,9953,189,Late,27
14459,6769,145,Late,37
14460,6672,238,Delivered,63
14461,9660,268,Delivered,40
14462,19450,231,Delivered,67
14463,10891,243,Late,34
14464,14874,207,Delivered,41
14465,10759,66,Delivered,58
14466,15753,188,Delivered,21
14467,15225,52,Delivered,38
14468,6196,46,Delivered,39
14469,10407,95,Delivered,44
14470,14889,239,Late,62
14471,15633,78,Delivered,55
14472,14454,120,Late,87
14473,4525,199,Late,31
14474,8532,273,Late,40
14475,5239,172,Late,47
14476,2576,62,Delivered,17
14477,3177,174,Late,45
14478,15823,133,Late,52
14479,12695,271,Late,28
14480,5451,8,Late,86
14481,19558,146,Delivered,89
14482,5926,188,Delivered,21
14483,8086,124,Late,24
14484,112,172,Delivered,52
14485,18770,283,Delivered,82
14486,2609,296,Delivered,86
14487,7925,292,Late,49
14488,17046,143,Late,41
14489,10341,277,Late,48
14490,8143,173,Late,36
14491,4430,228,Late,43
14492,6243,191,Delivered,45
14493,4234,161,Late,64
14494,10974,20,Delivered,50
14495,568,257,Delivered,82
14496,3563,247,Delivered,18
14497,17734,201,Delivered,82
14498,13195,278,Delivered,62
14499,8781,103,Late,52
14500,14681,164,Delivered,52
14501,3410,98,Late,66
14502,15424,59,Delivered,67
14503,1081,9,Late,22
14504,19676,201,Late,61
14505,5429,263,Delivered,54
14506,2839,26,Delivered,74
14507,7901,244,Late,44
14508,18911,8,Delivered,51
14509,11070,120,Late,52
14510,7198,230,Late,21
14511,13105,29,Delivered,88
14512,4414,253,Late,45
14513,3200,175,Delivered,72
14514,16320,209,Delivered,59
14515,2265,231,Delivered,76
14516,10721,296,Late,79
14517,4562,95,Delivered,69
14518,6514,300,Late,37
14519,10416,249,Delivered,79
14520,17186,43,Late,44
14521,11045,147,Delivered,87
14522,7634,208,Delivered,46
14523,14491,177,Delivered,60
14524,10384,299,Late,88
14525,11741,263,Late,56
14526,10636,29,Late,62
14527,15208,149,Late,30
14528,18423,1,Late,20
14529,19902,61,Late,51
14530,7867,137,Delivered,34
14531,14090,249,Delivered,17
14532,18387,229,Late,29
14533,1157,174,Delivered,78
14534,18228,260,Delivered,55
14535,879,176,Late,15
14536,8584,35,Delivered,75
14537,11385,295,Delivered,40
14538,1937,10,Delivered,37
14539,8915,17,Late,45
14540,4744,173,Delivered,18
14541,7716,64,Delivered,24
14542,5724,215,Delivered,76
14543,1873,32,Late,25
14544,15356,196,Late,33
14545,14099,245,Late,28
14546,4271,69,Late,45
14547,6757,24,Delivered,18
14548,18527,130,Late,84
14549,16564,260,Delivered,79
14550,7139,73,Late,83
14551,12366,155,Late,81
14552,361,103,Late,64
14553,17485,106,Delivered,68
14554,5147,92,Late,88
14555,6074,131,Delivered,53
14556,10801,283,Delivered,74
14557,12459,75,Delivered,64
14558,15697,190,Delivered,53
14559,7672,175,Late,80
14560,14266,198,Delivered,60
14561,3444,109,Delivered,32
14562,2930,237,Late,53
14563,1546,145,Delivered,69
14564,17258,223,Late,33
14565,7657,114,Delivered,87
14566,1186,25,Delivered,35
14567,6912,24,Late,15
14568,14523,52,Delivered,60
14569,3709,84,Delivered,43
14570,12808,199,Delivered,76
14571,2986,92,Late,55
14572,740,17,Delivered,87
14573,16149,146,Delivered,58
14574,7019,276,Delivered,78
14575,5128,221,Delivered,54
14576,19791,44,Delivered,64
14577,8763,186,Delivered,23
14578,1751,15,Delivered,90
14579,15713,58,Late,17
14580,3239,11,Late,52
14581,8986,203,Late,17
14582,19984,5,Delivered,41
14583,1722,253,Delivered,74
14584,15450,40,Delivered,36
14585,7101,36,Late,54
14586,2433,174,Late,52
14587,11221,43,Delivered,36
14588,10940,154,Late,85
14589,16555,59,Delivered,44
14590,16104,251,Delivered,71
14591,4785,105,Late,78
14592,2942,57,Late,23
14593,7426,100,Late,28
14594,12728,101,Late,35
14595,16502,20,Delivered,81
14596,1060,217,Delivered,75
14597,3975,100,Delivered,55
14598,9701,180,Late,33
14599,17214,210,Delivered,16
14600,10633,203,Delivered,23
14601,11943,253,Late,36
14602,14770,170,Late,71
14603,13557,197,Delivered,28
14604,20,247,Delivered,27
14605,399,216,Delivered,26
14606,2517,290,Delivered,41
14607,687,114,Delivered,32
14608,15342,300,Delivered,29
14609,15810,149,Late,53
14610,11450,161,Late,43
14611,8471,235,Delivered,37
14612,14503,23,Late,77
14613,15603,251,Delivered,16
14614,819,36,Late,20
14615,562,43,Late,23
14616,14691,167,Delivered,56
14617,8000,138,Delivered,72
14618,10357,217,Delivered,51
14619,5785,267,Delivered,49
14620,15846,121,Delivered,74
14621,13976,39,Delivered,50
14622,15794,132,Delivered,77
14623,10577,226,Late,21
14624,4782,148,Delivered,70
14625,1439,182,Late,23
14626,17399,181,Late,34
14627,2034,128,Late,35
14628,6871,146,Late,61
14629,837,69,Late,81
14630,5047,118,Delivered,46
14631,7464,182,Late,20
14632,2745,183,Delivered,69
14633,1709,79,Delivered,84
14634,15526,233,Late,62
14635,7651,32,Late,37
14636,2204,90,Late,28
14637,16782,47,Late,57
14638,12122,253,Delivered,73
14639,10091,223,Late,29
14640,8614,115,Late,70
14641,14586,289,Delivered,69
14642,10692,217,Late,90
14643,15687,4,Delivered,54
14644,10770,70,Late,47
14645,19805,195,Late,70
14646,18371,281,Delivered,79
14647,8423,210,Late,64
14648,4346,203,Late,62
14649,6375,104,Delivered,50
14650,8210,44,Delivered,59
14651,4950,195,Late,83
14652,14389,161,Late,59
14653,829,128,Delivered,22
14654,2374,226,Delivered,54
14655,10692,101,Delivered,77
14656,7394,158,Late,33
14657,14971,109,Late,25
14658,11130,45,Delivered,88
14659,9709,47,Delivered,28
14660,15078,149,Late,40
14661,6476,87,Delivered,15
14662,7469,299,Delivered,40
14663,2774,213,Delivered,49
14664,9968,125,Late,48
14665,18318,129,Delivered,40
14666,12847,112,Delivered,51
14667,19306,177,Late,42
14668,5260,276,Late,48
14669,9896,257,Delivered,28
14670,34,85,Late,26
14671,19571,175,Delivered,19
14672,16873,209,Late,71
14673,4067,76,Late,39
14674,2623,189,Delivered,38
14675,16983,2,Late,23
14676,727,120,Late,54
14677,9714,215,Late,50
14678,8190,260,Late,64
14679,10034,3,Delivered,27
14680,13863,268,Late,58
14681,7549,251,Late,86
14682,4449,100,Delivered,26
14683,14340,223,Late,15
14684,11692,33,Late,60
14685,1985,284,Late,21
14686,19426,225,Delivered,52
14687,14776,216,Delivered,16
14688,6621,115,Delivered,71
14689,16844,284,Late,64
14690,4463,155,Late,38
14691,1992,209,Delivered,24
14692,18906,277,Late,31
14693,17137,40,Delivered,51
14694,17272,58,Late,33
14695,16859,215,Delivered,23
14696,17192,222,Delivered,79
14697,12834,131,Delivered,67
14698,14106,136,Late,41
14699,3626,143,Delivered,52
14700,3480,204,Delivered,29
14701,15599,197,Delivered,25
14702,7417,212,Delivered,39
14703,5559,265,Delivered,76
14704,13508,108,Late,70
14705,7692,164,Delivered,65
14706,8306,165,Late,60
14707,8465,96,Delivered,22
14708,10650,166,Late,38
14709,1418,215,Delivered,89
14710,17967,247,Late,50
14711,11662,172,Delivered,52
14712,15752,111,Late,84
14713,2408,75,Late,44
14714,17360,297,Delivered,86
14715,6961,129,Late,83
14716,6799,128,Delivered,28
14717,19920,50,Delivered,43
14718,13344,207,Delivered,46
14719,17277,19,Delivered,64
14720,3499,112,Late,32
14721,6348,96,Late,86
14722,12160,144,Late,31
14723,4415,57,Delivered,60
14724,7828,221,Delivered,74
14725,16901,5,Delivered,89
14726,9416,62,Late,31
14727,14890,33,Delivered,63
14728,2937,25,Delivered,69
14729,6230,297,Late,62
14730,15526,228,Delivered,58
14731,1771,80,Late,86
14732,17580,58,Delivered,40
14733,10928,73,Late,28
14734,5481,110,Delivered,56
14735,3525,51,Delivered,67
14736,15804,196,Delivered,21
14737,2363,255,Delivered,34
14738,13456,185,Delivered,67
14739,1971,292,Late,24
14740,7621,115,Late,72
14741,13828,279,Late,84
14742,15689,199,Late,25
14743,6893,267,Late,65
14744,10662,172,Delivered,47
14745,14511,271,Delivered,64
14746,5745,24,Delivered,37
14747,7175,5,Delivered,67
14748,5732,43,Late,73
14749,10979,89,Late,82
14750,2705,89,Late,46
14751,13145,253,Late,30
14752,3812,93,Late,80
14753,19625,25,Late,60
14754,14420,178,Delivered,33
14755,3956,146,Delivered,45
14756,9087,108,Delivered,50
14757,11546,79,Delivered,27
14758,14075,189,Delivered,39
14759,1152,106,Delivered,64
14760,19399,198,Late,51
14761,363,263,Delivered,37
14762,15625,265,Delivered,19
14763,1012,266,Delivered,42
14764,17522,261,Late,21
14765,6646,192,Delivered,63
14766,10900,280,Late,88
14767,698,47,Late,22
14768,3255,35,Delivered,37
14769,18538,181,Late,76
14770,30,181,Late,65
14771,13975,106,Delivered,53
14772,3075,255,Delivered,60
14773,1331,106,Late,70
14774,14063,173,Delivered,22
14775,6232,251,Late,58
14776,9713,85,Late,51
14777,16716,162,Late,45
14778,9776,194,Delivered,36
14779,14850,229,Delivered,72
14780,1526,111,Delivered,15
14781,6485,130,Delivered,36
14782,18481,16,Late,27
14783,17382,11,Delivered,51
14784,14867,265,Delivered,88
14785,10525,265,Delivered,43
14786,11839,285,Delivered,51
14787,7615,40,Delivered,83
14788,1918,83,Late,50
14789,12893,41,Delivered,22
14790,9688,79,Delivered,35
14791,7421,40,Delivered,48
14792,6667,116,Late,60
14793,7294,188,Delivered,90
14794,12900,291,Delivered,78
14795,12605,25,Delivered,80
14796,10574,148,Delivered,50
14797,17295,10,Delivered,49
14798,4281,154,Delivered,43
14799,13797,194,Late,67
14800,12611,50,Delivered,42
14801,18336,59,Delivered,74
14802,17290,114,Delivered,32
14803,12312,90,Late,25
14804,5220,110,Delivered,59
14805,7682,201,Delivered,54
14806,13203,93,Delivered,42
14807,3312,87,Delivered,68
14808,12853,244,Late,17
14809,14080,186,Late,77
14810,15683,227,Late,21
14811,6128,123,Delivered,32
14812,18671,249,Delivered,36
14813,17221,78,Delivered,37
14814,11604,226,Delivered,64
14815,1599,39,Late,86
14816,5674,248,Late,87
14817,17530,297,Delivered,23
14818,8129,149,Late,82
14819,4463,115,Late,56
14820,7672,212,Delivered,64
14821,9191,182,Delivered,22
14822,6671,1,Delivered,78
14823,10129,81,Late,88
14824,9543,270,Late,38
14825,16831,262,Delivered,70
14826,12544,246,Late,66
14827,2600,113,Late,26
14828,3866,134,Delivered,59
14829,11154,112,Delivered,21
14830,16093,250,Late,17
14831,17502,179,Late,64
14832,17022,152,Delivered,77
14833,600,274,Late,33
14834,16167,291,Late,25
14835,425,17,Late,56
14836,1933,199,Late,51
14837,10129,90,Delivered,26
14838,2213,202,Delivered,45
14839,729,226,Delivered,68
14840,15923,217,Delivered,38
14841,12600,233,Delivered,69
14842,14348,56,Delivered,90
14843,1681,274,Delivered,66
14844,18169,103,Late,43
14845,8887,26,Late,37
14846,7140,261,Delivered,90
14847,5215,86,Late,70
14848,11784,242,Delivered,15
14849,10835,293,Late,85
14850,988,37,Late,59
14851,749,224,Delivered,48
14852,4840,132,Late,54
14853,16588,166,Delivered,42
14854,18350,66,Late,75
14855,10426,113,Late,19
14856,13815,296,Delivered,79
14857,6960,84,Delivered,46
14858,6078,204,Delivered,79
14859,19993,217,Late,79
14860,13978,270,Late,29
14861,11418,164,Late,23
14862,19617,184,Late,89
14863,5473,100,Late,61
14864,11141,59,Delivered,89
14865,15646,52,Delivered,68
14866,6016,173,Delivered,73
14867,17058,22,Late,44
14868,16660,48,Delivered,30
14869,5653,110,Late,25
14870,4665,80,Late,65
14871,15689,151,Delivered,35
14872,5563,286,Delivered,35
14873,19176,258,Late,81
14874,13846,283,Late,58
14875,10189,62,Delivered,86
14876,15325,71,Delivered,56
14877,15434,276,Late,84
14878,2731,255,Late,87
14879,14162,199,Late,90
14880,7311,42,Late,87
14881,9275,209,Delivered,77
14882,3366,113,Late,25
14883,9653,269,Late,19
14884,7713,153,Late,35
14885,14659,287,Late,36
14886,18247,236,Late,22
14887,13843,226,Late,46
14888,17580,145,Delivered,85
14889,12934,22,Delivered,43
14890,56,145,Late,72
14891,9688,39,Delivered,59
14892,3405,15,Late,48
14893,11771,117,Late,26
14894,12132,283,Delivered,26
14895,12423,69,Late,32
14896,3265,147,Delivered,70
14897,8856,4,Delivered,44
14898,10841,174,Delivered,81
14899,18480,78,Late,51
14900,17217,141,Late,45
14901,684,183,Delivered,43
14902,998,63,Delivered,20
14903,18863,107,Late,81
14904,4603,277,Delivered,71
14905,11217,125,Late,29
14906,16403,244,Late,28
14907,6462,110,Late,35
14908,765,292,Late,79
14909,9408,148,Late,38
14910,9999,260,Delivered,65
14911,14595,161,Late,64
14912,13716,88,Delivered,30
14913,4237,124,Delivered,76
14914,17682,18,Late,37
14915,10655,90,Late,64
14916,659,90,Delivered,63
14917,3387,162,Late,77
14918,17330,189,Delivered,76
14919,19140,33,Late,33
14920,15804,192,Late,74
14921,11954,297,Late,76
14922,10199,248,Delivered,30
14923,19644,150,Late,88
14924,11357,198,Delivered,41
14925,9788,243,Late,57
14926,16445,38,Delivered,68
14927,8255,9,Delivered,34
14928,8212,43,Late,41
14929,7965,76,Delivered,34
14930,10107,99,Delivered,51
14931,9295,124,Late,60
14932,2424,77,Delivered,23
14933,12964,42,Delivered,64
14934,1744,34,Late,27
14935,14562,109,Late,52
14936,7511,141,Delivered,27
14937,19955,60,Late,77
14938,3040,183,Delivered,64
14939,7632,130,Late,33
14940,10202,22,Delivered,87
14941,3764,27,Late,42
14942,12655,32,Late,60
14943,9896,18,Delivered,63
14944,12468,82,Late,45
14945,5824,220,Delivered,26
14946,17122,9,Late,31
14947,13385,291,Delivered,77
14948,18085,273,Delivered,42
14949,10952,37,Delivered,34
14950,17098,18,Late,39
14951,10543,135,Late,39
14952,1429,277,Delivered,32
14953,13493,3,Late,45
14954,11716,256,Delivered,27
14955,13441,239,Late,83
14956,1724,280,Late,22
14957,12734,111,Late,77
14958,1972,154,Delivered,54
14959,2553,152,Late,50
14960,1887,185,Delivered,82
14961,7017,15,Delivered,65
14962,12542,293,Late,67
14963,4339,174,Late,65
14964,11363,283,Late,19
14965,4456,80,Delivered,86
14966,18664,53,Late,54
14967,11921,239,Delivered,49
14968,11409,249,Delivered,16
14969,19488,186,Late,45
14970,1501,23,Late,22
14971,6950,162,Delivered,78
14972,1156,297,Delivered,53
14973,3646,234,Late,19
14974,19762,174,Late,85
14975,14438,96,Late,22
14976,8575,225,Late,64
14977,1102,54,Delivered,41
14978,2444,267,Delivered,57
14979,6949,18,Late,44
14980,19677,190,Late,59
14981,10260,12,Late,26
14982,19139,34,Delivered,72
14983,2370,18,Late,23
14984,7592,285,Late,63
14985,8496,247,Late,32
14986,15204,268,Delivered,31
14987,19092,19,Late,37
14988,10988,282,Late,53
14989,4960,237,Delivered,75
14990,8120,189,Late,15
14991,9829,121,Late,33
14992,17899,98,Late,74
14993,6611,251,Delivered,23
14994,9741,87,Late,38
14995,8994,176,Late,78
14996,1906,145,Late,59
14997,6381,92,Delivered,47
14998,17353,206,Delivered,18
14999,8743,241,Late,20
15000,8955,198,Delivered,84
15001,19234,60,Late,43
15002,12560,132,Late,18
15003,15200,86,Late,39
15004,12114,175,Delivered,36
15005,2272,78,Delivered,55
15006,15721,116,Late,74
15007,5782,103,Late,32
15008,10107,86,Late,30
15009,15275,135,Late,42
15010,10781,35,Late,58
15011,11328,284,Late,42
15012,8798,19,Late,85
15013,18715,216,Late,68
15014,14998,7,Delivered,32
15015,1334,175,Late,84
15016,2001,271,Late,19
15017,686,58,Delivered,23
15018,4546,3,Late,31
15019,13400,182,Delivered,83
15020,13009,284,Late,19
15021,16565,111,Late,29
15022,4169,108,Delivered,24
15023,7538,170,Late,89
15024,16646,74,Delivered,30
15025,19426,249,Late,44
15026,10391,240,Late,73
15027,11086,153,Late,74
15028,8342,72,Delivered,49
15029,12432,296,Late,85
15030,16940,23,Late,65
15031,6584,73,Delivered,38
15032,4849,214,Delivered,32
15033,13498,147,Late,66
15034,8848,276,Late,31
15035,11274,289,Delivered,40
15036,10045,44,Late,35
15037,18532,34,Delivered,35
15038,16626,14,Late,16
15039,19196,72,Delivered,56
15040,7856,65,Delivered,87
15041,14992,256,Delivered,25
15042,14497,7,Late,60
15043,12852,15,Delivered,53
15044,1370,159,Delivered,40
15045,16490,291,Late,36
15046,4651,70,Late,70
15047,18428,160,Late,60
15048,1475,262,Delivered,62
15049,98,251,Delivered,47
15050,7398,168,Late,64
15051,2715,40,Delivered,70
15052,14707,92,Late,58
15053,4784,32,Delivered,82
15054,6199,51,Delivered,47
15055,8507,270,Late,29
15056,12530,144,Delivered,85
15057,14465,298,Late,32
15058,7638,225,Late,34
15059,553,123,Delivered,20
15060,10396,179,Late,46
15061,16623,98,Delivered,67
15062,1274,222,Delivered,77
15063,19613,163,Delivered,52
15064,2483,217,Delivered,22
15065,11181,294,Delivered,26
15066,2161,123,Late,52
15067,8544,196,Late,70
15068,3700,275,Late,24
15069,19393,240,Late,36
15070,11356,184,Late,65
15071,14429,193,Delivered,40
15072,14473,117,Delivered,24
15073,2406,26,Delivered,63
15074,6453,115,Delivered,42
15075,17292,248,Late,89
15076,12220,294,Late,58
15077,18596,83,Delivered,46
15078,4784,54,Late,82
15079,9252,85,Delivered,43
15080,1308,191,Late,36
15081,368,160,Delivered,60
15082,17213,226,Delivered,64
15083,19789,52,Delivered,43
15084,14879,194,Delivered,25
15085,3349,131,Late,23
15086,15606,28,Late,86
15087,7740,96,Delivered,59
15088,524,5,Delivered,89
15089,3506,223,Delivered,35
15090,12893,297,Late,45
15091,320,161,Late,52
15092,6219,111,Delivered,67
15093,3362,216,Delivered,76
15094,2996,85,Delivered,25
15095,9610,293,Delivered,61
15096,4839,5,Delivered,59
15097,10975,145,Delivered,46
15098,5021,200,Delivered,77
15099,10299,184,Delivered,36
15100,4023,231,Late,33
15101,10476,6,Delivered,31
15102,18361,296,Delivered,55
15103,12625,121,Late,57
15104,12445,106,Late,61
15105,7571,240,Delivered,48
15106,7079,31,Delivered,24
15107,2097,94,Delivered,89
15108,14095,83,Late,38
15109,7285,291,Late,90
15110,12850,250,Late,27
15111,1430,270,Delivered,36
15112,1919,130,Delivered,82
15113,19859,284,Delivered,86
15114,7929,292,Delivered,56
15115,11230,268,Late,35
15116,17459,52,Late,66
15117,2591,215,Delivered,64
15118,9112,69,Delivered,51
15119,3995,77,Late,80
15120,10685,202,Late,82
15121,12495,223,Delivered,81
15122,15357,246,Delivered,55
15123,6878,11,Delivered,69
15124,18170,219,Late,81
15125,10047,218,Late,36
15126,12487,50,Late,69
15127,11861,94,Late,86
15128,19073,256,Late,90
15129,9870,7,Delivered,52
15130,9178,118,Delivered,77
15131,12417,94,Late,15
15132,16645,208,Delivered,56
15133,8368,278,Late,87
15134,5275,262,Delivered,62
15135,14668,175,Late,54
15136,16343,95,Delivered,23
15137,9730,189,Late,57
15138,5826,61,Delivered,28
15139,15556,297,Late,58
15140,5699,51,Delivered,31
15141,4907,194,Delivered,25
15142,9309,247,Late,37
15143,685,163,Late,24
15144,17129,104,Delivered,83
15145,12036,248,Late,55
15146,9665,284,Late,35
15147,6142,49,Delivered,29
15148,18295,20,Late,75
15149,18265,103,Delivered,82
15150,3199,12,Late,31
15151,9807,103,Late,64
15152,8778,234,Late,31
15153,18629,79,Late,46
15154,645,17,Delivered,79
15155,247,152,Delivered,69
15156,3041,95,Delivered,33
15157,5237,183,Delivered,83
15158,1836,247,Delivered,38
15159,248,21,Late,79
15160,18910,215,Delivered,46
15161,11339,175,Delivered,46
15162,13898,101,Delivered,26
15163,14685,48,Late,61
15164,5036,286,Late,81
15165,13660,107,Delivered,35
15166,10054,125,Delivered,52
15167,19297,115,Late,56
15168,4684,145,Delivered,48
15169,8069,92,Delivered,34
15170,18175,104,Delivered,31
15171,13984,203,Late,33
15172,3524,298,Late,27
15173,17170,289,Late,83
15174,17440,291,Late,43
15175,8522,223,Delivered,48
15176,16390,133,Delivered,25
15177,4382,5,Late,50
15178,19393,275,Late,18
15179,6117,77,Late,26
15180,819,154,Delivered,29
15181,12234,138,Delivered,81
15182,9086,126,Late,48
15183,153,282,Delivered,87
15184,2782,107,Delivered,39
15185,6214,39,Delivered,76
15186,6109,92,Delivered,54
15187,402,74,Late,89
15188,3696,121,Delivered,50
15189,9377,41,Delivered,71
15190,13313,14,Delivered,36
15191,3820,286,Delivered,52
15192,15787,267,Late,70
15193,10973,74,Delivered,22
15194,426,128,Late,72
15195,9401,260,Delivered,72
15196,6780,86,Late,59
15197,17599,297,Late,31
15198,11659,28,Delivered,74
15199,2872,239,Delivered,78
15200,3132,177,Delivered,55
15201,19028,137,Late,89
15202,17639,262,Delivered,64
15203,16588,210,Late,89
15204,10522,121,Late,62
15205,11001,100,Late,51
15206,14407,115,Late,70
15207,12629,260,Delivered,38
15208,6384,140,Late,27
15209,8426,182,Delivered,62
15210,4756,123,Late,87
15211,12704,118,Delivered,79
15212,8412,252,Late,78
15213,7237,92,Late,52
15214,8529,139,Late,90
15215,99,94,Late,90
15216,11265,177,Late,54
15217,15244,197,Delivered,87
15218,8786,29,Late,81
15219,18295,254,Late,61
15220,16931,162,Delivered,31
15221,13704,103,Late,61
15222,17305,53,Delivered,52
15223,11705,54,Late,69
15224,16711,192,Late,77
15225,13669,15,Late,78
15226,3636,129,Late,35
15227,19860,102,Late,77
15228,749,223,Late,37
15229,19787,132,Late,48
15230,5659,51,Late,50
15231,9945,261,Late,26
15232,15618,194,Delivered,85
15233,16432,174,Late,70
15234,427,143,Delivered,70
15235,9770,104,Late,53
15236,1930,36,Delivered,80
15237,12107,120,Late,16
15238,11412,27,Late,32
15239,7699,247,Delivered,55
15240,6160,167,Late,28
15241,626,119,Delivered,46
15242,8919,205,Late,65
15243,4638,101,Late,71
15244,2488,25,Delivered,75
15245,1241,259,Delivered,41
15246,6803,68,Late,67
15247,19195,28,Late,41
15248,10027,104,Late,84
15249,14295,125,Late,49
15250,3452,121,Late,64
15251,15248,290,Late,50
15252,6581,159,Late,57
15253,18950,23,Delivered,15
15254,7570,280,Late,23
15255,14469,97,Delivered,69
15256,10329,280,Delivered,50
15257,11945,294,Delivered,80
15258,2617,145,Delivered,21
15259,10189,118,Late,46
15260,15651,233,Delivered,85
15261,3063,255,Late,44
15262,14726,8,Late,47
15263,4057,74,Late,67
15264,17341,179,Late,46
15265,406,130,Delivered,66
15266,5845,137,Delivered,15
15267,7270,285,Late,35
15268,8016,45,Late,78
15269,16611,218,Delivered,35
15270,4562,74,Late,84
15271,6350,146,Late,56
15272,12100,217,Delivered,84
15273,9772,274,Delivered,72
15274,14410,45,Delivered,71
15275,19308,12,Late,59
15276,13781,45,Late,16
15277,10520,104,Delivered,16
15278,17039,179,Late,79
15279,5231,242,Delivered,78
15280,7077,107,Late,31
15281,17201,143,Delivered,64
15282,16823,208,Delivered,19
15283,14397,168,Late,32
15284,16476,132,Delivered,57
15285,11696,73,Late,64
15286,11350,192,Late,26
15287,11710,93,Late,41
15288,10396,165,Delivered,27
15289,12645,250,Late,87
15290,15964,193,Late,30
15291,5418,56,Delivered,71
15292,14774,229,Late,85
15293,14483,147,Late,70
15294,1232,226,Delivered,49
15295,8819,41,Late,64
15296,12420,134,Delivered,88
15297,872,58,Late,62
15298,7474,23,Late,20
15299,15856,292,Delivered,68
15300,2454,183,Delivered,49
15301,15275,76,Delivered,77
15302,4286,93,Delivered,39
15303,4248,246,Late,78
15304,7830,270,Late,71
15305,9,105,Delivered,33
15306,10807,257,Delivered,79
15307,4479,140,Delivered,21
15308,12923,174,Delivered,78
15309,15324,98,Late,17
15310,3544,47,Late,35
15311,13896,89,Late,80
15312,2857,165,Delivered,54
15313,16971,271,Delivered,44
15314,15477,278,Late,31
15315,126,265,Late,56
15316,14799,68,Late,60
15317,17080,41,Late,25
15318,16976,126,Late,77
15319,6158,275,Delivered,87
15320,2843,37,Late,83
15321,14409,94,Delivered,25
15322,6909,251,Late,43
15323,9459,153,Delivered,43
15324,6668,58,Late,88
15325,15614,177,Delivered,49
15326,11983,117,Delivered,90
15327,19306,272,Late,40
15328,4170,239,Late,90
15329,569,103,Delivered,45
15330,14161,2,Delivered,28
15331,11886,89,Delivered,63
15332,5132,295,Late,84
15333,10198,107,Late,45
15334,16139,132,Late,51
15335,18230,265,Delivered,53
15336,6097,29,Delivered,32
15337,1290,48,Late,59
15338,18864,196,Delivered,29
15339,8672,120,Late,85
15340,402,100,Late,61
15341,5643,79,Delivered,89
15342,3541,300,Delivered,20
15343,15266,43,Delivered,30
15344,10767,137,Delivered,28
15345,2043,144,Delivered,58
15346,8636,271,Late,51
15347,5885,168,Delivered,67
15348,1708,162,Late,58
15349,4384,65,Late,58
15350,10578,236,Late,82
15351,8409,281,Late,34
15352,9563,48,Delivered,71
15353,15015,44,Late,83
15354,16726,14,Late,62
15355,14748,194,Delivered,40
15356,12223,73,Late,42
15357,5368,300,Late,22
15358,18010,258,Delivered,41
15359,7342,66,Late,69
15360,13187,191,Late,56
15361,11144,156,Late,89
15362,6084,285,Late,33
15363,10696,167,Late,45
15364,16177,123,Late,41
15365,4,160,Late,56
15366,9459,145,Delivered,17
15367,3066,239,Delivered,83
15368,13999,236,Late,26
15369,726,102,Delivered,87
15370,5386,27,Delivered,70
15371,920,208,Delivered,51
15372,18325,47,Late,48
15373,11605,289,Delivered,46
15374,4594,207,Delivered,53
15375,8552,177,Delivered,78
15376,13277,161,Delivered,16
15377,11978,68,Late,50
15378,19970,169,Delivered,87
15379,17854,120,Delivered,79
15380,3943,72,Late,51
15381,11894,146,Late,66
15382,8945,173,Delivered,55
15383,13912,80,Delivered,35
15384,7745,37,Late,30
15385,9290,33,Late,85
15386,9112,94,Late,37
15387,8665,89,Delivered,47
15388,2881,243,Late,28
15389,9261,292,Late,41
15390,12596,112,Delivered,52
15391,5523,226,Delivered,24
15392,3976,83,Late,75
15393,19288,107,Delivered,43
15394,15433,97,Delivered,83
15395,10423,234,Late,25
15396,14228,174,Late,84
15397,17492,146,Late,86
15398,7513,28,Delivered,70
15399,9681,165,Late,27
15400,11025,169,Delivered,34
15401,14911,138,Delivered,52
15402,9161,179,Late,79
15403,3226,186,Late,59
15404,12836,124,Late,72
15405,5091,130,Delivered,36
15406,10108,276,Late,85
15407,3816,218,Delivered,48
15408,5663,280,Late,78
15409,19937,203,Delivered,87
15410,17391,106,Delivered,74
15411,4066,161,Delivered,19
15412,15470,47,Delivered,39
15413,18856,111,Late,65
15414,3882,20,Delivered,74
15415,17177,14,Delivered,63
15416,2279,272,Delivered,43
15417,11936,51,Late,60
15418,952,70,Delivered,24
15419,11525,39,Delivered,83
15420,2823,35,Delivered,55
15421,6523,173,Late,78
15422,160,101,Late,63
15423,16333,172,Late,87
15424,15786,290,Late,67
15425,3224,198,Late,44
15426,17376,205,Late,75
15427,15026,88,Delivered,76
15428,472,219,Delivered,90
15429,1109,200,Delivered,29
15430,8023,115,Delivered,61
15431,3175,257,Late,86
15432,12312,35,Delivered,66
15433,16875,143,Late,42
15434,6173,64,Late,32
15435,3169,239,Late,28
15436,955,260,Delivered,88
15437,2992,285,Delivered,52
15438,19347,245,Delivered,54
15439,17543,177,Delivered,58
15440,6021,155,Late,45
15441,7624,281,Delivered,42
15442,11255,138,Late,62
15443,9838,297,Late,25
15444,1707,200,Late,56
15445,525,106,Late,73
15446,2125,34,Late,66
15447,1480,87,Delivered,79
15448,19198,48,Late,19
15449,14323,156,Delivered,38
15450,15412,6,Delivered,24
15451,19064,61,Delivered,62
15452,1051,5,Late,75
15453,18668,275,Late,60
15454,17609,201,Delivered,83
15455,8353,90,Delivered,54
15456,13817,7,Late,79
15457,6001,38,Delivered,26
15458,4072,66,Delivered,71
15459,5215,78,Late,84
15460,12975,8,Late,56
15461,6663,179,Delivered,79
15462,14500,190,Late,52
15463,12682,183,Delivered,31
15464,9804,91,Delivered,74
15465,18270,110,Delivered,21
15466,12714,153,Late,47
15467,6424,14,Delivered,73
15468,12317,150,Late,37
15469,13548,167,Delivered,36
15470,18877,189,Delivered,30
15471,2899,171,Late,62
15472,19933,297,Late,89
15473,7635,204,Delivered,66
15474,747,195,Delivered,65
15475,12882,122,Delivered,73
15476,5824,225,Delivered,76
15477,16771,279,Late,77
15478,19656,281,Late,17
15479,5743,296,Delivered,48
15480,19706,57,Late,19
15481,19548,170,Late,51
15482,8779,74,Late,19
15483,1283,95,Late,18
15484,14190,11,Late,67
15485,9042,67,Delivered,44
15486,3822,260,Delivered,19
15487,15920,185,Late,61
15488,12227,143,Delivered,57
15489,14657,9,Delivered,40
15490,11294,155,Delivered,19
15491,9994,34,Delivered,42
15492,12465,151,Delivered,86
15493,6208,282,Late,20
15494,9336,74,Late,58
15495,5090,152,Late,37
15496,428,139,Late,75
15497,14476,168,Delivered,20
15498,2174,41,Delivered,63
15499,1277,3,Delivered,18
15500,2926,286,Delivered,62
15501,503,131,Late,69
15502,9673,260,Delivered,61
15503,16209,81,Late,44
15504,7153,136,Late,24
15505,5778,239,Delivered,80
15506,12664,70,Delivered,62
15507,2954,130,Delivered,29
15508,10083,65,Late,68
15509,3713,180,Delivered,63
15510,7531,61,Delivered,52
15511,16933,8,Late,24
15512,15424,165,Late,23
15513,2646,98,Delivered,38
15514,6370,143,Delivered,59
15515,19708,132,Delivered,59
15516,10398,65,Delivered,72
15517,13870,68,Late,65
15518,5230,107,Delivered,34
15519,16661,94,Delivered,60
15520,15360,15,Delivered,15
15521,18632,37,Late,66
15522,945,290,Delivered,33
15523,18280,259,Late,54
15524,11982,251,Late,40
15525,682,56,Delivered,80
15526,15999,209,Delivered,39
15527,14898,277,Late,78
15528,3216,161,Delivered,30
15529,3565,285,Delivered,32
15530,19200,140,Delivered,52
15531,18314,145,Delivered,71
15532,17071,198,Delivered,68
15533,14358,132,Delivered,85
15534,9240,30,Delivered,15
15535,8468,244,Late,30
15536,17054,75,Late,38
15537,1390,72,Late,37
15538,11952,55,Late,51
15539,4865,147,Late,63
15540,4830,194,Delivered,21
15541,17209,39,Delivered,35
15542,5514,250,Late,80
15543,10712,2,Delivered,17
15544,18674,210,Delivered,89
15545,17718,100,Late,80
15546,18297,238,Delivered,37
15547,8740,61,Delivered,87
15548,9217,165,Delivered,66
15549,7596,167,Late,21
15550,9753,58,Late,27
15551,11468,34,Delivered,15
15552,8266,30,Late,70
15553,18222,42,Delivered,48
15554,14494,20,Late,57
15555,14144,123,Late,32
15556,269,52,Late,39
15557,2422,197,Delivered,25
15558,8941,8,Delivered,69
15559,7593,193,Delivered,25
15560,17421,64,Delivered,51
15561,8267,167,Late,62
15562,12906,103,Late,84
15563,17665,270,Delivered,28
15564,19476,45,Late,65
15565,18361,198,Late,54
15566,16894,272,Late,23
15567,14367,133,Late,89
15568,12003,144,Late,87
15569,3,265,Late,56
15570,19699,5,Late,33
15571,6866,12,Delivered,59
15572,18536,142,Delivered,59
15573,3022,202,Late,70
15574,571,154,Delivered,27
15575,9420,77,Late,79
15576,17885,292,Delivered,30
15577,9632,44,Late,17
15578,8401,81,Late,72
15579,1755,118,Delivered,69
15580,17768,79,Delivered,63
15581,18444,124,Delivered,80
15582,2424,132,Late,18
15583,7503,25,Late,22
15584,16941,241,Late,52
15585,15231,163,Delivered,55
15586,458,13,Late,83
15587,9741,186,Delivered,89
15588,15859,196,Delivered,24
15589,9329,93,Delivered,18
15590,11318,120,Late,25
15591,11617,230,Delivered,47
15592,17284,162,Delivered,53
15593,17197,273,Late,48
15594,473,128,Late,71
15595,8424,297,Late,35
15596,16061,167,Delivered,81
15597,12177,263,Delivered,75
15598,17336,198,Late,85
15599,17366,299,Late,64
15600,8005,188,Late,85
15601,10565,229,Delivered,41
15602,16147,120,Late,22
15603,19664,271,Delivered,18
15604,13489,247,Late,87
15605,2922,133,Delivered,67
15606,1792,112,Late,18
15607,10677,249,Late,52
15608,11933,92,Delivered,72
15609,1491,131,Delivered,83
15610,374,2,Late,54
15611,8900,253,Delivered,66
15612,12277,275,Delivered,65
15613,1770,256,Late,87
15614,9593,269,Delivered,30
15615,2601,191,Delivered,47
15616,14792,194,Delivered,79
15617,19238,26,Late,81
15618,7000,194,Delivered,61
15619,14366,258,Delivered,36
15620,16690,213,Delivered,36
15621,2107,247,Late,73
15622,15183,18,Late,58
15623,6679,82,Delivered,73
15624,5592,33,Late,24
15625,19707,4,Delivered,33
15626,13199,271,Late,27
15627,4582,114,Late,56
15628,3331,8,Delivered,48
15629,4923,243,Delivered,63
15630,1125,258,Delivered,36
15631,11151,179,Late,22
15632,8258,277,Delivered,75
15633,3112,60,Late,19
15634,15008,117,Delivered,32
15635,6735,289,Late,84
15636,3784,79,Late,68
15637,15816,133,Late,83
15638,17266,107,Late,45
15639,13923,259,Late,45
15640,6081,59,Late,48
15641,11324,298,Late,89
15642,13268,252,Late,79
15643,4456,285,Late,86
15644,15370,38,Delivered,56
15645,3935,215,Delivered,21
15646,6774,106,Delivered,21
15647,4908,8,Late,81
15648,19793,37,Late,20
15649,10063,64,Late,89
15650,16955,298,Late,32
15651,18236,281,Late,25
15652,4977,23,Late,25
15653,3381,143,Late,70
15654,17742,225,Late,53
15655,71,209,Delivered,15
15656,6759,136,Late,52
15657,10207,82,Delivered,15
15658,11100,58,Delivered,32
15659,2355,49,Delivered,64
15660,19277,188,Delivered,58
15661,9802,229,Late,44
15662,1433,86,Delivered,27
15663,13602,300,Delivered,89
15664,10336,73,Late,59
15665,13728,216,Late,79
15666,9669,252,Late,68
15667,2263,148,Late,28
15668,2914,224,Late,22
15669,12363,151,Delivered,65
15670,14786,74,Late,69
15671,2021,225,Late,79
15672,19783,55,Delivered,71
15673,17497,220,Delivered,40
15674,17979,75,Delivered,58
15675,15263,74,Late,39
15676,7642,53,Delivered,53
15677,11395,221,Late,76
15678,10257,229,Delivered,71
15679,4824,212,Late,44
15680,14953,187,Delivered,73
15681,18520,227,Late,23
15682,14329,96,Delivered,68
15683,19101,222,Delivered,86
15684,7524,109,Delivered,59
15685,3133,71,Late,88
15686,16192,126,Late,80
15687,15087,203,Late,38
15688,16783,18,Delivered,78
15689,19873,171,Delivered,49
15690,9251,299,Late,28
15691,19951,295,Late,65
15692,5487,178,Delivered,25
15693,8897,97,Delivered,63
15694,6435,75,Late,57
15695,8589,152,Delivered,79
15696,11338,149,Late,89
15697,7900,243,Delivered,17
15698,9605,294,Delivered,51
15699,13342,40,Late,33
15700,6566,247,Delivered,84
15701,13888,199,Late,15
15702,17121,148,Late,78
15703,6315,290,Late,82
15704,10265,63,Late,26
15705,13277,81,Late,88
15706,10244,108,Late,19
15707,11397,214,Delivered,80
15708,16166,122,Delivered,32
15709,17806,253,Delivered,72
15710,7293,163,Delivered,71
15711,9506,170,Late,26
15712,8182,151,Delivered,60
15713,17982,290,Late,77
15714,8877,250,Late,43
15715,11098,71,Delivered,89
15716,15287,130,Late,89
15717,3568,60,Delivered,84
15718,9239,85,Late,21
15719,19507,72,Delivered,89
15720,8638,163,Late,72
15721,2259,107,Delivered,78
15722,5661,172,Late,44
15723,2218,169,Delivered,28
15724,15481,17,Delivered,73
15725,5999,268,Late,22
15726,6924,79,Late,56
15727,3990,163,Delivered,89
15728,17807,209,Delivered,74
15729,855,87,Late,24
15730,468,283,Late,29
15731,10825,120,Delivered,67
15732,6939,101,Late,32
15733,8362,99,Delivered,30
15734,14930,271,Delivered,70
15735,15282,231,Late,51
15736,12008,88,Late,38
15737,17185,30,Delivered,87
15738,3206,62,Late,23
15739,11168,289,Late,77
15740,2448,125,Delivered,18
15741,10773,299,Delivered,79
15742,4628,177,Late,89
15743,3445,147,Late,63
15744,848,286,Late,54
15745,5155,106,Late,81
15746,13184,113,Late,38
15747,1015,61,Delivered,88
15748,9909,122,Late,35
15749,16515,207,Late,67
15750,4417,9,Late,31
15751,17086,221,Late,32
15752,8289,152,Late,40
15753,12206,182,Late,67
15754,1612,295,Delivered,82
15755,17570,203,Delivered,83
15756,10521,250,Late,71
15757,3661,157,Delivered,51
15758,3178,18,Late,45
15759,3216,300,Late,89
15760,11942,111,Late,88
15761,14770,145,Late,71
15762,1434,78,Delivered,34
15763,9480,264,Late,43
15764,6683,159,Late,17
15765,16907,144,Late,16
15766,9094,5,Late,69
15767,14839,244,Late,72
15768,11228,55,Delivered,46
15769,9902,200,Late,23
15770,758,282,Delivered,69
15771,123,42,Delivered,20
15772,5408,270,Delivered,25
15773,14764,36,Delivered,39
15774,1243,147,Late,16
15775,12095,284,Delivered,80
15776,1218,240,Late,66
15777,14311,218,Late,20
15778,2338,281,Delivered,52
15779,6638,180,Delivered,78
15780,15822,115,Late,23
15781,3719,48,Late,74
15782,10149,206,Delivered,78
15783,11336,189,Late,28
15784,18915,97,Delivered,45
15785,14378,298,Late,32
15786,6625,220,Delivered,45
15787,1236,69,Delivered,42
15788,18248,252,Late,58
15789,14066,91,Late,63
15790,615,206,Delivered,26
15791,2727,133,Late,59
15792,6625,278,Late,16
15793,14252,259,Late,81
15794,12929,110,Late,46
15795,19741,172,Late,39
15796,1822,252,Delivered,87
15797,7960,33,Late,53
15798,5442,132,Late,33
15799,14069,2,Late,48
15800,207,233,Late,73
15801,478,116,Late,53
15802,11901,203,Delivered,43
15803,11853,65,Late,60
15804,12697,199,Delivered,71
15805,10490,124,Delivered,89
15806,12666,215,Delivered,22
15807,16044,48,Late,49
15808,12801,177,Late,29
15809,8111,30,Late,60
15810,7293,187,Delivered,68
15811,11282,241,Delivered,67
15812,4832,15,Delivered,38
15813,18926,274,Delivered,47
15814,5599,140,Delivered,76
15815,9438,246,Delivered,55
15816,11928,88,Delivered,32
15817,9865,214,Delivered,83
15818,11034,171,Late,61
15819,15815,266,Late,29
15820,1781,9,Late,18
15821,19901,291,Delivered,78
15822,6324,269,Late,42
15823,9134,291,Delivered,48
15824,5174,180,Late,53
15825,6539,262,Delivered,41
15826,7881,252,Late,34
15827,3420,80,Late,33
15828,7580,239,Delivered,71
15829,4538,142,Delivered,49
15830,7330,251,Delivered,34
15831,889,106,Late,55
15832,8617,8,Delivered,72
15833,4690,7,Late,61
15834,9589,137,Late,57
15835,6869,244,Delivered,66
15836,8072,217,Delivered,84
15837,1852,250,Delivered,51
15838,15217,61,Delivered,57
15839,11774,133,Delivered,55
15840,12060,164,Delivered,76
15841,14565,119,Delivered,67
15842,18263,84,Delivered,76
15843,16352,29,Delivered,40
15844,4900,282,Late,74
15845,14965,113,Delivered,64
15846,11678,68,Late,34
15847,71,30,Late,36
15848,1720,126,Delivered,31
15849,18243,25,Delivered,58
15850,13269,159,Late,53
15851,13634,282,Delivered,64
15852,14684,99,Late,17
15853,5018,210,Late,69
15854,784,23,Delivered,62
15855,5650,229,Late,89
15856,2482,259,Late,22
15857,8896,58,Late,84
15858,17715,129,Delivered,84
15859,17524,188,Delivered,20
15860,17076,52,Delivered,62
15861,19046,202,Late,31
15862,18448,128,Late,22
15863,3115,171,Delivered,24
15864,9255,157,Delivered,64
15865,13774,43,Delivered,15
15866,1514,68,Late,55
15867,13078,40,Delivered,74
15868,12523,127,Delivered,16
15869,504,285,Late,65
15870,14870,62,Late,20
15871,200,35,Late,81
15872,14686,135,Late,48
15873,1356,138,Late,81
15874,16673,60,Delivered,58
15875,3779,12,Delivered,25
15876,2663,155,Delivered,40
15877,12058,33,Late,60
15878,18934,151,Late,47
15879,2827,147,Delivered,71
15880,8570,249,Delivered,31
15881,7410,93,Late,74
15882,13805,157,Delivered,87
15883,5282,110,Delivered,34
15884,6120,251,Late,80
15885,1860,134,Late,80
15886,6992,6,Late,66
15887,15408,215,Late,86
15888,18484,33,Delivered,38
15889,15722,131,Late,37
15890,19658,151,Delivered,38
15891,6196,207,Delivered,24
15892,18856,159,Delivered,20
15893,14017,94,Delivered,17
15894,18338,253,Late,38
15895,15153,218,Delivered,59
15896,10870,205,Delivered,31
15897,10706,84,Late,73
15898,4553,46,Late,62
15899,2069,206,Delivered,56
15900,18250,4,Delivered,20
15901,1658,156,Delivered,63
15902,19657,108,Delivered,82
15903,16967,222,Late,35
15904,13616,243,Delivered,55
15905,18806,162,Late,31
15906,18704,224,Delivered,35
15907,11374,281,Delivered,19
15908,11694,12,Late,75
15909,11492,125,Delivered,51
15910,13696,155,Delivered,68
15911,8827,167,Delivered,56
15912,6071,184,Delivered,34
15913,3143,79,Late,55
15914,10642,271,Delivered,71
15915,10807,35,Late,28
15916,18460,262,Delivered,67
15917,3017,105,Delivered,69
15918,4695,94,Late,43
15919,2936,261,Late,39
15920,3410,89,Late,21
15921,7772,11,Late,29
15922,11526,247,Delivered,79
15923,19956,173,Delivered,72
15924,15868,236,Delivered,26
15925,18141,6,Delivered,18
15926,462,267,Delivered,42
15927,13036,58,Delivered,76
15928,16343,231,Late,53
15929,13739,146,Late,82
15930,14076,258,Delivered,15
15931,18965,268,Delivered,16
15932,4352,229,Delivered,23
15933,11349,156,Late,33
15934,11055,151,Delivered,36
15935,15035,23,Delivered,55
15936,10099,297,Late,74
15937,1646,17,Late,24
15938,6267,214,Delivered,18
15939,18202,258,Delivered,26
15940,11130,290,Delivered,30
15941,15574,203,Late,38
15942,579,187,Late,83
15943,12530,158,Late,61
15944,10346,170,Late,41
15945,3394,269,Delivered,61
15946,17708,2,Late,34
15947,17262,33,Late,35
15948,8094,185,Late,44
15949,9485,254,Delivered,72
15950,8240,72,Delivered,33
15951,12772,84,Late,72
15952,10248,293,Delivered,90
15953,5215,242,Delivered,72
15954,19301,154,Delivered,73
15955,13136,274,Late,66
15956,69,153,Delivered,56
15957,8497,271,Delivered,46
15958,11083,122,Delivered,20
15959,1765,198,Delivered,37
15960,16911,299,Delivered,75
15961,13727,259,Late,31
15962,12707,67,Late,38
15963,7528,119,Delivered,54
15964,4176,201,Late,51
15965,17767,222,Late,81
15966,17388,166,Delivered,46
15967,15659,73,Delivered,62
15968,6611,46,Delivered,20
15969,19881,135,Delivered,52
15970,6844,72,Late,55
15971,16492,227,Delivered,52
15972,724,138,Delivered,27
15973,12629,232,Delivered,77
15974,4025,199,Delivered,74
15975,12364,56,Late,70
15976,9917,136,Delivered,82
15977,19878,141,Late,75
15978,4134,278,Late,31
15979,5931,147,Late,55
15980,1647,1,Late,88
15981,6164,8,Delivered,46
15982,10521,48,Delivered,48
15983,11885,279,Late,35
15984,13371,239,Delivered,15
15985,2045,215,Late,63
15986,11727,294,Late,79
15987,14164,97,Delivered,66
15988,12617,45,Delivered,41
15989,10571,47,Late,26
15990,6096,60,Delivered,89
15991,5121,218,Late,41
15992,7418,227,Delivered,49
15993,7486,212,Late,24
15994,12501,40,Delivered,44
15995,1028,252,Late,62
15996,14999,185,Delivered,38
15997,9772,2,Delivered,36
15998,16476,222,Delivered,16
15999,9202,25,Late,46
16000,9538,174,Delivered,64
16001,9346,163,Delivered,62
16002,2167,32,Delivered,61
16003,17317,87,Delivered,74
16004,6885,87,Delivered,41
16005,18544,116,Late,34
16006,12180,106,Late,78
16007,3129,209,Delivered,54
16008,2029,38,Late,85
16009,9088,181,Delivered,32
16010,3034,271,Delivered,48
16011,897,271,Late,32
16012,13371,128,Late,28
16013,5269,114,Late,69
16014,19410,68,Late,51
16015,18843,8,Late,43
16016,8534,79,Late,53
16017,15145,55,Delivered,89
16018,17414,178,Late,47
16019,8622,74,Delivered,48
16020,17434,197,Late,56
16021,9107,176,Delivered,87
16022,1717,25,Late,49
16023,19634,236,Delivered,39
16024,17677,167,Late,55
16025,1893,140,Late,36
16026,10741,272,Late,40
16027,13228,87,Delivered,67
16028,15364,144,Late,85
16029,19226,35,Delivered,34
16030,7820,114,Late,37
16031,1818,234,Delivered,90
16032,545,262,Late,62
16033,18784,72,Late,42
16034,4031,182,Late,75
16035,14982,94,Delivered,60
16036,10476,98,Delivered,59
16037,17905,17,Late,60
16038,5719,99,Late,89
16039,11187,183,Delivered,84
16040,701,25,Delivered,53
16041,1296,210,Late,53
16042,7493,185,Late,82
16043,1972,147,Late,43
16044,3452,137,Delivered,71
16045,19784,105,Delivered,71
16046,12389,39,Delivered,70
16047,3637,84,Delivered,16
16048,8001,195,Delivered,80
16049,17314,136,Late,26
16050,11497,175,Late,85
16051,13978,261,Delivered,72
16052,13131,285,Delivered,76
16053,10852,100,Late,80
16054,19939,203,Late,70
16055,16045,212,Late,71
16056,3359,73,Late,81
16057,11426,164,Late,35
16058,9136,32,Delivered,65
16059,5429,40,Delivered,24
16060,15793,206,Delivered,90
16061,8154,6,Late,23
16062,18693,103,Delivered,35
16063,14561,281,Delivered,75
16064,9951,147,Delivered,86
16065,18413,179,Delivered,84
16066,2330,24,Late,60
16067,251,76,Delivered,35
16068,13021,77,Late,63
16069,18322,18,Late,76
16070,17140,171,Delivered,47
16071,19700,280,Delivered,57
16072,5381,3,Delivered,22
16073,10558,148,Late,40
16074,12338,51,Delivered,67
16075,7663,259,Delivered,50
16076,4562,107,Late,83
16077,12036,233,Delivered,51
16078,17839,280,Late,53
16079,17555,68,Late,72
16080,14881,172,Late,53
16081,11629,252,Delivered,80
16082,2780,286,Late,17
16083,17767,296,Late,72
16084,5336,276,Late,71
16085,18055,72,Delivered,62
16086,9618,249,Delivered,53
16087,8183,247,Late,34
16088,16053,51,Delivered,18
16089,13863,150,Delivered,25
16090,17986,179,Delivered,75
16091,10209,142,Late,52
16092,8809,56,Delivered,87
16093,1916,256,Delivered,55
16094,7641,83,Delivered,42
16095,1127,264,Delivered,72
16096,8975,290,Delivered,49
16097,8614,1,Late,17
16098,17439,295,Late,38
16099,3851,127,Delivered,73
16100,6309,86,Late,22
16101,11345,15,Delivered,36
16102,11802,35,Late,61
16103,3839,150,Late,66
16104,7927,163,Delivered,29
16105,18369,217,Delivered,48
16106,5381,270,Late,65
16107,2932,15,Delivered,18
16108,4443,127,Late,47
16109,19655,87,Late,42
16110,6085,287,Delivered,53
16111,1793,23,Late,81
16112,19803,220,Delivered,30
16113,14779,113,Late,79
16114,4829,174,Late,34
16115,9933,256,Late,68
16116,10875,181,Late,76
16117,18128,61,Late,41
16118,16987,135,Late,61
16119,16183,84,Late,58
16120,17081,70,Late,59
16121,16998,275,Late,28
16122,3870,71,Late,61
16123,5527,13,Late,66
16124,9912,111,Delivered,54
16125,6135,196,Delivered,82
16126,10031,58,Late,70
16127,9948,268,Delivered,78
16128,7990,52,Late,54
16129,4063,116,Delivered,26
16130,15701,216,Late,68
16131,1997,121,Late,64
16132,18017,2,Late,58
16133,16470,288,Late,45
16134,2733,27,Delivered,87
16135,12162,268,Late,64
16136,1308,84,Delivered,63
16137,6126,50,Delivered,65
16138,3544,184,Delivered,15
16139,16911,37,Delivered,21
16140,15820,66,Delivered,22
16141,1790,286,Late,90
16142,14761,184,Delivered,15
16143,11638,5,Delivered,53
16144,6951,196,Delivered,40
16145,1956,145,Delivered,63
16146,424,99,Delivered,88
16147,12554,295,Late,71
16148,18841,90,Delivered,22
16149,17066,196,Late,59
16150,16468,171,Late,70
16151,12583,8,Late,23
16152,12513,19,Delivered,40
16153,11537,173,Late,25
16154,10215,90,Delivered,62
16155,14371,227,Delivered,47
16156,1389,261,Late,52
16157,15744,299,Delivered,80
16158,5634,258,Delivered,19
16159,13998,241,Delivered,56
16160,19751,164,Late,51
16161,17731,299,Late,31
16162,10823,165,Delivered,26
16163,1457,153,Delivered,80
16164,4214,235,Delivered,42
16165,6169,101,Delivered,19
16166,8530,169,Late,44
16167,18749,138,Delivered,17
16168,8253,6,Delivered,56
16169,5987,64,Late,71
16170,4600,97,Late,62
16171,7696,71,Delivered,49
16172,3758,193,Late,78
16173,3344,145,Delivered,84
16174,14385,295,Late,76
16175,2843,81,Delivered,54
16176,13312,280,Late,89
16177,16978,103,Delivered,81
16178,5102,271,Late,25
16179,14993,205,Delivered,33
16180,15096,249,Late,32
16181,453,46,Late,40
16182,12497,255,Delivered,33
16183,13600,215,Delivered,55
16184,17976,148,Late,79
16185,15927,152,Delivered,15
16186,1360,172,Late,86
16187,13233,254,Late,24
16188,19997,40,Delivered,27
16189,11834,269,Late,30
16190,2983,102,Delivered,85
16191,5538,220,Late,17
16192,4709,164,Late,83
16193,15057,175,Delivered,87
16194,12245,254,Delivered,32
16195,14625,290,Delivered,35
16196,12456,43,Late,31
16197,8373,243,Delivered,51
16198,6003,47,Late,81
16199,11409,275,Delivered,67
16200,13374,177,Delivered,41
16201,3868,5,Late,33
16202,5818,122,Late,72
16203,16508,195,Late,86
16204,291,83,Delivered,68
16205,12661,96,Delivered,78
16206,16624,262,Delivered,41
16207,1055,134,Late,61
16208,14165,18,Late,15
16209,14252,168,Late,89
16210,10089,82,Late,31
16211,9028,178,Delivered,64
16212,11127,229,Delivered,88
16213,16201,82,Delivered,85
16214,17336,107,Late,89
16215,4216,174,Late,40
16216,9462,235,Delivered,48
16217,992,39,Late,63
16218,12133,178,Delivered,45
16219,18203,116,Late,22
16220,19085,218,Late,60
16221,8611,181,Late,84
16222,11851,75,Delivered,29
16223,13864,293,Delivered,29
16224,5005,148,Delivered,23
16225,13853,274,Late,44
16226,7483,96,Late,88
16227,19715,5,Late,75
16228,3666,277,Late,29
16229,9136,84,Delivered,81
16230,7311,52,Delivered,71
16231,16700,35,Delivered,36
16232,3915,70,Delivered,29
16233,16809,97,Late,63
16234,4615,53,Late,64
16235,19374,138,Delivered,36
16236,9007,76,Late,56
16237,9876,73,Late,76
16238,13085,43,Delivered,36
16239,2181,151,Delivered,20
16240,6681,101,Delivered,63
16241,1804,162,Late,68
16242,18373,235,Delivered,56
16243,3494,97,Delivered,47
16244,2776,7,Delivered,41
16245,4201,27,Delivered,87
16246,4649,115,Delivered,34
16247,4821,223,Delivered,35
16248,7999,104,Delivered,23
16249,5393,229,Late,83
16250,6461,210,Delivered,20
16251,4691,269,Delivered,80
16252,1967,207,Late,41
16253,4955,66,Delivered,39
16254,6072,290,Late,44
16255,8333,270,Delivered,60
16256,1712,24,Late,38
16257,17248,159,Delivered,21
16258,15530,263,Delivered,20
16259,15230,191,Delivered,76
16260,18921,150,Late,75
16261,18790,157,Delivered,52
16262,6318,5,Late,60
16263,14657,262,Delivered,80
16264,9410,33,Late,17
16265,9959,2,Delivered,15
16266,7681,284,Late,75
16267,3184,278,Late,24
16268,13097,272,Late,57
16269,13097,296,Late,22
16270,14178,109,Late,34
16271,2748,234,Late,40
16272,12982,264,Late,25
16273,8910,60,Delivered,84
16274,3836,229,Late,26
16275,10329,51,Late,54
16276,19635,4,Delivered,88
16277,10242,295,Delivered,29
16278,8816,209,Late,27
16279,15357,141,Late,49
16280,10865,35,Delivered,70
16281,4911,96,Delivered,59
16282,1107,94,Late,23
16283,6229,269,Delivered,86
16284,16673,168,Late,49
16285,16823,174,Delivered,32
16286,9460,46,Late,28
16287,10797,132,Late,74
16288,18167,165,Delivered,16
16289,6536,283,Late,77
16290,3784,108,Delivered,56
16291,10686,3,Delivered,62
16292,7159,222,Late,88
16293,19660,209,Late,45
16294,9572,8,Delivered,39
16295,16212,213,Delivered,61
16296,40,78,Late,61
16297,11395,288,Delivered,57
16298,17249,296,Delivered,30
16299,2919,169,Late,22
16300,16927,29,Late,74
16301,10103,121,Delivered,77
16302,16380,48,Delivered,52
16303,16670,14,Delivered,53
16304,16790,300,Late,43
16305,1534,164,Late,32
16306,16304,113,Delivered,65
16307,19921,223,Delivered,53
16308,8768,221,Late,39
16309,2945,11,Late,33
16310,6043,124,Delivered,41
16311,419,46,Delivered,36
16312,196,266,Delivered,71
16313,9255,187,Delivered,79
16314,1103,152,Late,50
16315,9508,282,Late,58
16316,7171,44,Delivered,56
16317,947,192,Late,49
16318,4090,39,Late,58
16319,5149,57,Delivered,86
16320,12115,84,Delivered,35
16321,2607,26,Late,45
16322,10424,116,Late,56
16323,3775,76,Late,27
16324,9534,239,Late,37
16325,18384,124,Delivered,17
16326,6703,282,Late,74
16327,1850,193,Late,29
16328,15987,5,Late,59
16329,6875,171,Late,90
16330,3843,265,Delivered,72
16331,14805,15,Late,87
16332,8053,111,Delivered,28
16333,1741,93,Delivered,25
16334,6206,146,Late,20
16335,15663,228,Late,23
16336,17529,76,Delivered,47
16337,16230,20,Late,54
16338,9497,11,Delivered,30
16339,19091,266,Late,62
16340,10806,102,Late,39
16341,3493,26,Late,42
16342,16243,132,Late,15
16343,15006,33,Delivered,83
16344,6198,213,Delivered,31
16345,2954,235,Late,74
16346,11746,209,Delivered,30
16347,17661,35,Late,89
16348,15870,133,Late,20
16349,14928,57,Late,33
16350,6838,82,Late,38
16351,8227,28,Late,54
16352,19369,244,Delivered,80
16353,6006,268,Late,20
16354,6843,122,Late,79
16355,3625,202,Late,56
16356,3679,183,Delivered,58
16357,9835,83,Late,37
16358,7482,37,Late,51
16359,19674,38,Delivered,19
16360,537,26,Delivered,76
16361,14416,249,Delivered,52
16362,16404,196,Delivered,78
16363,4286,298,Late,24
16364,6540,257,Late,72
16365,18009,234,Delivered,16
16366,4329,210,Delivered,22
16367,2028,234,Late,44
16368,6851,16,Delivered,38
16369,13664,86,Delivered,66
16370,7431,66,Late,34
16371,4389,4,Delivered,26
16372,10536,127,Late,58
16373,3558,62,Late,29
16374,11076,251,Delivered,74
16375,39,213,Late,77
16376,32,140,Delivered,29
16377,19618,51,Late,64
16378,1504,255,Late,84
16379,9090,72,Delivered,23
16380,19560,179,Delivered,65
16381,7903,189,Delivered,20
16382,7960,26,Delivered,28
16383,18174,199,Late,58
16384,9672,207,Late,43
16385,7514,9,Delivered,86
16386,8134,276,Delivered,75
16387,13382,211,Delivered,28
16388,542,150,Delivered,20
16389,11602,66,Late,45
16390,15169,68,Late,22
16391,11190,9,Late,27
16392,13162,201,Delivered,35
16393,18802,53,Late,27
16394,13246,109,Late,23
16395,10831,27,Delivered,39
16396,2211,219,Delivered,64
16397,5721,21,Late,28
16398,19543,237,Delivered,65
16399,19073,47,Late,73
16400,8924,239,Delivered,40
16401,14219,41,Late,18
16402,6503,200,Delivered,42
16403,19008,27,Delivered,59
16404,13242,199,Late,61
16405,16229,262,Delivered,33
16406,12000,77,Late,15
16407,19763,159,Late,56
16408,2960,186,Late,84
16409,2141,128,Delivered,65
16410,11217,149,Late,42
16411,3982,77,Delivered,76
16412,7582,233,Late,45
16413,10849,117,Delivered,86
16414,4059,85,Late,81
16415,2805,271,Delivered,80
16416,1521,134,Delivered,59
16417,11019,217,Delivered,79
16418,2255,165,Late,20
16419,6081,81,Delivered,55
16420,6320,128,Delivered,46
16421,12387,67,Late,52
16422,1145,110,Late,16
16423,2087,250,Delivered,80
16424,19998,235,Late,31
16425,11861,199,Delivered,59
16426,12639,93,Late,77
16427,5232,71,Delivered,60
16428,5833,237,Late,36
16429,15367,157,Late,46
16430,19575,104,Late,48
16431,11136,133,Late,77
16432,16036,51,Delivered,32
16433,6248,248,Late,86
16434,12927,215,Delivered,69
16435,11261,266,Late,87
16436,15985,149,Delivered,34
16437,6824,267,Delivered,28
16438,14216,49,Delivered,31
16439,8591,230,Late,43
16440,12495,40,Late,63
16441,15955,101,Delivered,88
16442,14341,256,Late,48
16443,2883,234,Late,37
16444,6777,89,Late,43
16445,18861,222,Late,67
16446,19250,138,Late,81
16447,10876,50,Delivered,58
16448,5411,66,Delivered,70
16449,11165,184,Delivered,68
16450,6284,81,Late,38
16451,6590,135,Delivered,43
16452,19481,242,Late,45
16453,9944,166,Delivered,31
16454,7837,121,Late,40
16455,15751,100,Late,84
16456,6653,231,Delivered,40
16457,9339,263,Late,30
16458,12299,135,Delivered,18
16459,4441,200,Late,44
16460,7087,246,Late,87
16461,10305,189,Late,38
16462,13128,41,Late,87
16463,16761,186,Late,76
16464,9016,38,Late,74
16465,3162,197,Delivered,88
16466,8304,199,Late,55
16467,1504,264,Delivered,47
16468,2244,232,Late,39
16469,9,49,Delivered,58
16470,6402,233,Late,46
16471,772,74,Late,15
16472,8984,229,Late,71
16473,19697,5,Late,80
16474,17725,217,Late,42
16475,16840,182,Late,67
16476,19659,253,Delivered,27
16477,14083,288,Delivered,21
16478,11577,91,Late,27
16479,13654,160,Delivered,31
16480,2986,16,Late,78
16481,8794,163,Delivered,73
16482,9801,35,Late,25
16483,19604,255,Late,27
16484,9348,64,Late,58
16485,5596,5,Delivered,41
16486,12897,59,Delivered,19
16487,4310,103,Late,61
16488,11406,188,Delivered,40
16489,5315,114,Late,22
16490,8605,220,Late,72
16491,13741,195,Late,27
16492,2594,264,Delivered,84
16493,11531,65,Delivered,15
16494,1896,89,Delivered,61
16495,3995,207,Delivered,28
16496,438,219,Late,88
16497,1468,109,Delivered,50
16498,2270,259,Late,15
16499,18834,227,Late,57
16500,17469,48,Late,77
16501,8463,173,Late,50
16502,14277,106,Late,57
16503,18622,19,Delivered,81
16504,8142,220,Late,39
16505,15641,234,Delivered,38
16506,19837,40,Delivered,59
16507,2248,59,Delivered,49
16508,1206,252,Late,49
16509,14889,213,Late,46
16510,10990,230,Late,87
16511,16305,7,Late,81
16512,2999,78,Late,80
16513,5206,68,Delivered,77
16514,17016,120,Late,19
16515,19143,258,Late,34
16516,767,99,Delivered,76
16517,19741,291,Late,46
16518,19960,218,Late,70
16519,7056,59,Late,25
16520,7121,134,Late,51
16521,1164,60,Late,38
16522,10007,87,Delivered,68
16523,15199,165,Late,89
16524,2950,52,Delivered,62
16525,2789,291,Delivered,28
16526,19043,37,Delivered,25
16527,12,219,Late,43
16528,4960,209,Late,16
16529,9674,37,Late,61
16530,18489,5,Late,73
16531,12222,165,Delivered,42
16532,11558,197,Delivered,42
16533,1720,232,Late,61
16534,14244,185,Delivered,22
16535,14671,174,Delivered,81
16536,12703,167,Delivered,42
16537,18425,113,Delivered,86
16538,19568,35,Late,71
16539,12276,92,Delivered,64
16540,543,136,Late,83
16541,5996,193,Late,76
16542,11107,102,Late,61
16543,5458,84,Late,32
16544,9202,238,Late,90
16545,1105,254,Delivered,50
16546,10536,298,Delivered,65
16547,17513,80,Late,22
16548,6284,210,Delivered,81
16549,11601,23,Delivered,79
16550,15980,200,Late,56
16551,12146,220,Delivered,63
16552,5298,279,Late,43
16553,2744,83,Late,20
16554,5794,251,Delivered,64
16555,12487,179,Late,89
16556,6815,260,Delivered,74
16557,19435,143,Late,16
16558,19460,19,Late,29
16559,15769,195,Late,70
16560,16630,279,Delivered,41
16561,17904,85,Late,22
16562,11365,246,Delivered,43
16563,19722,91,Delivered,75
16564,7905,66,Delivered,54
16565,15264,118,Delivered,41
16566,8117,27,Late,39
16567,4994,265,Late,30
16568,16855,174,Late,86
16569,3250,211,Late,50
16570,9691,133,Delivered,33
16571,1478,248,Late,60
16572,8636,88,Delivered,59
16573,12445,283,Delivered,28
16574,1609,3,Late,56
16575,15102,210,Delivered,42
16576,16543,267,Late,38
16577,3890,202,Delivered,59
16578,11643,210,Late,45
16579,11893,243,Late,86
16580,780,47,Late,82
16581,15538,145,Late,72
16582,18188,11,Delivered,61
16583,16777,110,Late,30
16584,11553,206,Late,64
16585,7522,149,Late,21
16586,7541,129,Delivered,27
16587,1447,176,Late,67
16588,4584,3,Late,16
16589,7346,254,Late,86
16590,616,197,Late,60
16591,12294,228,Late,51
16592,5499,20,Delivered,43
16593,19955,49,Late,41
16594,14046,76,Late,51
16595,7788,227,Late,50
16596,9422,296,Late,20
16597,4029,57,Late,33
16598,3659,59,Late,27
16599,9245,167,Late,15
16600,11101,223,Late,84
16601,14661,87,Delivered,47
16602,14818,281,Delivered,15
16603,14302,237,Late,68
16604,15339,212,Delivered,64
16605,9169,171,Delivered,68
16606,17897,259,Late,69
16607,16525,211,Delivered,68
16608,13706,54,Delivered,54
16609,9846,41,Delivered,82
16610,4456,14,Delivered,32
16611,4818,100,Late,71
16612,1185,221,Late,37
16613,12899,133,Delivered,63
16614,2425,242,Late,40
16615,19336,46,Delivered,88
16616,15744,67,Delivered,50
16617,3986,15,Late,68
16618,7778,263,Late,77
16619,11296,277,Late,18
16620,16841,54,Late,50
16621,8127,187,Delivered,18
16622,7348,247,Delivered,85
16623,10676,89,Late,56
16624,8721,30,Delivered,36
16625,8514,181,Late,74
16626,17865,197,Delivered,48
16627,18913,67,Delivered,24
16628,18619,81,Delivered,46
16629,17179,293,Delivered,57
16630,11733,267,Delivered,73
16631,9384,158,Delivered,16
16632,5802,256,Late,69
16633,19630,135,Delivered,38
16634,1680,183,Delivered,87
16635,12074,145,Late,83
16636,14135,264,Late,49
16637,333,199,Delivered,28
16638,9910,264,Late,87
16639,16977,199,Late,59
16640,12074,6,Delivered,44
16641,8498,54,Late,36
16642,12872,244,Late,58
16643,9644,34,Delivered,72
16644,3215,172,Delivered,49
16645,11232,84,Delivered,71
16646,15014,234,Late,65
16647,12344,3,Delivered,87
16648,2055,169,Late,90
16649,6233,281,Delivered,38
16650,9955,253,Delivered,73
16651,1745,59,Late,30
16652,14761,14,Late,78
16653,1003,275,Delivered,78
16654,13120,247,Late,56
16655,9338,259,Delivered,83
16656,13742,93,Late,35
16657,12684,174,Delivered,37
16658,7574,83,Delivered,25
16659,3690,138,Delivered,37
16660,18112,298,Delivered,70
16661,18737,18,Delivered,80
16662,3589,45,Delivered,61
16663,4729,24,Delivered,86
16664,14067,73,Late,59
16665,14480,90,Delivered,28
16666,2421,17,Delivered,85
16667,838,111,Late,38
16668,17106,26,Late,45
16669,5127,74,Late,42
16670,16271,230,Delivered,81
16671,109,81,Late,63
16672,5697,229,Delivered,16
16673,4041,188,Delivered,86
16674,11395,84,Delivered,79
16675,16644,266,Late,39
16676,19556,217,Delivered,59
16677,6020,114,Late,29
16678,8973,110,Delivered,90
16679,16305,132,Late,75
16680,17426,139,Delivered,54
16681,2172,297,Delivered,40
16682,17611,98,Late,39
16683,15172,48,Delivered,17
16684,9484,40,Delivered,18
16685,4421,98,Late,28
16686,17666,234,Late,38
16687,10645,280,Late,66
16688,3893,124,Late,48
16689,7887,68,Delivered,36
16690,14054,125,Late,30
16691,18445,50,Late,54
16692,4231,248,Late,34
16693,5978,183,Delivered,22
16694,9741,173,Late,75
16695,445,274,Delivered,44
16696,8635,194,Delivered,86
16697,1436,56,Late,37
16698,3095,199,Late,50
16699,15113,90,Late,46
16700,13360,205,Delivered,85
16701,5102,254,Delivered,34
16702,15447,231,Delivered,65
16703,5951,186,Late,87
16704,19501,200,Late,28
16705,9787,209,Delivered,60
16706,11049,267,Late,82
16707,12565,46,Delivered,58
16708,11243,48,Delivered,36
16709,11546,106,Delivered,78
16710,15853,12,Delivered,55
16711,6766,289,Delivered,40
16712,4423,144,Late,80
16713,12091,125,Late,45
16714,4655,124,Delivered,76
16715,3894,81,Delivered,64
16716,18608,32,Delivered,82
16717,13376,18,Delivered,29
16718,2338,251,Late,81
16719,13866,237,Late,19
16720,14405,256,Late,31
16721,8478,229,Late,90
16722,468,66,Delivered,16
16723,6415,145,Late,60
16724,1968,203,Late,78
16725,12012,153,Late,54
16726,12876,1,Delivered,57
16727,5388,47,Delivered,59
16728,9709,139,Late,33
16729,12623,130,Late,87
16730,18034,90,Delivered,19
16731,9600,269,Late,36
16732,6091,203,Late,57
16733,5551,34,Delivered,29
16734,70,195,Delivered,31
16735,16663,53,Delivered,50
16736,1630,122,Delivered,45
16737,499,127,Delivered,81
16738,10043,104,Late,50
16739,10849,233,Late,46
16740,5833,95,Late,28
16741,3423,51,Late,31
16742,4541,1,Late,46
16743,3106,222,Delivered,19
16744,10919,207,Delivered,56
16745,1683,121,Late,39
16746,2546,74,Late,67
16747,4886,163,Late,19
16748,14854,10,Delivered,60
16749,2677,222,Late,42
16750,10073,118,Late,87
16751,16604,42,Delivered,36
16752,8776,225,Delivered,44
16753,5298,192,Delivered,33
16754,11493,145,Late,53
16755,17886,14,Late,22
16756,14354,112,Delivered,38
16757,12871,141,Delivered,48
16758,3660,17,Delivered,70
16759,1267,128,Delivered,19
16760,12536,53,Delivered,48
16761,10843,192,Late,50
16762,991,296,Delivered,44
16763,19477,252,Delivered,85
16764,8101,242,Late,23
16765,6596,106,Late,16
16766,2651,51,Delivered,23
16767,14754,66,Late,55
16768,14861,214,Delivered,62
16769,563,186,Late,43
16770,19286,187,Delivered,53
16771,19254,22,Delivered,59
16772,10711,163,Late,43
16773,5625,238,Late,55
16774,11477,241,Late,43
16775,11087,27,Late,48
16776,16885,23,Delivered,47
16777,15008,130,Late,29
16778,8991,10,Delivered,27
16779,3678,174,Late,64
16780,13370,110,Late,36
16781,944,192,Delivered,17
16782,4391,287,Delivered,76
16783,5951,226,Delivered,16
16784,2989,158,Delivered,90
16785,633,51,Late,69
16786,16886,250,Delivered,75
16787,11812,252,Late,87
16788,6322,7,Delivered,42
16789,17495,112,Late,57
16790,6995,83,Late,31
16791,11823,174,Late,63
16792,13258,212,Late,28
16793,9856,220,Late,36
16794,15475,22,Delivered,51
16795,7361,206,Late,26
16796,17353,21,Late,29
16797,12779,179,Late,45
16798,17256,205,Delivered,33
16799,2935,121,Late,59
16800,11003,286,Delivered,32
16801,13721,198,Delivered,44
16802,7567,278,Late,62
16803,3461,67,Late,75
16804,17438,177,Late,32
16805,803,44,Late,66
16806,6028,98,Late,21
16807,1558,147,Delivered,26
16808,16987,290,Delivered,52
16809,15712,284,Late,73
16810,12687,113,Delivered,54
16811,158,163,Delivered,49
16812,8630,182,Delivered,24
16813,9210,8,Delivered,87
16814,1142,110,Late,52
16815,2738,194,Late,37
16816,986,153,Delivered,47
16817,5922,63,Late,22
16818,6904,204,Delivered,50
16819,3554,97,Late,84
16820,949,110,Late,51
16821,7703,204,Late,45
16822,14588,284,Late,18
16823,200,135,Delivered,89
16824,3760,113,Delivered,22
16825,15788,255,Late,17
16826,4035,252,Delivered,18
16827,18292,281,Delivered,46
16828,2150,225,Delivered,71
16829,12484,156,Delivered,71
16830,12808,38,Late,41
16831,5658,233,Late,56
16832,2330,60,Late,47
16833,18870,276,Delivered,63
16834,8118,280,Delivered,57
16835,11297,105,Late,35
16836,8262,252,Delivered,51
16837,12962,16,Late,67
16838,14851,198,Late,63
16839,16069,290,Delivered,80
16840,11893,168,Late,33
16841,4322,288,Delivered,36
16842,2293,46,Late,82
16843,8152,232,Delivered,90
16844,11637,160,Late,82
16845,9457,129,Late,31
16846,16955,209,Delivered,88
16847,3961,180,Late,25
16848,9032,280,Delivered,23
16849,12370,122,Delivered,67
16850,19040,168,Late,43
16851,3155,177,Delivered,75
16852,8075,191,Delivered,62
16853,6732,54,Delivered,41
16854,15329,229,Late,83
16855,15032,264,Late,86
16856,10067,141,Late,33
16857,18336,6,Delivered,54
16858,7869,143,Delivered,48
16859,1184,10,Delivered,74
16860,12720,44,Late,85
16861,1291,34,Late,25
16862,10793,82,Late,50
16863,9627,31,Late,15
16864,3820,30,Delivered,52
16865,19707,160,Delivered,82
16866,17445,248,Late,59
16867,15666,154,Late,43
16868,697,250,Late,73
16869,13304,250,Delivered,90
16870,12099,146,Late,52
16871,13502,168,Late,54
16872,9442,127,Late,87
16873,14117,21,Delivered,73
16874,4190,91,Delivered,21
16875,4832,15,Delivered,81
16876,3608,211,Delivered,20
16877,1576,256,Late,36
16878,14366,243,Late,41
16879,16018,100,Delivered,75
16880,15689,166,Delivered,45
16881,13196,142,Late,24
16882,14095,221,Delivered,85
16883,18496,147,Late,48
16884,7380,62,Delivered,46
16885,13030,42,Late,67
16886,17572,160,Late,35
16887,4376,208,Late,62
16888,13262,85,Late,87
16889,13136,136,Late,37
16890,5860,61,Late,70
16891,16128,4,Late,33
16892,5570,136,Late,63
16893,18360,35,Delivered,90
16894,2735,94,Late,48
16895,4553,40,Delivered,89
16896,2656,81,Late,77
16897,19768,9,Late,84
16898,1396,27,Late,66
16899,18629,168,Delivered,90
16900,17558,156,Late,38
16901,16014,152,Late,81
16902,19883,266,Late,60
16903,19139,263,Late,79
16904,1803,246,Late,56
16905,9859,286,Late,65
16906,18507,104,Delivered,17
16907,5153,220,Delivered,82
16908,3915,262,Delivered,54
16909,5462,83,Late,44
16910,1318,66,Late,68
16911,914,295,Late,62
16912,8788,223,Late,60
16913,12327,6,Delivered,57
16914,14124,284,Delivered,50
16915,18208,192,Delivered,67
16916,13315,58,Delivered,22
16917,4149,1,Delivered,38
16918,585,121,Late,61
16919,8521,1,Late,24
16920,1073,108,Delivered,17
16921,9901,43,Delivered,71
16922,4490,223,Late,47
16923,19634,289,Late,55
16924,1891,138,Delivered,19
16925,10063,168,Late,36
16926,17820,36,Late,88
16927,10852,220,Delivered,75
16928,18881,196,Delivered,21
16929,18794,274,Late,67
16930,319,61,Delivered,44
16931,17199,222,Late,83
16932,2926,90,Delivered,61
16933,2346,113,Late,26
16934,6982,124,Delivered,68
16935,6973,35,Delivered,41
16936,17859,288,Late,81
16937,544,139,Delivered,83
16938,6471,182,Late,52
16939,7944,170,Late,71
16940,3565,148,Delivered,19
16941,11766,23,Late,15
16942,1874,19,Late,88
16943,18608,181,Delivered,90
16944,10086,208,Late,56
16945,4807,125,Late,77
16946,7473,102,Delivered,74
16947,14150,105,Delivered,18
16948,3103,1,Delivered,57
16949,10149,106,Late,18
16950,14558,17,Late,33
16951,3873,26,Late,35
16952,4875,86,Late,59
16953,10137,167,Delivered,19
16954,19150,156,Delivered,52
16955,5696,254,Delivered,29
16956,5392,163,Late,59
16957,14662,289,Delivered,52
16958,17490,93,Late,47
16959,14816,153,Delivered,31
16960,13823,11,Late,15
16961,16647,261,Late,47
16962,19823,181,Late,77
16963,12633,149,Delivered,56
16964,5588,169,Delivered,76
16965,9434,10,Late,31
16966,11117,134,Late,48
16967,19968,89,Delivered,25
16968,5414,189,Late,49
16969,14160,278,Late,29
16970,9896,197,Delivered,17
16971,8706,217,Late,66
16972,1165,26,Delivered,50
16973,7022,54,Late,59
16974,17448,184,Delivered,43
16975,15666,193,Late,51
16976,6985,232,Late,78
16977,16390,254,Late,57
16978,15190,287,Delivered,62
16979,14944,8,Delivered,17
16980,16268,204,Delivered,62
16981,18838,45,Late,65
16982,1504,272,Delivered,73
16983,14088,153,Delivered,47
16984,7714,85,Delivered,78
16985,4929,112,Delivered,77
16986,8620,216,Late,65
16987,10488,280,Late,39
16988,9586,84,Late,56
16989,14199,104,Delivered,71
16990,3860,137,Delivered,61
16991,7256,7,Delivered,66
16992,113,35,Delivered,58
16993,15880,212,Late,61
16994,13625,19,Late,58
16995,8793,175,Delivered,52
16996,11187,102,Late,16
16997,13356,285,Late,34
16998,14865,31,Late,83
16999,17322,202,Delivered,47
17000,14232,259,Delivered,86
17001,3804,21,Delivered,86
17002,14035,262,Late,83
17003,19589,179,Delivered,70
17004,9885,166,Delivered,71
17005,16632,98,Delivered,72
17006,13337,18,Late,63
17007,15520,209,Delivered,53
17008,4847,64,Delivered,42
17009,6490,186,Late,17
17010,12313,216,Delivered,79
17011,4599,74,Delivered,90
17012,6720,152,Delivered,57
17013,1637,224,Late,83
17014,14900,155,Delivered,90
17015,2553,45,Late,50
17016,8599,282,Delivered,87
17017,11599,205,Delivered,68
17018,15658,87,Delivered,15
17019,14991,85,Late,37
17020,8644,219,Late,74
17021,5137,180,Delivered,40
17022,3112,51,Late,34
17023,880,221,Delivered,60
17024,2368,208,Late,22
17025,14852,244,Delivered,66
17026,15417,139,Late,51
17027,13449,288,Late,70
17028,7498,164,Delivered,75
17029,18405,172,Late,87
17030,10903,44,Late,39
17031,3656,272,Delivered,66
17032,17702,183,Delivered,45
17033,12504,36,Delivered,37
17034,16509,61,Late,51
17035,5759,94,Late,59
17036,6091,188,Delivered,73
17037,4845,193,Delivered,57
17038,14485,37,Late,71
17039,15741,7,Late,40
17040,11374,238,Late,19
17041,7921,289,Late,62
17042,19842,169,Late,46
17043,9218,71,Delivered,23
17044,5776,294,Late,79
17045,15264,189,Delivered,90
17046,2584,98,Delivered,71
17047,11874,229,Delivered,55
17048,18516,39,Late,82
17049,14903,135,Late,70
17050,7372,221,Delivered,19
17051,14499,93,Late,29
17052,9102,76,Late,69
17053,13377,198,Delivered,29
17054,17923,280,Late,36
17055,14916,241,Late,87
17056,17110,222,Delivered,48
17057,12154,133,Late,74
17058,2535,269,Late,38
17059,10126,63,Late,46
17060,4804,241,Late,63
17061,13259,59,Delivered,90
17062,8476,245,Delivered,34
17063,2685,298,Delivered,58
17064,18572,120,Delivered,46
17065,9817,111,Late,85
17066,17643,52,Late,68
17067,1832,36,Delivered,84
17068,15055,151,Late,62
17069,8648,85,Delivered,83
17070,14078,93,Late,22
17071,5820,130,Delivered,42
17072,14148,227,Delivered,44
17073,2833,193,Delivered,60
17074,13949,18,Delivered,86
17075,19326,270,Delivered,70
17076,19827,212,Delivered,34
17077,5075,82,Late,61
17078,5444,189,Delivered,38
17079,19247,276,Delivered,44
17080,7080,210,Late,51
17081,10237,246,Delivered,49
17082,14341,173,Delivered,25
17083,16845,143,Delivered,64
17084,13885,145,Delivered,51
17085,19864,252,Late,81
17086,8763,2,Delivered,68
17087,11836,118,Delivered,67
17088,7060,187,Late,31
17089,3014,269,Late,85
17090,5517,268,Delivered,30
17091,19828,11,Delivered,82
17092,11692,141,Late,50
17093,11142,76,Delivered,76
17094,19782,129,Delivered,21
17095,14799,36,Late,27
17096,1911,100,Delivered,43
17097,17554,269,Late,71
17098,12931,81,Late,37
17099,5102,188,Late,44
17100,14384,61,Delivered,43
17101,19074,208,Delivered,80
17102,13246,48,Late,20
17103,18691,35,Delivered,72
17104,14157,298,Late,17
17105,11725,253,Delivered,52
17106,1338,69,Delivered,41
17107,9415,11,Delivered,17
17108,3985,229,Delivered,89
17109,10857,125,Delivered,57
17110,4304,214,Delivered,52
17111,1089,25,Late,50
17112,15458,39,Delivered,87
17113,15908,19,Late,80
17114,10654,223,Late,62
17115,11244,192,Delivered,16
17116,1399,258,Delivered,76
17117,18311,160,Delivered,50
17118,9347,14,Late,90
17119,16543,122,Late,61
17120,7027,271,Late,67
17121,11339,297,Late,17
17122,13919,198,Delivered,51
17123,19383,64,Delivered,50
17124,4471,228,Delivered,43
17125,15973,149,Late,82
17126,13047,22,Delivered,89
17127,1193,230,Delivered,21
17128,6892,164,Delivered,63
17129,6958,100,Late,49
17130,16930,296,Delivered,90
17131,9086,27,Late,42
17132,87,98,Delivered,90
17133,8352,217,Delivered,86
17134,14701,283,Late,22
17135,1483,271,Delivered,82
17136,19766,40,Late,46
17137,12909,235,Late,21
17138,12743,239,Delivered,57
17139,17237,24,Delivered,39
17140,3018,268,Late,27
17141,13285,47,Late,57
17142,19490,228,Delivered,44
17143,11897,195,Late,23
17144,7607,5,Late,22
17145,1419,253,Delivered,65
17146,7743,122,Delivered,58
17147,3724,109,Late,70
17148,19008,237,Late,87
17149,9505,191,Delivered,21
17150,8025,201,Late,46
17151,13965,157,Delivered,49
17152,13772,92,Late,78
17153,1810,224,Delivered,61
17154,15119,142,Late,57
17155,285,295,Delivered,70
17156,12493,247,Late,39
17157,8563,181,Delivered,23
17158,14161,200,Late,68
17159,8396,277,Late,23
17160,5886,273,Late,30
17161,9818,275,Late,78
17162,19661,110,Delivered,44
17163,10358,207,Late,20
17164,11503,268,Delivered,83
17165,10941,159,Delivered,49
17166,13428,245,Late,85
17167,15001,130,Delivered,55
17168,8757,252,Late,45
17169,8685,48,Late,70
17170,14082,3,Late,38
17171,6502,15,Delivered,74
17172,8376,138,Delivered,32
17173,9047,42,Late,69
17174,12502,284,Late,69
17175,6530,205,Delivered,55
17176,19724,124,Delivered,46
17177,590,212,Delivered,30
17178,3311,77,Late,67
17179,5182,290,Delivered,90
17180,9278,188,Late,61
17181,4111,35,Late,26
17182,15555,85,Delivered,48
17183,1917,83,Delivered,58
17184,5130,145,Late,16
17185,13585,276,Late,58
17186,11061,242,Late,15
17187,18154,105,Delivered,17
17188,3074,235,Late,58
17189,378,289,Late,57
17190,17200,38,Late,45
17191,7400,215,Delivered,32
17192,15588,56,Late,27
17193,8802,37,Late,23
17194,16421,78,Delivered,34
17195,17859,206,Delivered,62
17196,18419,269,Late,56
17197,9135,290,Delivered,42
17198,10316,92,Delivered,50
17199,7780,91,Late,32
17200,14590,112,Delivered,54
17201,11127,280,Delivered,68
17202,6304,71,Delivered,22
17203,3083,261,Late,78
17204,11934,169,Late,30
17205,12224,26,Delivered,72
17206,4093,261,Late,56
17207,10182,60,Late,88
17208,15298,215,Delivered,82
17209,781,91,Delivered,52
17210,174,53,Delivered,56
17211,7962,82,Late,44
17212,13469,180,Late,53
17213,16399,18,Delivered,31
17214,15646,166,Late,20
17215,14808,120,Late,76
17216,9485,177,Late,26
17217,14283,68,Late,22
17218,10812,219,Late,38
17219,8063,230,Late,65
17220,18587,165,Late,41
17221,4433,1,Delivered,86
17222,11903,226,Delivered,76
17223,10373,199,Late,89
17224,13384,6,Late,53
17225,3511,38,Delivered,66
17226,5983,245,Delivered,74
17227,6155,300,Delivered,66
17228,19282,92,Delivered,87
17229,10492,34,Delivered,84
17230,16476,132,Delivered,74
17231,2764,142,Late,50
17232,19853,298,Delivered,33
17233,2894,121,Delivered,49
17234,724,80,Delivered,58
17235,1688,127,Late,19
17236,13663,198,Late,74
17237,8884,125,Delivered,38
17238,12483,129,Delivered,42
17239,13534,168,Late,36
17240,9687,5,Delivered,31
17241,2809,94,Late,86
17242,12333,24,Delivered,66
17243,16218,109,Delivered,85
17244,11499,183,Late,25
17245,5061,54,Delivered,78
17246,1215,102,Delivered,84
17247,233,259,Late,42
17248,14499,150,Late,30
17249,5987,89,Late,34
17250,15016,291,Late,44
17251,17124,51,Delivered,38
17252,5538,160,Delivered,34
17253,11142,38,Delivered,57
17254,15645,265,Delivered,51
17255,11015,144,Late,51
17256,5512,299,Late,43
17257,16936,291,Late,67
17258,9075,171,Late,18
17259,19325,185,Late,46
17260,6552,30,Delivered,50
17261,12214,70,Late,50
17262,9517,146,Delivered,76
17263,5921,170,Late,81
17264,79,165,Delivered,31
17265,10968,120,Late,73
17266,11620,24,Delivered,52
17267,12957,276,Delivered,54
17268,6644,173,Late,46
17269,15495,281,Delivered,38
17270,1187,19,Late,61
17271,4834,25,Delivered,58
17272,13259,50,Delivered,32
17273,13309,118,Late,73
17274,2324,52,Delivered,80
17275,17417,86,Delivered,21
17276,18954,178,Delivered,84
17277,13409,121,Late,69
17278,10460,61,Late,47
17279,14087,43,Late,19
17280,17446,273,Late,44
17281,2274,77,Delivered,90
17282,11008,269,Delivered,41
17283,4652,229,Delivered,73
17284,4155,46,Delivered,90
17285,4868,198,Delivered,48
17286,12292,46,Delivered,76
17287,1541,296,Delivered,28
17288,1755,262,Delivered,27
17289,7473,257,Late,15
17290,14937,258,Late,24
17291,17669,290,Late,62
17292,13326,29,Delivered,41
17293,1887,187,Late,46
17294,3638,284,Delivered,42
17295,1140,192,Late,58
17296,16946,76,Delivered,16
17297,12052,150,Late,71
17298,2619,208,Late,27
17299,11699,261,Delivered,33
17300,1086,187,Delivered,45
17301,5041,55,Late,81
17302,17897,111,Late,33
17303,4407,300,Late,69
17304,3599,99,Late,37
17305,13467,45,Delivered,32
17306,2903,179,Late,81
17307,4864,170,Delivered,61
17308,13573,263,Late,35
17309,7609,14,Late,17
17310,8799,123,Delivered,63
17311,13827,49,Late,57
17312,14433,160,Late,38
17313,9976,48,Delivered,50
17314,19342,294,Late,60
17315,14196,101,Late,24
17316,17793,201,Late,39
17317,14930,259,Delivered,63
17318,15096,213,Delivered,34
17319,4921,43,Late,82
17320,7912,206,Delivered,69
17321,6678,221,Late,90
17322,354,2,Late,68
17323,14058,198,Delivered,85
17324,12521,191,Late,36
17325,15236,188,Delivered,78
17326,10923,108,Delivered,40
17327,2644,280,Delivered,15
17328,2497,66,Late,53
17329,3692,98,Late,42
17330,3200,72,Late,38
17331,13007,51,Late,53
17332,1440,179,Late,90
17333,5908,199,Late,81
17334,13425,155,Late,49
17335,9506,61,Late,20
17336,5786,200,Delivered,70
17337,7885,242,Delivered,74
17338,19268,218,Late,89
17339,6996,282,Late,17
17340,11980,277,Delivered,50
17341,15064,13,Late,67
17342,2046,13,Delivered,30
17343,12492,252,Delivered,57
17344,13401,51,Late,63
17345,2005,290,Delivered,42
17346,18745,82,Delivered,60
17347,7343,208,Delivered,62
17348,6312,136,Delivered,81
17349,567,72,Late,24
17350,14710,198,Delivered,29
17351,15637,187,Late,69
17352,3414,293,Late,80
17353,1801,145,Delivered,21
17354,6256,269,Delivered,41
17355,7075,218,Late,66
17356,19960,106,Delivered,80
17357,3488,45,Delivered,40
17358,18872,170,Late,36
17359,1864,238,Late,26
17360,2426,281,Delivered,32
17361,8316,50,Late,36
17362,14617,228,Late,45
17363,1856,47,Late,62
17364,5994,113,Delivered,89
17365,11102,192,Delivered,71
17366,6965,6,Late,60
17367,19152,104,Delivered,34
17368,13507,242,Late,33
17369,3378,196,Delivered,28
17370,2660,242,Late,73
17371,1984,57,Delivered,51
17372,16300,39,Delivered,30
17373,13175,31,Delivered,23
17374,53,79,Delivered,69
17375,7465,269,Delivered,45
17376,16682,164,Late,44
17377,5559,210,Delivered,40
17378,6381,96,Delivered,70
17379,16803,25,Late,81
17380,3877,153,Late,56
17381,9719,160,Delivered,42
17382,7085,54,Delivered,57
17383,18201,106,Delivered,62
17384,17202,216,Delivered,29
17385,5525,75,Delivered,15
17386,8746,136,Late,78
17387,8703,121,Late,63
17388,8357,17,Delivered,86
17389,14397,228,Delivered,59
17390,8208,31,Late,47
17391,10133,288,Delivered,71
17392,9114,300,Late,56
17393,650,245,Late,23
17394,6820,230,Delivered,39
17395,8298,45,Late,23
17396,9213,57,Delivered,68
17397,19292,157,Delivered,46
17398,5987,202,Late,52
17399,18251,297,Delivered,58
17400,19363,198,Delivered,34
17401,1728,113,Delivered,46
17402,10802,180,Delivered,62
17403,8601,161,Late,78
17404,17564,200,Late,86
17405,16017,15,Late,47
17406,3373,6,Late,89
17407,12979,236,Late,66
17408,8663,44,Delivered,26
17409,247,244,Delivered,31
17410,8212,134,Delivered,46
17411,14074,128,Delivered,19
17412,4793,95,Late,81
17413,327,203,Late,78
17414,1942,255,Delivered,38
17415,1206,195,Delivered,67
17416,634,285,Late,36
17417,6059,131,Late,81
17418,876,76,Delivered,27
17419,16480,45,Late,65
17420,1157,43,Late,37
17421,15470,95,Late,87
17422,10735,137,Late,83
17423,1401,10,Delivered,61
17424,17252,176,Late,37
17425,1011,87,Delivered,21
17426,6022,6,Delivered,77
17427,13177,288,Delivered,90
17428,18622,46,Delivered,19
17429,5590,195,Delivered,58
17430,12146,62,Delivered,29
17431,10706,81,Delivered,65
17432,11741,90,Late,56
17433,16646,192,Late,33
17434,12698,55,Delivered,52
17435,18557,199,Late,78
17436,4341,92,Delivered,32
17437,14912,14,Delivered,71
17438,6293,161,Late,33
17439,16294,218,Delivered,61
17440,2432,27,Late,27
17441,8706,223,Delivered,58
17442,5223,129,Delivered,87
17443,13666,257,Late,59
17444,7219,20,Delivered,52
17445,1344,138,Delivered,58
17446,15612,225,Late,77
17447,10085,69,Delivered,83
17448,12019,236,Late,18
17449,3725,292,Late,17
17450,15152,266,Delivered,23
17451,8738,13,Delivered,75
17452,16028,13,Late,69
17453,13019,284,Late,90
17454,11347,18,Late,44
17455,11574,197,Late,19
17456,15087,192,Late,78
17457,12782,261,Late,62
17458,1960,78,Delivered,45
17459,6481,211,Late,17
17460,1692,72,Late,62
17461,12769,52,Late,18
17462,14500,117,Delivered,37
17463,3049,147,Delivered,80
17464,8715,50,Late,83
17465,1730,286,Delivered,15
17466,11239,103,Late,70
17467,3837,292,Delivered,89
17468,5117,114,Late,68
17469,5979,113,Delivered,56
17470,12518,300,Late,85
17471,9952,166,Delivered,86
17472,13326,18,Delivered,32
17473,5094,118,Late,23
17474,13985,215,Late,78
17475,5631,268,Late,24
17476,4864,107,Late,25
17477,5586,146,Delivered,46
17478,2971,152,Delivered,76
17479,8190,227,Late,18
17480,17844,156,Late,33
17481,10021,208,Delivered,33
17482,4367,84,Delivered,42
17483,17602,46,Late,16
17484,9501,87,Delivered,25
17485,1830,285,Delivered,53
17486,12878,97,Late,54
17487,5106,131,Delivered,30
17488,4971,216,Delivered,68
17489,15179,22,Late,30
17490,9570,94,Delivered,47
17491,8815,226,Delivered,30
17492,1654,235,Delivered,16
17493,10178,60,Delivered,16
17494,18331,52,Delivered,32
17495,10466,185,Late,26
17496,17358,185,Delivered,17
17497,10567,56,Late,22
17498,4243,280,Late,83
17499,5626,104,Late,87
17500,1963,160,Late,68
17501,12648,253,Late,52
17502,7508,237,Late,85
17503,14056,221,Late,36
17504,4774,223,Delivered,19
17505,15464,215,Late,25
17506,11086,276,Delivered,82
17507,441,188,Delivered,71
17508,7544,282,Delivered,90
17509,19143,69,Delivered,59
17510,18721,161,Late,41
17511,6398,234,Delivered,69
17512,17506,293,Delivered,78
17513,1547,111,Late,21
17514,17753,97,Late,26
17515,6533,48,Delivered,45
17516,15633,50,Late,31
17517,16205,271,Late,73
17518,4403,123,Delivered,74
17519,1536,186,Late,58
17520,6588,284,Delivered,39
17521,12156,141,Delivered,15
17522,5030,27,Late,34
17523,10690,152,Delivered,84
17524,8325,215,Late,30
17525,5113,1,Late,45
17526,5803,199,Late,34
17527,19923,272,Delivered,84
17528,17085,197,Delivered,18
17529,1356,61,Late,61
17530,18922,217,Late,52
17531,4978,92,Delivered,77
17532,13809,285,Delivered,61
17533,2430,47,Late,48
17534,9331,91,Late,86
17535,15125,114,Late,16
17536,6929,122,Late,68
17537,14560,9,Delivered,58
17538,13177,224,Delivered,59
17539,8514,143,Delivered,48
17540,19718,123,Late,47
17541,15998,126,Delivered,74
17542,18424,234,Delivered,54
17543,15549,11,Delivered,90
17544,6338,32,Delivered,46
17545,18673,172,Late,27
17546,14471,200,Delivered,53
17547,6125,46,Late,40
17548,8477,203,Late,90
17549,11657,265,Late,21
17550,12156,2,Delivered,77
17551,3492,47,Delivered,62
17552,13484,68,Late,61
17553,17050,245,Delivered,16
17554,12735,212,Late,70
17555,17748,165,Late,73
17556,6243,229,Delivered,61
17557,18206,15,Delivered,34
17558,7903,109,Late,62
17559,14502,1,Late,61
17560,17040,134,Delivered,84
17561,4468,156,Delivered,44
17562,3805,74,Delivered,28
17563,14328,77,Late,67
17564,11111,170,Delivered,77
17565,12945,124,Delivered,47
17566,2484,224,Delivered,23
17567,1419,31,Late,41
17568,12054,105,Late,45
17569,5157,280,Late,27
17570,11242,3,Late,84
17571,617,254,Late,81
17572,15694,300,Late,87
17573,15283,90,Delivered,52
17574,8070,278,Delivered,29
17575,19396,213,Late,38
17576,11893,192,Delivered,48
17577,19250,161,Delivered,77
17578,8718,4,Delivered,37
17579,9464,32,Delivered,50
17580,19741,288,Late,46
17581,14309,27,Delivered,69
17582,15134,233,Late,20
17583,11737,69,Late,18
17584,3966,272,Late,42
17585,1933,266,Late,19
17586,14225,98,Delivered,80
17587,17160,163,Late,25
17588,9255,77,Late,73
17589,16973,288,Delivered,15
17590,14968,253,Delivered,74
17591,16302,233,Late,52
17592,1414,26,Delivered,58
17593,14354,86,Late,90
17594,8701,195,Late,43
17595,16108,294,Late,57
17596,8479,101,Delivered,82
17597,7869,73,Delivered,62
17598,5120,259,Late,21
17599,19229,123,Delivered,30
17600,9610,261,Delivered,81
17601,19643,265,Delivered,38
17602,10336,247,Late,48
17603,13998,291,Delivered,61
17604,17955,171,Late,48
17605,5651,196,Late,28
17606,18697,46,Delivered,43
17607,9668,58,Late,59
17608,16749,100,Late,58
17609,9975,102,Delivered,65
17610,6496,61,Delivered,20
17611,17502,118,Delivered,72
17612,12890,61,Delivered,85
17613,19428,48,Delivered,86
17614,15673,78,Delivered,17
17615,12856,76,Delivered,64
17616,9266,219,Late,35
17617,6128,222,Delivered,48
17618,6003,203,Late,87
17619,6209,298,Delivered,71
17620,16328,75,Late,33
17621,19806,102,Delivered,56
17622,538,102,Delivered,69
17623,17090,277,Delivered,57
17624,19453,27,Late,45
17625,19036,15,Late,22
17626,2026,142,Late,61
17627,8993,297,Late,47
17628,10115,94,Delivered,83
17629,18251,99,Delivered,54
17630,7370,92,Delivered,30
17631,11173,186,Late,16
17632,1359,256,Late,82
17633,2286,62,Late,86
17634,19983,223,Delivered,21
17635,8429,98,Late,57
17636,7847,173,Late,21
17637,2770,257,Late,20
17638,13492,205,Late,90
17639,14771,68,Delivered,81
17640,4521,156,Delivered,85
17641,17691,67,Delivered,48
17642,18833,198,Delivered,20
17643,10430,151,Late,65
17644,17125,221,Delivered,21
17645,9597,260,Late,31
17646,14801,223,Delivered,77
17647,584,87,Late,63
17648,983,133,Late,67
17649,3197,258,Delivered,42
17650,5139,237,Delivered,73
17651,14805,43,Delivered,33
17652,5352,106,Delivered,22
17653,9282,119,Delivered,76
17654,5969,235,Delivered,85
17655,19928,263,Late,66
17656,8190,266,Delivered,30
17657,6337,48,Late,87
17658,2382,101,Late,85
17659,15309,245,Delivered,40
17660,14815,27,Delivered,80
17661,16447,89,Late,24
17662,18558,5,Delivered,83
17663,7338,62,Delivered,33
17664,6768,211,Delivered,41
17665,3027,122,Late,47
17666,8548,18,Delivered,81
17667,19748,74,Delivered,49
17668,19501,294,Late,44
17669,5952,35,Delivered,54
17670,16170,52,Delivered,19
17671,595,231,Delivered,65
17672,9428,173,Delivered,15
17673,9064,227,Delivered,75
17674,3536,69,Delivered,82
17675,7158,12,Delivered,76
17676,5279,276,Delivered,70
17677,9940,287,Late,32
17678,15582,21,Delivered,27
17679,19463,108,Delivered,42
17680,5873,40,Late,80
17681,18113,164,Late,72
17682,17140,178,Delivered,33
17683,6236,271,Late,50
17684,10141,209,Late,30
17685,9984,282,Late,51
17686,15466,212,Delivered,81
17687,18912,224,Late,88
17688,2104,63,Delivered,56
17689,15308,98,Delivered,72
17690,422,203,Delivered,36
17691,1620,33,Delivered,35
17692,19449,10,Late,39
17693,7731,284,Delivered,35
17694,11549,227,Late,68
17695,6956,8,Delivered,29
17696,13516,51,Delivered,80
17697,3505,255,Late,62
17698,7423,278,Delivered,84
17699,11762,146,Late,88
17700,15104,97,Delivered,69
17701,9428,60,Delivered,63
17702,2775,44,Late,43
17703,17592,149,Delivered,87
17704,15561,134,Late,50
17705,7106,86,Delivered,19
17706,12450,60,Delivered,19
17707,18451,245,Delivered,37
17708,613,68,Delivered,24
17709,12881,132,Late,58
17710,9107,155,Late,52
17711,1625,10,Late,42
17712,16751,84,Late,15
17713,7681,149,Late,17
17714,12982,47,Delivered,67
17715,9684,115,Late,54
17716,6456,225,Late,52
17717,17359,12,Late,29
17718,780,252,Late,17
17719,3318,78,Delivered,72
17720,10414,181,Delivered,71
17721,17268,255,Late,16
17722,617,250,Delivered,31
17723,16107,254,Delivered,86
17724,13856,287,Late,75
17725,9036,214,Delivered,37
17726,2970,255,Late,41
17727,8405,178,Delivered,38
17728,16273,29,Late,42
17729,11330,109,Delivered,21
17730,7851,202,Delivered,37
17731,402,116,Late,62
17732,14321,140,Late,57
17733,5822,255,Delivered,66
17734,925,178,Delivered,78
17735,6264,168,Late,31
17736,10800,264,Delivered,63
17737,19018,5,Late,43
17738,18712,222,Delivered,53
17739,18145,265,Delivered,17
17740,2660,299,Late,52
17741,14074,144,Late,66
17742,11147,38,Late,70
17743,2694,287,Late,34
17744,5186,244,Delivered,57
17745,15067,201,Late,84
17746,7315,229,Delivered,60
17747,11528,225,Late,23
17748,6111,55,Late,79
17749,8853,262,Delivered,89
17750,7906,231,Delivered,45
17751,3228,230,Late,19
17752,6384,109,Late,56
17753,19727,183,Delivered,68
17754,4139,143,Late,30
17755,3165,61,Delivered,70
17756,19305,66,Late,69
17757,2932,227,Delivered,77
17758,9875,15,Delivered,83
17759,3761,181,Delivered,86
17760,18362,279,Delivered,58
17761,17862,11,Late,19
17762,15345,174,Delivered,81
17763,13626,36,Late,41
17764,8679,111,Delivered,56
17765,19922,217,Late,40
17766,15000,232,Delivered,76
17767,4276,172,Late,52
17768,8517,78,Delivered,33
17769,7303,38,Delivered,89
17770,10170,200,Delivered,48
17771,18547,252,Late,57
17772,1857,38,Delivered,67
17773,19899,68,Delivered,70
17774,8423,48,Delivered,43
17775,18815,217,Late,16
17776,18234,121,Late,16
17777,18751,88,Delivered,61
17778,15070,156,Delivered,25
17779,15112,152,Delivered,89
17780,10522,20,Delivered,72
17781,12202,195,Late,32
17782,12480,141,Late,72
17783,13024,295,Delivered,29
17784,13711,150,Delivered,39
17785,6561,199,Late,82
17786,2774,249,Late,23
17787,14924,53,Late,90
17788,9485,12,Late,16
17789,6658,110,Delivered,84
17790,11078,59,Late,70
17791,5911,135,Late,45
17792,19857,215,Delivered,48
17793,6946,68,Late,66
17794,10179,189,Late,27
17795,3008,144,Late,30
17796,4138,244,Delivered,85
17797,13420,82,Late,47
17798,12777,102,Delivered,29
17799,4222,170,Delivered,44
17800,6221,148,Delivered,29
17801,950,223,Delivered,73
17802,11218,39,Late,73
17803,13161,127,Delivered,43
17804,19315,170,Late,27
17805,7167,194,Late,37
17806,4368,219,Delivered,32
17807,3870,190,Late,87
17808,15136,294,Late,54
17809,8271,284,Delivered,44
17810,2638,68,Delivered,73
17811,7592,66,Delivered,86
17812,8433,78,Late,76
17813,16544,279,Late,17
17814,11856,240,Delivered,34
17815,8312,153,Delivered,71
17816,212,5,Delivered,76
17817,17350,28,Delivered,19
17818,6484,142,Delivered,58
17819,2447,211,Late,50
17820,5817,108,Late,38
17821,1125,283,Late,19
17822,11544,85,Late,69
17823,18618,14,Late,18
17824,15084,62,Late,87
17825,9035,60,Late,85
17826,11152,82,Late,47
17827,13822,287,Delivered,37
17828,15693,6,Late,81
17829,1103,160,Late,84
17830,4268,280,Delivered,55
17831,11722,33,Late,47
17832,19941,208,Late,49
17833,475,143,Delivered,42
17834,2255,248,Late,18
17835,2277,218,Late,90
17836,1815,33,Late,41
17837,19684,51,Late,68
17838,9982,243,Delivered,63
17839,3231,160,Delivered,53
17840,16969,70,Delivered,26
17841,2439,148,Delivered,72
17842,19741,8,Late,42
17843,14949,287,Late,42
17844,18774,179,Delivered,42
17845,11120,13,Late,51
17846,8570,7,Late,22
17847,14687,209,Delivered,17
17848,6050,84,Late,31
17849,10126,260,Delivered,19
17850,5477,276,Delivered,48
17851,16058,73,Delivered,36
17852,19705,144,Delivered,54
17853,5855,116,Late,19
17854,400,99,Delivered,58
17855,18892,279,Delivered,78
17856,13830,207,Delivered,90
17857,10585,4,Delivered,74
17858,8837,25,Late,41
17859,4345,202,Delivered,61
17860,7235,211,Late,53
17861,1734,154,Delivered,73
17862,9805,160,Delivered,60
17863,16948,69,Late,20
17864,5956,24,Late,48
17865,19875,20,Delivered,32
17866,13900,66,Delivered,81
17867,10250,287,Delivered,41
17868,5142,283,Delivered,33
17869,12926,282,Delivered,66
17870,11283,40,Late,32
17871,4770,205,Late,50
17872,16400,186,Late,75
17873,3759,73,Delivered,34
17874,16176,160,Late,38
17875,13526,174,Delivered,22
17876,17595,132,Late,16
17877,1436,30,Late,86
17878,933,206,Delivered,39
17879,17637,46,Delivered,46
17880,16278,116,Delivered,17
17881,13576,271,Late,74
17882,9950,235,Delivered,31
17883,3644,271,Delivered,45
17884,9421,235,Delivered,50
17885,10088,125,Late,81
17886,12637,50,Delivered,48
17887,4681,137,Late,88
17888,3071,282,Late,54
17889,10200,174,Delivered,36
17890,5808,105,Delivered,31
17891,7503,174,Delivered,79
17892,16658,140,Late,23
17893,10904,199,Late,70
17894,14323,66,Late,41
17895,14294,89,Late,70
17896,6061,95,Late,22
17897,534,253,Delivered,23
17898,17011,120,Late,17
17899,15831,176,Late,19
17900,3771,203,Late,58
17901,16197,271,Delivered,49
17902,16666,5,Delivered,39
17903,13051,79,Delivered,32
17904,8188,39,Late,60
17905,3037,107,Delivered,48
17906,4481,222,Late,46
17907,16932,260,Delivered,85
17908,17658,22,Late,74
17909,12530,276,Late,27
17910,2441,71,Late,19
17911,6171,165,Late,59
17912,17342,206,Late,39
17913,16404,153,Delivered,24
17914,18576,56,Delivered,65
17915,13231,225,Delivered,15
17916,4442,102,Late,54
17917,15423,72,Late,83
17918,12193,272,Late,31
17919,7379,51,Late,49
17920,18642,93,Late,63
17921,10622,5,Delivered,29
17922,13723,209,Delivered,42
17923,5555,135,Delivered,45
17924,186,267,Delivered,85
17925,14591,204,Late,26
17926,11646,272,Late,82
17927,325,118,Late,26
17928,3742,61,Late,49
17929,16784,118,Late,21
17930,19267,37,Late,70
17931,18698,77,Late,42
17932,13450,47,Delivered,71
17933,1429,264,Late,80
17934,12948,169,Delivered,67
17935,5833,192,Delivered,20
17936,7662,199,Late,66
17937,17564,124,Late,54
17938,7001,143,Late,84
17939,19432,156,Late,42
17940,245,102,Late,16
17941,4390,199,Late,79
17942,14599,239,Delivered,46
17943,11814,56,Late,53
17944,11180,168,Late,65
17945,555,136,Late,36
17946,12630,276,Delivered,66
17947,4579,176,Delivered,37
17948,16808,270,Late,39
17949,17978,280,Delivered,38
17950,8581,119,Delivered,65
17951,10566,254,Delivered,35
17952,11876,108,Late,39
17953,11130,59,Late,72
17954,17012,80,Late,68
17955,15990,65,Late,20
17956,10586,136,Late,32
17957,19520,73,Delivered,66
17958,9385,74,Late,55
17959,8827,192,Delivered,81
17960,17027,12,Late,60
17961,19740,276,Late,31
17962,6269,21,Delivered,46
17963,17608,261,Delivered,68
17964,7328,268,Delivered,24
17965,8253,241,Late,83
17966,19805,76,Late,24
17967,19738,103,Delivered,39
17968,5885,107,Late,24
17969,19406,204,Late,66
17970,18130,107,Late,39
17971,17829,100,Delivered,53
17972,8671,282,Delivered,86
17973,9036,255,Late,69
17974,19736,197,Delivered,70
17975,6099,54,Delivered,61
17976,6503,296,Delivered,27
17977,6045,50,Delivered,57
17978,18155,162,Late,73
17979,2608,199,Delivered,59
17980,15023,81,Late,84
17981,19126,19,Late,56
17982,18400,266,Late,30
17983,17220,194,Late,41
17984,6249,133,Late,25
17985,4026,243,Delivered,39
17986,11913,75,Delivered,74
17987,13031,18,Delivered,86
17988,7523,62,Late,35
17989,18159,148,Late,67
17990,14357,148,Delivered,79
17991,16162,154,Late,68
17992,18734,169,Late,44
17993,13056,211,Delivered,49
17994,10396,93,Late,45
17995,12540,94,Late,80
17996,4532,300,Late,68
17997,17178,112,Late,39
17998,9210,242,Delivered,33
17999,2996,295,Late,41
18000,6958,288,Delivered,22
18001,1368,30,Late,47
18002,19899,267,Delivered,74
18003,19317,181,Late,40
18004,10914,84,Late,80
18005,6789,23,Late,89
18006,1815,201,Delivered,31
18007,11871,156,Delivered,68
18008,12972,86,Late,78
18009,7097,227,Delivered,72
18010,17123,60,Late,89
18011,10299,197,Late,32
18012,17754,73,Delivered,48
18013,19460,108,Late,17
18014,9785,127,Late,68
18015,18,9,Late,59
18016,395,209,Delivered,90
18017,8452,167,Late,21
18018,19957,83,Delivered,47
18019,8433,156,Late,40
18020,2530,227,Delivered,50
18021,13528,178,Late,39
18022,13869,62,Late,57
18023,8093,224,Late,35
18024,4670,44,Late,90
18025,9719,54,Delivered,37
18026,4463,182,Delivered,82
18027,12938,120,Delivered,51
18028,19309,244,Late,49
18029,15390,280,Late,64
18030,17898,67,Late,77
18031,2363,283,Delivered,23
18032,849,198,Delivered,60
18033,19388,74,Delivered,85
18034,9003,207,Delivered,62
18035,12036,112,Delivered,70
18036,11821,160,Late,69
18037,2112,129,Delivered,52
18038,9313,158,Delivered,49
18039,7922,204,Delivered,72
18040,16470,32,Delivered,32
18041,19136,156,Delivered,64
18042,19659,34,Late,48
18043,6700,206,Late,24
18044,2507,118,Delivered,64
18045,14046,129,Late,21
18046,3447,71,Late,68
18047,793,282,Delivered,53
18048,2336,121,Late,20
18049,11226,228,Late,34
18050,6630,176,Late,72
18051,10292,75,Late,27
18052,8060,38,Late,16
18053,13943,2,Late,73
18054,8823,6,Late,48
18055,4833,231,Delivered,48
18056,5894,142,Late,23
18057,10729,120,Delivered,33
18058,10818,71,Delivered,66
18059,2063,215,Delivered,36
18060,13512,57,Late,18
18061,16197,77,Late,67
18062,18818,109,Late,36
18063,14278,86,Delivered,87
18064,1055,97,Delivered,50
18065,2133,170,Delivered,83
18066,7531,151,Late,47
18067,2767,62,Late,77
18068,8882,261,Delivered,67
18069,5291,168,Late,84
18070,16542,129,Late,40
18071,8172,140,Delivered,40
18072,19582,174,Delivered,80
18073,15613,269,Late,86
18074,11565,268,Delivered,55
18075,14431,18,Late,60
18076,12820,6,Late,33
18077,16038,76,Late,90
18078,17286,100,Late,18
18079,4662,3,Late,66
18080,7993,87,Delivered,74
18081,16539,196,Late,16
18082,5013,155,Delivered,24
18083,2234,65,Delivered,32
18084,18556,267,Late,16
18085,7024,270,Delivered,29
18086,12655,293,Delivered,28
18087,12291,65,Late,24
18088,15144,158,Late,23
18089,13877,56,Delivered,79
18090,7990,71,Delivered,40
18091,15630,28,Delivered,57
18092,116,128,Delivered,68
18093,12899,47,Delivered,24
18094,19731,165,Late,90
18095,12128,176,Late,44
18096,412,256,Delivered,65
18097,4595,295,Delivered,51
18098,15770,64,Delivered,68
18099,3779,203,Delivered,83
18100,8807,102,Delivered,50
18101,4539,71,Late,35
18102,871,160,Late,87
18103,18868,167,Late,36
18104,3727,245,Late,24
18105,5340,213,Late,83
18106,15507,294,Late,29
18107,18929,182,Delivered,69
18108,12230,12,Delivered,45
18109,3365,284,Delivered,22
18110,8259,291,Delivered,49
18111,1381,196,Late,32
18112,5192,296,Delivered,47
18113,2429,128,Late,79
18114,536,287,Late,82
18115,4722,284,Late,59
18116,9662,75,Delivered,50
18117,17686,98,Delivered,55
18118,18719,21,Late,20
18119,2758,1,Delivered,70
18120,11693,227,Late,65
18121,12071,132,Late,76
18122,5320,176,Late,52
18123,12157,27,Delivered,22
18124,1047,40,Late,35
18125,15427,277,Delivered,56
18126,13014,26,Delivered,60
18127,6584,209,Late,77
18128,19908,235,Late,86
18129,9558,120,Late,16
18130,13227,64,Late,55
18131,2541,179,Late,45
18132,304,286,Delivered,71
18133,18449,131,Delivered,44
18134,13703,190,Delivered,32
18135,2391,62,Late,58
18136,7752,206,Delivered,90
18137,4617,113,Late,31
18138,2934,288,Delivered,71
18139,14419,250,Delivered,75
18140,9564,296,Late,36
18141,14362,201,Delivered,89
18142,14112,278,Delivered,20
18143,1486,126,Delivered,89
18144,2016,245,Late,21
18145,14718,38,Delivered,87
18146,10041,279,Delivered,72
18147,3535,13,Delivered,88
18148,9608,145,Late,74
18149,13182,233,Late,60
18150,2351,201,Late,31
18151,3998,282,Late,44
18152,13618,162,Late,42
18153,14151,28,Late,84
18154,9387,266,Delivered,60
18155,3027,185,Late,29
18156,3507,263,Delivered,59
18157,4991,50,Late,80
18158,14029,22,Delivered,70
18159,5589,76,Late,32
18160,17204,38,Delivered,24
18161,6457,233,Late,82
18162,6669,292,Late,68
18163,14417,196,Late,18
18164,1716,294,Delivered,84
18165,17637,113,Delivered,77
18166,9592,275,Late,51
18167,10742,90,Delivered,87
18168,7002,238,Delivered,43
18169,19981,82,Late,86
18170,1150,201,Delivered,28
18171,7834,270,Late,73
18172,18935,271,Late,32
18173,1824,47,Late,80
18174,13396,281,Late,42
18175,13292,187,Late,78
18176,2530,2,Delivered,80
18177,10662,253,Late,25
18178,15347,262,Delivered,65
18179,19337,90,Late,70
18180,2769,120,Late,85
18181,8792,228,Late,87
18182,17046,173,Late,38
18183,18543,32,Delivered,61
18184,9830,143,Late,90
18185,5191,230,Late,30
18186,16515,260,Late,70
18187,7923,184,Delivered,70
18188,15173,18,Late,24
18189,17466,84,Delivered,49
18190,12818,254,Delivered,52
18191,16231,110,Late,28
18192,19444,160,Delivered,86
18193,13494,265,Delivered,49
18194,7618,254,Delivered,15
18195,8770,37,Late,85
18196,12711,63,Late,26
18197,7916,1,Late,25
18198,1480,69,Late,88
18199,12077,49,Late,23
18200,800,299,Delivered,26
18201,8939,72,Late,70
18202,11389,250,Delivered,80
18203,3065,84,Delivered,43
18204,7268,143,Delivered,89
18205,3479,102,Late,61
18206,19939,191,Late,49
18207,17053,21,Delivered,16
18208,10890,224,Late,33
18209,15856,25,Delivered,28
18210,17999,75,Delivered,69
18211,8549,251,Delivered,86
18212,6287,26,Delivered,73
18213,8006,197,Delivered,47
18214,18811,95,Delivered,63
18215,3066,175,Delivered,65
18216,4841,153,Late,33
18217,9493,95,Delivered,77
18218,1544,141,Delivered,31
18219,1283,222,Late,81
18220,1457,157,Late,64
18221,9524,44,Late,37
18222,19329,60,Delivered,44
18223,16447,42,Delivered,36
18224,4284,107,Delivered,60
18225,18522,36,Delivered,20
18226,15026,134,Late,80
18227,6202,128,Late,44
18228,16930,61,Delivered,73
18229,13164,157,Delivered,23
18230,17953,12,Late,46
18231,5144,175,Delivered,70
18232,15571,299,Delivered,70
18233,12777,93,Late,20
18234,12893,262,Late,58
18235,8097,183,Delivered,29
18236,13555,135,Late,60
18237,6142,74,Delivered,40
18238,6177,3,Delivered,21
18239,17996,46,Late,33
18240,218,234,Late,51
18241,5786,238,Late,73
18242,10544,155,Delivered,32
18243,4958,28,Late,47
18244,2241,266,Delivered,50
18245,6512,156,Late,83
18246,3603,177,Late,65
18247,17578,155,Late,51
18248,13699,9,Delivered,29
18249,14068,112,Delivered,63
18250,2401,108,Delivered,53
18251,11855,40,Late,39
18252,15646,39,Late,45
18253,10102,270,Late,42
18254,2121,36,Delivered,78
18255,8413,171,Late,60
18256,7681,42,Delivered,80
18257,13230,37,Delivered,41
18258,10666,230,Late,49
18259,19942,211,Late,77
18260,12556,233,Late,24
18261,4824,58,Delivered,54
18262,15446,148,Delivered,60
18263,10435,188,Late,55
18264,6973,212,Delivered,19
18265,12906,257,Delivered,76
18266,11836,161,Delivered,23
18267,10114,123,Late,49
18268,3783,185,Late,50
18269,3660,39,Late,22
18270,19559,26,Late,51
18271,4430,219,Late,19
18272,947,162,Delivered,71
18273,8199,52,Late,71
18274,3366,103,Late,59
18275,7901,269,Delivered,33
18276,1311,58,Late,87
18277,13861,230,Late,50
18278,3972,103,Delivered,58
18279,19610,141,Late,85
18280,437,145,Late,83
18281,5079,188,Late,26
18282,12117,148,Late,19
18283,12219,230,Late,52
18284,12975,99,Late,87
18285,966,96,Late,79
18286,4930,279,Late,19
18287,16056,250,Delivered,44
18288,14226,160,Late,50
18289,9433,147,Delivered,16
18290,8324,198,Delivered,56
18291,14063,194,Late,55
18292,13042,147,Late,57
18293,19470,128,Late,20
18294,15600,207,Late,23
18295,17594,108,Late,77
18296,13608,186,Delivered,50
18297,16783,10,Late,84
18298,14990,44,Delivered,56
18299,9779,157,Delivered,17
18300,13589,297,Delivered,58
18301,17184,221,Late,52
18302,420,206,Late,50
18303,5019,197,Late,87
18304,11663,37,Delivered,36
18305,6325,89,Delivered,57
18306,16435,40,Late,60
18307,12898,189,Delivered,38
18308,13081,284,Delivered,22
18309,8164,2,Delivered,57
18310,10430,233,Delivered,29
18311,7598,85,Delivered,82
18312,8151,241,Late,56
18313,15413,66,Late,40
18314,7852,103,Late,65
18315,11418,11,Late,38
18316,7567,100,Late,35
18317,10309,110,Delivered,66
18318,10536,147,Delivered,30
18319,5998,246,Delivered,69
18320,5071,133,Delivered,39
18321,16414,14,Delivered,64
18322,12641,68,Delivered,45
18323,5223,16,Delivered,53
18324,5773,214,Late,43
18325,868,110,Late,24
18326,3944,138,Late,83
18327,2131,201,Delivered,21
18328,1433,188,Delivered,90
18329,6583,35,Late,35
18330,1010,214,Late,73
18331,8948,129,Late,62
18332,9593,99,Delivered,85
18333,13163,124,Late,42
18334,12583,287,Late,67
18335,14710,299,Late,45
18336,9057,135,Late,48
18337,3650,207,Late,54
18338,17988,253,Delivered,27
18339,4929,130,Late,45
18340,1948,119,Delivered,88
18341,4920,222,Late,57
18342,19442,122,Delivered,37
18343,17059,59,Late,67
18344,13800,253,Delivered,31
18345,13586,70,Late,61
18346,5517,114,Delivered,71
18347,15559,127,Late,41
18348,18027,255,Late,22
18349,12063,100,Late,47
18350,5137,167,Late,89
18351,18871,285,Late,67
18352,6710,282,Delivered,30
18353,18615,243,Late,19
18354,11577,128,Delivered,74
18355,1551,266,Delivered,31
18356,18709,232,Late,77
18357,571,261,Late,31
18358,13069,141,Delivered,65
18359,6717,73,Late,30
18360,10430,118,Delivered,42
18361,16446,165,Late,58
18362,12744,113,Late,55
18363,18316,247,Delivered,26
18364,15281,48,Late,62
18365,17842,180,Delivered,65
18366,14703,170,Late,82
18367,13528,2,Delivered,26
18368,10107,208,Delivered,69
18369,2481,159,Late,86
18370,17202,183,Delivered,38
18371,8678,208,Delivered,60
18372,18035,88,Delivered,85
18373,11260,2,Delivered,48
18374,12849,64,Late,75
18375,6084,95,Late,26
18376,201,272,Late,52
18377,8552,170,Late,63
18378,10006,116,Late,26
18379,479,172,Delivered,50
18380,9433,83,Late,67
18381,9769,127,Late,52
18382,13407,16,Late,52
18383,4400,242,Late,46
18384,19121,209,Late,61
18385,3262,181,Delivered,46
18386,16139,290,Late,71
18387,7372,233,Late,47
18388,19467,51,Delivered,21
18389,6478,65,Late,28
18390,16246,6,Delivered,87
18391,11688,270,Delivered,39
18392,5209,262,Delivered,27
18393,13408,4,Late,38
18394,8734,187,Late,40
18395,8706,171,Delivered,65
18396,14188,294,Delivered,45
18397,3564,151,Late,21
18398,2316,137,Delivered,86
18399,2172,99,Delivered,20
18400,19411,29,Delivered,51
18401,10236,38,Late,79
18402,1688,65,Delivered,84
18403,7214,191,Delivered,38
18404,12738,110,Late,19
18405,17949,46,Delivered,86
18406,13208,167,Late,89
18407,14580,158,Delivered,36
18408,9910,178,Late,16
18409,18887,29,Delivered,90
18410,16040,159,Late,52
18411,11168,114,Delivered,51
18412,14067,116,Delivered,37
18413,7415,27,Delivered,65
18414,7053,59,Late,86
18415,7554,35,Late,49
18416,7501,98,Delivered,38
18417,12296,91,Delivered,79
18418,234,169,Late,15
18419,6370,51,Delivered,81
18420,17455,255,Delivered,27
18421,4780,282,Late,81
18422,12583,13,Delivered,68
18423,15548,4,Late,66
18424,14441,183,Delivered,42
18425,11921,267,Delivered,47
18426,18733,120,Late,42
18427,19990,137,Late,62
18428,17709,164,Delivered,21
18429,6703,80,Late,68
18430,5354,12,Delivered,27
18431,6525,169,Late,48
18432,11796,24,Late,20
18433,17848,199,Delivered,78
18434,3950,106,Delivered,17
18435,5605,155,Delivered,69
18436,14121,83,Delivered,37
18437,4479,229,Delivered,77
18438,6218,99,Delivered,17
18439,19132,144,Late,51
18440,9171,16,Delivered,24
18441,2342,197,Late,18
18442,5396,151,Delivered,55
18443,273,112,Delivered,53
18444,6546,265,Delivered,45
18445,11795,180,Late,89
18446,9754,264,Delivered,85
18447,4291,81,Late,32
18448,7635,110,Late,34
18449,10311,265,Late,43
18450,6819,94,Late,47
18451,11459,163,Delivered,80
18452,3179,99,Late,35
18453,745,147,Delivered,18
18454,14445,110,Late,83
18455,13566,184,Delivered,74
18456,10438,156,Delivered,82
18457,3046,69,Delivered,52
18458,14248,98,Delivered,40
18459,6677,16,Delivered,76
18460,13627,256,Late,71
18461,4522,63,Late,80
18462,18698,140,Delivered,59
18463,13682,266,Delivered,18
18464,2442,261,Late,90
18465,17326,44,Late,28
18466,17289,124,Late,40
18467,2109,47,Delivered,89
18468,17387,4,Late,50
18469,3694,192,Delivered,31
18470,19451,246,Late,31
18471,16155,201,Late,70
18472,19046,277,Late,49
18473,15589,9,Delivered,19
18474,254,133,Late,62
18475,18151,86,Late,76
18476,14800,129,Delivered,44
18477,621,163,Delivered,66
18478,11670,278,Delivered,40
18479,7605,296,Delivered,69
18480,11206,123,Late,27
18481,11584,96,Delivered,48
18482,8601,161,Delivered,68
18483,32,160,Delivered,54
18484,8353,136,Late,66
18485,551,164,Late,43
18486,9424,295,Delivered,38
18487,2996,122,Delivered,57
18488,917,116,Late,61
18489,6740,121,Delivered,34
18490,4256,27,Delivered,36
18491,3233,159,Delivered,44
18492,278,150,Delivered,55
18493,19441,73,Delivered,29
18494,1304,233,Late,66
18495,4067,151,Late,31
18496,9926,197,Late,78
18497,3013,128,Late,48
18498,3173,62,Delivered,68
18499,7086,255,Delivered,61
18500,9965,29,Delivered,66
18501,1932,15,Late,89
18502,16995,196,Late,42
18503,13634,49,Late,72
18504,13253,67,Delivered,20
18505,19939,166,Delivered,37
18506,12189,212,Delivered,54
18507,12921,290,Delivered,44
18508,12754,151,Delivered,70
18509,12469,108,Late,29
18510,17388,250,Late,28
18511,10709,115,Delivered,37
18512,8262,199,Delivered,73
18513,2197,68,Delivered,42
18514,6195,158,Late,25
18515,13900,83,Delivered,51
18516,5649,155,Delivered,58
18517,9824,29,Delivered,47
18518,822,148,Delivered,16
18519,1059,104,Late,34
18520,3095,232,Delivered,76
18521,14191,19,Late,76
18522,15531,292,Late,26
18523,6509,262,Delivered,23
18524,14457,283,Late,74
18525,5706,79,Late,50
18526,14530,276,Delivered,53
18527,1785,121,Late,77
18528,3179,69,Delivered,47
18529,17361,116,Delivered,47
18530,13123,265,Delivered,53
18531,3264,247,Delivered,50
18532,8899,36,Delivered,15
18533,8334,266,Late,85
18534,12599,89,Delivered,56
18535,17836,5,Late,81
18536,12666,281,Delivered,27
18537,17661,139,Late,37
18538,10232,165,Late,15
18539,11764,276,Late,34
18540,825,153,Late,66
18541,1072,28,Late,30
18542,1642,21,Late,55
18543,14827,256,Late,27
18544,8495,207,Delivered,45
18545,4056,116,Delivered,78
18546,1945,18,Late,82
18547,4329,95,Delivered,78
18548,4905,114,Delivered,66
18549,10781,212,Late,26
18550,7617,81,Late,61
18551,14473,240,Late,89
18552,15724,193,Delivered,41
18553,16995,18,Delivered,43
18554,750,111,Delivered,87
18555,6560,245,Delivered,73
18556,19576,203,Late,90
18557,6310,268,Delivered,36
18558,4053,290,Delivered,18
18559,17967,289,Late,19
18560,6802,20,Delivered,62
18561,4451,126,Delivered,45
18562,7369,186,Delivered,70
18563,15011,162,Delivered,81
18564,10509,252,Late,56
18565,2084,14,Late,20
18566,252,240,Delivered,15
18567,7495,179,Delivered,40
18568,17243,255,Delivered,38
18569,15670,151,Late,52
18570,11452,141,Late,20
18571,9822,125,Late,85
18572,7767,36,Delivered,51
18573,5689,260,Late,50
18574,5778,114,Late,52
18575,5128,296,Delivered,15
18576,14956,38,Delivered,71
18577,18601,245,Delivered,64
18578,4470,200,Late,35
18579,9297,12,Delivered,78
18580,18835,46,Delivered,83
18581,301,209,Late,69
18582,4791,18,Late,87
18583,3878,7,Late,51
18584,2303,133,Late,45
18585,7096,288,Late,55
18586,18353,294,Delivered,54
18587,12222,164,Late,33
18588,6905,28,Late,71
18589,7894,232,Late,17
18590,7815,180,Delivered,43
18591,15032,153,Delivered,46
18592,1913,43,Late,79
18593,8470,104,Late,87
18594,16994,260,Delivered,48
18595,13857,129,Delivered,72
18596,9853,178,Delivered,50
18597,11548,149,Late,83
18598,10495,67,Delivered,76
18599,12651,257,Late,34
18600,7248,191,Late,42
18601,19558,177,Late,82
18602,4810,184,Late,23
18603,5326,38,Late,28
18604,10152,136,Delivered,72
18605,8432,147,Late,49
18606,15207,192,Late,78
18607,10671,250,Late,89
18608,14896,281,Delivered,85
18609,1214,291,Delivered,38
18610,16308,246,Late,26
18611,9481,20,Late,78
18612,18587,142,Late,16
18613,19448,122,Late,53
18614,9821,171,Delivered,56
18615,2412,140,Delivered,79
18616,18117,83,Delivered,30
18617,10666,76,Delivered,48
18618,10451,68,Late,78
18619,15217,137,Late,28
18620,2963,178,Late,59
18621,12024,218,Late,33
18622,269,276,Late,19
18623,11081,145,Delivered,25
18624,990,169,Late,19
18625,17651,231,Late,84
18626,3394,240,Delivered,55
18627,3139,253,Late,64
18628,4702,259,Late,40
18629,12320,190,Delivered,32
18630,16803,16,Late,52
18631,14953,56,Late,18
18632,5718,41,Delivered,82
18633,12738,209,Late,22
18634,18194,283,Late,67
18635,5506,172,Delivered,37
18636,9775,236,Late,25
18637,7126,1,Late,39
18638,19813,185,Late,55
18639,16203,207,Late,31
18640,5759,290,Late,19
18641,14316,44,Delivered,30
18642,15632,217,Late,75
18643,12371,260,Late,78
18644,10400,67,Delivered,40
18645,19619,172,Delivered,79
18646,2804,73,Late,58
18647,19719,35,Late,74
18648,4996,43,Late,48
18649,5104,125,Late,26
18650,14750,218,Delivered,57
18651,8939,86,Late,48
18652,10892,272,Late,72
18653,5660,178,Late,79
18654,18668,69,Late,68
18655,506,48,Late,36
18656,19370,70,Delivered,58
18657,9621,202,Delivered,87
18658,13213,134,Late,49
18659,16243,57,Late,56
18660,10038,241,Delivered,36
18661,10391,168,Delivered,31
18662,9312,73,Late,17
18663,4322,27,Late,72
18664,12082,182,Delivered,39
18665,17795,214,Late,67
18666,6869,263,Delivered,22
18667,19674,84,Late,49
18668,7901,48,Late,58
18669,8066,33,Delivered,66
18670,13612,27,Delivered,41
18671,11886,236,Late,39
18672,9078,228,Delivered,57
18673,11825,161,Delivered,63
18674,19195,113,Late,37
18675,7415,243,Delivered,35
18676,5194,150,Delivered,66
18677,8952,289,Late,28
18678,15726,181,Late,85
18679,17273,16,Delivered,56
18680,18837,97,Delivered,81
18681,16856,42,Late,36
18682,3710,75,Late,44
18683,11353,198,Delivered,35
18684,19891,150,Delivered,51
18685,18143,250,Late,27
18686,15591,221,Late,54
18687,2413,292,Late,49
18688,12981,64,Late,16
18689,3763,72,Delivered,86
18690,12607,214,Late,63
18691,2607,104,Late,68
18692,19871,229,Delivered,35
18693,17234,230,Late,40
18694,10666,231,Late,89
18695,16821,206,Delivered,84
18696,9826,212,Delivered,17
18697,19254,285,Delivered,53
18698,3556,171,Late,69
18699,2249,241,Late,37
18700,19814,124,Late,90
18701,9054,111,Late,83
18702,9215,100,Delivered,19
18703,11357,189,Delivered,61
18704,3104,228,Delivered,80
18705,5269,10,Late,83
18706,4736,241,Late,81
18707,15052,76,Delivered,60
18708,13377,143,Delivered,76
18709,3952,56,Delivered,55
18710,2156,208,Late,32
18711,18661,300,Delivered,29
18712,15131,145,Delivered,55
18713,2133,88,Late,29
18714,17735,291,Late,55
18715,6833,24,Late,30
18716,9035,97,Delivered,72
18717,13448,188,Delivered,70
18718,19743,166,Late,30
18719,9939,32,Late,60
18720,9670,175,Delivered,27
18721,12956,174,Delivered,88
18722,6363,138,Delivered,51
18723,8761,219,Late,27
18724,10227,187,Late,65
18725,5725,45,Delivered,82
18726,17529,221,Delivered,68
18727,8948,252,Late,58
18728,5367,61,Delivered,27
18729,17383,283,Delivered,79
18730,4455,245,Delivered,86
18731,2718,250,Late,34
18732,16808,291,Late,30
18733,15518,44,Delivered,28
18734,15171,109,Late,74
18735,6858,223,Delivered,48
18736,1720,261,Late,80
18737,18499,30,Late,33
18738,3966,19,Delivered,32
18739,566,265,Delivered,62
18740,3185,195,Late,84
18741,11625,211,Delivered,20
18742,5772,149,Delivered,52
18743,13527,105,Delivered,62
18744,4838,139,Late,60
18745,1988,25,Late,62
18746,9213,255,Late,68
18747,465,201,Late,32
18748,2850,91,Delivered,20
18749,19456,77,Delivered,76
18750,11018,206,Delivered,84
18751,519,84,Delivered,88
18752,17886,33,Late,45
18753,7104,228,Late,19
18754,19024,291,Delivered,65
18755,9174,296,Late,18
18756,4219,62,Delivered,32
18757,12750,238,Delivered,57
18758,6978,187,Late,22
18759,1818,187,Late,63
18760,8929,204,Delivered,74
18761,6223,24,Delivered,54
18762,11534,119,Delivered,62
18763,7331,277,Late,32
18764,5932,223,Late,82
18765,9139,181,Delivered,47
18766,4334,79,Late,58
18767,19139,97,Late,53
18768,8235,103,Delivered,88
18769,15349,100,Delivered,80
18770,5353,7,Delivered,39
18771,7707,162,Late,34
18772,5900,118,Late,49
18773,14044,289,Delivered,29
18774,13660,156,Delivered,42
18775,18428,28,Late,81
18776,7754,137,Delivered,17
18777,12439,251,Delivered,45
18778,1865,24,Delivered,65
18779,9781,96,Late,23
18780,18168,94,Delivered,68
18781,16963,268,Delivered,50
18782,2440,73,Late,80
18783,4063,73,Delivered,36
18784,2510,167,Late,42
18785,2792,25,Late,36
18786,11786,252,Late,43
18787,9902,132,Late,72
18788,18689,74,Late,81
18789,14256,276,Delivered,77
18790,19003,154,Late,19
18791,6335,169,Delivered,51
18792,19343,182,Delivered,75
18793,19957,227,Delivered,25
18794,4766,102,Delivered,30
18795,17614,181,Late,53
18796,17317,82,Late,51
18797,17954,179,Delivered,25
18798,455,61,Late,77
18799,15472,300,Delivered,81
18800,16909,109,Late,83
18801,12957,152,Delivered,30
18802,13137,120,Delivered,84
18803,14440,79,Late,26
18804,14561,173,Delivered,41
18805,13848,162,Late,73
18806,5775,77,Delivered,57
18807,16726,278,Delivered,32
18808,10390,190,Late,81
18809,1054,201,Delivered,33
18810,5655,297,Late,71
18811,6456,104,Late,83
18812,14682,5,Late,79
18813,9605,222,Delivered,49
18814,13617,155,Late,49
18815,3093,144,Delivered,60
18816,19552,222,Late,24
18817,16752,140,Delivered,72
18818,5620,206,Late,36
18819,1982,97,Delivered,82
18820,8206,183,Late,78
18821,18292,23,Delivered,43
18822,17053,257,Delivered,54
18823,14489,198,Late,34
18824,11982,144,Late,24
18825,7319,87,Late,24
18826,18229,36,Late,25
18827,8785,203,Late,41
18828,6501,116,Late,38
18829,1731,193,Late,66
18830,15196,49,Late,64
18831,10850,63,Late,56
18832,14184,272,Late,26
18833,16272,210,Late,79
18834,9451,166,Delivered,65
18835,8196,275,Delivered,16
18836,9095,55,Late,23
18837,8686,287,Late,79
18838,16104,255,Delivered,56
18839,2762,253,Late,55
18840,11378,28,Delivered,30
18841,9300,278,Late,89
18842,15778,207,Delivered,85
18843,15298,175,Delivered,48
18844,7576,167,Delivered,75
18845,6190,208,Late,88
18846,4477,9,Late,73
18847,13759,232,Delivered,72
18848,11717,47,Delivered,83
18849,2667,86,Delivered,34
18850,12083,156,Late,74
18851,6003,37,Late,45
18852,15112,13,Delivered,79
18853,6270,109,Late,73
18854,12181,22,Delivered,47
18855,4207,120,Late,19
18856,10456,210,Delivered,64
18857,18097,35,Delivered,76
18858,5996,77,Late,33
18859,19498,268,Late,89
18860,8818,63,Late,58
18861,5836,125,Delivered,65
18862,15774,123,Late,57
18863,13322,90,Delivered,39
18864,6503,273,Delivered,52
18865,3730,254,Delivered,53
18866,3976,208,Delivered,50
18867,13410,45,Late,41
18868,449,120,Late,60
18869,10836,2,Delivered,78
18870,15079,94,Delivered,78
18871,825,92,Delivered,20
18872,13670,72,Late,76
18873,7978,300,Late,22
18874,13832,115,Delivered,68
18875,16315,76,Late,88
18876,1010,49,Late,40
18877,1054,19,Late,41
18878,16750,125,Late,87
18879,14683,228,Delivered,59
18880,16494,200,Late,67
18881,17633,217,Delivered,75
18882,12951,85,Late,26
18883,12344,19,Delivered,34
18884,17797,206,Late,52
18885,9037,253,Delivered,65
18886,10178,64,Late,28
18887,1809,187,Delivered,79
18888,17589,228,Delivered,67
18889,19840,127,Delivered,39
18890,15897,226,Delivered,90
18891,8136,213,Late,15
18892,654,300,Delivered,34
18893,8423,27,Delivered,65
18894,16781,275,Late,27
18895,14028,268,Delivered,60
18896,13115,194,Late,84
18897,19450,170,Delivered,43
18898,19032,183,Late,36
18899,8377,92,Late,69
18900,13735,143,Delivered,66
18901,11804,272,Late,23
18902,10559,237,Late,40
18903,19354,125,Delivered,70
18904,6064,111,Late,72
18905,6731,93,Delivered,68
18906,6091,207,Delivered,45
18907,10010,35,Late,64
18908,107,108,Late,81
18909,19548,257,Late,89
18910,4106,105,Delivered,87
18911,9558,36,Delivered,57
18912,10576,158,Delivered,60
18913,10725,90,Delivered,21
18914,7069,152,Late,23
18915,16378,290,Late,84
18916,1262,198,Late,17
18917,5356,286,Late,63
18918,15905,92,Late,66
18919,15417,288,Delivered,45
18920,15357,65,Late,66
18921,15259,269,Delivered,43
18922,17914,168,Delivered,58
18923,18447,65,Late,53
18924,1128,287,Late,46
18925,16957,132,Late,88
18926,3466,184,Late,85
18927,17283,216,Late,22
18928,5942,223,Delivered,57
18929,16082,297,Late,22
18930,18964,181,Delivered,88
18931,17274,12,Delivered,39
18932,12982,163,Late,82
18933,6195,104,Late,86
18934,7536,158,Delivered,25
18935,15612,251,Late,85
18936,7812,157,Late,78
18937,10214,202,Delivered,25
18938,14070,253,Late,85
18939,13899,2,Delivered,36
18940,9151,95,Delivered,82
18941,5494,143,Late,76
18942,5651,32,Late,37
18943,1442,73,Late,36
18944,434,41,Late,53
18945,13619,29,Late,36
18946,11907,28,Late,72
18947,149,169,Delivered,29
18948,12796,252,Late,58
18949,11450,215,Late,63
18950,17113,174,Delivered,73
18951,15150,147,Late,21
18952,6021,123,Late,53
18953,7814,76,Late,86
18954,1024,58,Delivered,71
18955,2514,190,Delivered,78
18956,15762,43,Delivered,65
18957,8797,142,Delivered,21
18958,5890,185,Delivered,57
18959,2308,288,Delivered,66
18960,19076,184,Late,72
18961,7436,289,Late,75
18962,18295,178,Delivered,63
18963,8589,299,Late,18
18964,10889,220,Late,60
18965,7374,112,Late,56
18966,11188,85,Delivered,55
18967,12268,298,Delivered,87
18968,6479,149,Delivered,42
18969,18899,210,Late,75
18970,12308,151,Late,81
18971,7140,24,Delivered,60
18972,16600,209,Delivered,30
18973,13535,55,Delivered,38
18974,5967,29,Delivered,47
18975,10640,250,Delivered,21
18976,3358,205,Late,71
18977,6684,114,Late,87
18978,19457,209,Late,38
18979,8143,136,Delivered,74
18980,10542,223,Late,22
18981,12099,293,Late,49
18982,1846,210,Late,56
18983,776,81,Delivered,22
18984,714,228,Delivered,40
18985,10547,29,Late,81
18986,18725,214,Delivered,82
18987,15868,246,Delivered,16
18988,15584,14,Late,56
18989,14271,93,Late,59
18990,7298,133,Delivered,74
18991,4,32,Delivered,86
18992,13199,63,Late,65
18993,7236,195,Delivered,69
18994,6178,177,Delivered,64
18995,4300,79,Late,83
18996,15154,280,Delivered,71
18997,18499,62,Late,35
18998,17420,191,Delivered,68
18999,5047,114,Late,16
19000,6194,272,Late,53
19001,4567,182,Late,90
19002,7401,210,Late,82
19003,10980,248,Delivered,72
19004,6696,192,Late,64
19005,3257,37,Late,40
19006,9397,100,Delivered,55
19007,12096,220,Late,85
19008,3592,15,Delivered,74
19009,9077,12,Delivered,26
19010,19856,16,Delivered,74
19011,7873,272,Delivered,66
19012,4115,297,Late,34
19013,15002,88,Delivered,57
19014,13061,13,Delivered,70
19015,17133,249,Delivered,46
19016,6231,137,Delivered,31
19017,20,295,Late,81
19018,17980,1,Delivered,17
19019,2016,263,Delivered,20
19020,15921,69,Delivered,22
19021,8688,290,Late,53
19022,4568,283,Late,22
19023,859,205,Delivered,52
19024,12251,244,Delivered,68
19025,13177,235,Delivered,71
19026,16285,60,Late,85
19027,8120,281,Delivered,23
19028,569,295,Late,82
19029,14781,196,Delivered,67
19030,13566,261,Late,52
19031,16151,173,Delivered,65
19032,11589,241,Late,42
19033,523,194,Late,29
19034,13470,269,Late,23
19035,19197,253,Delivered,79
19036,19032,78,Delivered,87
19037,6272,218,Delivered,71
19038,6681,256,Delivered,84
19039,3078,199,Late,87
19040,988,61,Late,65
19041,8039,175,Delivered,73
19042,18008,36,Late,90
19043,18194,108,Delivered,90
19044,6258,89,Late,73
19045,10684,140,Delivered,31
19046,521,275,Late,62
19047,7200,26,Late,27
19048,5800,18,Delivered,51
19049,15539,270,Delivered,49
19050,11737,74,Late,70
19051,5891,58,Late,41
19052,17485,36,Delivered,38
19053,12484,14,Late,26
19054,11734,66,Delivered,42
19055,18117,229,Late,31
19056,4242,283,Late,75
19057,4848,124,Late,29
19058,6900,81,Delivered,22
19059,6634,237,Delivered,88
19060,3130,125,Late,79
19061,8616,21,Late,84
19062,12995,248,Late,76
19063,14022,280,Delivered,68
19064,45,266,Late,58
19065,6445,110,Late,78
19066,5486,16,Delivered,80
19067,15542,131,Delivered,74
19068,7343,103,Late,15
19069,16539,6,Delivered,89
19070,9717,113,Delivered,46
19071,6917,186,Delivered,36
19072,17151,213,Delivered,77
19073,1353,90,Delivered,41
19074,1947,178,Late,73
19075,11749,227,Late,77
19076,19657,27,Delivered,63
19077,13870,90,Delivered,68
19078,14086,101,Delivered,19
19079,3513,142,Late,17
19080,3691,247,Late,40
19081,14891,14,Delivered,49
19082,8386,5,Delivered,21
19083,9913,140,Delivered,86
19084,2078,11,Late,54
19085,10814,223,Late,54
19086,19912,297,Delivered,51
19087,5839,19,Late,72
19088,14391,142,Delivered,30
19089,8096,107,Late,30
19090,9661,179,Late,23
19091,15680,194,Late,23
19092,9170,280,Delivered,87
19093,3164,130,Delivered,49
19094,2265,233,Delivered,28
19095,6081,235,Delivered,90
19096,18171,36,Delivered,26
19097,19452,125,Late,70
19098,10878,52,Late,51
19099,9395,78,Late,24
19100,17144,105,Delivered,58
19101,13326,200,Late,17
19102,15136,19,Late,20
19103,10083,171,Late,23
19104,2270,28,Late,30
19105,2788,239,Delivered,15
19106,19734,76,Delivered,21
19107,18120,194,Delivered,30
19108,8561,204,Delivered,34
19109,11730,52,Delivered,50
19110,2007,71,Late,76
19111,15379,171,Late,71
19112,9654,116,Late,56
19113,6515,243,Late,42
19114,17887,263,Late,62
19115,6682,206,Delivered,65
19116,2908,37,Late,23
19117,3774,289,Late,16
19118,6953,139,Delivered,84
19119,6330,154,Late,64
19120,1696,122,Delivered,64
19121,12707,60,Delivered,54
19122,17455,71,Delivered,89
19123,18888,112,Delivered,82
19124,19487,287,Delivered,65
19125,6288,38,Delivered,50
19126,11246,71,Late,48
19127,13225,291,Late,26
19128,10943,7,Delivered,59
19129,3146,184,Delivered,83
19130,18451,48,Delivered,75
19131,9654,74,Late,62
19132,3136,181,Late,22
19133,16895,69,Delivered,69
19134,12762,84,Late,70
19135,12568,137,Delivered,37
19136,10830,69,Late,41
19137,14525,70,Delivered,80
19138,19900,12,Late,25
19139,7228,155,Delivered,24
19140,7573,127,Late,83
19141,14840,63,Delivered,54
19142,15197,57,Delivered,41
19143,17879,175,Delivered,22
19144,17855,204,Delivered,29
19145,18777,115,Late,47
19146,11284,20,Delivered,24
19147,12508,216,Delivered,39
19148,9042,146,Delivered,72
19149,19313,255,Late,23
19150,10198,231,Delivered,83
19151,7526,201,Delivered,62
19152,18929,77,Late,86
19153,6905,22,Delivered,52
19154,401,250,Late,45
19155,12200,22,Delivered,21
19156,14990,122,Late,29
19157,8473,82,Late,66
19158,8116,298,Late,20
19159,1595,205,Delivered,25
19160,13655,40,Late,66
19161,15544,142,Late,65
19162,17088,53,Delivered,42
19163,8630,36,Late,80
19164,18855,258,Delivered,47
19165,13595,103,Delivered,30
19166,53,35,Delivered,48
19167,14435,166,Delivered,45
19168,4879,53,Late,22
19169,1337,190,Late,65
19170,7969,183,Late,71
19171,3397,122,Delivered,49
19172,19741,168,Late,42
19173,5496,288,Late,48
19174,2270,71,Delivered,56
19175,5528,291,Delivered,67
19176,13127,270,Delivered,16
19177,4049,202,Delivered,36
19178,9092,118,Late,19
19179,3756,243,Late,74
19180,15361,260,Delivered,29
19181,5029,156,Late,28
19182,5632,60,Delivered,26
19183,1051,121,Delivered,62
19184,6891,61,Delivered,46
19185,16130,228,Delivered,44
19186,15643,117,Late,85
19187,3933,242,Delivered,82
19188,755,92,Delivered,40
19189,1394,173,Delivered,39
19190,1049,243,Delivered,55
19191,15387,265,Delivered,54
19192,4640,31,Late,32
19193,7943,235,Late,80
19194,11945,225,Late,37
19195,722,90,Late,83
19196,13309,93,Late,82
19197,17149,194,Delivered,62
19198,1738,123,Delivered,69
19199,12291,183,Late,30
19200,15695,149,Late,90
19201,6458,46,Delivered,76
19202,11824,298,Late,77
19203,19605,63,Late,83
19204,614,130,Delivered,19
19205,11608,98,Late,86
19206,14057,264,Late,86
19207,1081,69,Late,78
19208,9294,1,Delivered,88
19209,8576,109,Late,59
19210,19275,188,Late,19
19211,62,236,Delivered,39
19212,16167,99,Delivered,39
19213,6040,200,Late,19
19214,1931,31,Delivered,61
19215,11155,210,Late,34
19216,19798,179,Delivered,40
19217,15839,11,Late,41
19218,13309,160,Late,33
19219,2226,231,Delivered,48
19220,2837,248,Late,68
19221,5163,135,Delivered,58
19222,4988,260,Late,45
19223,16844,108,Late,88
19224,19518,125,Late,85
19225,2793,237,Delivered,18
19226,7248,269,Late,24
19227,17859,251,Late,78
19228,13813,226,Delivered,84
19229,11818,271,Delivered,60
19230,3479,96,Late,83
19231,8244,7,Late,67
19232,11859,174,Late,50
19233,13867,121,Delivered,68
19234,4254,166,Late,85
19235,10189,66,Late,27
19236,6332,43,Delivered,51
19237,9288,94,Late,80
19238,9325,211,Late,74
19239,5621,272,Delivered,44
19240,4323,119,Delivered,18
19241,10350,288,Delivered,35
19242,14380,70,Late,80
19243,17642,47,Late,16
19244,11494,219,Late,44
19245,10547,22,Late,90
19246,14079,111,Delivered,58
19247,19035,208,Late,49
19248,2964,10,Delivered,88
19249,15843,169,Delivered,30
19250,9099,1,Delivered,51
19251,3892,153,Late,16
19252,9909,46,Delivered,41
19253,11961,107,Late,52
19254,17714,104,Late,61
19255,1698,67,Delivered,30
19256,6221,65,Late,61
19257,5706,109,Late,44
19258,2013,204,Late,31
19259,8823,3,Delivered,70
19260,18928,212,Delivered,34
19261,10535,252,Delivered,83
19262,8539,240,Delivered,17
19263,1948,238,Delivered,56
19264,10528,137,Late,44
19265,12676,292,Late,79
19266,15750,123,Late,21
19267,6344,21,Delivered,82
19268,10178,175,Late,20
19269,7103,176,Delivered,73
19270,7768,207,Late,60
19271,14535,51,Delivered,87
19272,14501,181,Delivered,82
19273,15076,53,Late,15
19274,15036,273,Late,75
19275,3838,285,Late,66
19276,5555,291,Late,36
19277,18193,50,Late,18
19278,79,129,Late,42
19279,14431,226,Late,74
19280,14048,91,Late,51
19281,14825,278,Late,75
19282,986,231,Delivered,71
19283,12529,223,Late,23
19284,6833,286,Delivered,15
19285,15599,28,Delivered,49
19286,12714,26,Delivered,18
19287,16601,241,Late,18
19288,17385,49,Late,74
19289,381,43,Delivered,79
19290,3059,19,Delivered,83
19291,16422,88,Delivered,85
19292,8983,167,Delivered,84
19293,6009,31,Late,40
19294,1238,194,Late,27
19295,19753,257,Late,58
19296,1064,111,Delivered,20
19297,9093,83,Delivered,49
19298,18250,179,Delivered,54
19299,17603,144,Late,66
19300,3940,237,Delivered,36
19301,6378,69,Late,46
19302,2407,104,Delivered,61
19303,9022,151,Late,75
19304,13738,213,Late,22
19305,10908,282,Delivered,49
19306,12424,153,Delivered,80
19307,11620,269,Late,80
19308,14948,271,Late,76
19309,14586,143,Late,51
19310,2509,122,Late,52
19311,16312,193,Delivered,52
19312,10776,262,Late,73
19313,16565,234,Delivered,44
19314,6185,165,Late,87
19315,3090,199,Late,37
19316,1332,155,Delivered,90
19317,14833,153,Late,35
19318,14770,38,Late,40
19319,11188,182,Late,86
19320,17232,224,Delivered,82
19321,4711,78,Delivered,42
19322,12724,213,Late,33
19323,485,106,Delivered,76
19324,10830,133,Late,56
19325,2588,87,Late,37
19326,16742,14,Delivered,54
19327,2343,90,Late,46
19328,456,221,Late,57
19329,13850,27,Late,75
19330,2008,84,Delivered,73
19331,4412,157,Late,76
19332,4718,83,Delivered,34
19333,15981,174,Delivered,73
19334,12741,177,Late,74
19335,18203,273,Delivered,57
19336,14430,19,Delivered,47
19337,9796,263,Delivered,87
19338,2234,85,Late,60
19339,15214,254,Late,53
19340,12441,242,Delivered,80
19341,4317,282,Late,73
19342,2724,241,Delivered,16
19343,7868,236,Late,77
19344,8107,98,Late,57
19345,4664,169,Late,74
19346,1465,15,Delivered,89
19347,12752,172,Delivered,55
19348,10133,125,Late,80
19349,7917,280,Late,23
19350,5320,109,Delivered,43
19351,9194,235,Delivered,25
19352,12379,286,Delivered,15
19353,11645,287,Delivered,35
19354,1757,46,Delivered,53
19355,19702,20,Delivered,49
19356,9238,122,Delivered,60
19357,13359,145,Delivered,85
19358,5691,290,Late,28
19359,2099,87,Late,87
19360,18384,152,Late,53
19361,1802,171,Late,84
19362,12640,16,Late,24
19363,5651,112,Late,53
19364,2335,5,Delivered,71
19365,10218,10,Delivered,20
19366,11304,115,Late,17
19367,7986,139,Delivered,71
19368,5930,33,Delivered,89
19369,17886,190,Late,78
19370,5935,140,Late,85
19371,4250,62,Delivered,79
19372,8772,160,Late,84
19373,2530,88,Delivered,33
19374,158,214,Delivered,53
19375,2589,51,Late,19
19376,2023,141,Delivered,31
19377,11547,297,Delivered,37
19378,11774,39,Late,19
19379,9983,78,Delivered,87
19380,1507,181,Late,78
19381,9601,56,Late,20
19382,6400,105,Delivered,80
19383,2193,296,Delivered,70
19384,15847,10,Delivered,21
19385,4263,176,Late,35
19386,12172,195,Delivered,54
19387,4353,228,Delivered,45
19388,13251,267,Delivered,47
19389,19322,115,Delivered,83
19390,4436,277,Delivered,64
19391,5400,107,Delivered,38
19392,13686,232,Delivered,48
19393,9945,90,Late,78
19394,6648,164,Late,38
19395,8886,37,Delivered,25
19396,5673,33,Delivered,38
19397,6124,11,Late,69
19398,1790,284,Late,52
19399,7137,114,Delivered,65
19400,17231,27,Delivered,59
19401,14147,278,Delivered,31
19402,11746,212,Late,87
19403,11678,242,Delivered,56
19404,9259,153,Delivered,24
19405,6511,248,Delivered,29
19406,11869,180,Delivered,90
19407,12635,226,Late,15
19408,7444,230,Delivered,26
19409,8328,67,Late,80
19410,8578,214,Late,30
19411,14195,133,Delivered,27
19412,15497,55,Delivered,29
19413,3598,73,Late,90
19414,3005,88,Delivered,48
19415,17908,155,Late,52
19416,7659,59,Late,80
19417,1289,131,Delivered,34
19418,7371,46,Late,66
19419,7191,108,Late,16
19420,18996,113,Late,44
19421,19899,288,Delivered,50
19422,6851,287,Delivered,42
19423,5782,29,Late,41
19424,4734,71,Delivered,83
19425,16703,71,Delivered,25
19426,19646,274,Late,24
19427,17424,281,Delivered,58
19428,9112,217,Delivered,34
19429,7652,101,Late,66
19430,19900,206,Delivered,67
19431,13805,133,Delivered,62
19432,11933,69,Delivered,63
19433,5945,193,Late,28
19434,3946,191,Late,64
19435,19354,41,Delivered,25
19436,5571,128,Delivered,43
19437,12753,118,Late,53
19438,11590,34,Late,17
19439,560,221,Late,84
19440,12987,111,Late,78
19441,1168,176,Delivered,54
19442,3682,130,Late,90
19443,17522,271,Late,77
19444,18367,182,Delivered,62
19445,17934,109,Delivered,28
19446,8664,133,Delivered,62
19447,9278,60,Delivered,76
19448,13546,41,Delivered,86
19449,19465,4,Delivered,82
19450,15618,16,Late,22
19451,9660,233,Delivered,21
19452,13494,42,Delivered,76
19453,10355,259,Delivered,25
19454,17639,273,Delivered,32
19455,6615,55,Delivered,80
19456,1286,42,Late,68
19457,10199,25,Delivered,63
19458,19480,51,Late,50
19459,3491,131,Delivered,56
19460,3010,64,Delivered,72
19461,5291,183,Late,16
19462,16546,91,Late,77
19463,5733,58,Delivered,46
19464,17878,15,Delivered,36
19465,636,75,Late,66
19466,10690,116,Delivered,76
19467,15615,192,Late,17
19468,13037,24,Late,82
19469,14767,292,Delivered,58
19470,13712,81,Late,45
19471,5523,31,Delivered,82
19472,12893,55,Late,32
19473,4629,169,Late,51
19474,2775,224,Delivered,23
19475,6033,241,Delivered,52
19476,19431,232,Delivered,55
19477,12166,126,Delivered,58
19478,18799,257,Late,38
19479,13169,87,Delivered,87
19480,10021,240,Delivered,85
19481,10874,264,Late,33
19482,2277,184,Delivered,68
19483,8874,235,Late,80
19484,4686,6,Delivered,58
19485,5641,40,Late,27
19486,19480,131,Late,46
19487,5339,239,Late,41
19488,11876,180,Delivered,35
19489,600,138,Delivered,24
19490,18712,7,Delivered,90
19491,1905,164,Late,52
19492,12549,22,Delivered,20
19493,102,72,Delivered,25
19494,14217,191,Delivered,28
19495,6338,63,Delivered,42
19496,2990,110,Delivered,36
19497,12049,139,Delivered,59
19498,7854,176,Late,28
19499,16194,69,Delivered,35
19500,18829,202,Late,84
19501,6685,268,Late,37
19502,2151,72,Late,73
19503,10049,224,Late,40
19504,3650,281,Delivered,37
19505,14130,274,Delivered,57
19506,15325,250,Late,54
19507,8901,151,Delivered,23
19508,13886,144,Late,25
19509,10246,62,Delivered,33
19510,2500,65,Delivered,23
19511,1879,283,Delivered,71
19512,13513,147,Delivered,37
19513,5591,6,Late,50
19514,12575,108,Late,90
19515,366,194,Delivered,71
19516,11396,241,Late,50
19517,18881,63,Delivered,61
19518,5631,140,Delivered,64
19519,9389,108,Delivered,81
19520,12650,104,Delivered,66
19521,2779,244,Late,74
19522,12259,3,Delivered,83
19523,9658,238,Late,70
19524,2537,16,Late,21
19525,4569,256,Late,42
19526,14610,226,Late,55
19527,14811,193,Late,24
19528,8565,60,Late,40
19529,9044,163,Delivered,22
19530,6406,28,Delivered,41
19531,18157,172,Delivered,77
19532,17325,78,Late,31
19533,13814,14,Delivered,33
19534,2955,151,Late,49
19535,12667,237,Late,63
19536,5664,105,Late,81
19537,18597,64,Delivered,18
19538,16381,136,Delivered,82
19539,13772,230,Delivered,90
19540,16863,146,Late,26
19541,11896,289,Late,22
19542,17891,262,Late,39
19543,13553,195,Late,38
19544,18763,217,Delivered,29
19545,4992,206,Delivered,62
19546,10454,100,Late,61
19547,10377,289,Late,17
19548,7683,285,Delivered,42
19549,11596,136,Late,30
19550,10594,22,Late,49
19551,15364,136,Late,73
19552,17512,266,Late,84
19553,222,284,Delivered,18
19554,5434,149,Delivered,29
19555,8965,293,Delivered,50
19556,1104,34,Late,53
19557,1430,7,Delivered,72
19558,10010,271,Late,84
19559,2851,236,Delivered,35
19560,2271,164,Delivered,66
19561,19773,267,Late,65
19562,11064,141,Late,34
19563,862,235,Late,48
19564,700,130,Late,45
19565,9913,86,Delivered,70
19566,8768,141,Late,84
19567,18535,292,Late,55
19568,8362,48,Late,80
19569,17619,192,Delivered,49
19570,9636,254,Late,35
19571,18703,133,Delivered,78
19572,9451,275,Late,42
19573,17244,14,Late,25
19574,15644,131,Late,16
19575,1061,136,Late,65
19576,9948,267,Delivered,60
19577,18879,80,Late,83
19578,15282,204,Late,21
19579,12004,39,Late,35
19580,15686,157,Late,54
19581,6567,32,Delivered,40
19582,12209,80,Late,83
19583,10131,237,Late,65
19584,619,141,Delivered,64
19585,5535,249,Late,19
19586,6194,130,Late,90
19587,12068,200,Late,48
19588,18358,99,Late,62
19589,16851,88,Late,49
19590,1058,269,Delivered,25
19591,1971,254,Delivered,40
19592,1900,118,Late,45
19593,18653,220,Delivered,48
19594,15477,101,Late,78
19595,18856,123,Delivered,49
19596,13555,80,Delivered,68
19597,10543,297,Late,34
19598,5064,180,Delivered,42
19599,4564,239,Late,47
19600,13595,21,Late,22
19601,13562,267,Delivered,90
19602,6605,134,Late,17
19603,15159,181,Delivered,18
19604,4251,163,Delivered,39
19605,7901,283,Delivered,81
19606,5359,271,Delivered,70
19607,12267,81,Delivered,16
19608,19506,142,Late,30
19609,1013,275,Late,67
19610,2017,133,Late,83
19611,18682,91,Delivered,37
19612,10532,120,Delivered,32
19613,13625,5,Late,42
19614,8081,106,Late,20
19615,14849,46,Delivered,40
19616,3583,215,Late,72
19617,4616,24,Late,41
19618,3739,80,Delivered,57
19619,5056,229,Late,69
19620,19293,17,Late,21
19621,13188,173,Delivered,86
19622,11594,4,Delivered,31
19623,16336,185,Delivered,89
19624,1136,146,Delivered,66
19625,15936,252,Late,75
19626,11795,210,Late,65
19627,9458,76,Late,29
19628,14148,176,Delivered,84
19629,5824,56,Delivered,73
19630,16438,176,Late,61
19631,19485,122,Late,58
19632,9020,8,Delivered,34
19633,1060,109,Late,24
19634,18050,97,Late,71
19635,2152,204,Late,60
19636,5897,132,Late,86
19637,3859,82,Delivered,31
19638,5076,18,Late,69
19639,2944,4,Delivered,42
19640,18222,152,Delivered,49
19641,16937,195,Delivered,61
19642,134,97,Delivered,68
19643,13326,204,Late,87
19644,11029,200,Delivered,27
19645,13522,256,Delivered,32
19646,11720,109,Late,81
19647,11373,175,Late,64
19648,6978,29,Late,54
19649,17574,159,Delivered,72
19650,2211,213,Late,57
19651,623,237,Late,66
19652,17808,124,Late,28
19653,8935,33,Delivered,17
19654,8865,249,Late,82
19655,14603,296,Late,42
19656,10623,37,Late,83
19657,14004,25,Late,67
19658,1401,164,Late,75
19659,5682,107,Delivered,67
19660,19264,99,Late,40
19661,1150,223,Late,21
19662,11671,266,Late,76
19663,7577,283,Late,69
19664,10863,74,Delivered,82
19665,14701,153,Delivered,36
19666,5155,294,Delivered,42
19667,5230,28,Delivered,17
19668,11105,257,Delivered,80
19669,17632,170,Delivered,60
19670,8256,284,Late,22
19671,17271,76,Late,26
19672,7234,294,Delivered,67
19673,5916,275,Delivered,75
19674,2595,251,Delivered,59
19675,10944,155,Late,31
19676,12258,233,Late,90
19677,4623,96,Late,36
19678,782,65,Late,88
19679,8420,41,Late,74
19680,1771,9,Delivered,66
19681,3904,199,Delivered,67
19682,4847,289,Delivered,34
19683,13210,295,Late,35
19684,11807,57,Late,56
19685,13805,156,Late,57
19686,12231,117,Late,32
19687,4848,199,Late,40
19688,1319,70,Late,42
19689,9526,8,Delivered,20
19690,9628,288,Late,73
19691,12780,275,Delivered,24
19692,15939,119,Late,25
19693,512,57,Delivered,32
19694,11022,92,Late,86
19695,9818,26,Delivered,17
19696,4494,123,Late,30
19697,10911,76,Late,26
19698,233,248,Delivered,84
19699,2331,213,Late,33
19700,3468,268,Delivered,33
19701,6237,151,Late,38
19702,9171,60,Delivered,51
19703,9061,128,Delivered,55
19704,14046,29,Late,51
19705,2444,210,Delivered,59
19706,1226,43,Late,63
19707,471,59,Delivered,36
19708,5989,167,Delivered,73
19709,12888,94,Late,30
19710,10861,243,Late,32
19711,5851,11,Delivered,58
19712,15177,153,Delivered,45
19713,10222,190,Late,36
19714,17549,273,Delivered,58
19715,15280,81,Delivered,80
19716,10856,218,Late,56
19717,12075,89,Late,67
19718,13508,236,Late,48
19719,5423,216,Delivered,21
19720,12530,208,Late,40
19721,8429,103,Late,47
19722,3737,102,Delivered,77
19723,8699,261,Late,42
19724,2510,257,Delivered,54
19725,12458,273,Delivered,35
19726,11004,268,Delivered,43
19727,7985,121,Late,17
19728,1670,244,Late,32
19729,14414,230,Delivered,44
19730,17667,242,Delivered,15
19731,2680,159,Late,34
19732,2874,50,Delivered,81
19733,19747,108,Late,73
19734,11215,96,Late,75
19735,8921,97,Late,23
19736,4363,51,Delivered,34
19737,19158,134,Late,60
19738,16711,242,Delivered,23
19739,7538,47,Late,68
19740,17481,280,Delivered,64
19741,10523,25,Delivered,47
19742,1335,160,Delivered,32
19743,656,163,Delivered,74
19744,12114,33,Delivered,40
19745,942,24,Delivered,58
19746,6810,123,Late,25
19747,15776,16,Delivered,29
19748,16866,70,Late,18
19749,366,157,Late,19
19750,15857,262,Delivered,69
19751,12092,30,Late,51
19752,13338,138,Delivered,33
19753,11300,198,Late,34
19754,12363,276,Delivered,31
19755,5984,103,Delivered,19
19756,10556,21,Late,81
19757,8809,220,Delivered,25
19758,19047,179,Delivered,88
19759,9531,15,Late,31
19760,19319,109,Delivered,70
19761,18221,233,Delivered,62
19762,9001,257,Late,49
19763,18351,139,Delivered,43
19764,18645,156,Delivered,59
19765,13897,227,Delivered,78
19766,7784,34,Delivered,49
19767,2459,211,Delivered,61
19768,7447,276,Late,23
19769,11163,77,Late,57
19770,12383,117,Delivered,30
19771,19904,237,Delivered,62
19772,3799,279,Delivered,71
19773,18697,70,Delivered,57
19774,11658,173,Delivered,26
19775,9790,136,Delivered,68
19776,10580,163,Late,44
19777,5911,103,Late,53
19778,805,283,Late,68
19779,10744,49,Late,41
19780,10316,153,Delivered,52
19781,1943,174,Delivered,36
19782,8772,29,Delivered,63
19783,13515,63,Late,19
19784,1248,32,Delivered,26
19785,18553,275,Delivered,34
19786,434,12,Late,43
19787,18390,276,Late,54
19788,14856,295,Late,38
19789,7563,209,Delivered,67
19790,4699,229,Late,39
19791,2946,77,Late,54
19792,8061,106,Late,51
19793,5547,240,Delivered,72
19794,12649,104,Delivered,24
19795,16500,153,Late,16
19796,195,250,Delivered,52
19797,13397,153,Delivered,27
19798,13904,136,Late,84
19799,4361,89,Delivered,76
19800,8349,86,Late,81
19801,17043,166,Delivered,26
19802,15635,211,Delivered,17
19803,4307,1,Delivered,61
19804,1761,153,Delivered,27
19805,4580,161,Delivered,76
19806,6723,237,Delivered,67
19807,6295,197,Late,39
19808,18466,23,Delivered,89
19809,18195,118,Late,80
19810,6943,227,Delivered,61
19811,8718,39,Delivered,35
19812,3723,120,Delivered,44
19813,7429,245,Late,31
19814,19475,94,Late,42
19815,6221,183,Delivered,28
19816,1368,289,Delivered,74
19817,17877,168,Late,43
19818,11370,159,Late,90
19819,15786,170,Late,60
19820,4254,24,Delivered,26
19821,12732,92,Delivered,42
19822,8742,143,Late,67
19823,11243,38,Late,78
19824,14472,88,Late,77
19825,17609,17,Late,53
19826,15479,240,Delivered,76
19827,15228,230,Late,23
19828,10847,14,Delivered,45
19829,2561,105,Delivered,82
19830,15133,300,Late,69
19831,3422,234,Late,81
19832,1430,254,Delivered,52
19833,10935,26,Late,75
19834,16499,142,Delivered,16
19835,18489,82,Delivered,35
19836,14961,204,Late,63
19837,552,204,Late,26
19838,19463,300,Delivered,69
19839,2394,142,Delivered,75
19840,11702,261,Delivered,53
19841,5872,298,Delivered,68
19842,12619,186,Late,71
19843,6263,243,Delivered,50
19844,10389,205,Late,76
19845,16618,95,Late,20
19846,10174,117,Delivered,73
19847,3252,44,Late,42
19848,18174,58,Delivered,26
19849,3868,107,Delivered,17
19850,3967,59,Late,41
19851,14646,169,Delivered,25
19852,8960,247,Delivered,88
19853,7471,183,Delivered,62
19854,2048,130,Late,85
19855,10151,93,Late,32
19856,9553,177,Delivered,37
19857,4860,229,Late,63
19858,8460,220,Delivered,77
19859,17876,69,Late,84
19860,2087,122,Delivered,80
19861,11366,77,Delivered,42
19862,10517,121,Delivered,37
19863,13765,45,Delivered,56
19864,7600,187,Delivered,64
19865,14434,274,Delivered,45
19866,16072,27,Delivered,22
19867,17695,176,Delivered,55
19868,15124,209,Late,74
19869,13440,255,Delivered,32
19870,8727,261,Late,76
19871,3073,160,Late,36
19872,842,263,Late,71
19873,13936,117,Late,68
19874,18607,227,Late,28
19875,17602,210,Delivered,52
19876,3287,59,Late,42
19877,10263,4,Late,68
19878,12495,257,Late,66
19879,396,238,Delivered,33
19880,5012,245,Late,58
19881,13852,209,Delivered,40
19882,19245,249,Late,22
19883,16289,268,Late,33
19884,12600,72,Late,40
19885,673,121,Late,19
19886,18324,233,Delivered,23
19887,3431,93,Late,57
19888,14221,28,Late,24
19889,4702,257,Delivered,66
19890,13847,190,Delivered,35
19891,11860,84,Delivered,54
19892,12688,79,Late,80
19893,19377,62,Delivered,55
19894,7771,285,Delivered,65
19895,10694,206,Late,28
19896,10025,31,Late,34
19897,11746,266,Late,23
19898,17062,118,Delivered,34
19899,2581,36,Late,65
19900,2952,271,Late,56
19901,10211,275,Delivered,64
19902,18792,281,Late,85
19903,17374,94,Delivered,27
19904,3457,219,Delivered,23
19905,16117,236,Late,21
19906,10202,192,Late,78
19907,6141,267,Delivered,66
19908,5111,60,Late,22
19909,3869,33,Delivered,66
19910,19658,193,Late,77
19911,17180,129,Delivered,71
19912,8858,15,Delivered,43
19913,4562,176,Late,52
19914,8194,62,Late,76
19915,2643,127,Delivered,73
19916,15909,214,Late,64
19917,15419,95,Delivered,61
19918,12393,1,Delivered,80
19919,450,109,Delivered,54
19920,18154,74,Delivered,21
19921,11637,246,Delivered,82
19922,13546,135,Delivered,19
19923,17446,94,Late,76
19924,8146,234,Delivered,16
19925,15887,183,Late,38
19926,13833,204,Delivered,84
19927,15190,188,Late,50
19928,8315,161,Delivered,87
19929,18161,44,Delivered,23
19930,12474,88,Late,89
19931,12309,269,Delivered,55
19932,2996,137,Late,71
19933,17278,127,Late,61
19934,19727,65,Delivered,51
19935,6894,50,Late,17
19936,10504,299,Delivered,84
19937,8245,162,Late,28
19938,7733,191,Delivered,85
19939,10923,285,Late,79
19940,15563,99,Late,51
19941,2661,119,Delivered,20
19942,1036,83,Late,73
19943,16092,258,Delivered,50
19944,6628,79,Late,58
19945,17922,178,Delivered,75
19946,4830,7,Late,49
19947,12852,178,Delivered,43
19948,9596,161,Delivered,29
19949,4726,259,Late,67
19950,8933,174,Delivered,35
19951,3852,105,Late,43
19952,12071,152,Delivered,89
19953,6487,237,Late,20
19954,3214,243,Delivered,28
19955,10294,241,Late,43
19956,13728,134,Late,20
19957,3646,97,Late,45
19958,2833,94,Delivered,54
19959,13172,252,Delivered,31
19960,9070,51,Late,23
19961,2576,162,Late,81
19962,17716,18,Delivered,78
19963,11310,276,Late,56
19964,9300,203,Late,56
19965,12317,61,Late,69
19966,17968,238,Delivered,47
19967,1419,55,Late,58
19968,2021,238,Delivered,28
19969,14030,147,Late,82
19970,16080,164,Delivered,50
19971,13360,132,Late,33
19972,6389,15,Delivered,22
19973,17686,1,Delivered,48
19974,18898,146,Delivered,44
19975,16048,51,Late,57
19976,10448,118,Delivered,18
19977,10543,173,Late,30
19978,19487,236,Late,41
19979,9567,257,Delivered,29
19980,5936,173,Late,36
19981,6846,253,Late,69
19982,13117,117,Late,80
19983,10471,27,Late,41
19984,16778,89,Delivered,35
19985,9701,294,Delivered,43
19986,6023,255,Delivered,51
19987,7032,104,Late,46
19988,12915,228,Delivered,19
19989,2599,213,Delivered,44
19990,1447,109,Delivered,19
19991,10086,100,Late,62
19992,6232,187,Delivered,28
19993,16529,197,Delivered,46
19994,6740,135,Delivered,79
19995,19498,121,Late,81
19996,9196,88,Late,75
19997,2746,296,Late,66
19998,12602,200,Delivered,56
19999,11114,285,Late,67
20000,12419,43,Delivered,19
