order_item_id,order_id,menu_id,quantity
1,17185,261,1
2,11809,43,4
3,773,290,1
4,16579,441,3
5,18405,481,2
6,18583,128,3
7,6157,70,4
8,8627,348,1
9,14645,124,4
10,8186,287,3
11,16641,332,4
12,16063,493,2
13,4262,46,1
14,8954,130,3
15,19941,136,4
16,19655,421,2
17,2046,478,4
18,16027,489,3
19,8737,302,3
20,10123,369,1
21,6589,241,4
22,8621,390,4
23,9624,183,3
24,17500,243,4
25,5104,1,3
26,9318,223,2
27,15376,329,4
28,765,447,2
29,8248,59,1
30,10368,488,4
31,4360,479,2
32,10080,251,3
33,15185,151,4
34,8159,484,1
35,12908,231,3
36,6203,136,4
37,19453,316,1
38,18765,148,2
39,6851,62,4
40,7841,108,4
41,19928,199,4
42,5626,194,3
43,17501,300,2
44,9724,243,3
45,6999,142,2
46,19579,105,2
47,9983,302,1
48,15764,358,3
49,17032,135,2
50,19418,392,2
51,5561,467,1
52,18174,288,3
53,14639,366,4
54,61,62,4
55,9608,211,1
56,11494,291,2
57,9143,382,1
58,15968,47,2
59,18385,411,2
60,7188,116,3
61,18743,6,3
62,16494,28,4
63,4998,221,1
64,17068,98,3
65,6563,405,3
66,4926,332,3
67,12065,448,4
68,7695,262,4
69,13654,270,4
70,3183,442,1
71,14840,151,1
72,3789,317,4
73,19676,116,2
74,3589,361,3
75,15213,331,2
76,15518,465,1
77,12708,449,3
78,2366,391,4
79,15790,253,3
80,11362,242,4
81,16728,233,1
82,7045,298,2
83,2499,419,3
84,15425,382,2
85,19363,43,2
86,16392,236,3
87,4642,302,2
88,13114,24,1
89,7481,310,4
90,8996,303,4
91,8960,318,3
92,18365,49,1
93,1309,191,4
94,11086,112,3
95,843,478,4
96,19960,234,3
97,5784,266,3
98,9515,368,1
99,3795,363,2
100,19827,20,2
101,13382,396,1
102,5264,361,2
103,14906,139,3
104,8017,53,1
105,15602,84,1
106,14290,384,1
107,18051,37,3
108,15514,78,1
109,5972,251,4
110,1029,58,1
111,13663,116,3
112,7740,293,3
113,3412,323,4
114,4357,207,4
115,462,291,1
116,8152,441,3
117,16940,491,4
118,3428,440,2
119,18764,140,3
120,4342,291,3
121,9342,476,1
122,14197,227,1
123,9291,381,4
124,4012,195,2
125,284,267,1
126,6822,269,3
127,15863,127,2
128,3483,296,1
129,18905,458,2
130,7414,242,2
131,9533,155,1
132,8403,90,2
133,14482,372,1
134,18487,289,3
135,3059,452,1
136,19763,112,2
137,10820,295,4
138,18916,301,3
139,1554,149,3
140,11655,318,3
141,10682,58,2
142,15583,156,3
143,6263,140,3
144,1322,191,1
145,14013,357,4
146,979,206,4
147,3720,414,3
148,7066,446,1
149,12377,227,2
150,15324,360,3
151,14578,347,1
152,15947,6,4
153,793,76,3
154,9909,395,2
155,2478,84,1
156,877,315,1
157,10273,94,1
158,1371,441,2
159,151,370,3
160,18779,500,1
161,16936,398,1
162,17266,141,4
163,8824,128,1
164,13597,450,2
165,1772,381,2
166,1299,53,2
167,18856,113,1
168,19788,357,4
169,15889,367,3
170,10529,486,4
171,15985,115,3
172,3765,139,1
173,3015,479,4
174,11888,122,3
175,6156,421,1
176,8488,324,1
177,18043,248,3
178,8668,92,1
179,7793,341,4
180,11869,89,3
181,4169,478,1
182,1894,35,3
183,12052,183,4
184,16385,328,2
185,3811,303,1
186,7543,498,4
187,12709,310,4
188,9661,177,3
189,1091,427,1
190,17965,200,4
191,18043,11,2
192,10290,107,3
193,1303,35,3
194,7625,339,4
195,16943,100,1
196,18868,249,2
197,4191,187,1
198,9901,202,2
199,10780,481,1
200,9611,406,3
201,10273,483,4
202,10423,331,3
203,18052,227,1
204,5520,490,2
205,1245,442,1
206,13104,9,1
207,5334,376,4
208,16238,325,2
209,19749,225,3
210,10720,354,1
211,16212,436,2
212,11898,150,1
213,8408,38,4
214,17125,148,2
215,8874,483,3
216,2753,145,3
217,16509,102,3
218,5277,1,3
219,15805,313,3
220,13715,143,1
221,5614,338,3
222,10033,15,1
223,15597,126,1
224,11023,152,2
225,6592,72,1
226,9923,52,2
227,5429,72,1
228,13816,276,1
229,2668,394,2
230,8208,190,2
231,18684,314,2
232,12232,417,2
233,16220,141,2
234,2424,31,1
235,15144,11,1
236,11489,260,3
237,16145,443,2
238,16770,114,2
239,17059,20,3
240,13916,356,2
241,18822,365,3
242,8426,303,1
243,18345,136,3
244,5644,202,3
245,3460,321,3
246,4886,56,3
247,17423,347,4
248,6007,448,2
249,15563,253,1
250,7696,287,3
251,2139,366,3
252,17747,255,3
253,7929,136,3
254,1206,367,4
255,10857,181,1
256,14132,480,3
257,11722,77,1
258,8467,275,1
259,899,148,4
260,14659,221,2
261,9832,252,1
262,10493,197,4
263,18161,60,2
264,14838,259,4
265,10934,145,2
266,2343,207,1
267,19839,78,3
268,1797,338,2
269,4867,47,3
270,4980,456,3
271,7491,376,4
272,17876,180,4
273,17869,269,4
274,13168,463,3
275,9726,208,2
276,3337,31,4
277,18153,59,1
278,7589,142,4
279,4684,416,2
280,2934,152,3
281,1607,131,1
282,4081,379,2
283,5131,282,1
284,16333,177,3
285,4519,31,2
286,17434,320,4
287,18242,235,4
288,10387,487,4
289,428,207,1
290,19894,401,2
291,178,243,2
292,1481,173,2
293,247,92,4
294,4415,399,4
295,17120,458,3
296,2816,359,1
297,16281,99,3
298,17928,270,1
299,19014,249,4
300,10989,210,1
301,17942,106,4
302,11924,463,4
303,18105,372,4
304,7086,433,2
305,15584,312,3
306,8955,105,2
307,18482,378,3
308,6719,311,1
309,5664,433,3
310,13006,246,4
311,14665,398,2
312,9091,405,4
313,8969,113,4
314,19886,93,2
315,19879,377,1
316,9397,59,4
317,5865,459,2
318,17756,171,4
319,10323,294,2
320,18817,174,3
321,3942,412,3
322,6009,47,2
323,16753,261,3
324,1,358,3
325,4901,493,2
326,16563,20,4
327,18566,407,4
328,6346,444,3
329,11408,16,2
330,10904,122,3
331,12543,292,3
332,8461,467,2
333,11110,428,2
334,731,276,2
335,17549,356,4
336,5471,262,2
337,13437,156,4
338,18906,115,3
339,19470,416,3
340,10349,256,2
341,7989,262,4
342,19824,118,1
343,12266,257,4
344,6364,335,3
345,5116,487,1
346,10409,148,4
347,1979,481,2
348,3642,64,3
349,12002,362,3
350,6661,266,2
351,16181,451,4
352,11392,189,4
353,11172,487,4
354,8848,405,2
355,13058,442,1
356,1083,273,4
357,19289,120,2
358,18908,324,4
359,18206,128,2
360,5459,402,2
361,5776,101,4
362,11603,124,3
363,3356,26,1
364,3976,146,2
365,8192,240,1
366,17030,157,3
367,9135,87,2
368,12156,63,1
369,7250,370,3
370,7778,336,3
371,418,124,3
372,168,224,2
373,9172,262,2
374,5068,45,1
375,9743,254,2
376,5013,58,1
377,16248,218,4
378,14348,78,4
379,6141,2,1
380,6079,70,3
381,15187,27,1
382,16616,94,3
383,17980,89,1
384,6713,6,3
385,16866,366,3
386,4108,121,3
387,3829,468,2
388,1411,109,3
389,16770,192,1
390,8249,198,2
391,18406,247,2
392,6062,181,4
393,5530,21,3
394,451,43,4
395,11493,159,3
396,18400,224,4
397,16172,154,1
398,51,232,3
399,1909,200,1
400,223,329,3
401,5207,391,2
402,18199,34,4
403,6758,247,2
404,17439,345,4
405,19395,24,2
406,8353,313,1
407,4228,231,1
408,7343,216,4
409,1700,302,3
410,5766,154,1
411,7827,209,3
412,5576,48,4
413,14408,132,1
414,12599,157,1
415,15395,189,4
416,1774,455,1
417,3791,293,1
418,8570,23,2
419,4566,4,3
420,6370,292,2
421,11382,142,1
422,3146,432,2
423,17483,432,3
424,19401,441,4
425,19769,13,4
426,131,498,3
427,9636,463,4
428,5307,211,3
429,1898,85,4
430,11683,213,2
431,7256,19,3
432,17295,169,2
433,303,105,2
434,11244,358,4
435,12615,192,1
436,17723,156,2
437,16752,189,3
438,1289,378,4
439,2765,313,1
440,11136,159,3
441,15604,205,4
442,1995,53,1
443,1616,464,3
444,3979,480,3
445,18803,198,4
446,6487,414,3
447,13048,141,2
448,12027,236,1
449,9773,168,1
450,7937,444,4
451,4829,171,1
452,4668,301,1
453,786,133,1
454,4251,199,2
455,5465,386,2
456,1624,394,4
457,2048,375,1
458,9422,55,1
459,5163,364,2
460,9188,6,2
461,13258,278,2
462,12479,145,1
463,4993,145,2
464,2752,71,1
465,5807,267,2
466,2876,491,3
467,18864,157,2
468,77,306,1
469,17262,17,1
470,2719,29,3
471,18639,113,2
472,13736,442,3
473,10959,274,3
474,12986,48,4
475,7690,274,2
476,12248,289,3
477,2412,35,2
478,8356,483,2
479,9629,116,4
480,11352,498,4
481,7559,225,1
482,8016,380,4
483,16057,55,2
484,11420,127,1
485,14675,316,4
486,2868,480,2
487,8886,348,1
488,7533,352,3
489,14220,379,4
490,19106,16,1
491,19470,402,2
492,15694,298,2
493,830,323,1
494,14539,366,2
495,14521,476,4
496,17996,359,2
497,16631,425,3
498,9315,111,4
499,9252,131,2
500,6249,276,4
501,13792,34,1
502,13269,360,4
503,17599,287,3
504,2405,276,3
505,15955,404,2
506,12893,25,3
507,8575,163,2
508,15243,57,3
509,9267,342,3
510,3119,140,3
511,18802,122,4
512,13052,424,3
513,6036,293,1
514,19840,198,4
515,8135,1,1
516,14185,158,3
517,15151,158,3
518,1807,59,3
519,1308,87,3
520,515,345,2
521,2453,480,4
522,18506,473,1
523,1705,346,3
524,5791,424,4
525,2690,149,1
526,178,119,2
527,11638,437,2
528,13391,194,4
529,8678,482,3
530,10164,315,1
531,2213,294,2
532,17701,489,3
533,15211,396,4
534,18413,272,4
535,5875,67,3
536,12585,158,1
537,19809,75,2
538,17348,317,2
539,7853,349,2
540,4645,122,2
541,2049,260,2
542,10207,106,1
543,2266,491,3
544,15461,56,2
545,13544,61,3
546,1188,181,3
547,16311,178,3
548,11452,42,3
549,11687,21,3
550,2318,473,4
551,10219,344,3
552,14140,407,1
553,12881,186,1
554,15448,187,1
555,19522,381,3
556,19800,104,4
557,19105,473,3
558,13277,14,2
559,1312,376,1
560,43,33,2
561,14612,109,2
562,6131,209,3
563,15707,482,4
564,14502,131,3
565,12125,309,3
566,11878,367,4
567,10025,284,1
568,1582,170,2
569,5379,494,4
570,4030,202,1
571,11314,63,4
572,19016,270,1
573,9280,77,2
574,9779,69,3
575,17188,421,1
576,5088,188,2
577,808,295,4
578,19861,262,1
579,6364,256,1
580,16399,269,2
581,910,59,2
582,12064,281,1
583,16152,62,1
584,18051,237,1
585,4784,156,2
586,14377,187,4
587,13113,293,3
588,614,107,2
589,12291,402,1
590,18482,13,3
591,981,213,2
592,19049,206,2
593,5072,304,3
594,15325,12,2
595,14182,338,1
596,734,446,2
597,15157,447,1
598,1905,436,1
599,8759,206,2
600,10016,231,2
601,8862,492,1
602,5813,384,4
603,16137,72,4
604,5123,143,4
605,4630,289,1
606,7953,256,4
607,480,233,3
608,9774,453,4
609,5224,67,3
610,7430,152,1
611,11029,325,3
612,3749,485,2
613,16275,63,3
614,6953,167,2
615,1196,216,3
616,5229,305,3
617,19691,465,3
618,19612,252,3
619,2647,238,1
620,6497,193,3
621,10621,328,1
622,9506,41,2
623,13258,356,1
624,9432,389,3
625,5958,166,2
626,8584,220,4
627,4449,377,1
628,7594,294,3
629,19567,282,4
630,6624,143,2
631,17468,451,2
632,11779,486,1
633,6152,189,4
634,5185,329,4
635,13320,270,1
636,4877,92,4
637,9065,420,1
638,16639,365,1
639,18038,145,2
640,3615,428,3
641,4295,272,2
642,10116,200,4
643,16178,155,1
644,19567,150,1
645,16073,397,1
646,18121,316,3
647,18601,496,1
648,11688,379,4
649,120,401,3
650,19562,431,3
651,4993,366,3
652,8186,144,4
653,12092,34,2
654,13395,20,4
655,10531,170,3
656,7214,475,1
657,17373,139,1
658,17416,105,1
659,19520,350,4
660,1167,339,2
661,5732,226,1
662,9721,452,2
663,10651,433,4
664,6983,459,4
665,1711,81,3
666,5023,285,4
667,15271,372,2
668,70,82,1
669,10276,454,4
670,5780,150,4
671,3521,167,2
672,19512,328,1
673,8778,36,1
674,6271,497,4
675,8098,375,2
676,19528,170,4
677,10743,318,1
678,7666,81,4
679,18512,3,4
680,11471,30,1
681,8648,14,1
682,18342,22,1
683,18334,11,3
684,19440,460,4
685,14733,32,2
686,2473,386,1
687,14623,355,2
688,11810,332,4
689,6549,388,2
690,494,323,1
691,10319,296,3
692,6617,382,3
693,11722,428,2
694,1991,275,3
695,4732,408,4
696,15497,278,1
697,8523,497,2
698,605,294,1
699,2957,133,2
700,3586,370,2
701,5272,347,3
702,18947,368,3
703,11356,177,4
704,2761,272,2
705,3145,59,3
706,17539,6,4
707,12488,111,1
708,9209,1,4
709,7482,110,1
710,8145,128,3
711,5114,304,3
712,2655,415,4
713,872,340,3
714,289,114,2
715,9602,452,3
716,10166,367,1
717,3335,389,3
718,5196,442,1
719,5793,133,2
720,18018,5,3
721,15392,175,4
722,15499,131,2
723,17037,355,1
724,11595,18,2
725,7011,366,4
726,7225,21,3
727,12974,378,4
728,10520,210,3
729,335,208,2
730,19320,199,2
731,4272,330,2
732,14477,71,2
733,14096,198,2
734,5717,492,2
735,15051,347,2
736,17806,284,2
737,3044,163,2
738,14544,411,4
739,14462,33,4
740,16910,485,3
741,5959,71,4
742,10883,246,1
743,15364,377,3
744,18593,79,2
745,16220,467,3
746,15387,487,3
747,11562,73,1
748,15439,163,1
749,15729,147,4
750,3230,237,3
751,10755,61,2
752,14085,308,4
753,14403,3,1
754,3319,108,3
755,9631,486,3
756,6395,110,4
757,9277,482,1
758,18602,493,3
759,1280,129,1
760,16030,120,3
761,15559,151,1
762,10001,233,2
763,18187,36,2
764,5733,402,3
765,7004,350,3
766,2961,297,1
767,11728,399,1
768,14507,254,2
769,6538,473,2
770,2952,269,3
771,12344,311,2
772,3110,82,1
773,18010,348,1
774,7197,279,4
775,7464,301,3
776,17516,40,4
777,7424,335,1
778,14938,159,1
779,10677,216,3
780,16026,171,1
781,19559,467,2
782,4428,325,3
783,8074,179,1
784,11798,92,4
785,17813,259,1
786,14519,282,3
787,19238,49,3
788,3016,457,1
789,18233,479,4
790,3885,178,2
791,19288,371,1
792,17485,306,1
793,5167,305,2
794,15637,130,1
795,6515,258,3
796,8764,72,3
797,19825,293,3
798,8673,238,2
799,8737,468,2
800,7389,154,3
801,17217,407,2
802,12033,11,4
803,10424,91,1
804,12513,79,1
805,13965,199,4
806,14981,324,4
807,12045,74,1
808,2337,312,2
809,5178,90,1
810,9719,351,4
811,7960,477,2
812,19462,170,1
813,1212,342,4
814,18484,388,4
815,10331,38,1
816,15768,161,3
817,4963,238,1
818,4444,156,1
819,13745,7,4
820,2921,318,4
821,529,479,1
822,4522,58,2
823,11663,128,1
824,3627,221,3
825,8295,282,4
826,8320,472,2
827,15980,445,2
828,17683,24,3
829,13743,392,2
830,11803,316,2
831,10955,414,2
832,8154,136,1
833,3570,500,4
834,916,226,2
835,4523,127,2
836,16566,272,2
837,19521,85,4
838,3534,133,4
839,19087,164,3
840,12741,319,4
841,12329,458,4
842,3959,422,2
843,2858,358,4
844,15501,497,4
845,2832,370,2
846,4941,490,2
847,2477,59,3
848,2567,381,3
849,9123,90,1
850,1563,333,4
851,12577,296,4
852,13311,274,3
853,8631,345,3
854,17506,258,1
855,16066,81,3
856,5213,385,3
857,1097,426,3
858,16324,53,2
859,3892,51,1
860,98,209,4
861,6416,407,2
862,8478,474,3
863,17705,226,2
864,13569,121,2
865,2195,130,4
866,454,48,3
867,10156,378,2
868,2638,150,1
869,2541,462,2
870,17780,364,2
871,13375,169,1
872,15998,29,2
873,6742,454,1
874,5445,89,2
875,14918,102,4
876,8913,133,2
877,1055,384,2
878,13550,259,4
879,19558,365,2
880,17991,262,3
881,11670,218,4
882,482,448,3
883,5496,267,2
884,18503,123,2
885,14577,299,4
886,8990,411,4
887,9382,462,2
888,8379,347,4
889,467,335,1
890,9545,148,3
891,13566,93,1
892,2410,461,4
893,8707,302,3
894,10716,254,1
895,754,112,2
896,4381,410,4
897,15739,396,1
898,428,148,3
899,18507,205,4
900,8649,296,1
901,4604,340,1
902,96,89,1
903,4322,421,2
904,16427,291,4
905,15317,489,2
906,18093,383,4
907,10585,201,3
908,15784,128,3
909,2226,385,2
910,2721,400,4
911,7260,261,3
912,2530,491,2
913,8468,10,4
914,8152,220,2
915,9841,187,3
916,8924,238,4
917,14778,412,1
918,18588,98,1
919,10355,400,2
920,14905,484,2
921,19751,428,4
922,9565,329,4
923,16084,207,2
924,18405,168,3
925,15668,319,1
926,3688,126,1
927,19932,497,4
928,17880,336,3
929,15444,377,2
930,15050,55,1
931,17840,442,3
932,3749,243,2
933,9468,478,1
934,15481,454,4
935,19559,11,3
936,4504,391,1
937,18038,127,1
938,19705,211,2
939,9115,413,2
940,5969,497,3
941,8273,472,1
942,6195,401,3
943,112,433,3
944,17655,260,1
945,17019,333,4
946,6911,397,1
947,12041,400,1
948,18869,338,1
949,10454,197,2
950,19140,489,2
951,14609,133,2
952,19044,351,1
953,4358,98,1
954,15749,54,4
955,3525,94,1
956,5461,218,1
957,3694,216,2
958,8777,443,1
959,4703,223,4
960,7842,73,3
961,15211,416,2
962,10412,47,1
963,17116,107,1
964,2524,438,4
965,11817,271,1
966,1039,230,4
967,17848,365,1
968,18822,133,2
969,15484,219,4
970,7931,136,4
971,18126,474,1
972,17573,400,4
973,3251,14,4
974,14488,426,1
975,14551,196,1
976,6329,158,4
977,55,290,1
978,7691,233,2
979,11273,366,1
980,4033,394,3
981,2107,46,2
982,4142,25,4
983,1622,487,3
984,11574,54,2
985,19069,64,2
986,19908,479,3
987,5421,319,4
988,11323,187,3
989,7286,322,1
990,9498,287,1
991,6871,169,3
992,14969,473,2
993,8989,44,4
994,2526,20,2
995,754,490,3
996,17982,46,3
997,16178,346,2
998,2209,115,3
999,7136,2,3
1000,14143,383,1
1001,11272,222,4
1002,14713,212,1
1003,18219,73,2
1004,5266,192,2
1005,2608,105,3
1006,15034,125,3
1007,18283,195,3
1008,3111,347,1
1009,7008,390,2
1010,17117,469,1
1011,7975,261,2
1012,15162,348,1
1013,10883,247,1
1014,19512,193,2
1015,17721,200,4
1016,10294,307,2
1017,10856,423,1
1018,11481,97,1
1019,2367,131,3
1020,14250,120,4
1021,17871,82,2
1022,17168,169,3
1023,16341,488,4
1024,10985,191,1
1025,17366,143,2
1026,16092,460,1
1027,16635,498,2
1028,12504,32,4
1029,15900,302,1
1030,16956,355,4
1031,1147,364,1
1032,3688,293,1
1033,4719,428,3
1034,12160,78,4
1035,7519,363,2
1036,11993,127,3
1037,15768,169,1
1038,669,82,4
1039,19670,265,3
1040,9871,232,3
1041,4185,73,1
1042,11335,215,2
1043,1361,21,4
1044,5340,496,1
1045,8963,366,1
1046,1349,14,1
1047,8517,185,1
1048,4190,498,2
1049,43,117,3
1050,3996,291,4
1051,1689,399,4
1052,18101,332,1
1053,12965,285,1
1054,17595,216,2
1055,18955,21,4
1056,19043,32,3
1057,15851,149,2
1058,5894,342,4
1059,15146,326,4
1060,8799,397,4
1061,12210,368,3
1062,408,207,2
1063,7715,67,4
1064,17291,69,4
1065,4240,383,2
1066,305,47,3
1067,2147,342,1
1068,16350,73,3
1069,15423,233,3
1070,7665,40,3
1071,18573,215,4
1072,15137,268,3
1073,18586,158,2
1074,15746,56,2
1075,13225,199,4
1076,12422,221,2
1077,15804,343,2
1078,1876,18,2
1079,14243,301,3
1080,8995,168,2
1081,8706,9,2
1082,16743,167,2
1083,19459,73,1
1084,13965,146,3
1085,13930,181,2
1086,3546,62,4
1087,15889,183,1
1088,13856,387,3
1089,12861,345,3
1090,12913,285,2
1091,9194,255,2
1092,9002,319,3
1093,19790,361,1
1094,2901,106,4
1095,9563,475,4
1096,13737,419,2
1097,17110,265,3
1098,3668,250,2
1099,11908,322,3
1100,15243,226,4
1101,879,40,4
1102,4803,309,1
1103,261,221,1
1104,2805,409,1
1105,14239,492,2
1106,14878,230,3
1107,5339,392,3
1108,19521,50,1
1109,7290,197,1
1110,11685,483,2
1111,7413,224,4
1112,5120,126,3
1113,18790,316,3
1114,5055,331,2
1115,2138,449,3
1116,803,278,2
1117,7817,59,2
1118,16583,500,1
1119,9903,165,1
1120,11906,393,1
1121,7220,324,2
1122,15824,297,1
1123,11264,458,2
1124,17255,18,1
1125,10218,222,2
1126,15762,233,2
1127,6323,320,2
1128,11934,175,4
1129,19065,462,3
1130,5997,408,3
1131,4336,164,2
1132,7572,314,2
1133,1233,282,3
1134,16474,352,1
1135,3614,258,3
1136,633,102,1
1137,8142,58,1
1138,1710,187,3
1139,8329,5,4
1140,19961,368,2
1141,19796,343,4
1142,9785,5,2
1143,7697,166,2
1144,4402,345,1
1145,18887,48,4
1146,11728,61,3
1147,12356,304,1
1148,1727,70,1
1149,3792,310,1
1150,17659,394,3
1151,6617,407,4
1152,8095,76,3
1153,11604,485,3
1154,17715,178,3
1155,17342,335,4
1156,16929,439,2
1157,10552,9,1
1158,16830,195,1
1159,11315,424,1
1160,990,182,4
1161,13870,387,1
1162,8304,429,1
1163,9559,187,4
1164,3378,303,1
1165,18514,332,1
1166,15341,103,2
1167,14362,317,4
1168,6228,56,1
1169,3742,169,1
1170,4770,378,4
1171,14253,175,3
1172,13205,275,3
1173,12651,174,1
1174,10782,210,4
1175,9914,13,3
1176,11723,224,3
1177,13177,28,4
1178,16252,422,3
1179,757,345,2
1180,348,432,1
1181,5684,468,4
1182,15725,316,1
1183,16412,81,3
1184,8169,362,1
1185,18464,155,4
1186,17294,435,2
1187,3053,257,4
1188,8795,300,4
1189,8891,194,4
1190,12093,313,2
1191,16981,19,2
1192,13027,266,4
1193,6562,306,4
1194,4137,473,1
1195,9936,16,3
1196,14901,373,3
1197,19914,118,2
1198,9687,326,1
1199,1559,60,3
1200,5011,11,4
1201,13076,494,2
1202,6543,463,2
1203,9096,438,4
1204,11725,87,3
1205,2327,126,3
1206,16407,461,2
1207,15393,220,2
1208,394,398,3
1209,14387,237,3
1210,15788,186,2
1211,5537,344,2
1212,5259,473,3
1213,17780,65,3
1214,10610,442,2
1215,13317,292,1
1216,17637,114,2
1217,16090,66,1
1218,9225,22,2
1219,3592,206,2
1220,8695,247,4
1221,15151,142,2
1222,11847,273,1
1223,8331,136,1
1224,8338,273,1
1225,12992,125,2
1226,10462,316,1
1227,14780,236,2
1228,17806,40,1
1229,10245,235,3
1230,5557,284,3
1231,16235,9,1
1232,7850,106,1
1233,18006,339,2
1234,18928,491,1
1235,17460,361,3
1236,8334,143,3
1237,11976,240,3
1238,6640,388,2
1239,1152,451,2
1240,16458,28,1
1241,10438,312,2
1242,18573,207,3
1243,6888,267,1
1244,7245,173,4
1245,15508,196,3
1246,5831,27,3
1247,4373,394,2
1248,9211,215,4
1249,3844,137,3
1250,963,280,4
1251,10570,168,1
1252,16478,127,4
1253,9225,342,2
1254,19800,457,2
1255,3181,83,4
1256,3699,438,2
1257,19619,127,3
1258,18137,61,2
1259,3049,247,3
1260,12386,195,1
1261,15520,443,1
1262,16635,1,1
1263,3170,45,2
1264,17531,411,3
1265,5482,494,2
1266,12307,444,4
1267,10298,70,1
1268,17912,132,3
1269,9232,278,3
1270,15349,353,3
1271,6123,383,4
1272,18714,343,2
1273,9466,137,3
1274,18837,90,1
1275,7786,396,1
1276,4910,219,3
1277,14206,253,4
1278,6066,100,2
1279,16,426,3
1280,13999,484,1
1281,2396,392,1
1282,12678,214,4
1283,8029,415,1
1284,16117,91,1
1285,4497,81,2
1286,10686,475,3
1287,6998,184,3
1288,18018,395,3
1289,18821,441,3
1290,18090,92,4
1291,17170,165,2
1292,19478,24,4
1293,2076,157,2
1294,2865,466,2
1295,19550,143,1
1296,7519,173,3
1297,11476,488,4
1298,19676,208,2
1299,12861,289,2
1300,18556,346,1
1301,5806,348,4
1302,19580,451,1
1303,2067,254,1
1304,12897,479,2
1305,613,330,2
1306,18778,349,1
1307,14231,151,3
1308,19561,333,1
1309,19708,276,4
1310,11377,55,1
1311,8658,245,3
1312,8568,122,4
1313,17398,269,3
1314,18359,139,1
1315,11681,147,2
1316,1393,234,4
1317,12411,177,2
1318,18195,342,2
1319,3156,26,1
1320,15160,258,3
1321,10641,339,1
1322,5692,400,1
1323,12276,94,4
1324,15152,23,2
1325,6330,148,1
1326,6871,130,1
1327,17160,257,2
1328,8930,496,1
1329,14395,117,1
1330,10382,299,3
1331,4069,159,3
1332,1980,31,4
1333,6682,71,1
1334,13600,452,4
1335,15041,230,2
1336,3856,278,1
1337,1873,204,4
1338,12609,169,4
1339,10713,77,4
1340,15223,100,2
1341,9530,39,3
1342,12338,77,4
1343,17843,206,1
1344,14032,149,4
1345,9347,291,1
1346,380,183,2
1347,12829,75,2
1348,9582,382,2
1349,19885,386,3
1350,5911,289,4
1351,9607,197,2
1352,11720,213,4
1353,15864,160,2
1354,7829,280,4
1355,8401,178,2
1356,15058,475,4
1357,9389,339,1
1358,18491,375,2
1359,9460,477,2
1360,11729,100,1
1361,15751,232,2
1362,7095,48,2
1363,11478,294,3
1364,8619,259,1
1365,16909,137,2
1366,3766,391,3
1367,8456,427,4
1368,7796,462,3
1369,6255,83,1
1370,10415,465,3
1371,1564,367,4
1372,18909,425,3
1373,15584,350,4
1374,3036,173,1
1375,6467,418,2
1376,16507,86,3
1377,5887,407,3
1378,7949,50,4
1379,2258,343,4
1380,1075,395,2
1381,16379,414,3
1382,7676,496,1
1383,13491,46,1
1384,18501,351,4
1385,13987,300,1
1386,16330,122,2
1387,3629,277,3
1388,11645,407,2
1389,1888,193,4
1390,12628,274,4
1391,18616,458,3
1392,10986,391,4
1393,18099,307,4
1394,17455,436,1
1395,32,365,1
1396,14455,477,1
1397,12883,188,4
1398,17329,237,4
1399,14397,208,2
1400,6653,484,3
1401,5369,93,2
1402,14646,158,4
1403,7679,137,3
1404,13556,261,1
1405,5304,431,2
1406,6248,78,2
1407,3105,18,3
1408,16883,371,4
1409,330,98,3
1410,4310,7,4
1411,1350,199,3
1412,3482,151,3
1413,15058,79,1
1414,6142,303,4
1415,19262,453,2
1416,8894,358,1
1417,7470,52,3
1418,5848,43,2
1419,895,348,4
1420,8827,451,4
1421,18877,286,1
1422,1163,474,4
1423,11297,468,1
1424,15306,298,3
1425,14120,374,4
1426,1650,159,4
1427,16435,206,2
1428,14830,483,4
1429,411,57,3
1430,8940,318,1
1431,9566,458,1
1432,4180,42,3
1433,11941,385,3
1434,17391,312,1
1435,8672,383,4
1436,12600,144,2
1437,16452,53,4
1438,15654,133,4
1439,16488,236,2
1440,2204,356,1
1441,10254,109,1
1442,12451,298,1
1443,5762,115,4
1444,6440,423,3
1445,7619,291,4
1446,8056,431,2
1447,791,412,4
1448,612,59,2
1449,17835,151,2
1450,8098,333,1
1451,2690,179,2
1452,6916,117,4
1453,11143,406,3
1454,8609,376,1
1455,11516,316,1
1456,17158,440,3
1457,9214,265,1
1458,507,121,2
1459,8451,414,1
1460,9377,369,2
1461,11463,239,3
1462,14623,108,4
1463,19993,474,3
1464,9665,283,2
1465,2951,86,1
1466,2426,300,1
1467,7340,175,2
1468,6119,349,1
1469,15332,103,3
1470,14926,288,1
1471,6427,185,4
1472,9772,213,2
1473,10077,459,1
1474,8265,341,2
1475,12312,182,3
1476,7766,379,4
1477,16570,343,2
1478,5336,60,2
1479,17783,198,3
1480,10254,220,4
1481,7554,103,2
1482,15232,178,2
1483,9368,123,3
1484,8314,95,2
1485,16400,92,1
1486,7136,398,3
1487,2726,247,2
1488,16831,431,2
1489,15180,304,3
1490,6370,320,3
1491,3407,245,1
1492,844,410,2
1493,1738,31,2
1494,5424,209,3
1495,9524,383,4
1496,17208,16,2
1497,13040,383,2
1498,18331,124,3
1499,6195,500,4
1500,5357,383,2
1501,1685,431,4
1502,9901,352,2
1503,12684,499,1
1504,16683,67,4
1505,18837,331,2
1506,17354,207,3
1507,17644,454,3
1508,9444,396,1
1509,4597,163,3
1510,19015,120,3
1511,1526,54,4
1512,17847,92,1
1513,7349,479,1
1514,9165,168,4
1515,2203,318,4
1516,893,156,4
1517,12375,241,1
1518,3824,253,1
1519,18793,148,4
1520,272,150,4
1521,18383,44,2
1522,1345,208,4
1523,301,103,3
1524,4979,471,2
1525,3500,346,4
1526,8429,363,3
1527,3360,175,2
1528,13976,132,1
1529,1883,231,3
1530,1557,480,3
1531,9026,472,1
1532,14078,291,2
1533,10033,413,4
1534,15964,236,1
1535,10337,482,1
1536,1069,366,2
1537,15966,425,4
1538,12720,6,1
1539,19091,121,4
1540,19218,196,3
1541,12376,287,1
1542,4727,169,1
1543,5043,229,1
1544,6790,114,4
1545,15694,195,1
1546,8033,485,2
1547,15000,248,1
1548,834,347,1
1549,16969,446,4
1550,16650,354,3
1551,10681,63,4
1552,9307,446,3
1553,4840,94,4
1554,106,315,3
1555,7020,293,3
1556,4715,322,4
1557,2953,400,3
1558,12050,162,2
1559,7781,291,4
1560,8288,285,1
1561,12205,467,2
1562,14546,460,2
1563,4460,189,2
1564,8301,192,4
1565,6588,85,2
1566,15867,78,1
1567,17064,214,4
1568,10264,160,1
1569,3208,75,2
1570,13009,148,2
1571,7114,69,1
1572,14144,147,3
1573,16209,55,4
1574,12619,338,3
1575,7000,187,2
1576,7222,28,3
1577,18138,123,1
1578,7890,379,1
1579,12819,466,3
1580,5119,450,4
1581,922,496,1
1582,9855,59,2
1583,4384,173,3
1584,16009,266,3
1585,3307,388,2
1586,19280,176,4
1587,19856,99,3
1588,4934,340,2
1589,12470,488,3
1590,10214,382,3
1591,3679,489,2
1592,4986,181,3
1593,19003,277,2
1594,2802,89,1
1595,10728,385,1
1596,5491,107,4
1597,10701,286,4
1598,2734,223,4
1599,17061,31,1
1600,7693,299,1
1601,832,431,4
1602,9002,390,1
1603,12383,277,2
1604,8147,428,1
1605,1815,380,4
1606,15429,476,2
1607,12674,186,3
1608,6219,360,3
1609,3993,195,2
1610,529,177,3
1611,14445,334,2
1612,6509,53,2
1613,6137,421,3
1614,13553,101,3
1615,644,100,2
1616,11677,441,1
1617,7543,452,3
1618,11139,381,4
1619,4145,440,1
1620,499,493,3
1621,10489,139,1
1622,1380,256,2
1623,18054,163,2
1624,9644,457,3
1625,8454,26,1
1626,15700,6,4
1627,10695,16,1
1628,4289,133,1
1629,19863,381,4
1630,7909,33,2
1631,7717,172,2
1632,8124,67,3
1633,12468,479,3
1634,17430,453,4
1635,12956,231,3
1636,10632,161,2
1637,8581,104,4
1638,7704,21,4
1639,10008,420,1
1640,11313,5,2
1641,17649,373,3
1642,15078,158,1
1643,1404,70,4
1644,4681,366,4
1645,8616,415,4
1646,8687,94,4
1647,18539,415,2
1648,8640,432,3
1649,8458,159,2
1650,985,394,2
1651,7584,471,1
1652,3954,107,2
1653,5461,99,2
1654,12655,379,4
1655,17115,437,1
1656,12904,14,2
1657,7407,464,1
1658,3683,333,3
1659,3164,403,1
1660,12869,432,4
1661,18899,435,1
1662,7146,367,4
1663,11459,264,3
1664,17157,102,3
1665,968,135,3
1666,6859,491,1
1667,8247,273,3
1668,5634,221,2
1669,8310,81,4
1670,7442,87,1
1671,12554,198,4
1672,8196,53,2
1673,8499,356,4
1674,386,142,2
1675,19033,73,4
1676,15155,72,4
1677,9206,443,3
1678,10658,232,1
1679,5114,345,2
1680,3944,288,4
1681,5450,21,1
1682,18188,307,2
1683,17958,76,4
1684,381,412,1
1685,9944,309,2
1686,13979,372,1
1687,1041,45,2
1688,4701,163,4
1689,18269,392,4
1690,4734,415,1
1691,18262,345,4
1692,8317,260,3
1693,11424,61,1
1694,12206,7,3
1695,18817,301,1
1696,2944,345,4
1697,12588,254,3
1698,19320,284,3
1699,15293,448,1
1700,6448,407,4
1701,16678,258,4
1702,5655,142,1
1703,2832,363,3
1704,13661,256,4
1705,8187,483,1
1706,9965,242,4
1707,4030,402,2
1708,4547,353,3
1709,5947,447,4
1710,1510,135,4
1711,759,100,3
1712,8053,53,4
1713,5682,258,1
1714,5917,454,1
1715,18174,55,4
1716,17453,75,2
1717,2721,292,1
1718,18941,284,1
1719,13018,141,2
1720,701,435,2
1721,11180,443,4
1722,13537,74,3
1723,16102,405,3
1724,13360,336,4
1725,15740,162,2
1726,5436,147,3
1727,12451,386,2
1728,19697,288,3
1729,302,254,3
1730,11386,412,1
1731,7281,436,1
1732,15673,282,4
1733,9815,17,4
1734,146,324,3
1735,4106,407,2
1736,10039,291,1
1737,11898,168,2
1738,4124,217,3
1739,6483,329,1
1740,8531,115,1
1741,213,28,4
1742,1959,395,1
1743,10664,195,4
1744,19983,293,1
1745,10209,104,2
1746,9917,311,4
1747,5068,468,2
1748,12473,492,4
1749,3523,401,3
1750,3656,82,4
1751,12810,319,2
1752,286,495,4
1753,19956,345,1
1754,2547,383,3
1755,2052,307,4
1756,664,332,3
1757,7594,325,3
1758,3428,166,2
1759,13722,325,3
1760,8779,118,2
1761,6802,223,2
1762,17893,406,1
1763,13910,383,1
1764,19924,392,1
1765,2935,142,4
1766,15540,444,3
1767,8573,233,1
1768,15755,113,1
1769,5789,334,4
1770,8643,390,2
1771,3267,367,4
1772,12121,167,3
1773,15389,394,1
1774,4771,343,2
1775,2871,420,1
1776,16245,237,2
1777,9761,297,3
1778,16945,89,1
1779,3807,296,2
1780,8065,419,2
1781,11093,207,1
1782,18272,368,4
1783,17697,279,2
1784,12621,11,4
1785,8391,390,1
1786,10228,9,3
1787,19586,119,1
1788,731,149,2
1789,8169,118,4
1790,14864,271,2
1791,19339,59,1
1792,10046,1,3
1793,12019,495,3
1794,4390,385,1
1795,19661,57,3
1796,10303,51,3
1797,4564,82,3
1798,493,249,4
1799,9535,428,3
1800,14238,337,2
1801,19094,122,2
1802,10253,333,2
1803,7852,498,2
1804,3891,217,3
1805,11254,315,1
1806,6924,145,3
1807,7320,423,2
1808,6310,370,3
1809,4799,79,3
1810,18011,193,2
1811,3226,170,1
1812,10147,265,1
1813,6545,94,2
1814,17935,295,2
1815,2073,117,4
1816,13768,163,4
1817,19528,68,4
1818,4538,208,2
1819,19977,218,3
1820,3251,259,3
1821,2334,417,4
1822,16703,99,4
1823,13426,416,3
1824,2765,65,1
1825,19346,153,2
1826,1990,149,1
1827,16383,499,3
1828,10772,292,1
1829,18389,381,1
1830,10576,180,2
1831,15605,2,2
1832,16533,377,3
1833,18670,252,3
1834,14658,328,4
1835,2984,498,4
1836,3842,216,1
1837,15244,231,2
1838,4221,128,1
1839,10961,394,1
1840,11840,317,4
1841,14105,272,2
1842,448,228,4
1843,14055,170,3
1844,11206,255,4
1845,15314,401,3
1846,11175,306,4
1847,1700,317,4
1848,11327,396,3
1849,14600,176,3
1850,8827,366,3
1851,5096,267,1
1852,7055,84,4
1853,14403,388,1
1854,19752,218,4
1855,7557,104,2
1856,18178,348,4
1857,15125,64,1
1858,10054,127,4
1859,16449,33,4
1860,6202,313,1
1861,16517,385,3
1862,4751,5,4
1863,5712,388,1
1864,1968,270,2
1865,10404,124,2
1866,7158,408,4
1867,16503,269,3
1868,16299,422,3
1869,1275,485,3
1870,19611,106,4
1871,9012,134,4
1872,9766,433,4
1873,6402,158,3
1874,4056,152,4
1875,14215,375,1
1876,13914,192,4
1877,16264,476,4
1878,19543,218,4
1879,4596,382,4
1880,4831,100,3
1881,3177,278,3
1882,15331,475,1
1883,9994,477,2
1884,6013,215,1
1885,6573,94,2
1886,4479,97,4
1887,19616,397,2
1888,133,480,2
1889,17045,480,3
1890,8763,176,1
1891,6017,307,2
1892,13744,406,3
1893,18569,63,3
1894,897,194,3
1895,14230,135,1
1896,10589,112,3
1897,18568,424,1
1898,15596,322,2
1899,12073,181,2
1900,9960,303,1
1901,12988,150,4
1902,14356,311,2
1903,13701,231,3
1904,9042,228,1
1905,9729,161,4
1906,10848,461,4
1907,18367,137,1
1908,4493,130,2
1909,11082,419,4
1910,2613,452,3
1911,6976,376,2
1912,11603,399,1
1913,4394,155,2
1914,13716,26,1
1915,9842,314,2
1916,19570,225,4
1917,8088,375,4
1918,9679,499,4
1919,3,494,3
1920,15032,310,3
1921,3873,207,1
1922,17841,213,1
1923,8485,427,1
1924,6671,450,1
1925,6405,7,2
1926,4581,316,4
1927,10992,416,3
1928,9536,144,1
1929,18105,168,3
1930,3530,240,2
1931,19918,328,4
1932,10672,211,2
1933,7028,323,4
1934,854,372,1
1935,3632,379,4
1936,11210,44,4
1937,15793,235,4
1938,4343,268,4
1939,10323,431,4
1940,8079,142,1
1941,11035,180,4
1942,2061,36,3
1943,11756,325,1
1944,13324,74,2
1945,13648,383,2
1946,15356,172,1
1947,4956,224,4
1948,12760,379,2
1949,4653,76,2
1950,16006,209,2
1951,15791,180,3
1952,1423,486,2
1953,6679,425,2
1954,8477,297,3
1955,7325,169,2
1956,16293,57,1
1957,19859,103,3
1958,8677,293,3
1959,17582,341,3
1960,7491,305,1
1961,9109,196,3
1962,15020,195,2
1963,7274,390,4
1964,17705,62,2
1965,12900,263,1
1966,16447,312,3
1967,8049,163,2
1968,14591,444,1
1969,17154,263,2
1970,9218,306,1
1971,10783,388,3
1972,11546,288,4
1973,4692,227,4
1974,18967,378,4
1975,16560,10,3
1976,5960,213,2
1977,3757,340,2
1978,11455,304,4
1979,8397,127,4
1980,6434,278,1
1981,9264,319,2
1982,10021,399,3
1983,4385,34,1
1984,10042,491,2
1985,7126,26,2
1986,19586,51,4
1987,5108,198,1
1988,4316,402,4
1989,5880,480,4
1990,13320,371,2
1991,3685,171,3
1992,8589,82,2
1993,6291,52,1
1994,18255,136,2
1995,6071,132,4
1996,18665,155,3
1997,11383,197,4
1998,419,287,1
1999,16204,222,3
2000,13296,466,4
2001,1264,238,4
2002,3726,177,3
2003,18894,121,4
2004,10777,476,1
2005,9269,282,1
2006,4705,364,1
2007,17084,166,3
2008,12177,73,3
2009,636,66,4
2010,19909,343,3
2011,7292,275,2
2012,14309,316,4
2013,5665,116,2
2014,15501,156,2
2015,17120,44,4
2016,4867,309,2
2017,14091,321,3
2018,2816,311,1
2019,15268,396,3
2020,14815,415,3
2021,6173,108,2
2022,3875,499,4
2023,2325,109,1
2024,13282,256,3
2025,3786,377,3
2026,8535,475,4
2027,40,430,1
2028,7164,163,4
2029,17993,361,4
2030,1207,120,1
2031,12846,60,2
2032,11911,223,3
2033,15683,101,1
2034,1370,451,4
2035,4473,66,1
2036,11545,325,2
2037,245,282,3
2038,13403,312,3
2039,4473,185,1
2040,3877,133,2
2041,3714,2,4
2042,2712,181,3
2043,3891,182,3
2044,4676,457,2
2045,9454,12,3
2046,15882,410,2
2047,10384,229,3
2048,18822,201,1
2049,2606,303,4
2050,7129,394,1
2051,3640,499,2
2052,14218,489,3
2053,9422,246,1
2054,18207,485,4
2055,4120,44,1
2056,804,174,4
2057,19216,460,2
2058,8012,203,4
2059,7285,90,2
2060,17,128,1
2061,1018,84,1
2062,18665,60,4
2063,19116,437,1
2064,18671,356,3
2065,9967,241,4
2066,5946,193,1
2067,4863,428,3
2068,570,313,3
2069,2384,207,2
2070,18856,45,2
2071,11058,170,3
2072,11364,463,1
2073,278,442,2
2074,18956,345,3
2075,6726,429,3
2076,17355,408,1
2077,2686,250,4
2078,16458,305,1
2079,8315,85,2
2080,8285,55,3
2081,11108,243,2
2082,14490,357,1
2083,2745,369,4
2084,17793,9,2
2085,2486,312,1
2086,19792,80,1
2087,2013,129,4
2088,14017,119,1
2089,14110,498,3
2090,5317,317,3
2091,8471,396,2
2092,15843,396,4
2093,14071,320,4
2094,1066,15,4
2095,4685,163,3
2096,19958,264,4
2097,10987,49,2
2098,14945,128,1
2099,12434,251,3
2100,13831,271,4
2101,3461,105,3
2102,14087,420,2
2103,5404,310,2
2104,18467,440,2
2105,17478,53,3
2106,10199,37,4
2107,5954,268,4
2108,18363,371,3
2109,5071,189,1
2110,4284,53,1
2111,14003,483,4
2112,10861,471,3
2113,5951,96,2
2114,17346,164,3
2115,3219,120,1
2116,15429,76,1
2117,6038,302,4
2118,2503,338,4
2119,3968,295,4
2120,13317,87,4
2121,10376,376,3
2122,18754,388,2
2123,5392,187,1
2124,2451,473,3
2125,4003,117,4
2126,14336,68,1
2127,5320,386,1
2128,1458,276,1
2129,8552,153,3
2130,18326,348,1
2131,13046,66,3
2132,15962,437,2
2133,10004,154,2
2134,2132,239,2
2135,19045,415,2
2136,19389,233,4
2137,8146,264,1
2138,10930,195,4
2139,19047,142,2
2140,9967,48,1
2141,4710,468,2
2142,8196,269,3
2143,17171,233,4
2144,13485,295,3
2145,18858,232,3
2146,10903,10,4
2147,216,96,1
2148,281,58,4
2149,5156,230,3
2150,17255,360,1
2151,8702,420,4
2152,14121,458,2
2153,16417,463,2
2154,19241,361,4
2155,14092,130,3
2156,4206,159,1
2157,8826,371,1
2158,17557,457,3
2159,11484,312,3
2160,19902,297,2
2161,4309,115,4
2162,13542,282,2
2163,12677,193,3
2164,12776,214,2
2165,14219,39,4
2166,3296,400,1
2167,1358,263,2
2168,10966,104,2
2169,520,239,1
2170,5011,12,4
2171,19251,62,3
2172,15196,478,4
2173,16803,4,4
2174,9733,25,4
2175,4662,484,3
2176,19085,270,2
2177,11896,398,3
2178,11251,485,1
2179,15419,71,1
2180,1275,474,3
2181,7492,443,4
2182,10379,245,4
2183,18516,85,2
2184,17642,321,1
2185,10096,271,2
2186,13641,104,2
2187,8478,292,1
2188,6894,484,2
2189,1580,223,2
2190,7255,323,1
2191,3682,54,4
2192,6667,25,4
2193,10939,55,3
2194,6830,216,1
2195,5941,97,2
2196,13329,42,4
2197,6705,131,4
2198,7182,201,3
2199,18599,274,3
2200,11297,11,3
2201,3568,417,1
2202,4073,397,2
2203,6189,460,2
2204,13476,465,4
2205,15803,309,2
2206,12528,21,4
2207,17624,483,1
2208,9434,476,1
2209,9109,170,3
2210,18408,101,2
2211,12210,185,2
2212,10444,157,3
2213,5589,234,3
2214,19947,418,2
2215,6060,486,4
2216,16119,68,4
2217,2452,362,4
2218,7574,321,1
2219,5929,18,4
2220,8861,244,2
2221,16325,360,4
2222,11083,206,2
2223,13574,287,1
2224,2660,138,3
2225,867,435,2
2226,3813,426,1
2227,9592,330,1
2228,3150,243,4
2229,18924,249,2
2230,2410,322,4
2231,10871,401,3
2232,12097,424,1
2233,9785,259,1
2234,5146,208,4
2235,2946,379,2
2236,18789,198,2
2237,11901,357,2
2238,12958,413,4
2239,10199,347,2
2240,13359,270,1
2241,17985,249,1
2242,5942,37,3
2243,15176,194,2
2244,18621,214,1
2245,10171,454,4
2246,245,51,4
2247,19026,171,4
2248,5607,68,2
2249,12018,13,1
2250,17176,296,4
2251,5834,87,4
2252,5853,401,4
2253,1118,5,4
2254,442,459,1
2255,19318,333,2
2256,2568,144,4
2257,17778,278,1
2258,17931,363,2
2259,11382,332,2
2260,2958,480,2
2261,13844,195,4
2262,9575,201,3
2263,8894,76,2
2264,3774,320,1
2265,11289,225,3
2266,19654,444,4
2267,19516,353,3
2268,7985,13,4
2269,8399,166,1
2270,9444,311,4
2271,11645,418,4
2272,11434,159,4
2273,19750,36,4
2274,7409,371,3
2275,10408,464,3
2276,17708,340,1
2277,10825,188,2
2278,19410,489,1
2279,4036,193,2
2280,19496,441,3
2281,12950,38,1
2282,15170,208,1
2283,13617,494,1
2284,571,188,4
2285,18564,483,4
2286,7882,65,2
2287,1311,292,1
2288,2174,135,2
2289,13228,133,3
2290,15933,440,2
2291,2527,395,4
2292,12099,443,1
2293,9205,119,3
2294,2191,265,3
2295,14279,175,4
2296,18191,477,2
2297,19881,100,1
2298,11436,171,1
2299,19575,163,3
2300,184,81,2
2301,7565,147,1
2302,6643,11,1
2303,12428,11,2
2304,9480,123,3
2305,6166,392,3
2306,19680,36,4
2307,7716,459,4
2308,10285,88,3
2309,6746,149,3
2310,5230,133,4
2311,3219,54,4
2312,6527,349,4
2313,16081,114,2
2314,16579,367,3
2315,10951,291,1
2316,11892,96,2
2317,15437,385,1
2318,18938,328,1
2319,14871,385,2
2320,5845,165,3
2321,3483,179,1
2322,4999,496,2
2323,17381,4,1
2324,13559,243,4
2325,8452,392,2
2326,7126,192,1
2327,18791,370,1
2328,13972,205,4
2329,1707,200,1
2330,2469,238,2
2331,4884,138,2
2332,17499,4,1
2333,17075,47,3
2334,5734,135,1
2335,18512,137,4
2336,6846,1,1
2337,10937,266,3
2338,2923,34,3
2339,18320,209,4
2340,4861,61,3
2341,17702,186,3
2342,15198,14,2
2343,6315,471,4
2344,10373,269,1
2345,1284,64,2
2346,6658,206,1
2347,6309,44,4
2348,11605,90,2
2349,1161,425,3
2350,17430,408,3
2351,14004,488,2
2352,2465,144,1
2353,3414,111,2
2354,4338,405,1
2355,10819,388,2
2356,6558,465,2
2357,10967,458,3
2358,7129,57,3
2359,578,311,4
2360,8530,21,1
2361,15547,206,4
2362,185,355,3
2363,1035,355,2
2364,12367,398,1
2365,9988,43,4
2366,12155,400,3
2367,19115,322,1
2368,3509,213,3
2369,14261,338,1
2370,18364,135,1
2371,6573,68,4
2372,2102,149,4
2373,8793,31,1
2374,17438,309,3
2375,1598,101,2
2376,10258,275,2
2377,15465,206,2
2378,8712,290,1
2379,14629,374,1
2380,19604,24,3
2381,6399,355,3
2382,3694,98,3
2383,5354,51,1
2384,1318,490,4
2385,356,190,2
2386,14794,128,4
2387,6191,19,1
2388,15331,340,4
2389,13409,151,3
2390,2565,230,3
2391,10101,5,2
2392,951,9,2
2393,8688,184,4
2394,15081,167,2
2395,1006,265,4
2396,16329,365,1
2397,12056,72,4
2398,11089,168,1
2399,19708,151,2
2400,9342,486,3
2401,1443,298,1
2402,6397,496,4
2403,9650,352,3
2404,1633,325,3
2405,15519,168,3
2406,10203,139,4
2407,18427,240,1
2408,17972,236,2
2409,18158,384,1
2410,124,168,3
2411,7070,221,4
2412,3647,465,1
2413,10914,432,4
2414,5418,25,2
2415,13060,278,4
2416,10424,261,3
2417,2913,312,4
2418,17577,445,2
2419,18561,463,4
2420,18599,353,2
2421,3267,101,4
2422,19656,200,4
2423,2693,40,3
2424,13489,46,4
2425,17816,170,4
2426,16733,172,4
2427,13274,406,3
2428,10044,338,2
2429,13160,28,3
2430,14662,444,2
2431,6633,384,4
2432,5455,312,3
2433,8532,279,1
2434,18230,358,1
2435,15189,79,2
2436,16617,416,1
2437,381,495,4
2438,6397,288,3
2439,9819,286,1
2440,19515,171,3
2441,13245,487,2
2442,12043,73,2
2443,16492,431,3
2444,15478,450,3
2445,10795,453,2
2446,4748,305,2
2447,3010,125,3
2448,13299,470,2
2449,7816,250,1
2450,14967,425,4
2451,689,7,3
2452,18097,202,1
2453,17371,311,3
2454,1819,295,1
2455,7171,78,1
2456,17486,324,1
2457,6189,360,3
2458,16408,182,4
2459,13960,268,1
2460,9978,53,3
2461,11701,371,3
2462,15060,102,1
2463,1593,306,3
2464,9371,3,2
2465,17239,378,3
2466,7244,410,4
2467,12362,288,2
2468,332,234,1
2469,7592,236,4
2470,714,103,2
2471,16686,5,2
2472,7481,390,4
2473,9374,371,4
2474,4882,212,1
2475,596,401,4
2476,8561,67,3
2477,13314,105,3
2478,6285,164,1
2479,2320,399,2
2480,17903,301,3
2481,5593,249,2
2482,5377,393,2
2483,7247,192,2
2484,6731,181,2
2485,19286,379,4
2486,10345,218,1
2487,2363,498,2
2488,2937,131,4
2489,10283,222,2
2490,14968,160,4
2491,13649,335,3
2492,17250,204,1
2493,6060,2,4
2494,3588,173,2
2495,10951,109,4
2496,10756,101,2
2497,16274,99,2
2498,9855,89,3
2499,11028,185,3
2500,16795,484,2
2501,13928,295,1
2502,8949,296,3
2503,8379,136,2
2504,12439,466,4
2505,12416,367,4
2506,5163,346,4
2507,2618,363,4
2508,16020,500,4
2509,6042,82,1
2510,13018,233,2
2511,16715,288,2
2512,4590,467,3
2513,13808,34,2
2514,2025,253,3
2515,168,445,3
2516,10615,21,2
2517,6440,295,3
2518,15767,159,3
2519,18112,369,4
2520,19545,11,3
2521,6007,177,1
2522,13889,424,1
2523,13502,414,4
2524,10864,2,3
2525,15676,94,4
2526,3229,46,1
2527,9572,86,3
2528,15866,215,1
2529,10390,198,1
2530,16456,18,3
2531,11045,39,2
2532,10733,47,2
2533,16844,178,4
2534,11650,469,2
2535,7225,263,4
2536,13343,290,4
2537,15549,375,2
2538,11029,256,2
2539,9840,48,2
2540,17223,73,3
2541,8109,157,3
2542,18301,314,4
2543,3493,416,1
2544,18343,148,4
2545,6643,308,2
2546,9340,37,4
2547,1218,389,2
2548,13644,231,3
2549,9225,341,2
2550,9877,224,2
2551,3847,469,4
2552,14382,114,1
2553,4516,340,2
2554,8154,164,2
2555,17436,387,2
2556,14057,411,2
2557,2767,463,2
2558,17087,273,4
2559,948,275,1
2560,8575,125,2
2561,18484,400,1
2562,14843,185,4
2563,10307,221,3
2564,19725,309,3
2565,10503,227,3
2566,3832,276,1
2567,12030,268,2
2568,17176,430,3
2569,7449,468,1
2570,11838,93,1
2571,14567,320,4
2572,7425,357,3
2573,2698,379,2
2574,17242,149,4
2575,14298,200,2
2576,11682,339,2
2577,10391,20,1
2578,11403,339,2
2579,18603,423,1
2580,6572,15,1
2581,4783,416,4
2582,9857,412,3
2583,15912,385,2
2584,13408,113,3
2585,15987,454,2
2586,8173,12,4
2587,8752,369,4
2588,15602,350,4
2589,7586,254,1
2590,19307,66,3
2591,18135,237,4
2592,18754,161,2
2593,5398,470,4
2594,10459,94,3
2595,15815,94,3
2596,14032,13,4
2597,6609,378,1
2598,11632,456,4
2599,4546,182,1
2600,9890,212,4
2601,13309,374,1
2602,6175,292,4
2603,4066,225,2
2604,16453,199,4
2605,13119,238,3
2606,2064,40,4
2607,6915,56,2
2608,15346,381,3
2609,10176,264,4
2610,16894,155,3
2611,18994,23,2
2612,8956,330,3
2613,12415,232,4
2614,11138,57,2
2615,6722,369,1
2616,12955,149,3
2617,9171,310,4
2618,9114,404,1
2619,5328,174,4
2620,3105,200,3
2621,672,327,4
2622,1321,30,2
2623,18722,320,2
2624,4599,385,3
2625,15835,436,4
2626,17729,92,2
2627,9481,178,4
2628,10589,276,1
2629,17083,256,3
2630,12823,351,1
2631,331,144,2
2632,18368,265,4
2633,5481,436,1
2634,10784,446,4
2635,17448,227,2
2636,5055,383,2
2637,14346,429,1
2638,9897,276,1
2639,2996,232,3
2640,17771,87,2
2641,15358,42,4
2642,12152,240,2
2643,5361,442,4
2644,4251,119,1
2645,13552,78,2
2646,8042,41,2
2647,18898,163,4
2648,16941,204,1
2649,19550,99,4
2650,11489,390,4
2651,11360,452,3
2652,12669,280,1
2653,9081,204,1
2654,6733,245,2
2655,18338,459,3
2656,12896,39,1
2657,17162,250,3
2658,16103,313,3
2659,15378,68,1
2660,13064,494,4
2661,6323,217,4
2662,14038,312,2
2663,15371,183,2
2664,12225,445,2
2665,4594,380,1
2666,11683,111,2
2667,11563,89,4
2668,14080,306,2
2669,15874,413,4
2670,19887,89,1
2671,5935,382,1
2672,4424,178,2
2673,15217,11,4
2674,7357,180,4
2675,3480,161,2
2676,4935,468,1
2677,10350,117,2
2678,18255,412,1
2679,8621,465,4
2680,9100,265,1
2681,19729,339,1
2682,4646,211,1
2683,545,181,1
2684,10587,108,3
2685,1901,6,2
2686,13080,442,2
2687,15852,486,1
2688,16577,311,1
2689,13537,469,3
2690,12272,177,2
2691,13262,491,3
2692,14300,34,1
2693,6047,10,4
2694,15931,221,3
2695,6717,88,3
2696,7787,406,1
2697,2373,85,3
2698,11635,369,4
2699,12262,176,3
2700,19153,86,3
2701,15308,62,2
2702,12630,462,4
2703,4257,459,1
2704,6578,188,2
2705,2978,493,3
2706,18973,226,1
2707,4932,23,1
2708,7220,310,3
2709,3996,427,3
2710,14885,465,1
2711,16637,247,3
2712,18745,277,1
2713,6107,405,3
2714,19851,178,3
2715,11690,448,4
2716,14634,96,2
2717,17644,167,3
2718,17233,22,4
2719,12772,265,1
2720,3846,376,4
2721,1979,199,3
2722,638,324,4
2723,5091,396,1
2724,10471,233,4
2725,4851,341,3
2726,5288,453,4
2727,14908,138,1
2728,10186,66,2
2729,18541,445,4
2730,17098,96,3
2731,19212,412,4
2732,15980,165,2
2733,9247,384,4
2734,15820,387,4
2735,5540,244,1
2736,12524,263,3
2737,18917,111,3
2738,13717,472,1
2739,16098,292,3
2740,6310,437,3
2741,6520,487,1
2742,1844,398,4
2743,10521,357,2
2744,6364,394,3
2745,7373,472,4
2746,3037,13,4
2747,7146,366,3
2748,4595,222,4
2749,11092,257,3
2750,19029,401,4
2751,14822,178,1
2752,5019,48,2
2753,17024,387,3
2754,16253,304,3
2755,19894,139,1
2756,10545,296,4
2757,9463,151,1
2758,2907,284,2
2759,2947,258,3
2760,4709,70,3
2761,17069,22,4
2762,19208,300,4
2763,19180,324,3
2764,6760,166,3
2765,5394,372,4
2766,4392,211,4
2767,10933,14,3
2768,11344,154,4
2769,12888,199,4
2770,14434,431,1
2771,917,44,1
2772,9044,352,4
2773,2879,349,3
2774,4656,490,4
2775,10445,291,3
2776,14190,366,4
2777,12065,31,1
2778,2464,127,4
2779,5956,465,1
2780,18623,104,3
2781,12757,2,1
2782,11503,72,2
2783,16083,456,3
2784,17122,313,2
2785,8482,58,3
2786,8472,27,4
2787,6127,447,1
2788,16110,467,3
2789,6165,261,4
2790,16338,443,1
2791,10704,238,3
2792,11522,225,2
2793,16443,441,3
2794,8614,412,1
2795,1620,492,3
2796,1204,350,1
2797,604,238,3
2798,18139,133,3
2799,16436,46,1
2800,9239,253,4
2801,18212,274,2
2802,8290,431,2
2803,7065,242,3
2804,9158,396,4
2805,19155,324,3
2806,222,457,3
2807,17640,248,4
2808,7866,376,3
2809,4275,492,2
2810,5714,463,2
2811,17511,42,1
2812,913,203,1
2813,11472,360,2
2814,15828,357,2
2815,12744,463,3
2816,6419,384,2
2817,10770,60,2
2818,5966,100,2
2819,13778,209,1
2820,18782,470,2
2821,12573,21,1
2822,7573,161,4
2823,16042,126,3
2824,13786,22,4
2825,13834,370,1
2826,19405,463,1
2827,9697,418,3
2828,16522,176,3
2829,8707,45,4
2830,5383,71,1
2831,541,255,2
2832,18710,27,1
2833,8913,72,4
2834,16046,441,1
2835,14517,76,3
2836,6410,446,3
2837,18998,282,2
2838,3409,39,3
2839,10056,165,3
2840,13478,438,4
2841,10488,256,1
2842,19354,215,3
2843,17545,190,4
2844,14350,329,2
2845,17601,377,4
2846,11924,116,1
2847,18182,374,3
2848,10752,252,2
2849,9979,170,2
2850,3590,411,3
2851,16286,276,4
2852,9454,485,3
2853,9054,316,1
2854,17608,496,1
2855,19042,71,1
2856,14415,152,1
2857,9126,465,3
2858,16582,85,4
2859,5929,306,2
2860,17483,39,1
2861,17705,74,1
2862,18617,215,2
2863,16157,363,4
2864,17122,162,3
2865,14131,203,2
2866,16345,396,3
2867,14267,44,2
2868,10332,241,1
2869,12188,22,2
2870,4244,435,1
2871,9387,123,1
2872,619,245,4
2873,18282,124,1
2874,6317,129,1
2875,9933,375,1
2876,19106,217,1
2877,9637,482,4
2878,12888,424,4
2879,1032,66,3
2880,4655,392,4
2881,13825,127,1
2882,6752,453,1
2883,9102,446,3
2884,1908,55,3
2885,460,70,2
2886,6147,307,3
2887,13173,37,1
2888,15184,45,3
2889,6550,65,1
2890,2913,453,3
2891,6019,26,4
2892,18048,426,1
2893,19695,430,1
2894,9116,408,4
2895,4761,262,4
2896,8627,169,1
2897,13700,461,3
2898,16359,164,1
2899,16750,238,2
2900,13551,67,3
2901,12134,13,3
2902,14968,419,2
2903,6647,265,1
2904,15077,220,1
2905,14411,244,1
2906,3357,418,4
2907,18405,185,3
2908,17894,56,3
2909,1957,376,3
2910,19258,280,3
2911,8569,75,4
2912,3636,354,1
2913,11225,475,4
2914,1156,9,3
2915,3139,71,3
2916,6765,435,4
2917,5118,40,4
2918,9180,368,3
2919,5229,339,2
2920,512,379,4
2921,14472,445,2
2922,11711,412,3
2923,15659,329,3
2924,801,140,3
2925,1001,183,4
2926,5605,454,1
2927,16623,398,4
2928,17277,273,3
2929,14072,500,2
2930,9223,414,4
2931,12136,21,4
2932,18943,190,2
2933,5307,331,2
2934,9835,344,2
2935,14349,417,2
2936,13617,300,2
2937,1062,500,1
2938,13596,293,4
2939,14719,199,2
2940,1656,298,4
2941,207,207,2
2942,12519,205,3
2943,14471,465,2
2944,18376,335,2
2945,7218,120,4
2946,6754,191,4
2947,12090,463,3
2948,6004,13,2
2949,971,206,2
2950,11181,234,3
2951,16953,126,3
2952,16717,238,1
2953,6124,213,2
2954,5566,385,3
2955,1332,105,1
2956,17775,10,2
2957,18592,244,4
2958,10967,152,4
2959,2454,271,4
2960,17852,86,4
2961,18754,487,2
2962,6907,486,3
2963,18893,405,3
2964,6887,43,1
2965,14275,187,3
2966,9843,447,3
2967,2215,488,3
2968,4587,176,2
2969,5724,175,3
2970,10368,483,4
2971,7951,376,4
2972,19464,152,2
2973,6809,113,1
2974,13331,441,1
2975,339,314,1
2976,6821,54,1
2977,324,177,2
2978,2318,470,1
2979,15519,413,1
2980,1056,479,3
2981,10524,133,3
2982,6150,161,4
2983,3749,151,2
2984,4746,236,4
2985,7688,259,2
2986,5022,72,2
2987,17269,282,3
2988,5277,467,1
2989,10331,287,4
2990,12496,218,3
2991,13657,303,2
2992,14344,473,1
2993,494,405,4
2994,8300,232,3
2995,6046,423,4
2996,2373,258,2
2997,2878,90,1
2998,6984,358,1
2999,9913,183,1
3000,4995,147,4
3001,16072,398,2
3002,17116,193,1
3003,8297,132,1
3004,15261,476,1
3005,13227,49,3
3006,14760,496,4
3007,11159,240,1
3008,11690,266,3
3009,4101,42,2
3010,1332,477,2
3011,17027,467,1
3012,3791,443,1
3013,17345,42,4
3014,5072,391,2
3015,18392,119,1
3016,9360,381,3
3017,3102,247,2
3018,9310,190,2
3019,196,267,3
3020,8656,374,3
3021,13701,34,2
3022,18483,74,2
3023,1058,183,2
3024,4139,397,2
3025,2971,162,2
3026,4738,294,4
3027,17349,436,4
3028,2458,241,3
3029,13917,492,4
3030,19605,456,2
3031,1018,494,2
3032,7005,394,2
3033,857,115,4
3034,1403,280,3
3035,1369,58,3
3036,15304,281,4
3037,16376,229,4
3038,1947,203,1
3039,16777,136,4
3040,5603,484,3
3041,15217,460,2
3042,8119,421,4
3043,16952,34,2
3044,10212,156,2
3045,6563,167,3
3046,6110,254,4
3047,19431,330,2
3048,10719,196,2
3049,2973,107,1
3050,14838,374,2
3051,9291,44,2
3052,19205,459,2
3053,3437,332,3
3054,4835,124,1
3055,12656,330,2
3056,3853,242,4
3057,4569,397,2
3058,18718,411,1
3059,17017,454,4
3060,1345,344,1
3061,7745,471,1
3062,3170,395,3
3063,1205,446,4
3064,14556,471,1
3065,11045,316,1
3066,10981,145,4
3067,10586,489,2
3068,7759,2,4
3069,3163,125,3
3070,9469,168,3
3071,6067,38,2
3072,10833,428,4
3073,10820,142,3
3074,5400,112,2
3075,19018,82,2
3076,17049,154,2
3077,5538,239,4
3078,7799,152,1
3079,14956,500,2
3080,11285,66,1
3081,10786,310,4
3082,10131,76,1
3083,8694,328,4
3084,3305,141,2
3085,15848,239,4
3086,10221,480,3
3087,10864,44,1
3088,10639,174,2
3089,15931,496,4
3090,14553,335,2
3091,9195,444,4
3092,4295,264,2
3093,18483,424,2
3094,3757,351,3
3095,1446,40,1
3096,7935,414,3
3097,13853,273,3
3098,7168,123,3
3099,18901,125,2
3100,18464,261,4
3101,7183,468,4
3102,6645,106,4
3103,3370,163,4
3104,2620,371,2
3105,9778,102,2
3106,9128,350,1
3107,7364,56,3
3108,18785,3,3
3109,3703,7,1
3110,2251,455,2
3111,2996,278,1
3112,10646,482,1
3113,10896,123,2
3114,19303,77,2
3115,1061,330,2
3116,17184,407,1
3117,13224,391,3
3118,8662,14,2
3119,143,215,4
3120,15212,110,4
3121,5567,463,2
3122,18024,381,1
3123,10080,242,3
3124,17347,357,1
3125,17149,150,2
3126,347,229,4
3127,16533,310,2
3128,12757,321,1
3129,14574,150,3
3130,5216,470,3
3131,14062,315,2
3132,3819,253,4
3133,10601,256,3
3134,8147,358,2
3135,17470,123,4
3136,9230,24,4
3137,10497,114,1
3138,15106,21,2
3139,8350,280,4
3140,18673,276,2
3141,15601,328,3
3142,16022,204,4
3143,1932,409,4
3144,3708,449,4
3145,18366,237,4
3146,4096,29,3
3147,6567,99,4
3148,10660,470,4
3149,14568,229,1
3150,13933,296,1
3151,8769,37,2
3152,15495,128,3
3153,5879,412,1
3154,8737,156,1
3155,19371,180,1
3156,5654,427,1
3157,8434,424,3
3158,1949,295,2
3159,6758,437,2
3160,17338,293,1
3161,5730,18,4
3162,9402,154,1
3163,7662,54,4
3164,16140,496,4
3165,10583,302,4
3166,10581,289,2
3167,14082,352,1
3168,423,253,1
3169,12375,167,1
3170,2484,483,1
3171,12081,220,3
3172,16557,219,1
3173,938,384,3
3174,10640,201,4
3175,14237,25,1
3176,19781,231,3
3177,4124,316,2
3178,4863,111,3
3179,13037,62,4
3180,4887,232,3
3181,7657,207,1
3182,15293,235,3
3183,14485,50,4
3184,5135,235,2
3185,8303,133,1
3186,2461,209,4
3187,16526,50,4
3188,14365,477,4
3189,8035,325,1
3190,5573,61,4
3191,5614,497,3
3192,13534,368,3
3193,19423,69,4
3194,3199,158,3
3195,7376,398,4
3196,16644,42,1
3197,6281,362,4
3198,11068,422,3
3199,7749,188,2
3200,1125,395,3
3201,5340,391,4
3202,2438,440,1
3203,6887,247,4
3204,9715,425,1
3205,15302,158,4
3206,10739,381,4
3207,8574,453,3
3208,10093,402,4
3209,3028,463,1
3210,12501,266,1
3211,17263,391,4
3212,16797,14,4
3213,1873,355,1
3214,1326,138,3
3215,11400,316,4
3216,17872,251,2
3217,19907,108,3
3218,4540,429,1
3219,2063,496,4
3220,19756,68,1
3221,10094,73,3
3222,19231,479,4
3223,14071,153,1
3224,12302,27,3
3225,2227,460,3
3226,7975,202,4
3227,18083,10,1
3228,11755,301,2
3229,13720,79,2
3230,4844,179,1
3231,2662,337,4
3232,16233,138,3
3233,3001,470,4
3234,17689,489,4
3235,10659,492,4
3236,10098,152,3
3237,19678,54,3
3238,4389,437,1
3239,5031,134,2
3240,16801,271,3
3241,12222,243,2
3242,6337,284,2
3243,5411,447,1
3244,8832,276,1
3245,5504,300,2
3246,11307,415,4
3247,19749,159,3
3248,12345,10,1
3249,1317,34,3
3250,298,60,4
3251,19252,304,1
3252,8585,223,3
3253,4365,447,2
3254,10138,239,1
3255,5084,375,2
3256,16003,68,2
3257,9029,117,2
3258,2353,316,4
3259,15245,473,4
3260,12665,262,4
3261,373,70,1
3262,15782,348,1
3263,15151,108,3
3264,8816,255,4
3265,8995,151,1
3266,13019,187,2
3267,19008,60,1
3268,14281,75,2
3269,13077,176,4
3270,2730,251,3
3271,5766,120,2
3272,17941,451,3
3273,12347,266,3
3274,1987,397,1
3275,17084,177,2
3276,19806,227,3
3277,3008,46,3
3278,18891,97,1
3279,16106,156,1
3280,18535,202,4
3281,3732,82,4
3282,9572,93,4
3283,16012,366,2
3284,12762,314,1
3285,17704,445,2
3286,12435,359,4
3287,7576,455,4
3288,14592,361,3
3289,9444,164,2
3290,16801,132,3
3291,11992,269,3
3292,8208,431,3
3293,11414,310,3
3294,7379,222,1
3295,11300,369,3
3296,545,75,4
3297,1854,232,2
3298,11884,291,1
3299,2106,373,3
3300,5438,115,4
3301,759,387,1
3302,18835,260,3
3303,15354,8,1
3304,4542,173,1
3305,1743,392,1
3306,19472,96,2
3307,13684,167,1
3308,10121,208,3
3309,762,425,3
3310,10554,439,2
3311,5235,427,4
3312,12309,40,4
3313,2937,342,4
3314,18168,55,3
3315,8837,85,4
3316,1701,383,1
3317,5428,34,4
3318,17359,489,4
3319,5821,188,1
3320,13502,191,4
3321,146,318,1
3322,2596,420,2
3323,10173,201,4
3324,7242,412,1
3325,12370,69,4
3326,19865,46,3
3327,15530,18,1
3328,5575,274,3
3329,9706,487,2
3330,13303,123,3
3331,5453,286,4
3332,16532,60,3
3333,1486,102,1
3334,8822,372,2
3335,6532,101,3
3336,18865,196,4
3337,18644,73,2
3338,7636,138,3
3339,13414,66,2
3340,2963,168,3
3341,15652,245,1
3342,5701,60,4
3343,10150,395,2
3344,9461,396,2
3345,913,330,1
3346,9230,368,4
3347,11774,389,2
3348,13889,107,1
3349,11082,252,3
3350,4243,249,2
3351,11811,449,2
3352,3121,427,4
3353,16815,42,3
3354,2360,239,1
3355,19433,356,4
3356,8994,28,3
3357,6052,328,4
3358,18153,133,2
3359,14365,392,2
3360,16309,15,4
3361,16768,411,4
3362,17875,96,1
3363,18785,113,3
3364,12383,98,2
3365,6261,127,2
3366,14664,26,2
3367,3424,67,4
3368,18538,26,2
3369,18180,308,4
3370,3097,84,3
3371,4675,11,3
3372,13429,264,2
3373,11469,432,3
3374,3221,59,1
3375,15235,242,3
3376,748,300,2
3377,8938,95,3
3378,11098,316,2
3379,17908,371,2
3380,11415,56,4
3381,2597,251,2
3382,6270,378,1
3383,12973,354,2
3384,1897,484,2
3385,4709,165,1
3386,4497,419,4
3387,8879,166,3
3388,4169,248,4
3389,14424,202,4
3390,11899,205,1
3391,10123,254,4
3392,9696,457,2
3393,11911,353,4
3394,668,315,2
3395,10700,475,1
3396,5098,102,4
3397,7351,458,4
3398,4148,491,4
3399,130,190,3
3400,4385,94,1
3401,16282,242,3
3402,9116,217,4
3403,14310,481,3
3404,2417,369,2
3405,6564,246,3
3406,12052,153,2
3407,7162,141,4
3408,11242,454,4
3409,14971,179,4
3410,14144,197,1
3411,18796,413,1
3412,17786,446,4
3413,9011,201,4
3414,1518,185,2
3415,1715,287,2
3416,7789,411,4
3417,5920,160,2
3418,14992,231,3
3419,14827,234,4
3420,8303,105,1
3421,12498,406,2
3422,18536,369,3
3423,16142,478,1
3424,2189,399,4
3425,8079,264,2
3426,13855,208,2
3427,8473,355,2
3428,7034,410,3
3429,2565,442,2
3430,19785,7,4
3431,5953,164,3
3432,2173,158,3
3433,19114,239,1
3434,13256,136,3
3435,16245,185,3
3436,11295,221,3
3437,2045,54,3
3438,12018,75,2
3439,11415,184,4
3440,17780,422,4
3441,6879,305,4
3442,19140,55,2
3443,12766,8,2
3444,120,148,2
3445,16779,223,1
3446,11771,427,3
3447,19990,228,2
3448,9953,250,1
3449,9043,484,1
3450,11904,113,4
3451,8589,228,1
3452,13518,419,2
3453,18351,190,2
3454,3706,244,4
3455,12551,114,3
3456,9284,214,2
3457,17962,311,3
3458,17875,14,3
3459,14384,1,4
3460,5372,99,2
3461,2742,182,3
3462,11459,257,1
3463,17434,429,4
3464,1227,86,1
3465,16301,369,3
3466,1946,47,2
3467,3642,440,2
3468,4438,440,1
3469,18960,451,3
3470,137,267,2
3471,19384,90,1
3472,18129,227,1
3473,5142,434,4
3474,14910,485,3
3475,15748,336,4
3476,4137,499,3
3477,18770,385,2
3478,3652,79,2
3479,7829,287,3
3480,17957,443,4
3481,315,165,2
3482,11715,18,2
3483,14804,376,2
3484,10676,378,1
3485,689,233,3
3486,10467,298,3
3487,19226,287,3
3488,18321,209,1
3489,9590,150,3
3490,13334,428,1
3491,1204,118,1
3492,15476,96,1
3493,19977,111,2
3494,17449,471,3
3495,18104,82,1
3496,641,481,2
3497,19834,322,1
3498,1487,80,4
3499,6768,34,2
3500,19874,96,2
3501,2042,192,4
3502,13600,412,4
3503,13678,99,4
3504,2119,103,4
3505,9004,77,4
3506,12976,369,4
3507,2766,315,1
3508,18,249,2
3509,4687,261,3
3510,7142,380,1
3511,19767,73,3
3512,8758,369,2
3513,5940,47,2
3514,10593,251,3
3515,12156,480,2
3516,5340,359,2
3517,16812,245,3
3518,12916,5,2
3519,12656,23,4
3520,5840,147,2
3521,18745,274,2
3522,18850,386,3
3523,5820,170,4
3524,9488,4,4
3525,10613,31,1
3526,8408,26,2
3527,12387,146,1
3528,16406,173,2
3529,1054,238,1
3530,18592,88,2
3531,9363,274,4
3532,15624,343,2
3533,4058,34,1
3534,19838,401,4
3535,13851,394,1
3536,18129,322,4
3537,6196,88,4
3538,13609,81,2
3539,8495,124,2
3540,14688,162,2
3541,13665,56,3
3542,122,482,4
3543,16816,339,1
3544,7476,143,1
3545,11529,391,1
3546,11106,240,4
3547,5418,440,2
3548,19118,427,4
3549,4898,439,2
3550,13814,481,2
3551,4180,307,1
3552,13916,68,2
3553,7519,489,2
3554,10625,305,4
3555,3475,63,2
3556,11334,405,4
3557,6627,386,4
3558,17971,313,1
3559,12565,294,4
3560,1468,492,3
3561,201,106,2
3562,16676,483,4
3563,11741,453,4
3564,5122,392,2
3565,6720,367,2
3566,12017,333,4
3567,6487,425,2
3568,11487,87,3
3569,16697,457,1
3570,19723,254,1
3571,9947,381,4
3572,5773,166,2
3573,18278,253,3
3574,13189,208,4
3575,138,378,3
3576,1233,138,4
3577,12905,454,4
3578,3551,428,4
3579,17815,65,3
3580,13115,433,1
3581,13542,74,4
3582,12521,452,3
3583,7272,139,2
3584,13140,46,2
3585,6353,268,4
3586,1335,59,2
3587,19142,423,3
3588,16798,438,2
3589,6721,209,1
3590,2519,381,1
3591,16482,408,4
3592,16713,178,1
3593,5872,100,1
3594,1742,216,1
3595,9,86,4
3596,12657,263,2
3597,14108,289,1
3598,5779,90,4
3599,14128,465,2
3600,14778,296,3
3601,2144,341,1
3602,16017,265,3
3603,15810,395,2
3604,16423,174,2
3605,32,178,2
3606,19639,124,4
3607,1925,205,2
3608,18571,316,2
3609,10283,168,2
3610,16584,414,1
3611,1654,339,4
3612,18525,213,1
3613,17384,211,1
3614,16455,434,4
3615,9824,357,2
3616,18733,227,3
3617,18595,35,1
3618,6105,73,2
3619,14633,100,4
3620,11557,226,4
3621,12748,496,4
3622,12309,318,3
3623,8109,48,1
3624,6744,224,1
3625,15824,486,4
3626,11972,56,3
3627,18465,233,1
3628,12829,393,3
3629,15492,63,1
3630,8030,442,2
3631,16392,431,2
3632,14496,13,4
3633,17844,436,3
3634,14302,229,4
3635,10015,395,1
3636,14825,14,4
3637,17092,410,3
3638,15570,204,1
3639,15701,372,3
3640,16516,399,1
3641,19186,195,1
3642,5788,454,2
3643,8968,182,4
3644,19427,478,4
3645,1045,396,4
3646,17426,312,3
3647,7312,422,1
3648,18011,326,4
3649,11304,54,1
3650,4687,174,4
3651,14152,260,3
3652,19663,385,2
3653,13384,428,4
3654,8612,3,3
3655,689,22,4
3656,14206,192,1
3657,3988,190,4
3658,18137,246,3
3659,9133,233,3
3660,16993,312,4
3661,7804,329,4
3662,7385,320,4
3663,4860,410,4
3664,14488,79,3
3665,8533,40,3
3666,2537,269,2
3667,4882,336,4
3668,1954,270,1
3669,9669,493,1
3670,3819,254,4
3671,5410,67,1
3672,18197,288,3
3673,8985,398,4
3674,17868,193,1
3675,14057,45,3
3676,8190,473,4
3677,6791,469,3
3678,4735,30,1
3679,6594,216,2
3680,6942,152,2
3681,15360,372,3
3682,15800,91,1
3683,11883,200,3
3684,723,58,2
3685,17443,101,4
3686,15209,128,3
3687,1158,359,2
3688,9121,459,3
3689,13461,49,1
3690,9933,158,1
3691,17088,438,1
3692,9246,256,1
3693,7075,48,3
3694,4708,239,4
3695,7716,470,4
3696,18350,449,1
3697,2633,108,3
3698,14115,170,3
3699,2390,25,1
3700,10638,375,3
3701,1373,48,1
3702,2960,165,1
3703,16301,32,3
3704,15782,101,3
3705,14532,16,3
3706,3240,214,1
3707,17564,25,3
3708,15210,225,3
3709,19974,303,3
3710,4003,217,1
3711,11307,431,3
3712,17108,149,3
3713,8111,453,2
3714,14380,20,2
3715,3024,357,4
3716,2398,121,4
3717,6257,486,1
3718,11566,18,2
3719,2831,475,2
3720,10516,204,4
3721,9379,16,1
3722,5767,253,2
3723,6022,107,1
3724,9870,22,1
3725,15745,305,3
3726,17380,229,1
3727,14872,322,3
3728,10795,181,4
3729,17472,53,1
3730,9678,31,1
3731,15103,279,3
3732,16093,489,1
3733,15706,463,3
3734,9710,30,3
3735,8069,142,3
3736,17465,444,3
3737,11188,164,3
3738,14561,122,1
3739,1191,261,4
3740,5889,486,2
3741,9132,104,2
3742,15473,101,3
3743,9947,379,2
3744,17607,250,2
3745,9503,213,4
3746,18254,199,3
3747,2240,180,1
3748,19463,487,4
3749,12393,144,2
3750,5819,66,1
3751,15673,254,1
3752,5000,326,2
3753,652,65,4
3754,1970,500,3
3755,1251,491,3
3756,17390,176,4
3757,698,186,3
3758,1337,359,2
3759,8333,84,4
3760,10442,237,4
3761,106,398,4
3762,13715,182,1
3763,11738,497,4
3764,16575,468,2
3765,19719,488,4
3766,6821,40,3
3767,2527,457,2
3768,15806,423,3
3769,17799,265,3
3770,16657,78,2
3771,3540,372,2
3772,8932,334,4
3773,19857,216,2
3774,10284,286,4
3775,14959,261,3
3776,8499,279,4
3777,8033,107,4
3778,1628,381,4
3779,6949,317,2
3780,15139,439,2
3781,17146,68,3
3782,6158,158,3
3783,3079,308,1
3784,16370,281,2
3785,16107,271,1
3786,1108,441,4
3787,16656,130,4
3788,11781,416,4
3789,12844,392,1
3790,13933,497,1
3791,13584,108,1
3792,17458,425,4
3793,1670,75,2
3794,10249,320,2
3795,19884,235,3
3796,16327,334,1
3797,10936,205,1
3798,14829,99,4
3799,5396,52,2
3800,15273,13,4
3801,8249,349,3
3802,16965,430,3
3803,17335,463,1
3804,9604,227,4
3805,6728,79,3
3806,6274,294,4
3807,16797,261,1
3808,13950,266,4
3809,5424,41,4
3810,6802,158,4
3811,4734,477,3
3812,9428,124,2
3813,17279,164,2
3814,3224,492,2
3815,6868,298,3
3816,17562,49,1
3817,18009,143,1
3818,7234,334,2
3819,6406,226,3
3820,9589,27,1
3821,14616,378,3
3822,6978,379,2
3823,19278,85,4
3824,15818,129,3
3825,8360,408,1
3826,12385,82,4
3827,9683,455,1
3828,7762,308,4
3829,94,449,2
3830,17663,346,4
3831,15302,85,3
3832,14635,104,3
3833,19487,225,1
3834,18814,265,4
3835,16124,315,1
3836,17312,140,4
3837,15520,144,2
3838,18902,373,4
3839,6472,287,1
3840,6216,45,2
3841,291,271,3
3842,14044,261,3
3843,7962,155,1
3844,1004,17,1
3845,10337,292,2
3846,17682,379,1
3847,19794,473,1
3848,11425,258,2
3849,1624,303,1
3850,9235,242,1
3851,12684,252,4
3852,6303,127,4
3853,14705,435,3
3854,19659,56,2
3855,19090,276,3
3856,13560,297,2
3857,2705,52,3
3858,14802,442,1
3859,15785,42,1
3860,15126,487,2
3861,8547,347,3
3862,2088,367,2
3863,1031,456,4
3864,4777,482,2
3865,14718,330,4
3866,4660,499,4
3867,12579,301,4
3868,12180,59,1
3869,14330,48,2
3870,9607,240,3
3871,2081,480,4
3872,15798,418,2
3873,1927,428,2
3874,6410,214,3
3875,1391,375,1
3876,13960,58,1
3877,7603,85,4
3878,9706,477,1
3879,10676,230,1
3880,5313,500,2
3881,13569,153,1
3882,13685,241,1
3883,18426,37,4
3884,18200,323,3
3885,2684,246,1
3886,9723,334,2
3887,449,418,3
3888,15471,125,2
3889,14457,159,1
3890,16374,164,3
3891,10878,244,3
3892,4,298,3
3893,12314,376,3
3894,7259,117,2
3895,9686,253,3
3896,3052,12,3
3897,16418,37,1
3898,10201,68,3
3899,16137,276,2
3900,1890,397,3
3901,11453,452,4
3902,4478,110,3
3903,3699,425,4
3904,1208,171,2
3905,17465,144,1
3906,15560,403,2
3907,15898,176,4
3908,14353,455,2
3909,18443,11,1
3910,1106,431,2
3911,16314,85,2
3912,2427,294,1
3913,17115,308,4
3914,14782,237,4
3915,7959,482,4
3916,10888,351,4
3917,19359,387,1
3918,2626,47,3
3919,15805,139,4
3920,9172,376,4
3921,680,492,4
3922,19800,140,2
3923,3618,389,3
3924,14346,108,1
3925,2335,409,1
3926,6221,252,1
3927,14650,111,3
3928,790,487,2
3929,316,255,4
3930,16639,258,2
3931,13557,84,2
3932,18030,381,2
3933,16228,366,4
3934,17836,10,2
3935,17796,48,1
3936,2591,13,4
3937,1401,3,3
3938,3311,296,4
3939,12362,65,4
3940,3619,41,4
3941,1356,188,3
3942,12838,28,3
3943,4872,390,1
3944,189,270,2
3945,15368,262,1
3946,15115,50,3
3947,2149,69,4
3948,4263,406,3
3949,12665,170,3
3950,17736,41,1
3951,740,188,2
3952,10083,470,2
3953,11011,224,2
3954,8517,206,4
3955,4288,166,3
3956,15881,237,2
3957,4607,102,3
3958,9159,36,2
3959,15011,264,2
3960,5534,156,3
3961,18618,131,3
3962,19998,461,2
3963,11414,264,4
3964,2739,198,1
3965,4538,149,4
3966,12039,330,1
3967,1717,318,3
3968,1105,409,3
3969,17703,447,1
3970,11629,50,3
3971,1613,222,2
3972,16108,56,4
3973,6021,195,2
3974,19111,113,1
3975,11504,48,3
3976,4571,67,1
3977,19583,408,2
3978,1833,201,3
3979,12143,380,2
3980,1183,156,4
3981,11808,101,2
3982,10450,285,4
3983,16793,393,1
3984,6870,441,3
3985,12747,379,4
3986,2494,471,2
3987,7398,311,4
3988,13019,48,4
3989,3809,58,2
3990,14702,331,3
3991,2537,163,4
3992,13296,491,4
3993,8287,402,2
3994,78,52,4
3995,1752,282,3
3996,15096,246,4
3997,12524,107,2
3998,4583,298,2
3999,15102,499,4
4000,11575,83,3
4001,16800,249,2
4002,9224,303,2
4003,18122,286,4
4004,16189,39,2
4005,19168,24,1
4006,11361,201,3
4007,7337,95,2
4008,14576,67,3
4009,17371,149,3
4010,11408,48,4
4011,1100,417,4
4012,7961,273,1
4013,10784,209,1
4014,10162,172,1
4015,9648,179,3
4016,2794,246,3
4017,11356,415,3
4018,18129,176,4
4019,5902,358,3
4020,13678,100,2
4021,1116,210,4
4022,16366,431,4
4023,13572,359,1
4024,15688,281,4
4025,19961,243,2
4026,8028,154,4
4027,5992,393,2
4028,11305,168,3
4029,9439,408,1
4030,13694,463,3
4031,5354,53,3
4032,17653,65,4
4033,4939,456,1
4034,16940,163,4
4035,6950,197,1
4036,1688,4,4
4037,14834,463,4
4038,14936,107,4
4039,3519,166,4
4040,12478,345,1
4041,2188,463,1
4042,5433,126,3
4043,17950,183,3
4044,9694,373,4
4045,3781,22,2
4046,10137,131,3
4047,7726,161,4
4048,19474,17,4
4049,13631,302,1
4050,2737,275,1
4051,11688,83,3
4052,4379,442,1
4053,18151,448,3
4054,9790,45,1
4055,11043,441,4
4056,8922,116,1
4057,7072,112,3
4058,16035,185,4
4059,9801,425,2
4060,3224,417,4
4061,14417,304,4
4062,12874,218,1
4063,7801,83,4
4064,10124,475,3
4065,14722,367,4
4066,1694,318,1
4067,13313,127,2
4068,1892,114,3
4069,17267,23,3
4070,10071,488,4
4071,19241,437,2
4072,15324,230,2
4073,17565,312,2
4074,15394,92,1
4075,7532,294,3
4076,11589,4,4
4077,10845,446,1
4078,16222,449,3
4079,8664,23,2
4080,9412,204,2
4081,11600,141,1
4082,16063,114,3
4083,6189,64,1
4084,9579,359,2
4085,7640,126,4
4086,14850,364,4
4087,5232,335,1
4088,14436,378,1
4089,10589,204,4
4090,4972,438,3
4091,12270,417,1
4092,1607,56,2
4093,16746,221,4
4094,18855,296,4
4095,1715,447,4
4096,3819,330,2
4097,19393,306,2
4098,14596,323,3
4099,2196,403,4
4100,7113,305,1
4101,2357,429,1
4102,17270,272,3
4103,17746,72,3
4104,12384,200,1
4105,1660,433,4
4106,18860,197,1
4107,2985,380,4
4108,4326,383,4
4109,621,84,1
4110,11568,217,1
4111,14444,294,4
4112,6492,254,1
4113,861,120,2
4114,8297,175,2
4115,10730,489,1
4116,13386,447,3
4117,5692,200,3
4118,14667,10,4
4119,9987,135,4
4120,17397,219,3
4121,3108,30,2
4122,9226,409,3
4123,17814,408,2
4124,11164,53,4
4125,4713,236,1
4126,3490,286,2
4127,2285,327,2
4128,10453,20,4
4129,2057,121,4
4130,5053,178,2
4131,4067,289,3
4132,4584,110,1
4133,4843,457,4
4134,14526,170,2
4135,11321,314,3
4136,6116,383,2
4137,19019,432,1
4138,1205,129,1
4139,6861,236,4
4140,5960,142,3
4141,4595,176,2
4142,9782,463,4
4143,58,254,3
4144,16426,278,2
4145,5662,291,1
4146,1846,495,4
4147,16824,18,1
4148,14468,186,4
4149,18142,368,3
4150,17705,442,4
4151,19304,136,4
4152,12772,131,4
4153,16768,88,1
4154,4791,283,1
4155,10891,58,1
4156,9041,23,4
4157,19389,241,4
4158,4166,452,4
4159,15844,281,3
4160,1386,122,1
4161,17361,259,3
4162,7147,336,3
4163,3856,358,4
4164,6621,18,4
4165,19417,390,1
4166,1373,4,3
4167,1953,313,2
4168,3598,328,1
4169,4481,43,3
4170,14117,205,1
4171,18300,101,4
4172,14059,326,3
4173,11269,422,2
4174,5900,440,1
4175,13342,400,3
4176,9340,143,4
4177,3325,224,1
4178,2866,264,4
4179,13847,419,3
4180,9450,232,4
4181,16920,168,3
4182,19190,420,4
4183,14777,19,4
4184,17480,230,3
4185,17228,131,3
4186,19082,326,2
4187,15729,328,1
4188,2278,488,3
4189,5872,285,4
4190,10385,441,4
4191,12525,152,4
4192,13430,331,4
4193,923,36,4
4194,8243,428,2
4195,15181,368,2
4196,13283,459,2
4197,19424,463,4
4198,19076,439,3
4199,3405,176,4
4200,19916,262,1
4201,5114,292,4
4202,8970,100,2
4203,3429,458,4
4204,16830,445,4
4205,8356,299,2
4206,5974,122,2
4207,12703,335,1
4208,1616,331,3
4209,814,483,3
4210,2042,255,3
4211,5501,179,1
4212,14619,403,2
4213,17975,497,2
4214,12447,451,3
4215,17208,300,1
4216,15547,362,2
4217,720,465,2
4218,16743,292,4
4219,12110,290,2
4220,4281,338,1
4221,12212,99,1
4222,2089,155,4
4223,4885,141,2
4224,4468,396,4
4225,8168,171,4
4226,6703,85,4
4227,704,46,3
4228,9829,332,3
4229,3507,142,3
4230,3904,292,1
4231,14864,362,1
4232,11129,240,3
4233,5971,138,4
4234,7035,74,2
4235,6608,96,3
4236,9408,416,2
4237,4176,110,3
4238,18059,264,1
4239,19927,173,3
4240,354,257,3
4241,2568,305,2
4242,3093,98,1
4243,19037,346,3
4244,3215,435,3
4245,10868,303,4
4246,18203,39,4
4247,7113,182,1
4248,15694,176,1
4249,15462,444,3
4250,10408,256,1
4251,13960,42,1
4252,8049,227,1
4253,13900,143,1
4254,8211,270,4
4255,10567,474,2
4256,14914,441,4
4257,14139,3,3
4258,5230,134,2
4259,17754,101,2
4260,12714,429,4
4261,9250,39,3
4262,12457,226,1
4263,17849,461,1
4264,11013,124,3
4265,18974,35,4
4266,13352,435,4
4267,15984,246,3
4268,2312,442,4
4269,11036,470,1
4270,14891,7,3
4271,98,266,1
4272,3095,420,2
4273,11617,421,4
4274,3228,180,4
4275,17956,358,2
4276,2277,9,1
4277,17707,189,3
4278,1478,309,2
4279,11083,192,4
4280,18026,422,1
4281,9403,38,2
4282,15706,334,2
4283,15895,483,1
4284,13463,86,4
4285,18414,123,3
4286,7589,495,4
4287,4908,369,3
4288,2098,256,2
4289,9160,244,3
4290,14432,224,3
4291,7721,332,3
4292,10625,298,1
4293,13333,1,1
4294,3167,256,1
4295,6560,203,1
4296,18637,489,4
4297,5017,430,4
4298,3790,52,1
4299,7002,73,3
4300,9110,70,2
4301,19727,137,3
4302,6449,171,4
4303,16678,97,4
4304,13117,496,4
4305,3249,2,4
4306,13602,94,2
4307,12670,496,1
4308,10167,133,1
4309,13699,238,3
4310,19546,8,2
4311,10855,268,3
4312,4674,87,3
4313,13464,363,3
4314,727,261,1
4315,15576,492,3
4316,1460,64,4
4317,9758,316,1
4318,7340,122,2
4319,4139,72,2
4320,8779,85,1
4321,10568,219,1
4322,2468,301,4
4323,243,255,3
4324,16996,288,1
4325,19553,293,4
4326,19010,130,3
4327,19292,164,2
4328,19600,439,4
4329,1802,262,1
4330,11016,218,2
4331,19501,481,4
4332,3319,234,4
4333,3871,256,4
4334,13790,413,1
4335,11389,116,2
4336,1077,220,1
4337,5800,252,1
4338,4905,37,4
4339,13998,349,4
4340,16426,219,3
4341,1572,122,4
4342,15637,254,4
4343,7619,264,3
4344,186,342,3
4345,18230,331,4
4346,8669,391,1
4347,12268,100,2
4348,7621,400,2
4349,3469,183,1
4350,6375,113,1
4351,22,107,2
4352,4390,470,3
4353,10716,127,4
4354,3359,433,4
4355,7483,357,1
4356,7752,207,4
4357,2067,34,2
4358,18487,264,2
4359,1088,234,1
4360,762,395,3
4361,15917,405,1
4362,9526,122,3
4363,18138,201,1
4364,15515,472,1
4365,2470,63,4
4366,7972,211,2
4367,9250,39,1
4368,12070,134,2
4369,16936,314,3
4370,17083,428,4
4371,9428,224,2
4372,5769,139,2
4373,18531,74,2
4374,17794,36,2
4375,8805,217,1
4376,6560,111,3
4377,9459,94,1
4378,6775,326,4
4379,16932,488,4
4380,2668,85,4
4381,6459,104,1
4382,6933,277,2
4383,7476,433,2
4384,7331,314,4
4385,13309,63,2
4386,19424,79,2
4387,15218,93,2
4388,7325,302,1
4389,13530,386,3
4390,16139,432,1
4391,547,479,1
4392,17326,292,1
4393,17645,437,4
4394,19016,247,3
4395,12662,161,1
4396,13005,227,3
4397,15775,258,3
4398,3701,89,3
4399,1897,433,1
4400,18429,192,3
4401,13653,429,2
4402,2975,193,2
4403,17106,156,3
4404,15956,394,2
4405,8996,216,1
4406,7635,311,4
4407,9716,345,4
4408,13298,428,3
4409,1036,99,1
4410,6395,247,3
4411,10304,29,2
4412,17088,353,4
4413,19745,229,2
4414,16163,339,1
4415,16282,403,4
4416,1427,13,3
4417,19747,352,2
4418,16744,235,1
4419,13302,128,2
4420,10144,163,3
4421,11990,327,2
4422,5294,154,3
4423,2134,205,1
4424,19290,370,2
4425,17743,174,1
4426,13305,483,3
4427,18306,417,2
4428,7429,443,1
4429,19764,322,4
4430,15739,61,3
4431,1228,457,2
4432,1286,424,1
4433,16804,97,2
4434,18395,364,3
4435,12171,426,2
4436,11257,201,2
4437,343,209,3
4438,12168,45,4
4439,8320,459,2
4440,13472,74,3
4441,2528,83,1
4442,12757,146,1
4443,2997,497,4
4444,7397,406,2
4445,17255,450,1
4446,8293,478,3
4447,16657,45,2
4448,12038,472,2
4449,16461,368,2
4450,15640,314,4
4451,6268,107,1
4452,8199,59,3
4453,8627,8,2
4454,4566,364,1
4455,240,197,4
4456,6275,234,3
4457,12147,255,3
4458,7665,334,1
4459,18453,115,4
4460,4241,193,3
4461,2180,51,1
4462,7477,253,1
4463,5278,48,3
4464,16831,106,3
4465,968,277,2
4466,18188,295,1
4467,11991,131,4
4468,13519,201,3
4469,6230,106,2
4470,43,173,4
4471,3764,446,1
4472,692,355,2
4473,10379,368,1
4474,14190,110,1
4475,2619,288,3
4476,4216,120,4
4477,3380,225,4
4478,10809,33,1
4479,1627,369,2
4480,7840,341,4
4481,6515,499,2
4482,9658,407,4
4483,18190,316,2
4484,14455,184,3
4485,8172,313,4
4486,3364,103,1
4487,18269,489,1
4488,15689,315,2
4489,9683,214,3
4490,5279,396,2
4491,4676,81,1
4492,11327,372,4
4493,14773,310,2
4494,7592,133,2
4495,16816,451,1
4496,1785,166,2
4497,2679,124,3
4498,6220,34,4
4499,6985,275,2
4500,19944,261,3
4501,6331,467,2
4502,2860,441,2
4503,9990,439,3
4504,9433,159,4
4505,19943,263,2
4506,13772,50,3
4507,13952,352,4
4508,14933,446,1
4509,45,60,2
4510,17914,258,2
4511,8325,403,4
4512,13903,419,2
4513,14981,161,2
4514,5817,108,4
4515,6165,176,3
4516,15252,134,4
4517,5628,212,1
4518,14671,217,4
4519,18127,383,4
4520,11245,97,1
4521,12535,190,1
4522,15288,348,4
4523,4406,408,2
4524,18118,481,4
4525,9149,374,4
4526,17500,426,2
4527,11794,230,4
4528,17799,120,4
4529,416,455,2
4530,4172,410,2
4531,18320,84,4
4532,12854,148,3
4533,11284,230,1
4534,19407,422,3
4535,3067,50,3
4536,9644,341,4
4537,2115,110,4
4538,19415,452,4
4539,18500,285,4
4540,6572,259,4
4541,7201,484,4
4542,3122,158,1
4543,12952,381,2
4544,15347,475,2
4545,7688,247,2
4546,15084,461,2
4547,17447,141,1
4548,15233,119,1
4549,3681,448,3
4550,927,469,3
4551,5112,280,4
4552,7110,378,1
4553,12521,69,2
4554,4802,464,1
4555,8600,433,1
4556,16866,190,3
4557,9788,146,1
4558,1520,347,4
4559,9495,353,4
4560,12956,383,2
4561,11562,440,3
4562,13734,80,4
4563,9461,169,1
4564,3446,259,1
4565,10556,484,4
4566,15781,262,2
4567,16721,290,1
4568,1840,189,4
4569,4473,34,3
4570,19402,343,2
4571,3038,409,3
4572,6815,206,2
4573,11028,420,1
4574,1287,431,4
4575,16294,465,2
4576,3363,69,3
4577,14526,482,4
4578,7201,478,4
4579,19142,318,1
4580,3827,73,3
4581,13994,477,2
4582,12191,174,2
4583,14668,106,1
4584,13190,182,3
4585,16111,368,4
4586,431,82,2
4587,6471,165,4
4588,7346,415,4
4589,16630,421,4
4590,3328,225,4
4591,17276,256,2
4592,8125,171,1
4593,18645,434,2
4594,4003,389,3
4595,13244,82,2
4596,9369,30,4
4597,1308,317,3
4598,18954,336,1
4599,5709,119,3
4600,17851,380,2
4601,946,61,3
4602,3936,450,4
4603,10753,347,1
4604,7357,13,1
4605,6953,173,3
4606,3853,336,3
4607,12957,255,3
4608,7106,201,3
4609,6759,340,3
4610,8383,448,1
4611,14953,116,1
4612,6445,369,4
4613,18909,188,1
4614,17540,423,4
4615,2773,82,4
4616,18934,282,1
4617,12356,464,3
4618,9932,292,2
4619,910,230,3
4620,4600,199,1
4621,8365,60,4
4622,547,334,1
4623,8152,244,1
4624,84,67,2
4625,18622,442,3
4626,15376,64,2
4627,10939,385,1
4628,3303,269,2
4629,1320,136,3
4630,8853,486,1
4631,17062,265,4
4632,5177,150,1
4633,1499,282,1
4634,13918,150,3
4635,18444,462,2
4636,19837,130,4
4637,4193,482,3
4638,7470,59,4
4639,7988,475,4
4640,5197,395,1
4641,8825,287,4
4642,10911,193,2
4643,14593,245,4
4644,9583,460,2
4645,19730,386,2
4646,1985,384,1
4647,16161,321,2
4648,12567,401,3
4649,7973,75,1
4650,18835,417,4
4651,4030,397,2
4652,5686,98,1
4653,15105,53,1
4654,272,162,3
4655,13040,131,4
4656,3860,307,3
4657,393,363,3
4658,19163,250,3
4659,5665,372,4
4660,12040,265,1
4661,9231,108,2
4662,15704,342,4
4663,1833,168,2
4664,8805,127,2
4665,9698,437,3
4666,2880,18,2
4667,3283,370,3
4668,5179,5,3
4669,15316,462,3
4670,17310,421,2
4671,16926,479,3
4672,16312,86,4
4673,289,91,2
4674,16055,177,3
4675,17501,291,2
4676,10369,241,4
4677,14965,228,1
4678,19717,180,4
4679,1166,79,3
4680,4368,175,2
4681,19586,89,3
4682,7610,485,1
4683,16146,423,1
4684,6326,199,4
4685,29,280,1
4686,9949,478,2
4687,18620,222,2
4688,838,16,2
4689,5769,214,1
4690,6577,17,3
4691,17726,176,4
4692,6367,98,1
4693,11701,404,4
4694,19080,316,2
4695,16008,387,2
4696,4130,335,2
4697,18832,336,4
4698,19829,134,4
4699,4946,346,2
4700,15067,167,3
4701,12158,497,4
4702,10500,296,3
4703,1686,374,3
4704,19204,389,3
4705,18463,117,4
4706,14396,123,2
4707,15743,315,3
4708,11880,218,4
4709,7316,377,4
4710,569,339,2
4711,5966,31,1
4712,19304,67,1
4713,10567,289,2
4714,15742,358,4
4715,9868,420,3
4716,9917,385,4
4717,7892,290,1
4718,8524,236,4
4719,9915,194,4
4720,6234,388,4
4721,16499,456,2
4722,11568,418,4
4723,12371,193,4
4724,13314,143,4
4725,4229,162,2
4726,18414,382,3
4727,5059,106,2
4728,11028,492,1
4729,10347,98,4
4730,7386,441,3
4731,12721,457,3
4732,280,52,3
4733,13393,351,1
4734,10500,128,1
4735,15751,401,2
4736,8284,210,2
4737,16275,401,4
4738,11808,322,4
4739,8395,8,4
4740,1184,452,3
4741,1499,326,1
4742,16500,400,1
4743,15380,492,3
4744,8162,40,2
4745,9372,352,2
4746,9211,129,2
4747,7207,199,1
4748,10284,95,1
4749,13357,165,4
4750,15254,407,2
4751,800,430,4
4752,10278,163,4
4753,3905,488,1
4754,7581,409,3
4755,10199,80,4
4756,11285,412,2
4757,7351,431,3
4758,10077,173,2
4759,11678,297,3
4760,13537,427,4
4761,9962,248,1
4762,9121,205,4
4763,18723,214,3
4764,5477,61,1
4765,10418,473,2
4766,1784,178,4
4767,10588,369,2
4768,2336,411,3
4769,19167,103,1
4770,13766,235,1
4771,9645,497,2
4772,16025,249,1
4773,1862,375,3
4774,9774,375,2
4775,18499,396,4
4776,18784,108,4
4777,3815,148,4
4778,10893,429,3
4779,2817,106,3
4780,7366,207,2
4781,7431,405,1
4782,10090,332,3
4783,8759,45,4
4784,1949,473,4
4785,4720,174,4
4786,1438,384,4
4787,16494,190,4
4788,16768,28,2
4789,4943,9,1
4790,7171,271,2
4791,4267,78,1
4792,8488,26,4
4793,11758,496,4
4794,17694,420,4
4795,15408,338,1
4796,15590,265,3
4797,15092,228,3
4798,10013,459,1
4799,1452,413,3
4800,11161,460,4
4801,17976,174,3
4802,5161,136,1
4803,15794,197,1
4804,1544,188,4
4805,12545,183,1
4806,19481,243,2
4807,2090,39,2
4808,14008,496,2
4809,17089,329,4
4810,8650,227,1
4811,9705,308,2
4812,13496,379,3
4813,7500,358,1
4814,1981,92,1
4815,13511,375,4
4816,13673,95,1
4817,12029,277,1
4818,16993,442,2
4819,10838,96,4
4820,1161,408,4
4821,12664,89,2
4822,1836,176,4
4823,6527,1,2
4824,19380,490,1
4825,11211,127,4
4826,5778,230,1
4827,11067,110,1
4828,11742,278,2
4829,1292,31,2
4830,16199,78,2
4831,8829,410,2
4832,16510,420,3
4833,17438,453,2
4834,13515,347,1
4835,13303,170,4
4836,17840,352,1
4837,602,232,2
4838,10553,214,3
4839,19555,212,1
4840,5718,428,1
4841,1981,443,3
4842,1108,49,3
4843,3670,159,2
4844,13289,310,3
4845,10885,203,2
4846,1837,129,1
4847,9344,490,1
4848,5384,381,3
4849,7172,158,1
4850,12420,193,3
4851,8167,90,2
4852,9216,207,3
4853,17302,236,4
4854,16384,46,2
4855,5828,370,3
4856,8244,276,3
4857,14085,174,2
4858,6338,357,4
4859,13465,277,4
4860,1967,230,2
4861,17947,108,3
4862,10584,322,3
4863,2312,398,3
4864,2338,94,1
4865,310,279,2
4866,5416,109,3
4867,331,175,4
4868,14089,199,1
4869,9234,262,1
4870,14022,10,3
4871,8603,411,2
4872,197,490,3
4873,17129,341,4
4874,958,87,2
4875,12617,126,2
4876,1155,249,4
4877,1085,300,2
4878,1858,67,2
4879,2906,173,3
4880,7588,33,2
4881,4904,459,3
4882,17594,60,2
4883,4030,466,4
4884,13446,423,3
4885,18403,34,1
4886,4779,305,2
4887,14493,437,1
4888,15109,361,2
4889,17917,6,2
4890,7710,48,4
4891,15172,357,4
4892,15081,22,3
4893,5311,364,3
4894,6073,317,2
4895,13884,173,3
4896,4793,38,1
4897,2789,440,4
4898,7576,249,4
4899,16324,75,4
4900,861,87,2
4901,4230,467,3
4902,14056,18,1
4903,793,70,4
4904,7894,347,3
4905,5240,327,2
4906,9140,451,2
4907,5418,422,3
4908,19927,335,3
4909,19076,268,2
4910,16449,141,4
4911,8535,461,3
4912,18040,165,4
4913,17893,244,3
4914,3375,409,1
4915,1405,425,2
4916,4413,412,3
4917,14061,3,4
4918,4050,9,1
4919,8445,299,1
4920,2415,21,3
4921,6808,434,3
4922,18486,487,2
4923,8543,45,1
4924,11284,276,1
4925,10491,198,1
4926,17654,77,4
4927,12897,464,1
4928,7879,400,4
4929,7440,405,3
4930,1346,288,2
4931,15744,444,1
4932,17417,385,1
4933,11770,24,1
4934,12719,287,3
4935,8999,391,3
4936,640,447,2
4937,6141,404,4
4938,9431,66,3
4939,7128,341,4
4940,8970,125,1
4941,755,106,4
4942,18193,357,3
4943,445,261,2
4944,1071,133,2
4945,1859,82,3
4946,18301,96,2
4947,13969,287,3
4948,12655,398,2
4949,13422,459,1
4950,273,458,4
4951,9332,341,4
4952,12319,232,2
4953,16552,335,4
4954,13332,434,4
4955,3488,204,2
4956,8203,429,3
4957,4770,192,4
4958,8828,490,2
4959,1582,305,3
4960,15265,13,3
4961,1963,127,1
4962,12895,464,4
4963,14670,231,2
4964,17554,441,4
4965,12777,210,2
4966,19358,437,1
4967,5839,89,1
4968,5270,332,2
4969,10705,202,4
4970,6905,238,2
4971,13226,34,3
4972,4008,259,3
4973,6889,465,2
4974,2864,292,4
4975,19590,192,2
4976,12541,475,3
4977,19231,312,3
4978,16456,182,2
4979,19574,372,4
4980,13687,500,1
4981,5084,119,2
4982,13914,386,4
4983,8461,139,3
4984,13622,212,1
4985,19972,105,1
4986,4850,500,3
4987,15359,83,3
4988,1410,138,1
4989,11188,210,1
4990,10682,426,1
4991,7086,491,2
4992,10186,288,4
4993,3010,1,4
4994,16669,186,4
4995,5672,223,3
4996,5359,238,1
4997,7945,121,1
4998,16772,299,4
4999,6028,497,3
5000,14685,6,1
5001,14039,220,4
5002,4425,406,3
5003,15132,263,2
5004,910,477,3
5005,12641,24,2
5006,18695,7,1
5007,15157,470,2
5008,13676,333,1
5009,15333,274,2
5010,810,18,3
5011,18881,102,3
5012,10061,178,1
5013,216,75,1
5014,16253,423,3
5015,6057,419,3
5016,8434,40,2
5017,15847,125,2
5018,9202,488,3
5019,16094,66,2
5020,3145,116,2
5021,180,353,1
5022,10158,204,1
5023,6256,126,1
5024,14451,150,4
5025,9812,191,3
5026,5744,252,2
5027,13104,333,2
5028,6421,9,3
5029,15651,443,3
5030,13204,103,1
5031,13825,153,1
5032,9222,263,4
5033,17342,95,3
5034,7112,468,4
5035,15063,461,3
5036,13626,261,1
5037,2216,441,2
5038,2994,237,1
5039,2718,303,2
5040,3854,434,1
5041,2497,478,2
5042,9008,316,2
5043,8621,437,2
5044,2672,15,1
5045,2724,2,4
5046,14766,358,2
5047,5887,306,1
5048,7477,9,3
5049,5122,496,4
5050,1530,166,2
5051,6890,285,3
5052,6513,295,4
5053,4589,99,3
5054,19208,326,3
5055,4684,141,3
5056,11631,95,2
5057,10463,193,1
5058,5366,334,2
5059,3785,369,2
5060,4963,266,1
5061,1494,448,1
5062,9409,15,1
5063,17920,259,3
5064,1261,316,1
5065,1838,492,4
5066,7997,441,2
5067,9104,277,1
5068,15860,375,3
5069,11225,108,1
5070,3271,377,1
5071,5352,207,4
5072,13279,423,4
5073,1701,194,1
5074,7327,68,1
5075,16031,310,3
5076,9335,403,4
5077,11623,322,2
5078,6139,478,3
5079,4621,138,3
5080,18960,100,2
5081,5824,280,4
5082,2667,78,4
5083,4185,348,2
5084,13364,120,4
5085,17455,187,1
5086,236,43,4
5087,2448,499,4
5088,19396,157,4
5089,1028,423,4
5090,7037,59,1
5091,787,138,3
5092,14858,92,4
5093,18411,107,2
5094,19424,365,4
5095,10368,329,4
5096,7058,333,4
5097,18353,110,4
5098,13347,283,4
5099,3961,21,3
5100,621,108,1
5101,3789,289,2
5102,452,27,4
5103,16852,8,2
5104,14119,205,3
5105,2528,67,2
5106,9589,212,4
5107,7665,141,2
5108,9841,421,4
5109,16876,408,2
5110,18301,321,3
5111,6649,443,4
5112,15596,107,1
5113,17198,104,4
5114,12994,89,1
5115,19358,246,1
5116,686,190,4
5117,3458,106,2
5118,14339,119,4
5119,19406,209,1
5120,16244,330,4
5121,19628,132,3
5122,11471,470,2
5123,14870,116,2
5124,8211,313,1
5125,8178,88,4
5126,19360,45,3
5127,3283,309,4
5128,3966,134,3
5129,10470,123,3
5130,9803,265,4
5131,7662,148,4
5132,4403,160,2
5133,12640,25,3
5134,9749,115,3
5135,3037,189,3
5136,5788,16,2
5137,19681,414,4
5138,6735,128,4
5139,12392,396,1
5140,6398,308,2
5141,2704,253,3
5142,5602,119,3
5143,2654,43,3
5144,958,474,2
5145,5330,268,4
5146,18747,281,1
5147,8929,181,4
5148,719,128,1
5149,18930,263,1
5150,5585,447,3
5151,15310,330,1
5152,10101,200,2
5153,14612,329,2
5154,10749,408,2
5155,11949,405,1
5156,13595,484,3
5157,6051,16,1
5158,19263,172,1
5159,8139,180,2
5160,18034,410,1
5161,17031,86,4
5162,16880,194,1
5163,13331,303,3
5164,573,49,3
5165,18603,269,1
5166,5567,330,2
5167,19051,197,4
5168,3329,262,3
5169,322,315,4
5170,14782,62,2
5171,12490,433,2
5172,779,308,2
5173,9640,89,1
5174,2594,7,3
5175,19283,7,1
5176,18969,19,1
5177,19229,463,3
5178,14265,228,3
5179,3367,243,2
5180,16568,198,3
5181,2445,233,4
5182,4642,66,3
5183,7454,28,3
5184,8252,338,3
5185,2233,119,3
5186,2118,131,3
5187,10143,449,4
5188,10847,226,1
5189,15890,489,2
5190,4847,146,1
5191,9558,432,2
5192,8634,160,3
5193,7210,35,1
5194,13581,187,2
5195,15600,65,4
5196,19701,248,1
5197,19668,114,4
5198,19237,220,1
5199,5182,184,2
5200,19129,494,2
5201,18133,240,3
5202,12714,50,1
5203,18218,199,4
5204,6274,476,4
5205,16030,480,3
5206,13784,425,2
5207,7585,165,3
5208,9161,188,2
5209,13181,290,1
5210,6649,166,2
5211,8798,267,2
5212,17346,294,2
5213,16073,54,3
5214,2850,107,4
5215,19587,117,1
5216,14538,210,1
5217,16546,94,4
5218,11992,294,2
5219,6476,213,3
5220,6251,478,1
5221,5741,297,2
5222,6716,104,4
5223,13382,367,2
5224,10654,190,2
5225,1483,487,2
5226,7443,220,4
5227,13647,325,3
5228,19949,279,2
5229,76,295,2
5230,17927,180,3
5231,18334,474,2
5232,3627,234,2
5233,5887,342,4
5234,2510,447,3
5235,7877,109,4
5236,13912,246,4
5237,8091,410,1
5238,4950,4,1
5239,276,318,4
5240,4606,335,2
5241,10653,26,4
5242,5447,419,2
5243,16947,311,1
5244,12920,360,1
5245,7960,86,4
5246,14950,33,4
5247,18008,229,4
5248,18569,349,3
5249,6186,208,4
5250,10953,111,3
5251,16456,395,3
5252,17507,349,2
5253,9536,373,1
5254,9482,262,2
5255,4138,418,3
5256,5662,335,3
5257,10702,211,4
5258,10686,192,3
5259,13523,180,3
5260,11321,349,1
5261,12154,5,2
5262,374,351,2
5263,8311,47,4
5264,15695,456,1
5265,16701,460,3
5266,16943,50,3
5267,14741,370,1
5268,8965,322,1
5269,9809,191,4
5270,18806,107,3
5271,5748,310,1
5272,17521,236,3
5273,18840,261,4
5274,15067,25,3
5275,10575,135,4
5276,2010,97,2
5277,18123,393,2
5278,16334,291,4
5279,13222,200,1
5280,5089,186,1
5281,2882,153,2
5282,4517,399,1
5283,11519,274,3
5284,4579,36,1
5285,12468,468,2
5286,8446,65,4
5287,18335,171,4
5288,224,393,3
5289,1548,2,2
5290,10296,436,2
5291,14280,457,3
5292,9821,328,4
5293,18516,370,3
5294,15890,173,2
5295,14033,136,1
5296,4926,165,1
5297,18180,222,3
5298,7432,321,1
5299,327,421,1
5300,12667,428,4
5301,7652,196,1
5302,3704,227,3
5303,10182,285,4
5304,12346,283,1
5305,12802,299,4
5306,5019,72,1
5307,17631,372,1
5308,10290,424,1
5309,2055,334,3
5310,6463,22,1
5311,6679,373,2
5312,18277,222,4
5313,5368,174,1
5314,16021,158,3
5315,9943,158,1
5316,15648,273,3
5317,2200,493,2
5318,14741,464,3
5319,7508,322,3
5320,11742,475,2
5321,15898,375,1
5322,18054,478,3
5323,17597,60,1
5324,17501,396,1
5325,11076,12,3
5326,19491,496,3
5327,6149,299,3
5328,10132,423,1
5329,10556,46,1
5330,18915,43,4
5331,17030,294,3
5332,8669,170,4
5333,14749,134,1
5334,9321,57,3
5335,17396,431,3
5336,14468,51,1
5337,19094,207,2
5338,12296,362,1
5339,2735,160,2
5340,14188,186,2
5341,11672,87,1
5342,7496,328,2
5343,15510,398,2
5344,4414,339,2
5345,4625,275,2
5346,4889,469,4
5347,9429,215,3
5348,5682,267,2
5349,7585,254,2
5350,2642,459,4
5351,2852,470,1
5352,18324,181,2
5353,927,209,2
5354,1145,215,4
5355,12433,11,3
5356,17496,179,3
5357,12973,337,3
5358,7568,346,4
5359,8941,396,4
5360,5383,428,1
5361,11017,367,3
5362,98,71,2
5363,133,461,4
5364,17165,59,4
5365,19949,411,4
5366,10106,100,2
5367,15143,95,3
5368,15163,495,3
5369,2049,125,3
5370,4188,303,4
5371,3622,67,1
5372,6313,244,3
5373,7434,135,1
5374,4708,297,2
5375,690,271,2
5376,12772,167,1
5377,7712,480,4
5378,5231,435,4
5379,4767,260,2
5380,7609,235,2
5381,3966,259,2
5382,16591,266,4
5383,8185,37,1
5384,10617,400,4
5385,5269,394,2
5386,9619,56,2
5387,4531,365,4
5388,9073,327,4
5389,17249,330,1
5390,6483,337,1
5391,13900,194,4
5392,6945,108,4
5393,3203,99,1
5394,10412,229,2
5395,16204,274,1
5396,4441,236,2
5397,13101,382,1
5398,9403,352,2
5399,10669,313,4
5400,5680,179,4
5401,15236,52,4
5402,4433,151,1
5403,15002,70,1
5404,15788,325,4
5405,18786,264,1
5406,1961,193,2
5407,14055,324,1
5408,2157,24,4
5409,644,18,2
5410,6842,370,3
5411,7486,266,1
5412,440,406,1
5413,17751,119,3
5414,17989,16,4
5415,8703,299,3
5416,88,409,3
5417,2742,262,1
5418,1713,281,3
5419,9832,177,1
5420,12584,342,4
5421,12193,272,3
5422,14160,499,3
5423,4654,318,3
5424,3407,347,1
5425,14583,477,3
5426,2080,222,1
5427,11381,371,1
5428,6793,136,1
5429,9523,171,2
5430,775,39,1
5431,1667,490,1
5432,10637,53,4
5433,11521,197,1
5434,1947,413,3
5435,11434,396,4
5436,5866,131,1
5437,17720,87,2
5438,6546,91,1
5439,13335,391,2
5440,16916,302,3
5441,16332,425,4
5442,6918,71,1
5443,4454,420,1
5444,5013,37,4
5445,1444,326,2
5446,13451,267,2
5447,10157,359,3
5448,4877,114,4
5449,2341,420,2
5450,19106,461,3
5451,11760,466,3
5452,15654,114,3
5453,13856,154,1
5454,5156,199,4
5455,5200,476,2
5456,15435,37,1
5457,19684,22,4
5458,2034,322,1
5459,6015,230,3
5460,8440,44,2
5461,2055,159,1
5462,7205,46,4
5463,13343,100,1
5464,4178,317,1
5465,397,473,4
5466,18573,180,4
5467,7523,168,3
5468,17081,210,4
5469,15391,119,2
5470,14893,269,4
5471,14960,268,3
5472,4437,24,3
5473,11431,230,2
5474,6231,71,3
5475,4742,386,3
5476,6401,11,2
5477,13877,262,4
5478,6611,211,1
5479,1889,456,1
5480,6280,70,4
5481,2931,37,2
5482,8149,393,3
5483,10889,363,3
5484,6537,80,1
5485,8426,153,4
5486,4225,488,1
5487,1181,45,2
5488,11861,94,3
5489,11267,250,1
5490,16496,493,4
5491,2930,210,2
5492,5855,44,2
5493,5648,35,3
5494,9268,392,4
5495,19500,407,1
5496,1806,406,1
5497,4629,268,2
5498,1691,74,3
5499,11064,171,3
5500,19618,419,1
5501,8204,177,2
5502,7510,72,3
5503,8554,9,4
5504,14019,296,1
5505,12223,197,2
5506,12236,458,4
5507,5660,458,4
5508,15716,359,1
5509,2061,344,4
5510,3211,82,1
5511,3100,397,3
5512,3864,345,4
5513,15774,296,4
5514,11722,248,4
5515,18734,69,4
5516,12817,288,4
5517,19244,361,2
5518,14507,374,1
5519,8116,421,3
5520,2184,15,1
5521,2530,205,2
5522,16683,265,3
5523,12551,404,4
5524,18225,476,2
5525,12544,479,3
5526,12422,372,3
5527,19760,98,4
5528,18197,221,3
5529,7891,430,1
5530,12766,280,2
5531,7445,239,4
5532,12202,328,4
5533,9714,477,4
5534,16144,343,3
5535,12026,310,3
5536,18817,14,3
5537,5342,300,3
5538,4395,167,4
5539,3614,111,1
5540,4630,138,3
5541,2899,490,1
5542,10504,459,1
5543,5369,341,4
5544,3505,325,3
5545,1262,111,4
5546,14683,351,2
5547,12651,492,4
5548,12786,378,4
5549,272,189,1
5550,10543,136,3
5551,19058,483,4
5552,5729,81,1
5553,19405,445,1
5554,4688,440,2
5555,3480,216,4
5556,1317,314,4
5557,3258,324,2
5558,19182,337,3
5559,9060,488,4
5560,12659,144,3
5561,18305,21,2
5562,6800,434,3
5563,17353,40,2
5564,16833,347,3
5565,4597,285,3
5566,3796,256,4
5567,22,88,3
5568,1577,72,2
5569,7084,284,1
5570,13451,168,3
5571,14783,168,2
5572,13557,340,1
5573,16388,417,1
5574,5585,246,4
5575,4265,189,1
5576,6633,131,2
5577,6864,378,2
5578,8404,258,4
5579,5269,148,1
5580,14543,48,2
5581,13622,445,3
5582,7600,363,3
5583,3743,295,2
5584,17506,67,4
5585,6724,157,4
5586,15524,130,4
5587,3094,300,2
5588,3091,26,3
5589,9835,225,1
5590,10563,229,2
5591,13724,222,1
5592,10126,179,4
5593,5995,25,2
5594,11556,252,3
5595,18877,296,4
5596,3083,445,1
5597,18097,349,1
5598,16055,304,2
5599,6725,126,4
5600,11223,198,4
5601,1900,418,1
5602,15556,17,4
5603,18049,295,3
5604,6310,182,2
5605,7996,370,3
5606,729,484,4
5607,15614,184,1
5608,17648,192,4
5609,12442,44,4
5610,10231,285,3
5611,4485,129,2
5612,17131,47,4
5613,9399,341,3
5614,13845,454,3
5615,6239,50,4
5616,5349,321,1
5617,18058,80,1
5618,5145,394,4
5619,8709,102,1
5620,18840,90,4
5621,673,456,1
5622,2392,236,1
5623,19532,492,3
5624,4407,203,2
5625,10935,305,1
5626,18106,414,4
5627,11278,500,3
5628,19690,217,1
5629,16842,266,2
5630,1887,306,2
5631,1229,276,2
5632,19685,200,2
5633,12181,397,1
5634,12504,164,4
5635,470,444,2
5636,4784,36,2
5637,11951,227,1
5638,19049,261,1
5639,19845,462,3
5640,8050,214,1
5641,5866,149,4
5642,14346,473,4
5643,8991,60,4
5644,10847,406,3
5645,15566,195,3
5646,7223,424,2
5647,4495,55,4
5648,1332,222,2
5649,5020,183,2
5650,19900,279,3
5651,1480,185,2
5652,19739,323,2
5653,12584,168,3
5654,17069,305,3
5655,7558,409,2
5656,4795,138,3
5657,15376,496,3
5658,10985,327,1
5659,14482,409,4
5660,13932,216,4
5661,14439,293,4
5662,9216,50,4
5663,163,467,4
5664,7222,256,3
5665,17347,127,1
5666,12419,39,2
5667,6018,236,2
5668,4430,376,3
5669,7168,245,2
5670,11025,236,1
5671,11410,33,2
5672,1505,154,2
5673,13301,403,3
5674,15559,103,1
5675,12432,215,1
5676,18388,344,3
5677,9360,170,2
5678,7956,12,3
5679,17145,371,1
5680,6431,43,4
5681,17070,242,1
5682,19758,371,4
5683,16190,483,2
5684,8503,135,4
5685,31,122,3
5686,11217,147,3
5687,16425,20,1
5688,847,178,3
5689,10700,209,2
5690,19107,14,4
5691,2905,348,1
5692,9438,32,3
5693,6583,500,4
5694,53,367,1
5695,16750,57,1
5696,5077,248,3
5697,2856,466,3
5698,3159,282,4
5699,7845,336,1
5700,18131,42,1
5701,9349,302,2
5702,9791,162,4
5703,6310,145,4
5704,6982,120,4
5705,10697,9,1
5706,18370,278,1
5707,6664,190,4
5708,4785,213,1
5709,17331,128,3
5710,2419,488,3
5711,11102,80,2
5712,11885,169,1
5713,7622,98,3
5714,16083,213,2
5715,2286,242,2
5716,17115,461,1
5717,2769,11,4
5718,10323,372,3
5719,4314,472,4
5720,16496,392,1
5721,6869,163,1
5722,10738,414,4
5723,11562,318,1
5724,13532,10,1
5725,5747,137,1
5726,18849,374,3
5727,6592,470,2
5728,89,477,3
5729,15115,455,4
5730,9046,113,3
5731,11612,280,3
5732,8830,171,4
5733,19397,424,3
5734,484,481,4
5735,6663,109,3
5736,12088,386,2
5737,4678,458,3
5738,19353,291,2
5739,5773,377,2
5740,3958,152,1
5741,6725,180,1
5742,2682,428,4
5743,4121,212,3
5744,18978,466,3
5745,11333,290,1
5746,7966,355,4
5747,4984,232,4
5748,1611,245,3
5749,10098,204,4
5750,17079,449,4
5751,19576,364,1
5752,11672,153,3
5753,16694,79,1
5754,230,275,3
5755,5318,500,3
5756,5036,374,3
5757,18481,228,3
5758,13264,135,4
5759,10637,50,1
5760,9436,59,2
5761,6395,147,4
5762,11987,203,4
5763,18683,270,4
5764,812,113,3
5765,9391,476,1
5766,9788,401,3
5767,19048,348,3
5768,9897,261,2
5769,7424,160,2
5770,11930,437,1
5771,14859,286,4
5772,10017,149,3
5773,10449,479,1
5774,5525,197,4
5775,4148,421,4
5776,3939,83,1
5777,15509,202,4
5778,8527,204,1
5779,722,200,4
5780,9900,494,2
5781,13237,398,2
5782,18594,342,3
5783,3524,452,3
5784,17171,158,2
5785,10737,116,3
5786,12713,133,1
5787,17195,283,4
5788,5665,334,1
5789,16641,33,1
5790,803,380,3
5791,19111,117,4
5792,12640,252,4
5793,4785,133,1
5794,3899,150,2
5795,9134,222,1
5796,19132,344,1
5797,17236,441,3
5798,13039,130,2
5799,16428,416,2
5800,10445,314,2
5801,15432,475,3
5802,18135,242,3
5803,18567,436,2
5804,7971,195,3
5805,10989,237,2
5806,19350,391,4
5807,6971,447,2
5808,19757,391,2
5809,11467,156,4
5810,772,88,3
5811,5072,382,2
5812,8538,280,2
5813,7922,285,4
5814,5505,231,3
5815,15579,172,4
5816,132,223,1
5817,7874,52,2
5818,5097,71,4
5819,13168,264,3
5820,9252,483,2
5821,11571,282,4
5822,4388,41,3
5823,8883,47,3
5824,3012,456,2
5825,2449,487,1
5826,12102,204,1
5827,8124,86,2
5828,16262,418,2
5829,4959,283,4
5830,13036,391,3
5831,15382,274,1
5832,7265,131,4
5833,7566,75,2
5834,13155,181,1
5835,16955,192,2
5836,14103,51,2
5837,18982,201,2
5838,10780,440,1
5839,10893,220,3
5840,1121,454,2
5841,4607,448,1
5842,11673,304,1
5843,1580,370,3
5844,18545,378,2
5845,5402,188,2
5846,10476,32,2
5847,892,359,2
5848,12931,143,2
5849,15129,355,1
5850,13602,416,1
5851,18229,372,3
5852,523,31,3
5853,13001,403,3
5854,10315,391,1
5855,4891,54,4
5856,11795,252,4
5857,13368,123,1
5858,12437,27,4
5859,1062,124,2
5860,3351,191,4
5861,5827,377,1
5862,10151,316,4
5863,1714,7,2
5864,15333,242,2
5865,7149,437,3
5866,13618,33,3
5867,3096,482,2
5868,1254,252,4
5869,18601,66,3
5870,7144,97,1
5871,19602,32,3
5872,7567,369,4
5873,6868,264,3
5874,18612,129,3
5875,427,2,4
5876,12283,281,3
5877,7290,138,1
5878,9324,165,4
5879,12460,210,1
5880,4011,318,4
5881,13669,168,2
5882,18206,479,1
5883,5568,136,2
5884,6601,341,2
5885,18574,125,1
5886,14297,42,3
5887,2648,355,3
5888,17153,289,3
5889,2943,16,4
5890,9332,266,3
5891,16723,56,4
5892,6597,404,2
5893,10861,225,3
5894,2319,88,3
5895,3794,282,4
5896,18110,154,1
5897,18123,443,1
5898,8395,253,1
5899,5628,148,4
5900,19516,338,3
5901,8130,433,3
5902,10293,128,3
5903,15658,54,2
5904,16210,482,3
5905,11395,99,1
5906,12671,251,3
5907,13060,385,2
5908,19081,111,4
5909,6080,466,3
5910,19765,443,2
5911,14100,52,3
5912,13824,375,1
5913,14262,97,4
5914,10605,260,2
5915,11421,446,1
5916,11813,291,4
5917,16524,231,4
5918,11535,114,4
5919,18066,94,4
5920,11581,168,3
5921,2503,365,4
5922,11080,249,2
5923,8734,211,3
5924,12561,216,4
5925,14462,5,4
5926,19772,123,3
5927,4231,377,4
5928,2491,160,1
5929,16005,129,3
5930,1723,106,4
5931,8026,238,4
5932,16480,203,3
5933,16306,324,4
5934,11236,143,4
5935,13107,456,2
5936,11810,160,4
5937,11721,343,1
5938,19573,115,1
5939,9459,301,4
5940,7287,120,3
5941,5981,221,3
5942,6538,207,3
5943,17607,145,2
5944,4299,203,2
5945,5704,347,1
5946,11741,200,4
5947,6628,394,3
5948,15075,451,2
5949,2068,232,4
5950,13869,30,4
5951,59,322,4
5952,6569,130,4
5953,2285,98,1
5954,3442,131,1
5955,5728,111,2
5956,3632,140,1
5957,19765,248,3
5958,11447,126,1
5959,5980,113,2
5960,1957,493,1
5961,8522,309,3
5962,17931,29,1
5963,6826,173,3
5964,11909,35,1
5965,1936,476,3
5966,7412,64,4
5967,16020,288,1
5968,17884,419,2
5969,6109,159,1
5970,13483,291,2
5971,2586,127,4
5972,4066,346,2
5973,12201,349,2
5974,15373,284,1
5975,16773,372,1
5976,6299,172,3
5977,6111,41,3
5978,7520,303,1
5979,4487,61,3
5980,1059,142,1
5981,19798,387,4
5982,2891,414,2
5983,19512,129,3
5984,1819,283,3
5985,7458,183,2
5986,14654,325,1
5987,1143,257,2
5988,15166,271,4
5989,9982,413,2
5990,18782,267,1
5991,3992,408,1
5992,6220,93,3
5993,6609,220,1
5994,18202,350,3
5995,16316,397,1
5996,12308,193,4
5997,13188,366,1
5998,12230,404,4
5999,12280,442,2
6000,807,374,4
6001,1615,256,1
6002,7580,302,2
6003,14229,426,3
6004,18038,443,3
6005,14689,22,3
6006,7163,345,4
6007,10796,471,4
6008,17962,447,2
6009,1784,412,2
6010,4997,145,3
6011,9680,183,1
6012,3021,461,2
6013,10458,251,1
6014,9849,251,1
6015,1288,491,4
6016,9975,22,3
6017,16248,211,1
6018,9271,210,4
6019,6953,364,2
6020,15987,216,1
6021,15251,69,1
6022,10711,324,1
6023,7156,329,1
6024,1212,218,4
6025,5997,368,3
6026,6030,433,3
6027,14636,301,2
6028,10875,88,2
6029,7497,297,2
6030,14787,395,1
6031,4825,445,3
6032,10189,238,2
6033,16560,24,4
6034,9207,168,4
6035,9640,142,4
6036,6580,170,3
6037,736,11,4
6038,11847,249,4
6039,11477,367,1
6040,14007,29,4
6041,4251,243,1
6042,13592,160,2
6043,8121,183,2
6044,14754,249,1
6045,11777,250,4
6046,7473,100,3
6047,7705,286,1
6048,5221,21,2
6049,5673,396,4
6050,19757,269,1
6051,8156,401,4
6052,12420,13,4
6053,12552,94,3
6054,4910,498,2
6055,19633,297,4
6056,1125,280,1
6057,18921,349,4
6058,4955,69,2
6059,15517,288,4
6060,12928,221,4
6061,4967,293,4
6062,6005,413,1
6063,19505,178,3
6064,2220,300,1
6065,8360,368,1
6066,18608,475,3
6067,19570,59,1
6068,13117,156,4
6069,7447,137,3
6070,8938,145,4
6071,4509,105,4
6072,7346,137,3
6073,17121,42,3
6074,13409,378,2
6075,17395,257,1
6076,3557,55,3
6077,2970,100,1
6078,12786,406,4
6079,5617,67,2
6080,5099,238,3
6081,5589,427,2
6082,4141,305,3
6083,15361,60,2
6084,7644,372,2
6085,19323,80,4
6086,14237,280,2
6087,19669,339,3
6088,974,9,2
6089,9467,356,2
6090,17640,265,4
6091,2678,15,3
6092,917,255,1
6093,9993,194,3
6094,5669,405,1
6095,12267,456,1
6096,18265,445,2
6097,4644,99,3
6098,11257,257,2
6099,10702,472,3
6100,8319,97,4
6101,19305,486,1
6102,19074,339,2
6103,17289,264,4
6104,13808,294,2
6105,4810,286,4
6106,18650,487,4
6107,11541,59,3
6108,15172,222,3
6109,19684,171,3
6110,10561,376,2
6111,8222,80,2
6112,1222,247,1
6113,1309,398,2
6114,11546,402,3
6115,17509,38,4
6116,12056,192,4
6117,2189,278,4
6118,13396,383,3
6119,17081,384,2
6120,9393,38,4
6121,10235,388,3
6122,5563,310,3
6123,13402,14,4
6124,18459,271,1
6125,8068,165,2
6126,2856,134,1
6127,13449,8,1
6128,8967,248,2
6129,12106,427,1
6130,5737,241,1
6131,7167,53,4
6132,13713,329,3
6133,3467,35,4
6134,10261,347,4
6135,4039,488,2
6136,18761,264,3
6137,3294,491,2
6138,19830,318,3
6139,14359,179,4
6140,1173,73,1
6141,12604,389,3
6142,13310,69,3
6143,11553,229,2
6144,12923,67,1
6145,11320,393,4
6146,7442,495,3
6147,1789,222,1
6148,13672,323,2
6149,9904,266,4
6150,14309,463,1
6151,9023,118,2
6152,8548,289,2
6153,19270,117,4
6154,5392,181,4
6155,9418,418,3
6156,9218,280,1
6157,12740,9,1
6158,9740,405,4
6159,8228,405,1
6160,17382,34,3
6161,17353,387,3
6162,4141,275,3
6163,6009,464,1
6164,2936,321,1
6165,9889,6,1
6166,19557,352,1
6167,675,393,2
6168,16602,326,4
6169,2489,212,2
6170,2129,86,1
6171,10742,470,2
6172,999,266,2
6173,9442,138,1
6174,3507,485,1
6175,17963,450,3
6176,8848,426,4
6177,14574,129,2
6178,4467,234,2
6179,18782,77,1
6180,5078,280,2
6181,13896,448,3
6182,1385,29,2
6183,5830,393,1
6184,12834,406,3
6185,9020,95,3
6186,19430,113,4
6187,11686,300,4
6188,9437,234,4
6189,1125,39,3
6190,6244,283,4
6191,14922,157,4
6192,14142,485,1
6193,13951,128,4
6194,14795,496,1
6195,6142,5,2
6196,1032,275,4
6197,17397,368,4
6198,6628,100,2
6199,3246,71,3
6200,10357,38,1
6201,237,49,4
6202,35,267,2
6203,8985,317,1
6204,12090,179,3
6205,8676,373,2
6206,10353,297,3
6207,1690,490,1
6208,10492,185,3
6209,11307,233,1
6210,12661,166,3
6211,13723,421,2
6212,2137,26,3
6213,15289,41,4
6214,15373,312,4
6215,5767,86,4
6216,15617,482,2
6217,6947,352,3
6218,15483,153,4
6219,3304,406,1
6220,17011,179,4
6221,6465,143,4
6222,9471,468,3
6223,13196,360,3
6224,11195,444,4
6225,15136,406,1
6226,4077,452,2
6227,19220,97,1
6228,12619,111,4
6229,15055,363,3
6230,8099,297,4
6231,17750,487,3
6232,15025,464,2
6233,2924,278,4
6234,9913,489,1
6235,17178,337,1
6236,19215,223,2
6237,1754,160,1
6238,4859,82,4
6239,16719,285,1
6240,3559,196,1
6241,5803,405,3
6242,11347,55,3
6243,6408,47,4
6244,16366,478,2
6245,2125,362,4
6246,9833,221,4
6247,15540,58,2
6248,13698,249,1
6249,14603,234,3
6250,8978,215,2
6251,14309,209,2
6252,2452,297,4
6253,16742,16,3
6254,14241,37,3
6255,4605,99,4
6256,11795,214,2
6257,19675,118,1
6258,4635,465,2
6259,18487,175,3
6260,9140,479,2
6261,15532,465,3
6262,15917,440,1
6263,7441,488,2
6264,2892,171,1
6265,17945,98,4
6266,6076,73,2
6267,7382,201,1
6268,17454,153,1
6269,14291,164,4
6270,3637,493,2
6271,5082,276,2
6272,16468,462,1
6273,11189,391,2
6274,16608,466,3
6275,2338,27,1
6276,6889,54,2
6277,1248,82,3
6278,15381,162,4
6279,12593,493,3
6280,17762,397,3
6281,11665,241,1
6282,16760,354,2
6283,4795,245,1
6284,8039,66,2
6285,19343,488,3
6286,7312,152,1
6287,10120,127,2
6288,1106,469,1
6289,18612,418,4
6290,18681,283,3
6291,16641,75,1
6292,3332,449,4
6293,546,248,2
6294,17374,76,2
6295,8407,110,3
6296,14739,483,1
6297,4468,433,3
6298,6489,168,2
6299,12145,391,2
6300,14205,144,3
6301,12907,372,2
6302,12418,433,3
6303,16187,232,1
6304,5055,432,1
6305,14974,280,2
6306,9634,480,2
6307,5642,309,3
6308,4467,46,1
6309,16521,470,4
6310,942,279,4
6311,8579,129,1
6312,16133,139,1
6313,13459,448,4
6314,12536,497,1
6315,8419,490,3
6316,18485,82,2
6317,18533,180,2
6318,969,100,3
6319,12816,10,3
6320,18058,40,1
6321,16293,462,3
6322,8707,490,3
6323,16665,297,1
6324,15075,405,3
6325,15384,21,1
6326,2444,429,3
6327,10337,43,3
6328,18298,432,1
6329,19974,22,1
6330,11335,328,2
6331,17736,338,1
6332,14243,434,4
6333,4260,20,1
6334,9882,70,1
6335,12245,91,1
6336,6807,289,3
6337,3595,179,4
6338,1021,65,1
6339,14053,162,2
6340,5654,142,1
6341,19568,185,3
6342,953,324,1
6343,10000,424,4
6344,15048,110,3
6345,9207,412,4
6346,5268,79,2
6347,6976,143,2
6348,11142,229,3
6349,4386,274,3
6350,9413,100,3
6351,15085,420,4
6352,8880,117,4
6353,6045,307,4
6354,14525,96,2
6355,12812,367,2
6356,4059,188,2
6357,11806,434,4
6358,16569,313,4
6359,14264,471,3
6360,18725,234,2
6361,18627,67,3
6362,13292,153,3
6363,17762,366,1
6364,1983,466,2
6365,14551,149,3
6366,10452,458,4
6367,12998,111,4
6368,18727,222,3
6369,8225,434,3
6370,12578,146,2
6371,19970,196,4
6372,18590,469,1
6373,17001,134,4
6374,3844,295,1
6375,12122,185,4
6376,1046,467,4
6377,8559,296,1
6378,9004,383,1
6379,12856,42,4
6380,9047,442,1
6381,18372,323,3
6382,1942,385,1
6383,18716,274,1
6384,15465,346,3
6385,4606,40,4
6386,19262,164,2
6387,11570,459,4
6388,18153,175,3
6389,6992,289,3
6390,782,141,2
6391,9875,351,4
6392,257,142,3
6393,18101,281,2
6394,13109,157,1
6395,4154,128,2
6396,18748,150,3
6397,3735,219,2
6398,5758,403,2
6399,3773,201,3
6400,13557,89,4
6401,9896,116,2
6402,5378,297,3
6403,2624,202,1
6404,11873,365,3
6405,5218,186,3
6406,19949,28,1
6407,8761,221,3
6408,9182,13,2
6409,904,423,3
6410,4634,396,4
6411,17348,494,2
6412,590,476,2
6413,19355,395,4
6414,17076,417,4
6415,8795,259,2
6416,5620,131,2
6417,18486,52,4
6418,8632,98,4
6419,1756,212,1
6420,18619,290,4
6421,9954,140,1
6422,6568,495,2
6423,1807,215,1
6424,9975,11,4
6425,11750,278,4
6426,5305,61,1
6427,3557,216,2
6428,1618,347,1
6429,9958,368,4
6430,14060,199,1
6431,795,444,3
6432,2661,131,2
6433,8921,135,2
6434,6732,249,1
6435,2071,235,4
6436,12475,179,3
6437,9861,103,1
6438,8980,357,1
6439,12188,187,2
6440,6561,124,3
6441,10383,168,1
6442,13490,416,2
6443,18987,15,4
6444,11030,145,4
6445,16354,299,1
6446,7852,389,2
6447,19488,290,3
6448,14576,54,2
6449,631,48,2
6450,14256,125,3
6451,18486,409,3
6452,11378,248,2
6453,10077,326,3
6454,7642,156,4
6455,19476,394,4
6456,6705,213,2
6457,19354,418,4
6458,16887,141,1
6459,9164,328,3
6460,19828,339,1
6461,12495,63,3
6462,8042,385,2
6463,8816,47,1
6464,8240,338,3
6465,18751,395,4
6466,9892,448,4
6467,18015,489,1
6468,2935,188,1
6469,12774,337,3
6470,17808,306,3
6471,7147,330,2
6472,19169,304,1
6473,12491,298,2
6474,14073,433,2
6475,19080,225,2
6476,19961,207,1
6477,19872,422,1
6478,2399,163,2
6479,17011,151,1
6480,18838,206,1
6481,19129,53,2
6482,17400,9,4
6483,1393,199,4
6484,16249,350,4
6485,5084,130,1
6486,12708,36,4
6487,876,79,3
6488,11118,172,3
6489,2706,251,4
6490,6078,204,1
6491,4718,81,2
6492,17870,147,4
6493,12774,43,2
6494,7842,360,3
6495,7693,125,1
6496,16480,298,1
6497,4874,377,3
6498,11550,439,3
6499,16771,386,2
6500,8546,220,1
6501,5067,377,2
6502,16138,187,4
6503,4320,10,3
6504,18018,493,2
6505,14043,297,3
6506,14231,294,3
6507,3093,147,3
6508,4032,40,4
6509,8562,35,3
6510,13291,319,1
6511,19833,75,4
6512,19295,72,2
6513,13613,140,1
6514,15202,167,4
6515,830,323,2
6516,19778,380,2
6517,3723,49,3
6518,5148,40,4
6519,2285,328,4
6520,1290,260,1
6521,16038,155,4
6522,18768,301,4
6523,11778,362,3
6524,19167,342,3
6525,6604,132,1
6526,5283,182,4
6527,17789,394,2
6528,16060,400,1
6529,9830,452,1
6530,17963,236,2
6531,10944,431,4
6532,10017,365,4
6533,5130,490,1
6534,14104,73,1
6535,16610,383,1
6536,6703,339,3
6537,18869,224,3
6538,19564,372,4
6539,4951,52,2
6540,4737,451,4
6541,8511,287,4
6542,5472,2,3
6543,15757,229,4
6544,6696,264,4
6545,13265,73,1
6546,6948,224,1
6547,19559,268,3
6548,4870,36,2
6549,6042,353,3
6550,18999,497,4
6551,4593,321,3
6552,9199,41,2
6553,9965,167,1
6554,12981,419,2
6555,18682,65,4
6556,15563,411,2
6557,6992,392,3
6558,4529,259,1
6559,4296,477,4
6560,8588,498,3
6561,8248,276,4
6562,4283,312,3
6563,12527,239,1
6564,19821,64,1
6565,12821,325,3
6566,18811,479,4
6567,4377,185,4
6568,15777,494,2
6569,8393,428,3
6570,19782,187,4
6571,10172,15,2
6572,2418,353,1
6573,10531,91,4
6574,4219,286,2
6575,9962,301,1
6576,5398,183,2
6577,19411,316,3
6578,10561,102,4
6579,8976,6,4
6580,1896,40,3
6581,11922,204,3
6582,10577,190,1
6583,3100,372,3
6584,7123,79,3
6585,1548,424,2
6586,8736,171,4
6587,16564,17,2
6588,6132,227,4
6589,16904,87,2
6590,6771,381,2
6591,9944,137,2
6592,11886,426,1
6593,1843,454,3
6594,18032,441,2
6595,15062,329,1
6596,13464,90,3
6597,18945,101,1
6598,12826,194,2
6599,7902,485,4
6600,33,404,4
6601,11296,421,1
6602,4739,345,2
6603,18021,442,4
6604,19764,190,2
6605,11688,474,3
6606,822,270,4
6607,3942,17,2
6608,4277,281,3
6609,3410,213,2
6610,15382,496,2
6611,19414,131,3
6612,16421,368,3
6613,608,473,4
6614,18439,431,1
6615,12600,160,2
6616,13857,147,4
6617,2084,115,4
6618,11127,44,4
6619,19561,260,2
6620,18376,310,2
6621,8862,248,1
6622,4799,113,4
6623,1082,281,3
6624,1695,187,1
6625,739,334,2
6626,13981,150,2
6627,15918,411,3
6628,7931,168,4
6629,13914,435,1
6630,10853,149,3
6631,19598,189,3
6632,10759,70,3
6633,9670,486,2
6634,7109,397,2
6635,8197,33,2
6636,3764,433,4
6637,709,225,4
6638,6843,489,1
6639,12063,56,1
6640,5784,302,4
6641,9288,15,2
6642,19729,421,4
6643,1588,151,1
6644,1664,177,4
6645,13315,376,4
6646,8877,382,4
6647,15416,119,4
6648,13795,394,3
6649,2139,75,3
6650,15139,230,1
6651,12148,460,1
6652,12323,205,1
6653,4365,496,4
6654,14888,212,4
6655,17295,109,2
6656,755,193,3
6657,17837,453,2
6658,18873,312,2
6659,10918,23,2
6660,18694,142,3
6661,14398,300,4
6662,4155,149,2
6663,3597,250,1
6664,18096,469,2
6665,9819,431,3
6666,6506,208,4
6667,7573,411,1
6668,18095,442,2
6669,16627,439,3
6670,4626,376,4
6671,15324,220,1
6672,9830,196,1
6673,1044,280,4
6674,6892,60,4
6675,13460,146,4
6676,12465,28,1
6677,4907,372,3
6678,18756,351,2
6679,17023,319,1
6680,15844,169,3
6681,15394,478,3
6682,11037,67,3
6683,7249,178,2
6684,14312,283,4
6685,14072,267,4
6686,19838,122,3
6687,10559,409,3
6688,16961,105,2
6689,1268,484,3
6690,4396,274,2
6691,4141,122,2
6692,10890,335,3
6693,17369,66,1
6694,9689,288,1
6695,12388,296,1
6696,10334,414,4
6697,4062,345,3
6698,2564,183,4
6699,13702,316,4
6700,2675,156,1
6701,10723,487,1
6702,11266,234,2
6703,11771,461,1
6704,2025,441,4
6705,19081,212,3
6706,18899,365,4
6707,1727,18,3
6708,9687,396,2
6709,2056,9,4
6710,7603,318,2
6711,13634,336,3
6712,4065,444,2
6713,7631,293,4
6714,16944,480,3
6715,9077,263,3
6716,17895,401,2
6717,13511,390,1
6718,18616,471,2
6719,3872,280,3
6720,13604,295,4
6721,11889,59,2
6722,3541,328,1
6723,10811,36,3
6724,676,307,2
6725,2344,290,3
6726,12443,96,1
6727,3058,112,2
6728,9321,289,2
6729,14142,372,1
6730,11220,49,1
6731,1306,136,3
6732,17205,201,2
6733,18541,10,1
6734,13516,293,3
6735,11956,421,1
6736,2171,211,1
6737,1787,273,4
6738,12126,107,3
6739,13284,200,4
6740,525,431,3
6741,10832,19,1
6742,13333,253,2
6743,11265,202,4
6744,3885,432,4
6745,17867,477,1
6746,18613,250,4
6747,6909,482,4
6748,6004,347,4
6749,12714,174,1
6750,8717,81,2
6751,9733,487,1
6752,10240,350,3
6753,2089,313,3
6754,16949,400,3
6755,2247,401,4
6756,17385,188,3
6757,6371,424,2
6758,18594,171,3
6759,3033,224,1
6760,10804,66,2
6761,19762,64,1
6762,19527,471,1
6763,4411,36,3
6764,1273,235,3
6765,17098,123,2
6766,7495,429,3
6767,12507,7,3
6768,5751,463,4
6769,17179,285,3
6770,6410,255,2
6771,15451,390,2
6772,7927,273,4
6773,3854,130,4
6774,11310,87,4
6775,10333,297,4
6776,10256,335,2
6777,18419,324,2
6778,14344,197,3
6779,7109,303,2
6780,1316,443,4
6781,3041,153,1
6782,16959,355,3
6783,17313,420,3
6784,1672,378,3
6785,14976,242,4
6786,14104,107,1
6787,10118,463,1
6788,18270,466,2
6789,15489,385,3
6790,15344,4,1
6791,2440,219,2
6792,8800,99,2
6793,12713,306,3
6794,2229,419,1
6795,699,402,2
6796,8043,452,1
6797,6294,316,2
6798,1388,478,2
6799,8562,177,1
6800,7084,180,4
6801,3929,217,1
6802,11560,142,3
6803,288,298,2
6804,5663,5,3
6805,14859,355,4
6806,14433,365,1
6807,19147,428,1
6808,8052,408,1
6809,19348,469,1
6810,3172,221,1
6811,5931,147,4
6812,10684,355,4
6813,7115,235,2
6814,5703,4,3
6815,17812,235,1
6816,560,51,4
6817,2195,377,1
6818,10743,422,3
6819,4961,158,2
6820,5358,34,4
6821,6352,382,3
6822,8958,291,1
6823,19083,257,2
6824,3863,111,2
6825,17908,426,2
6826,1049,106,4
6827,19333,371,3
6828,2180,55,1
6829,17678,440,3
6830,3291,130,4
6831,16995,170,2
6832,523,176,4
6833,12267,345,1
6834,10928,209,3
6835,7096,432,1
6836,9825,15,4
6837,12666,470,1
6838,15855,200,3
6839,1849,68,1
6840,16434,121,3
6841,10461,375,3
6842,16692,130,1
6843,19590,178,2
6844,5022,274,4
6845,2470,464,2
6846,18217,228,4
6847,249,135,4
6848,10012,253,3
6849,7446,17,1
6850,5859,133,4
6851,13248,371,3
6852,17465,299,2
6853,14718,498,4
6854,12434,146,1
6855,3614,4,2
6856,2570,110,4
6857,769,106,3
6858,3360,481,1
6859,13696,240,3
6860,5791,494,4
6861,9710,38,3
6862,4498,444,1
6863,1743,100,3
6864,13699,21,2
6865,14351,199,3
6866,11978,8,2
6867,11001,53,3
6868,751,475,3
6869,2920,434,1
6870,19800,31,1
6871,13989,353,1
6872,11291,106,3
6873,15403,456,1
6874,9032,351,4
6875,5051,68,3
6876,5146,181,2
6877,7904,83,2
6878,2124,267,3
6879,11633,20,3
6880,3718,47,1
6881,6227,269,2
6882,8110,115,3
6883,5602,7,2
6884,6631,315,1
6885,6553,216,4
6886,4994,156,1
6887,16400,328,4
6888,7791,346,2
6889,11201,166,1
6890,13569,275,1
6891,3034,226,4
6892,6515,82,2
6893,10130,44,1
6894,7950,456,2
6895,12612,359,1
6896,1925,102,2
6897,8009,280,2
6898,10253,237,3
6899,13008,279,3
6900,19354,405,3
6901,15126,156,3
6902,18826,352,1
6903,13399,209,4
6904,12688,224,1
6905,7799,473,4
6906,7209,327,1
6907,15035,304,2
6908,6740,384,2
6909,11692,203,1
6910,13941,473,2
6911,9375,86,2
6912,18694,375,1
6913,2636,455,1
6914,13491,238,1
6915,6439,343,4
6916,13303,86,3
6917,447,462,4
6918,13322,399,1
6919,11745,150,2
6920,6548,7,2
6921,9492,99,4
6922,16033,254,1
6923,5167,310,3
6924,5078,260,4
6925,19751,416,4
6926,9110,195,4
6927,13143,56,1
6928,11720,115,1
6929,3038,14,4
6930,9757,162,2
6931,19670,117,4
6932,15615,233,4
6933,15994,264,1
6934,457,33,4
6935,11595,294,1
6936,2686,73,3
6937,8692,127,2
6938,14733,431,4
6939,12028,176,3
6940,3445,34,4
6941,18136,109,1
6942,18613,476,1
6943,10168,286,3
6944,5433,226,1
6945,18326,85,1
6946,3117,398,2
6947,9412,83,4
6948,13554,255,3
6949,16731,291,4
6950,16965,482,3
6951,3239,92,1
6952,16549,266,4
6953,3318,404,4
6954,11438,295,1
6955,10895,171,4
6956,2315,309,1
6957,8895,369,3
6958,18893,218,2
6959,3711,404,1
6960,4551,262,3
6961,5710,70,4
6962,3304,275,4
6963,2650,155,1
6964,19191,385,2
6965,13946,307,4
6966,10847,224,2
6967,10702,418,1
6968,15126,196,4
6969,10711,55,2
6970,18645,428,3
6971,13879,412,3
6972,15874,409,3
6973,6610,15,2
6974,18102,139,3
6975,3747,214,3
6976,3347,179,2
6977,18271,67,4
6978,2516,68,3
6979,5913,4,4
6980,13710,372,1
6981,3930,12,3
6982,4368,134,2
6983,17404,173,1
6984,4034,333,3
6985,19091,145,1
6986,6043,78,1
6987,15987,315,2
6988,2474,99,2
6989,18972,358,4
6990,1279,70,3
6991,1813,442,4
6992,12527,333,4
6993,14298,92,3
6994,11836,282,2
6995,6769,55,2
6996,4876,110,3
6997,5861,66,4
6998,8179,317,4
6999,9675,356,1
7000,12308,371,1
7001,17140,21,4
7002,3474,244,4
7003,769,364,2
7004,5552,410,4
7005,4956,123,1
7006,9086,45,4
7007,19959,500,4
7008,17607,385,4
7009,15137,319,4
7010,674,71,3
7011,1606,265,4
7012,9831,197,1
7013,8929,336,4
7014,2668,195,4
7015,1444,430,3
7016,6790,365,3
7017,12215,237,1
7018,11181,167,1
7019,16386,494,3
7020,11007,289,2
7021,4053,397,2
7022,7507,295,2
7023,9979,423,4
7024,14902,21,4
7025,14339,227,3
7026,9496,147,1
7027,19509,94,3
7028,8509,409,1
7029,1506,284,2
7030,16805,89,4
7031,18509,469,4
7032,14309,384,3
7033,8411,328,1
7034,9748,112,1
7035,16478,366,2
7036,17223,357,2
7037,3148,381,4
7038,15905,332,2
7039,2410,165,3
7040,10821,63,2
7041,11195,158,1
7042,18583,169,2
7043,10454,226,1
7044,7982,261,4
7045,19146,14,1
7046,18174,478,4
7047,19189,476,1
7048,11322,448,4
7049,7546,240,4
7050,15480,78,1
7051,11457,150,2
7052,6480,68,2
7053,10889,329,1
7054,9166,234,3
7055,4904,459,2
7056,19751,456,2
7057,18313,104,4
7058,16778,234,2
7059,4797,158,3
7060,10616,204,2
7061,7616,189,3
7062,1189,189,4
7063,16322,374,4
7064,1855,180,2
7065,16413,111,2
7066,13813,369,2
7067,10154,491,3
7068,8071,359,1
7069,10326,468,1
7070,14560,408,3
7071,10580,454,1
7072,10990,295,3
7073,5765,249,4
7074,10819,196,3
7075,10689,420,1
7076,7431,196,4
7077,14016,462,1
7078,14254,136,3
7079,19532,499,4
7080,6584,366,3
7081,572,271,2
7082,7862,479,2
7083,9186,382,1
7084,1993,200,2
7085,17898,471,2
7086,6250,468,1
7087,14490,393,3
7088,6142,71,2
7089,11795,449,4
7090,13220,78,1
7091,5086,76,1
7092,19871,18,1
7093,11681,379,3
7094,13616,238,4
7095,1010,379,2
7096,9050,459,3
7097,9153,125,2
7098,6288,450,2
7099,4322,301,4
7100,12317,401,2
7101,9646,129,4
7102,9569,82,1
7103,6134,328,4
7104,1575,177,4
7105,14684,98,3
7106,17899,323,2
7107,9225,397,1
7108,11387,89,1
7109,14487,253,1
7110,5986,421,3
7111,1434,430,2
7112,17301,186,3
7113,1989,215,3
7114,1734,478,3
7115,14829,444,2
7116,19161,116,1
7117,14625,142,2
7118,3739,2,3
7119,1029,463,3
7120,15935,497,3
7121,15585,20,3
7122,11102,440,4
7123,1498,427,4
7124,16147,246,3
7125,3829,42,1
7126,15984,450,3
7127,5771,204,2
7128,14383,311,2
7129,2842,495,3
7130,6255,256,2
7131,15484,228,1
7132,19325,163,4
7133,1385,288,1
7134,10882,143,2
7135,10666,358,3
7136,14004,208,1
7137,6418,278,2
7138,14172,216,2
7139,9746,423,4
7140,15101,457,3
7141,849,206,1
7142,8562,484,3
7143,8514,97,4
7144,1258,446,2
7145,14323,213,2
7146,12146,451,4
7147,8640,129,2
7148,9024,60,4
7149,19856,114,4
7150,8344,466,1
7151,11538,302,4
7152,2886,118,4
7153,18522,35,4
7154,5812,244,4
7155,18481,431,2
7156,17927,398,4
7157,15013,116,4
7158,4160,292,3
7159,16011,318,4
7160,15483,132,2
7161,2724,229,3
7162,3173,486,3
7163,14631,64,2
7164,873,272,2
7165,177,384,1
7166,13249,432,2
7167,5447,75,1
7168,9032,89,2
7169,7506,209,3
7170,6563,248,2
7171,18592,310,2
7172,16647,240,4
7173,15488,420,1
7174,6062,24,2
7175,15314,208,2
7176,652,340,3
7177,6323,22,4
7178,5975,202,1
7179,2292,69,4
7180,11832,211,3
7181,2685,445,2
7182,5301,209,1
7183,16514,130,1
7184,15059,414,3
7185,8685,158,2
7186,9158,231,3
7187,2478,202,2
7188,19386,431,2
7189,18470,300,2
7190,19515,435,4
7191,15339,249,4
7192,12775,395,4
7193,2574,192,1
7194,14641,243,2
7195,18547,210,1
7196,9139,250,2
7197,19062,265,3
7198,7206,249,2
7199,1200,394,2
7200,752,132,4
7201,11612,122,1
7202,1926,104,1
7203,13519,102,1
7204,7053,493,3
7205,12024,130,2
7206,15595,444,4
7207,11276,395,1
7208,13938,379,4
7209,2925,207,2
7210,1226,444,1
7211,8301,470,4
7212,12433,57,1
7213,908,372,2
7214,3814,141,2
7215,6515,155,1
7216,18099,411,4
7217,14094,113,3
7218,17524,286,4
7219,536,207,1
7220,9274,190,3
7221,9800,434,2
7222,9015,275,2
7223,11590,104,4
7224,11530,395,4
7225,16568,489,1
7226,17693,226,2
7227,8730,312,4
7228,16265,176,3
7229,12761,401,1
7230,15324,470,1
7231,729,97,4
7232,18235,327,1
7233,16202,29,4
7234,12737,3,3
7235,3794,4,1
7236,19706,56,2
7237,10925,495,1
7238,6152,158,4
7239,16629,79,1
7240,9902,36,2
7241,5612,184,3
7242,10784,266,4
7243,5167,234,4
7244,17174,107,3
7245,19524,27,2
7246,18237,426,3
7247,11258,345,3
7248,11708,84,1
7249,16504,115,4
7250,12333,13,3
7251,13292,142,1
7252,18380,474,4
7253,19659,309,3
7254,16722,177,1
7255,12923,248,2
7256,10467,141,3
7257,980,453,3
7258,17461,119,1
7259,2119,224,3
7260,3428,341,3
7261,6956,405,1
7262,454,252,3
7263,16257,465,2
7264,2510,266,3
7265,2818,70,1
7266,4699,35,3
7267,7033,453,1
7268,11121,199,3
7269,12128,450,4
7270,1316,248,1
7271,2182,83,1
7272,12377,260,2
7273,8002,301,2
7274,5899,381,3
7275,6048,19,1
7276,5014,144,4
7277,4022,57,4
7278,15774,85,2
7279,7416,3,1
7280,12711,221,3
7281,6250,262,4
7282,17196,224,2
7283,12371,154,4
7284,5063,259,4
7285,5486,113,3
7286,7536,228,3
7287,18897,306,3
7288,5097,65,3
7289,10336,275,2
7290,3200,52,1
7291,12535,316,4
7292,17207,26,1
7293,16204,179,1
7294,10330,327,4
7295,445,201,2
7296,18067,91,3
7297,2839,29,4
7298,18164,268,4
7299,11074,378,1
7300,4660,102,2
7301,2879,486,2
7302,15494,186,3
7303,17232,207,4
7304,5347,423,1
7305,16032,191,4
7306,4836,412,4
7307,10745,7,4
7308,19278,287,1
7309,4088,422,4
7310,4273,321,1
7311,672,197,2
7312,16430,318,2
7313,14857,369,4
7314,13619,406,3
7315,413,13,1
7316,11096,176,1
7317,13490,167,2
7318,14947,249,4
7319,18059,417,3
7320,5534,181,1
7321,727,108,1
7322,13385,477,1
7323,365,171,1
7324,11095,174,3
7325,3504,305,4
7326,7278,279,4
7327,5336,217,4
7328,13694,207,4
7329,13840,339,2
7330,19864,131,1
7331,18973,491,2
7332,8093,147,3
7333,14216,231,4
7334,11427,143,1
7335,2372,185,2
7336,13569,264,1
7337,14034,342,3
7338,4861,94,4
7339,7860,344,4
7340,14265,241,1
7341,4489,369,1
7342,14878,91,3
7343,1065,391,1
7344,4752,313,4
7345,10872,303,2
7346,1410,81,2
7347,6040,128,4
7348,7710,355,2
7349,8281,440,2
7350,15665,74,1
7351,790,449,3
7352,19705,379,3
7353,10371,416,1
7354,11242,312,1
7355,2292,334,3
7356,3810,119,1
7357,5800,69,4
7358,4161,270,3
7359,6105,204,4
7360,13597,296,2
7361,7073,317,2
7362,18725,293,2
7363,9851,384,3
7364,11269,472,3
7365,2373,157,2
7366,1986,115,2
7367,4979,426,3
7368,13445,171,2
7369,15870,396,3
7370,88,183,4
7371,9461,341,4
7372,15578,337,1
7373,10109,278,2
7374,13471,154,1
7375,14020,166,2
7376,4118,9,1
7377,11807,480,4
7378,19816,358,3
7379,14444,7,4
7380,5578,238,1
7381,8733,489,3
7382,18916,76,3
7383,16707,190,4
7384,7908,447,4
7385,544,31,2
7386,4807,452,1
7387,13958,233,4
7388,6272,356,4
7389,396,396,3
7390,16884,485,1
7391,19092,370,3
7392,10775,456,4
7393,16237,426,2
7394,5713,29,1
7395,18219,384,1
7396,10133,33,2
7397,5670,202,1
7398,1373,189,3
7399,3031,112,4
7400,7044,271,4
7401,10344,235,3
7402,2966,232,1
7403,2147,41,1
7404,6721,322,1
7405,18533,40,2
7406,4871,84,3
7407,163,68,1
7408,8202,335,4
7409,5445,465,2
7410,12384,194,4
7411,2481,457,2
7412,14099,490,4
7413,18673,287,4
7414,4444,498,3
7415,549,113,2
7416,1962,381,2
7417,9932,86,3
7418,2832,313,3
7419,14040,349,3
7420,13854,57,3
7421,4811,207,4
7422,14933,178,1
7423,1696,151,4
7424,12468,245,1
7425,6153,474,3
7426,17420,398,1
7427,94,480,1
7428,13463,352,2
7429,14147,255,2
7430,7468,115,4
7431,17221,83,3
7432,15473,383,3
7433,15813,493,2
7434,16959,329,1
7435,17919,36,4
7436,6933,485,3
7437,14776,125,2
7438,5058,340,4
7439,2821,32,1
7440,10464,206,3
7441,13128,185,3
7442,18587,454,1
7443,3754,219,2
7444,18413,128,1
7445,6536,181,4
7446,18311,26,2
7447,19857,277,4
7448,15580,275,4
7449,9395,148,4
7450,2901,141,2
7451,9330,264,3
7452,1051,296,4
7453,7379,64,3
7454,6918,25,2
7455,19575,483,2
7456,19872,292,1
7457,15088,225,4
7458,14866,442,4
7459,3223,65,4
7460,4005,219,3
7461,13378,425,3
7462,7445,353,3
7463,2879,148,2
7464,7816,112,4
7465,15244,430,3
7466,13595,412,4
7467,15054,239,2
7468,18558,282,1
7469,17080,376,2
7470,11335,295,3
7471,1889,99,3
7472,14189,52,2
7473,16711,493,1
7474,14705,279,3
7475,7888,1,4
7476,7916,384,4
7477,18068,271,2
7478,10854,243,2
7479,12162,242,1
7480,12993,461,2
7481,3173,220,2
7482,8268,76,3
7483,5625,204,4
7484,13742,45,4
7485,14654,475,2
7486,8593,260,2
7487,11447,490,4
7488,18381,282,2
7489,9599,447,2
7490,16130,289,1
7491,10969,300,1
7492,12527,350,4
7493,18221,13,1
7494,4814,46,3
7495,5532,428,2
7496,18073,202,3
7497,16787,214,3
7498,16151,289,4
7499,16713,133,2
7500,8221,454,3
7501,14563,162,3
7502,7871,248,4
7503,15217,38,2
7504,18926,460,1
7505,15812,486,4
7506,9574,59,3
7507,5096,28,3
7508,931,61,4
7509,9864,274,3
7510,15319,335,1
7511,9569,185,1
7512,1924,134,3
7513,19426,396,4
7514,6713,96,1
7515,6496,35,2
7516,12595,308,3
7517,7634,409,2
7518,4583,86,4
7519,19258,444,2
7520,17027,56,4
7521,11706,213,4
7522,16857,354,2
7523,8422,191,1
7524,7462,247,3
7525,10128,194,1
7526,17638,41,3
7527,11890,74,1
7528,7198,334,1
7529,7796,316,2
7530,11127,378,4
7531,12922,312,3
7532,3670,310,1
7533,7994,185,2
7534,3820,313,1
7535,2185,375,3
7536,14448,57,2
7537,9350,14,4
7538,9875,214,2
7539,1629,43,4
7540,1962,318,1
7541,16191,376,4
7542,15686,35,1
7543,13706,264,2
7544,15026,364,2
7545,13771,110,3
7546,16261,460,2
7547,6125,31,4
7548,19826,204,3
7549,7571,200,3
7550,18654,149,3
7551,19630,441,3
7552,19521,390,1
7553,181,459,3
7554,17782,264,1
7555,8588,416,4
7556,15263,447,3
7557,6752,468,4
7558,4997,389,4
7559,5171,79,4
7560,17572,363,2
7561,2234,468,3
7562,2019,56,2
7563,19208,9,3
7564,12511,490,4
7565,13957,326,2
7566,11355,188,4
7567,2063,225,3
7568,16989,69,2
7569,1919,223,4
7570,10955,31,1
7571,19011,23,3
7572,8655,136,3
7573,6177,152,2
7574,14259,218,2
7575,6408,65,2
7576,13279,401,3
7577,13001,327,2
7578,3022,58,4
7579,3566,409,2
7580,13933,270,2
7581,4116,169,4
7582,19757,338,2
7583,480,295,2
7584,1431,420,2
7585,9056,100,2
7586,9829,190,3
7587,14632,403,2
7588,16804,452,1
7589,4246,430,1
7590,7297,62,3
7591,19310,209,4
7592,3278,274,3
7593,4150,486,4
7594,12583,245,3
7595,16314,163,3
7596,8630,77,4
7597,15840,306,3
7598,11964,425,2
7599,18374,90,1
7600,15488,29,3
7601,8731,430,4
7602,17744,5,1
7603,7556,188,1
7604,15891,347,1
7605,10166,7,2
7606,19316,177,3
7607,1866,186,4
7608,4779,249,4
7609,1880,226,2
7610,5941,293,4
7611,13473,226,3
7612,15862,259,2
7613,1702,186,3
7614,6558,141,1
7615,9130,453,3
7616,3209,127,3
7617,678,331,2
7618,2785,218,4
7619,8658,147,1
7620,16694,437,2
7621,9573,357,2
7622,14375,222,3
7623,11443,276,2
7624,17846,219,1
7625,8344,213,2
7626,4171,169,4
7627,3494,465,4
7628,4121,132,1
7629,14274,368,2
7630,16472,344,2
7631,1282,372,3
7632,15013,280,1
7633,946,288,2
7634,6625,346,1
7635,10075,320,2
7636,1469,295,4
7637,889,54,2
7638,3779,409,1
7639,6468,406,1
7640,4271,311,1
7641,5479,305,4
7642,16035,54,1
7643,11903,182,2
7644,5459,38,2
7645,11740,6,2
7646,474,322,2
7647,4808,36,3
7648,18641,56,2
7649,12385,25,4
7650,5334,266,4
7651,17776,480,3
7652,241,44,4
7653,16815,45,3
7654,16182,260,4
7655,5934,209,2
7656,1821,445,1
7657,2732,233,4
7658,7722,276,2
7659,16996,165,4
7660,14239,478,3
7661,8543,451,1
7662,15789,10,1
7663,17347,318,2
7664,13530,455,3
7665,5365,2,4
7666,13940,116,4
7667,4987,96,1
7668,10968,75,1
7669,6787,73,2
7670,19425,112,2
7671,3109,220,3
7672,9398,92,1
7673,19401,187,1
7674,18953,17,3
7675,15137,71,3
7676,2862,436,4
7677,13280,315,3
7678,10307,260,1
7679,16324,486,1
7680,3309,151,1
7681,12291,207,2
7682,736,21,2
7683,1373,168,1
7684,17375,51,3
7685,10548,474,3
7686,3064,189,2
7687,4156,388,1
7688,8524,224,4
7689,5932,73,4
7690,7842,244,2
7691,17793,425,1
7692,16809,440,1
7693,7496,399,2
7694,8235,276,3
7695,6856,84,4
7696,11942,196,4
7697,12019,313,4
7698,11722,85,2
7699,10021,232,4
7700,12091,30,1
7701,1328,226,2
7702,15760,94,3
7703,6516,58,1
7704,5288,264,2
7705,9177,418,4
7706,13439,367,4
7707,18698,299,3
7708,6857,52,2
7709,18037,265,1
7710,5738,235,4
7711,19795,274,4
7712,16283,98,3
7713,5728,412,2
7714,18880,204,1
7715,5782,8,4
7716,13162,323,3
7717,4084,44,2
7718,17684,279,2
7719,2620,189,1
7720,15327,7,4
7721,8168,461,3
7722,15328,115,3
7723,18958,211,3
7724,15657,331,3
7725,6978,306,1
7726,17152,270,1
7727,16959,144,3
7728,6791,345,3
7729,10348,32,2
7730,17026,268,1
7731,3392,379,3
7732,16968,479,1
7733,2227,273,3
7734,8513,31,4
7735,5145,18,4
7736,11719,229,4
7737,15835,268,1
7738,5179,462,2
7739,4845,155,1
7740,3256,476,4
7741,18924,49,4
7742,10473,494,2
7743,19327,483,4
7744,17715,136,2
7745,6619,314,4
7746,13032,12,4
7747,19199,90,4
7748,10389,460,2
7749,17239,480,4
7750,6862,362,1
7751,6503,270,3
7752,12293,117,2
7753,15914,431,3
7754,17875,427,2
7755,14809,490,4
7756,5023,217,1
7757,15359,301,4
7758,7829,288,3
7759,6321,476,4
7760,4272,429,4
7761,14721,162,2
7762,13817,275,1
7763,9296,476,2
7764,9771,333,3
7765,11714,385,2
7766,8695,439,3
7767,2979,478,3
7768,2446,449,3
7769,19567,152,4
7770,1895,431,2
7771,9764,250,1
7772,8795,232,1
7773,1711,142,3
7774,651,345,1
7775,12223,500,2
7776,9309,384,2
7777,4247,311,3
7778,18368,65,4
7779,10711,312,3
7780,19712,102,3
7781,17344,235,2
7782,3779,292,1
7783,5591,426,3
7784,3595,466,2
7785,11670,352,1
7786,9697,91,3
7787,11019,443,1
7788,15670,442,1
7789,11235,217,3
7790,7266,262,1
7791,8962,376,1
7792,19296,138,2
7793,16905,303,3
7794,15020,120,4
7795,16394,297,4
7796,10930,243,4
7797,2,378,3
7798,12052,136,1
7799,19143,317,3
7800,6071,25,4
7801,19629,309,4
7802,1898,315,3
7803,5589,51,3
7804,16308,336,3
7805,17905,160,4
7806,3079,315,3
7807,7956,36,4
7808,16995,321,2
7809,19347,295,2
7810,13032,155,2
7811,1137,459,2
7812,14104,87,3
7813,18421,407,2
7814,10874,120,2
7815,10012,470,4
7816,19747,267,4
7817,2447,3,3
7818,17850,211,1
7819,13739,271,1
7820,17260,213,3
7821,3919,293,1
7822,4472,220,2
7823,2175,123,4
7824,8526,456,1
7825,19600,293,1
7826,104,46,1
7827,16492,70,2
7828,369,203,2
7829,12092,284,4
7830,15135,174,3
7831,18652,485,1
7832,3530,355,4
7833,9869,431,4
7834,3176,56,4
7835,7053,360,4
7836,1807,393,2
7837,7725,39,4
7838,19042,387,3
7839,1860,63,3
7840,2561,161,2
7841,3062,39,3
7842,8039,497,1
7843,7548,415,4
7844,7353,388,4
7845,17461,194,1
7846,1437,205,2
7847,2987,500,3
7848,13192,62,1
7849,8702,139,1
7850,10083,216,1
7851,11921,281,3
7852,7161,313,3
7853,7909,4,1
7854,8009,303,1
7855,14477,367,3
7856,19000,157,4
7857,19017,33,2
7858,7023,197,1
7859,1905,495,2
7860,14007,176,2
7861,6176,457,4
7862,8142,44,3
7863,14098,105,4
7864,19632,239,2
7865,15198,275,1
7866,3329,191,4
7867,14705,328,1
7868,15245,218,4
7869,5553,240,4
7870,5947,110,3
7871,11340,442,1
7872,4308,74,1
7873,14264,409,3
7874,13543,193,4
7875,10800,137,4
7876,7357,473,4
7877,7497,112,3
7878,6613,105,2
7879,14250,92,3
7880,3473,45,4
7881,18324,190,4
7882,19976,262,2
7883,12265,364,4
7884,9851,297,3
7885,7342,350,3
7886,18094,345,4
7887,11517,300,4
7888,5378,252,3
7889,7964,115,2
7890,7864,397,1
7891,15314,172,4
7892,6597,80,4
7893,1562,266,2
7894,19302,289,3
7895,5943,237,4
7896,19210,36,4
7897,11111,45,4
7898,13258,218,2
7899,5355,111,1
7900,1191,62,3
7901,4954,175,2
7902,17786,136,1
7903,4772,30,1
7904,15536,80,2
7905,12083,121,1
7906,17980,207,1
7907,7288,209,4
7908,13303,100,4
7909,12691,18,4
7910,1782,174,4
7911,10187,166,3
7912,15299,313,4
7913,15896,157,1
7914,8732,260,2
7915,15441,392,1
7916,9158,24,2
7917,1654,136,3
7918,9361,274,1
7919,16033,160,1
7920,7989,419,4
7921,17755,371,3
7922,12127,319,3
7923,6306,12,4
7924,18585,232,3
7925,19315,129,2
7926,6458,390,1
7927,8271,37,2
7928,9728,22,4
7929,8930,53,1
7930,5519,91,4
7931,17262,166,4
7932,1535,202,4
7933,4765,477,2
7934,13742,434,1
7935,8500,443,1
7936,6763,264,1
7937,15786,136,2
7938,8111,242,4
7939,4036,122,3
7940,8021,486,1
7941,15318,310,2
7942,2785,445,4
7943,11194,155,4
7944,14135,52,4
7945,8174,328,4
7946,9813,406,1
7947,16053,197,4
7948,19880,404,4
7949,1555,215,4
7950,6953,256,3
7951,7722,76,3
7952,11285,243,4
7953,6661,460,4
7954,14644,341,3
7955,4993,481,1
7956,12961,129,2
7957,4913,361,2
7958,11046,102,4
7959,14771,40,3
7960,12597,293,2
7961,10313,186,3
7962,17044,214,3
7963,4121,323,3
7964,18007,220,4
7965,8150,308,2
7966,3041,196,2
7967,5125,432,4
7968,11992,96,2
7969,9749,211,2
7970,11895,113,1
7971,3328,413,1
7972,16928,208,2
7973,6712,372,4
7974,16717,425,2
7975,18728,89,2
7976,16641,284,2
7977,8189,350,3
7978,3740,153,2
7979,16483,260,1
7980,4762,226,4
7981,4113,73,2
7982,18117,57,2
7983,7586,443,4
7984,7416,462,3
7985,11388,191,3
7986,17530,394,4
7987,2400,338,2
7988,1543,256,1
7989,11835,187,1
7990,2572,458,4
7991,8852,400,4
7992,8672,222,3
7993,1459,89,3
7994,5141,101,4
7995,16480,434,2
7996,6917,188,2
7997,19148,263,4
7998,17419,394,2
7999,11921,2,1
8000,9574,352,2
8001,3376,145,1
8002,1675,108,2
8003,8791,289,1
8004,8603,207,3
8005,3993,76,2
8006,6091,453,1
8007,4471,376,4
8008,10085,132,3
8009,744,112,1
8010,8231,195,4
8011,13422,256,3
8012,16846,3,1
8013,12750,247,1
8014,18346,345,4
8015,16494,72,3
8016,17531,431,1
8017,9591,8,1
8018,10808,375,3
8019,16805,496,3
8020,13117,343,1
8021,17857,136,3
8022,11417,257,4
8023,7889,207,1
8024,15421,392,4
8025,5465,250,3
8026,15976,269,3
8027,10196,208,2
8028,876,223,4
8029,7087,386,3
8030,13665,83,1
8031,15914,196,1
8032,8651,431,2
8033,845,206,3
8034,11494,246,1
8035,2474,247,2
8036,11393,116,4
8037,3109,498,1
8038,356,198,1
8039,6741,185,2
8040,13055,69,2
8041,15932,327,3
8042,17669,415,2
8043,8976,60,3
8044,13847,112,3
8045,17353,177,1
8046,7114,271,1
8047,17250,235,2
8048,1425,279,2
8049,2329,35,1
8050,18308,264,4
8051,8225,452,1
8052,4197,296,2
8053,16533,268,3
8054,18240,319,3
8055,3756,493,1
8056,11449,75,3
8057,17050,201,1
8058,19891,274,4
8059,18021,113,4
8060,3482,113,3
8061,9408,76,1
8062,11512,316,1
8063,9324,378,4
8064,19756,307,4
8065,10266,352,1
8066,16084,460,1
8067,2998,471,3
8068,16305,98,1
8069,7028,302,4
8070,17902,302,2
8071,5230,290,3
8072,6556,206,2
8073,3682,349,4
8074,13674,321,3
8075,3463,162,4
8076,1706,344,1
8077,11289,61,2
8078,14957,122,4
8079,12234,245,1
8080,5742,348,4
8081,7276,381,3
8082,18373,117,1
8083,2404,80,4
8084,10990,258,1
8085,9404,106,1
8086,6715,350,3
8087,13848,272,1
8088,726,278,3
8089,18935,410,4
8090,7969,212,3
8091,4712,318,3
8092,11630,406,1
8093,16422,54,4
8094,19568,258,1
8095,6527,305,3
8096,4647,24,1
8097,2175,103,1
8098,4697,455,2
8099,8383,253,2
8100,3918,339,2
8101,8676,75,1
8102,7985,335,3
8103,15249,297,2
8104,15784,477,1
8105,14354,100,2
8106,33,275,4
8107,13834,52,3
8108,17982,122,3
8109,9869,410,3
8110,1703,392,4
8111,11897,459,1
8112,1858,72,4
8113,12485,67,1
8114,7815,425,4
8115,18563,354,3
8116,15472,51,4
8117,16416,488,1
8118,2994,334,1
8119,1820,242,4
8120,1184,465,2
8121,2380,489,2
8122,3063,70,3
8123,16574,47,1
8124,13623,217,4
8125,18939,144,2
8126,14938,437,3
8127,13309,498,2
8128,18379,167,3
8129,5486,75,3
8130,8352,72,1
8131,15272,100,1
8132,6106,446,2
8133,3843,455,1
8134,1075,401,2
8135,17217,452,3
8136,7965,244,1
8137,18848,301,1
8138,12113,212,2
8139,5609,451,1
8140,10016,413,4
8141,15448,281,2
8142,7336,136,1
8143,13700,231,3
8144,16246,142,3
8145,1648,339,3
8146,19040,366,3
8147,10787,467,4
8148,6151,375,4
8149,4128,307,3
8150,15323,4,1
8151,4005,213,3
8152,196,256,2
8153,12746,122,2
8154,16296,102,2
8155,1125,196,3
8156,10189,500,3
8157,2115,339,3
8158,7062,16,4
8159,14711,89,4
8160,1705,340,2
8161,3879,21,2
8162,3605,316,3
8163,6333,419,3
8164,12225,155,1
8165,13656,35,1
8166,10359,172,3
8167,16912,379,2
8168,14396,279,1
8169,6729,212,1
8170,3530,253,3
8171,12153,48,4
8172,10897,114,3
8173,11966,473,3
8174,14560,486,1
8175,18696,400,2
8176,11698,76,3
8177,12233,130,4
8178,15692,342,1
8179,18871,133,3
8180,1847,472,4
8181,8718,441,3
8182,9898,29,2
8183,19905,39,3
8184,7161,61,3
8185,2435,25,3
8186,3874,14,2
8187,18661,366,4
8188,15715,163,3
8189,7108,96,4
8190,1920,132,4
8191,16073,44,3
8192,2502,135,3
8193,16288,409,4
8194,6166,251,3
8195,11989,137,3
8196,5842,425,3
8197,18068,498,1
8198,10307,483,3
8199,15974,309,1
8200,5878,456,2
8201,5606,158,2
8202,4344,165,4
8203,16350,3,3
8204,7959,339,3
8205,19307,317,2
8206,13916,459,1
8207,13707,365,3
8208,10834,318,1
8209,324,443,4
8210,14127,72,2
8211,1552,268,3
8212,5348,211,4
8213,14506,273,3
8214,13579,18,4
8215,16239,178,2
8216,18505,132,4
8217,18651,212,2
8218,14596,23,3
8219,7987,16,3
8220,9060,281,2
8221,17392,344,3
8222,9145,17,2
8223,4152,464,4
8224,1310,134,3
8225,15952,345,2
8226,1565,472,4
8227,6592,466,1
8228,12921,68,3
8229,12570,59,2
8230,13631,459,4
8231,14991,28,3
8232,3815,399,3
8233,5034,60,4
8234,396,164,4
8235,10586,386,4
8236,5491,373,4
8237,2321,187,1
8238,7288,121,4
8239,15548,128,1
8240,8952,44,4
8241,5444,388,3
8242,17462,305,2
8243,8584,45,4
8244,13754,116,1
8245,13481,35,2
8246,12457,329,4
8247,11737,463,1
8248,14163,209,4
8249,1674,132,4
8250,5904,385,4
8251,13094,218,2
8252,11289,381,2
8253,2698,260,1
8254,18947,494,2
8255,9557,25,3
8256,1972,92,4
8257,15633,117,1
8258,13299,414,1
8259,1011,401,3
8260,17967,426,3
8261,14757,24,3
8262,14978,55,1
8263,19241,310,4
8264,6225,325,4
8265,18085,41,2
8266,95,4,3
8267,4570,293,2
8268,14620,410,2
8269,15365,99,3
8270,16214,447,4
8271,3710,412,1
8272,9080,376,1
8273,14076,262,3
8274,9810,229,3
8275,10775,378,3
8276,15276,294,4
8277,13772,25,3
8278,15592,380,3
8279,9294,153,4
8280,7125,30,2
8281,1108,408,2
8282,13722,473,1
8283,2107,486,4
8284,13874,308,2
8285,15127,4,4
8286,7146,246,3
8287,5858,348,1
8288,9530,29,1
8289,12414,270,1
8290,3818,191,1
8291,19804,281,2
8292,10763,132,4
8293,4569,269,2
8294,11407,409,1
8295,7021,378,2
8296,19760,414,1
8297,15755,119,1
8298,1090,172,2
8299,17567,73,1
8300,7190,266,3
8301,7730,33,1
8302,17991,57,3
8303,6144,456,3
8304,4529,242,3
8305,9085,192,2
8306,960,165,4
8307,7860,222,2
8308,17460,374,3
8309,9626,24,3
8310,15453,432,2
8311,10408,412,1
8312,17036,216,3
8313,649,97,3
8314,17466,199,1
8315,2149,164,2
8316,5457,426,1
8317,5454,201,2
8318,18107,463,4
8319,13250,163,2
8320,19749,49,1
8321,18184,339,2
8322,2294,207,3
8323,8744,360,4
8324,8093,275,3
8325,3446,471,1
8326,14320,161,2
8327,11221,358,3
8328,14251,386,3
8329,11867,216,3
8330,8022,487,1
8331,7201,312,4
8332,4310,124,2
8333,6008,205,1
8334,9367,102,1
8335,9331,346,2
8336,687,270,1
8337,11011,392,1
8338,1009,345,2
8339,3813,355,2
8340,4060,465,4
8341,16285,432,2
8342,10867,440,1
8343,4146,463,4
8344,3769,220,2
8345,10612,312,3
8346,1635,93,1
8347,2103,244,2
8348,11836,95,1
8349,4467,301,4
8350,6488,302,3
8351,19973,39,2
8352,9731,56,4
8353,1571,33,1
8354,8450,445,1
8355,12997,212,2
8356,3651,99,1
8357,4627,30,1
8358,16909,209,2
8359,972,93,4
8360,18424,154,2
8361,1028,151,2
8362,16304,347,3
8363,5727,47,1
8364,2547,310,4
8365,4651,100,4
8366,11520,86,3
8367,2919,194,4
8368,15662,216,1
8369,13406,256,4
8370,19137,256,1
8371,486,402,4
8372,3079,392,1
8373,18464,450,4
8374,8223,63,1
8375,19016,298,2
8376,3441,110,4
8377,19,306,2
8378,1689,56,2
8379,19184,65,3
8380,1764,69,3
8381,1949,253,2
8382,4394,284,4
8383,3990,228,3
8384,13214,101,1
8385,18845,290,3
8386,2212,359,3
8387,5736,383,4
8388,5611,192,2
8389,17134,208,1
8390,14566,281,4
8391,19667,83,1
8392,3916,15,1
8393,10909,183,4
8394,4490,75,4
8395,14269,428,2
8396,79,448,2
8397,12237,112,3
8398,18467,263,2
8399,5459,391,3
8400,2441,225,4
8401,16844,174,1
8402,10627,309,3
8403,19784,290,3
8404,436,113,3
8405,1551,465,3
8406,10505,6,4
8407,2317,106,2
8408,13954,238,2
8409,6827,235,4
8410,2700,384,3
8411,13248,11,1
8412,2729,90,1
8413,19616,467,4
8414,9981,63,3
8415,12084,42,1
8416,8671,221,4
8417,3451,303,3
8418,8700,198,1
8419,10805,56,1
8420,2943,255,4
8421,10368,473,2
8422,18710,259,3
8423,6209,164,4
8424,3283,413,4
8425,12540,319,1
8426,8500,281,2
8427,11133,28,4
8428,154,20,2
8429,7901,350,2
8430,17948,448,3
8431,1245,1,2
8432,16256,317,2
8433,3410,273,2
8434,3969,143,3
8435,19832,84,1
8436,6821,204,4
8437,9999,425,2
8438,13197,312,4
8439,19304,85,3
8440,12559,273,2
8441,2227,117,1
8442,14062,370,4
8443,3505,467,4
8444,18878,341,1
8445,19974,21,1
8446,17113,357,3
8447,16440,97,2
8448,16318,163,3
8449,12852,21,3
8450,5279,125,1
8451,4054,39,4
8452,11079,36,2
8453,5008,347,4
8454,9963,265,3
8455,16602,68,4
8456,7414,18,1
8457,10492,419,2
8458,5707,488,3
8459,16107,228,3
8460,19795,330,1
8461,9578,156,4
8462,10157,166,2
8463,552,197,4
8464,8197,311,1
8465,9312,365,3
8466,19772,59,2
8467,7491,19,4
8468,1441,36,3
8469,17014,86,1
8470,2805,499,1
8471,4990,430,1
8472,11390,120,4
8473,13794,273,2
8474,8859,104,2
8475,10936,498,1
8476,3794,110,4
8477,4305,266,1
8478,7303,415,4
8479,1620,225,2
8480,1674,368,2
8481,1575,143,4
8482,19033,368,3
8483,2308,469,4
8484,17449,330,3
8485,45,443,4
8486,12905,146,2
8487,4585,367,3
8488,14805,29,2
8489,18622,299,2
8490,10972,193,4
8491,495,484,2
8492,12444,102,4
8493,13374,301,3
8494,6301,109,1
8495,13664,475,3
8496,11977,35,1
8497,4981,91,2
8498,1121,92,1
8499,13150,223,3
8500,12624,129,1
8501,13923,486,3
8502,7064,326,3
8503,6212,484,2
8504,17316,43,2
8505,4772,305,2
8506,1595,100,3
8507,10993,64,1
8508,2143,263,3
8509,18226,190,4
8510,14219,424,4
8511,18219,355,4
8512,16606,186,2
8513,809,471,3
8514,7043,497,2
8515,2699,280,1
8516,18958,120,1
8517,9889,335,2
8518,14624,50,2
8519,19661,325,4
8520,11908,5,3
8521,8087,286,1
8522,13746,19,2
8523,12521,404,4
8524,19203,464,3
8525,12149,131,3
8526,1251,451,2
8527,434,238,2
8528,16941,498,3
8529,10079,12,1
8530,1963,340,3
8531,11630,172,3
8532,10214,238,3
8533,10265,250,3
8534,1344,47,3
8535,19791,253,3
8536,12656,392,4
8537,8833,37,3
8538,15715,340,2
8539,18812,318,3
8540,14226,424,3
8541,4773,225,1
8542,19735,145,4
8543,4441,375,3
8544,18678,312,3
8545,1414,214,3
8546,9074,196,2
8547,16347,477,4
8548,13370,52,4
8549,12124,462,2
8550,2693,380,4
8551,12511,374,4
8552,6118,448,2
8553,253,433,3
8554,8077,209,3
8555,7095,171,1
8556,8808,193,3
8557,17109,201,3
8558,9089,245,1
8559,1374,47,1
8560,14260,357,4
8561,12249,27,2
8562,633,496,1
8563,15513,143,3
8564,19314,339,4
8565,7251,257,1
8566,5232,31,2
8567,4435,44,3
8568,383,458,2
8569,6083,243,3
8570,14967,229,1
8571,16995,167,2
8572,11539,453,1
8573,1329,82,1
8574,9806,37,2
8575,9808,201,1
8576,5236,274,3
8577,5718,352,3
8578,15016,489,4
8579,11338,331,2
8580,5157,444,3
8581,11354,327,3
8582,2263,51,4
8583,13718,302,2
8584,9422,416,2
8585,19783,267,1
8586,19567,100,3
8587,7982,302,2
8588,2559,152,4
8589,3217,228,4
8590,6720,102,2
8591,8217,180,2
8592,18255,434,4
8593,6890,190,3
8594,16677,71,3
8595,10296,162,1
8596,13405,306,2
8597,19908,418,3
8598,5528,248,1
8599,5604,499,3
8600,6463,246,3
8601,5921,96,1
8602,14350,61,3
8603,7940,205,1
8604,289,360,4
8605,13616,201,3
8606,16719,492,3
8607,17170,130,4
8608,5755,178,3
8609,6092,81,3
8610,5972,496,3
8611,13534,228,1
8612,19934,262,3
8613,10719,357,4
8614,586,281,1
8615,17905,86,2
8616,19666,227,3
8617,18764,275,1
8618,11706,384,4
8619,2250,479,1
8620,6997,57,1
8621,13508,160,3
8622,11409,72,4
8623,14176,413,4
8624,7585,177,1
8625,15809,98,2
8626,7973,466,1
8627,2896,376,3
8628,14612,76,1
8629,16454,488,2
8630,5794,171,1
8631,12504,428,2
8632,8094,422,1
8633,7891,299,4
8634,11614,54,4
8635,11572,10,4
8636,824,453,2
8637,15691,225,1
8638,6468,198,2
8639,18259,292,4
8640,2845,175,4
8641,3418,471,2
8642,16930,89,2
8643,11967,76,4
8644,5238,345,3
8645,754,21,3
8646,6532,282,1
8647,6083,138,1
8648,13722,245,1
8649,8596,236,4
8650,458,51,1
8651,13475,383,2
8652,10037,404,2
8653,7077,51,1
8654,14701,443,4
8655,2896,357,2
8656,4177,255,3
8657,17309,423,3
8658,15485,266,1
8659,2956,173,3
8660,8584,26,1
8661,18541,257,4
8662,9863,105,4
8663,11865,219,3
8664,18456,449,1
8665,4446,98,2
8666,16389,190,3
8667,7033,366,3
8668,17581,297,2
8669,18666,485,3
8670,8069,123,4
8671,1113,93,4
8672,12039,482,1
8673,8179,384,1
8674,11343,110,2
8675,19286,29,1
8676,9459,13,1
8677,3658,102,2
8678,16841,444,3
8679,18364,275,4
8680,9849,29,4
8681,12266,199,3
8682,18405,491,2
8683,1625,382,2
8684,4998,297,1
8685,18634,125,1
8686,11207,332,2
8687,5340,125,3
8688,8301,350,4
8689,4564,409,4
8690,10842,162,1
8691,1539,26,3
8692,5248,14,2
8693,5800,335,2
8694,2808,431,1
8695,538,480,4
8696,9356,390,1
8697,19934,70,1
8698,10056,324,1
8699,11664,490,2
8700,2686,398,4
8701,11817,338,4
8702,12575,194,1
8703,1365,161,4
8704,6588,301,3
8705,9294,418,1
8706,14886,63,4
8707,19312,469,4
8708,6682,135,1
8709,4184,83,3
8710,5792,441,3
8711,10847,1,4
8712,4551,28,2
8713,10205,170,4
8714,9358,393,4
8715,15651,320,4
8716,12398,309,2
8717,16394,35,2
8718,6701,418,1
8719,10683,24,4
8720,6432,475,4
8721,4244,461,3
8722,8452,52,4
8723,14032,340,3
8724,13282,112,2
8725,6889,39,3
8726,3021,415,4
8727,5222,236,2
8728,8525,294,4
8729,18088,89,4
8730,6499,403,4
8731,19282,90,4
8732,10811,498,3
8733,7172,323,4
8734,7890,456,2
8735,17599,124,4
8736,1845,125,3
8737,17419,443,3
8738,5042,311,3
8739,8508,203,1
8740,16170,377,4
8741,19306,348,1
8742,12069,473,3
8743,13224,142,4
8744,8911,107,4
8745,10983,469,1
8746,15454,416,3
8747,14921,76,4
8748,12786,151,4
8749,1257,357,3
8750,16719,148,3
8751,16834,279,4
8752,15862,433,3
8753,14827,142,3
8754,11810,412,4
8755,17891,59,3
8756,16721,103,4
8757,2725,366,3
8758,2138,419,1
8759,11262,115,3
8760,17554,390,2
8761,17770,425,4
8762,6967,346,1
8763,17923,107,2
8764,14742,460,3
8765,19290,29,4
8766,13495,197,2
8767,4971,339,2
8768,4277,3,1
8769,6005,206,3
8770,6128,44,1
8771,19592,312,1
8772,11423,376,2
8773,1892,274,4
8774,126,9,1
8775,16892,110,3
8776,8550,5,4
8777,8370,477,4
8778,7965,293,1
8779,10035,164,1
8780,9205,189,3
8781,16304,19,4
8782,1651,212,3
8783,15228,375,3
8784,3776,401,3
8785,10709,160,4
8786,4118,426,4
8787,2340,354,2
8788,910,291,3
8789,15013,129,1
8790,9795,449,2
8791,5765,7,3
8792,17579,410,3
8793,15624,442,2
8794,11660,440,1
8795,6659,358,4
8796,16999,353,3
8797,13507,448,4
8798,17056,67,4
8799,12017,352,3
8800,8635,39,2
8801,19634,416,1
8802,13906,130,1
8803,10707,178,3
8804,5979,9,3
8805,11029,158,4
8806,7791,122,3
8807,9237,324,1
8808,10724,95,3
8809,8491,74,2
8810,7413,192,3
8811,9537,426,3
8812,1859,425,3
8813,5993,34,3
8814,2553,449,3
8815,6488,347,3
8816,7726,481,4
8817,4996,193,4
8818,13891,46,1
8819,9651,298,2
8820,4767,140,1
8821,4858,404,4
8822,13469,458,1
8823,18993,393,2
8824,11965,60,3
8825,16315,273,4
8826,7960,271,1
8827,13850,27,2
8828,12496,170,1
8829,2440,467,1
8830,17715,150,3
8831,14689,419,4
8832,3894,473,2
8833,1909,114,4
8834,9023,483,1
8835,19206,28,3
8836,10189,360,3
8837,17791,44,2
8838,17031,216,2
8839,3805,191,1
8840,6070,398,4
8841,17186,354,4
8842,8143,390,1
8843,16183,318,4
8844,11397,269,3
8845,16161,185,2
8846,12034,17,4
8847,12381,271,3
8848,18806,104,3
8849,11748,290,3
8850,7531,473,4
8851,355,177,1
8852,2392,227,2
8853,9416,152,3
8854,4420,35,1
8855,7615,441,2
8856,13840,425,2
8857,7994,383,3
8858,6205,424,3
8859,2402,155,3
8860,719,340,4
8861,19336,84,3
8862,13749,178,1
8863,6097,164,3
8864,9261,163,2
8865,10704,441,4
8866,11804,463,4
8867,3376,215,3
8868,18098,250,3
8869,1169,34,3
8870,14255,249,3
8871,10908,489,4
8872,15684,357,2
8873,11661,299,4
8874,9125,495,3
8875,10957,472,4
8876,7285,435,1
8877,3759,27,4
8878,9156,90,2
8879,16978,471,2
8880,13787,488,3
8881,7513,21,2
8882,19240,185,1
8883,4943,363,2
8884,8503,463,2
8885,14756,340,2
8886,532,126,3
8887,15201,273,3
8888,16169,347,4
8889,7660,461,1
8890,14359,30,2
8891,13273,289,3
8892,6870,260,1
8893,8704,150,1
8894,2223,336,3
8895,2785,245,2
8896,17988,452,4
8897,11322,422,2
8898,11747,319,4
8899,9768,477,1
8900,14914,279,2
8901,5920,259,3
8902,18045,419,3
8903,10755,117,1
8904,15865,43,3
8905,1131,425,2
8906,15577,489,2
8907,1998,278,3
8908,301,197,4
8909,17235,487,3
8910,7427,396,1
8911,15136,285,1
8912,3364,340,4
8913,92,387,2
8914,19507,238,1
8915,11788,261,2
8916,19706,266,1
8917,3814,365,3
8918,6449,242,4
8919,14752,13,4
8920,2865,206,1
8921,17069,466,3
8922,15960,108,1
8923,7066,77,4
8924,6573,59,2
8925,4138,455,2
8926,879,171,3
8927,13799,324,2
8928,6778,304,1
8929,1512,447,1
8930,8429,481,3
8931,9520,199,3
8932,8726,185,3
8933,17090,334,2
8934,11981,237,2
8935,16040,72,3
8936,6641,72,3
8937,12117,240,4
8938,15308,262,3
8939,19491,446,1
8940,12567,54,1
8941,19582,452,3
8942,3208,78,3
8943,8816,402,1
8944,13723,274,4
8945,17659,111,2
8946,12777,353,3
8947,13087,260,3
8948,11981,176,3
8949,473,489,2
8950,3544,22,3
8951,14395,463,4
8952,19040,219,3
8953,5562,56,2
8954,6446,158,4
8955,11772,374,1
8956,1700,26,1
8957,6117,207,1
8958,11502,375,2
8959,6125,482,3
8960,8341,70,1
8961,5831,101,1
8962,17654,497,2
8963,9600,338,2
8964,16223,82,1
8965,18619,333,3
8966,9799,60,3
8967,1037,296,2
8968,14345,388,2
8969,67,128,3
8970,4838,375,4
8971,4679,261,2
8972,14416,337,3
8973,7386,46,1
8974,16281,160,2
8975,832,410,4
8976,6701,170,4
8977,17561,306,1
8978,217,100,4
8979,2536,51,4
8980,5475,26,1
8981,6193,1,4
8982,17683,122,3
8983,16630,368,3
8984,16753,159,1
8985,14985,223,1
8986,13000,414,3
8987,10934,131,3
8988,7725,56,1
8989,1633,404,4
8990,8165,25,1
8991,12247,427,4
8992,5423,234,4
8993,6828,101,3
8994,3011,31,1
8995,10198,183,1
8996,2610,115,2
8997,18120,208,2
8998,14628,142,3
8999,19817,395,1
9000,4053,419,3
9001,9567,89,4
9002,1064,257,2
9003,8556,386,4
9004,16393,125,3
9005,10331,440,4
9006,17000,346,3
9007,16589,82,4
9008,17352,335,2
9009,15425,97,2
9010,19386,153,2
9011,14303,143,3
9012,15023,409,2
9013,9277,219,1
9014,6899,106,2
9015,614,150,1
9016,19133,174,1
9017,3219,358,1
9018,5231,118,1
9019,2475,244,3
9020,10434,334,4
9021,19327,392,3
9022,5450,335,3
9023,12742,395,2
9024,2065,129,2
9025,2170,150,2
9026,2213,366,4
9027,6088,311,3
9028,7998,285,3
9029,18005,123,1
9030,1344,78,2
9031,10133,63,1
9032,5651,298,1
9033,18117,111,1
9034,7532,443,1
9035,1360,381,4
9036,9240,72,2
9037,12932,357,3
9038,12061,3,4
9039,18309,42,1
9040,3561,314,3
9041,18442,452,3
9042,17880,267,1
9043,12283,52,4
9044,16846,448,2
9045,13087,171,2
9046,11270,57,2
9047,11853,55,2
9048,19676,371,1
9049,1179,199,2
9050,13475,184,1
9051,10574,55,4
9052,9542,24,1
9053,16400,252,4
9054,6569,317,1
9055,16840,390,1
9056,15024,315,3
9057,7932,198,3
9058,19757,409,4
9059,16057,426,1
9060,19703,122,4
9061,16946,44,4
9062,13282,461,1
9063,15703,412,2
9064,1452,345,4
9065,18764,398,1
9066,7680,366,3
9067,1504,244,2
9068,1679,255,4
9069,10808,89,4
9070,5007,131,4
9071,1480,462,2
9072,274,499,4
9073,15814,64,1
9074,4038,310,1
9075,14398,305,4
9076,1688,134,4
9077,15900,83,3
9078,12007,163,2
9079,8248,229,2
9080,18097,450,1
9081,13561,252,1
9082,19370,207,1
9083,1225,163,1
9084,1739,152,1
9085,12907,405,3
9086,8239,393,1
9087,19050,235,4
9088,5510,467,4
9089,19066,470,4
9090,13813,327,3
9091,11002,464,2
9092,726,42,2
9093,10309,128,3
9094,4080,297,3
9095,3502,288,1
9096,3694,415,2
9097,9016,370,4
9098,6006,83,1
9099,9141,229,4
9100,2983,75,3
9101,15404,382,1
9102,4412,329,1
9103,12873,114,4
9104,17491,31,2
9105,16943,467,1
9106,9253,482,3
9107,10038,328,1
9108,12790,246,4
9109,1197,48,4
9110,17443,389,4
9111,6009,402,2
9112,14181,283,1
9113,12067,8,2
9114,2265,210,3
9115,8552,263,1
9116,17949,315,3
9117,11162,4,2
9118,18755,82,3
9119,5883,390,1
9120,8225,41,4
9121,18803,199,4
9122,5980,322,3
9123,15978,187,1
9124,13342,389,1
9125,175,473,1
9126,16785,173,1
9127,10273,353,3
9128,11575,410,1
9129,14837,274,3
9130,18117,82,2
9131,17497,303,2
9132,5499,162,4
9133,6932,439,3
9134,4729,305,3
9135,17578,169,3
9136,15839,17,4
9137,11474,188,2
9138,16388,497,3
9139,2871,102,3
9140,7239,242,1
9141,15099,394,4
9142,19327,286,4
9143,9464,449,4
9144,2771,337,2
9145,3708,272,4
9146,7766,133,1
9147,5586,488,4
9148,15403,336,3
9149,3148,364,4
9150,495,219,1
9151,16474,209,1
9152,9425,315,1
9153,13753,414,2
9154,4179,495,4
9155,2572,119,2
9156,4703,221,2
9157,10115,221,3
9158,6752,107,3
9159,12791,37,3
9160,13216,191,4
9161,14489,227,1
9162,13521,444,4
9163,19552,22,3
9164,15057,170,3
9165,499,383,3
9166,11336,446,4
9167,18940,490,1
9168,1345,186,1
9169,956,290,4
9170,13288,67,3
9171,10843,469,4
9172,13868,40,2
9173,19665,51,4
9174,17352,203,1
9175,19232,227,1
9176,435,316,1
9177,11929,170,4
9178,16061,342,1
9179,1887,403,1
9180,7177,17,2
9181,7267,455,3
9182,8611,424,3
9183,488,118,4
9184,10193,22,3
9185,14833,77,3
9186,10679,410,1
9187,18118,145,2
9188,16449,59,4
9189,14486,465,3
9190,17315,123,1
9191,9201,419,1
9192,4454,298,1
9193,6368,449,4
9194,11227,62,2
9195,17461,305,4
9196,17786,395,1
9197,13132,214,4
9198,219,183,4
9199,3534,405,4
9200,8932,321,1
9201,9341,428,1
9202,9762,312,3
9203,13256,274,1
9204,6358,496,3
9205,18191,222,4
9206,19403,291,2
9207,5524,442,3
9208,18893,198,3
9209,6621,232,2
9210,3441,374,4
9211,12924,162,1
9212,13829,248,3
9213,12619,332,3
9214,15626,152,2
9215,12166,238,2
9216,9195,427,4
9217,3855,30,2
9218,12994,65,2
9219,785,223,4
9220,16911,15,3
9221,17163,28,1
9222,15613,140,2
9223,13261,182,1
9224,904,54,3
9225,19135,210,2
9226,1159,10,1
9227,12629,372,4
9228,7972,194,4
9229,10655,159,2
9230,1397,268,4
9231,3335,344,3
9232,6585,428,4
9233,11391,445,1
9234,7951,243,3
9235,13052,11,1
9236,1326,147,1
9237,898,206,2
9238,11158,470,4
9239,14489,432,4
9240,7951,467,4
9241,424,440,4
9242,4634,109,2
9243,14565,108,2
9244,4592,378,1
9245,4164,328,3
9246,3252,450,2
9247,14294,106,1
9248,14920,213,4
9249,17985,170,1
9250,8561,73,3
9251,527,319,1
9252,15469,151,1
9253,19785,17,4
9254,19318,155,2
9255,16866,408,3
9256,16915,285,2
9257,19613,353,4
9258,9399,181,2
9259,7427,264,2
9260,2066,425,3
9261,11553,294,3
9262,15239,482,4
9263,12284,93,4
9264,2774,269,3
9265,15148,347,1
9266,12581,287,4
9267,6513,88,4
9268,6001,18,4
9269,15297,381,3
9270,9583,88,1
9271,14246,280,2
9272,19439,459,3
9273,10174,254,3
9274,14846,401,2
9275,571,5,2
9276,19569,137,1
9277,17382,31,3
9278,7685,264,4
9279,16419,21,2
9280,11465,71,1
9281,2466,202,4
9282,6471,388,1
9283,6578,403,3
9284,10263,254,4
9285,8228,162,3
9286,2964,334,4
9287,3045,337,3
9288,3761,269,2
9289,1588,65,3
9290,17765,268,2
9291,19235,375,2
9292,9985,434,1
9293,10829,123,4
9294,11279,415,2
9295,1791,408,4
9296,6227,205,1
9297,6958,484,4
9298,17603,212,4
9299,3229,116,4
9300,2633,389,4
9301,7969,29,3
9302,2689,145,3
9303,5768,243,3
9304,15556,230,3
9305,10511,203,3
9306,17825,16,2
9307,18329,475,2
9308,13220,417,1
9309,4488,16,3
9310,8117,330,4
9311,7185,358,1
9312,16124,187,4
9313,12442,341,3
9314,13355,216,4
9315,588,467,4
9316,9902,480,2
9317,5336,427,2
9318,2390,258,3
9319,15704,209,1
9320,13351,277,3
9321,17911,84,4
9322,15152,76,3
9323,9531,156,1
9324,10908,238,2
9325,17038,133,1
9326,11427,419,3
9327,6932,73,1
9328,18007,169,1
9329,5526,28,4
9330,16598,44,1
9331,2669,425,3
9332,5990,295,2
9333,17290,348,2
9334,6020,490,4
9335,18090,103,4
9336,3007,283,2
9337,3563,368,4
9338,9365,76,1
9339,19793,340,3
9340,1871,146,1
9341,13017,133,1
9342,10088,353,4
9343,2942,453,3
9344,350,27,3
9345,18104,195,4
9346,10496,424,1
9347,17385,210,3
9348,19336,247,2
9349,8890,126,3
9350,11145,217,2
9351,15622,225,1
9352,7635,491,4
9353,13519,83,2
9354,3875,304,2
9355,6112,436,1
9356,19581,285,3
9357,18936,37,2
9358,11639,93,1
9359,2514,195,4
9360,7748,52,1
9361,8138,473,1
9362,2406,230,3
9363,12548,208,2
9364,1192,450,1
9365,17882,113,3
9366,8881,165,4
9367,701,238,2
9368,3483,420,4
9369,16098,2,1
9370,1655,403,3
9371,6472,372,1
9372,15072,27,4
9373,6898,252,1
9374,13668,467,4
9375,16361,254,2
9376,199,202,3
9377,15740,408,3
9378,17857,438,4
9379,18540,437,3
9380,19821,171,1
9381,13672,55,4
9382,1050,317,4
9383,2596,360,3
9384,1499,313,4
9385,8869,397,1
9386,2666,311,3
9387,15893,46,2
9388,7184,318,3
9389,19825,126,1
9390,11737,495,2
9391,3422,224,2
9392,8870,71,1
9393,17863,285,3
9394,13315,302,1
9395,18780,104,4
9396,11276,55,3
9397,15454,11,3
9398,18278,182,1
9399,13744,291,4
9400,19595,118,1
9401,15358,326,3
9402,19184,109,2
9403,3060,142,4
9404,2693,203,3
9405,2038,40,1
9406,8120,114,4
9407,264,201,3
9408,15726,91,2
9409,8462,317,1
9410,1883,319,1
9411,7886,453,1
9412,19910,480,1
9413,12090,402,1
9414,3556,419,2
9415,15753,413,2
9416,2116,325,2
9417,13085,424,2
9418,19653,230,4
9419,623,434,2
9420,17645,402,1
9421,16333,46,3
9422,7774,123,1
9423,1551,432,1
9424,12622,148,2
9425,9646,292,1
9426,15330,439,4
9427,16837,55,3
9428,1984,17,2
9429,13249,481,4
9430,19606,100,3
9431,924,50,1
9432,4879,43,2
9433,6886,255,3
9434,15137,218,1
9435,12765,198,1
9436,6816,461,1
9437,710,208,4
9438,7037,164,2
9439,18829,118,1
9440,7639,339,1
9441,15684,262,3
9442,3891,294,1
9443,16959,410,4
9444,5338,43,1
9445,2800,31,3
9446,1587,322,2
9447,18945,186,1
9448,4073,143,3
9449,2519,349,3
9450,1225,435,1
9451,6210,489,4
9452,17150,372,3
9453,1589,337,2
9454,8903,66,4
9455,12102,397,4
9456,872,408,2
9457,10119,485,4
9458,13673,311,3
9459,1634,84,1
9460,2110,483,4
9461,10321,363,2
9462,15076,126,3
9463,10446,163,2
9464,5053,386,1
9465,17382,167,3
9466,7481,198,1
9467,7214,216,1
9468,6400,199,2
9469,13554,498,3
9470,4745,348,2
9471,7885,214,3
9472,5546,240,4
9473,13715,368,3
9474,15534,463,3
9475,18463,215,2
9476,12955,418,1
9477,5770,127,1
9478,2597,52,4
9479,6280,323,1
9480,14698,306,1
9481,14721,258,1
9482,1298,18,2
9483,7875,422,1
9484,6569,343,1
9485,12799,397,1
9486,15057,411,1
9487,2409,85,2
9488,7483,377,1
9489,18020,178,1
9490,5133,67,1
9491,10244,388,3
9492,13879,395,4
9493,2106,56,3
9494,912,49,3
9495,13620,227,4
9496,2748,30,4
9497,13330,483,4
9498,7067,450,1
9499,8133,294,4
9500,8753,265,1
9501,18257,383,4
9502,2564,262,2
9503,2384,99,3
9504,11274,191,3
9505,5613,7,3
9506,5536,390,4
9507,15606,287,2
9508,1703,492,3
9509,13508,480,3
9510,9925,229,3
9511,7421,387,3
9512,18530,310,4
9513,1797,366,3
9514,7574,481,2
9515,1906,117,1
9516,13002,313,2
9517,9684,147,2
9518,8689,202,1
9519,18098,296,3
9520,15444,421,1
9521,751,51,3
9522,11023,447,2
9523,18644,340,2
9524,17180,38,2
9525,13299,31,3
9526,157,259,1
9527,9107,276,2
9528,8687,139,4
9529,10037,232,1
9530,2003,458,2
9531,925,197,2
9532,6192,313,4
9533,14087,390,2
9534,19264,445,4
9535,3196,47,3
9536,17909,16,2
9537,18347,320,3
9538,9533,263,2
9539,8151,422,4
9540,10442,373,1
9541,16401,265,2
9542,11464,77,1
9543,12828,350,1
9544,12042,146,1
9545,6771,195,2
9546,15958,221,1
9547,19163,218,1
9548,7688,181,2
9549,14973,265,3
9550,13745,489,3
9551,14955,466,4
9552,10788,245,4
9553,14428,44,3
9554,9180,232,1
9555,3862,18,2
9556,16577,486,3
9557,154,149,1
9558,10033,262,3
9559,12776,359,3
9560,612,40,2
9561,15726,473,1
9562,7676,398,4
9563,12472,331,1
9564,8055,245,4
9565,4834,89,1
9566,19462,329,1
9567,1292,151,4
9568,3873,456,1
9569,2822,41,2
9570,10081,28,4
9571,15373,273,3
9572,5168,336,1
9573,9626,248,3
9574,9024,254,4
9575,8911,94,4
9576,7466,326,1
9577,10782,455,2
9578,12178,46,4
9579,3643,277,1
9580,17062,173,2
9581,14782,119,1
9582,13422,458,1
9583,5381,233,2
9584,10422,248,2
9585,5059,368,4
9586,8984,144,1
9587,8515,125,2
9588,13929,221,2
9589,19026,292,2
9590,14843,158,3
9591,10394,489,1
9592,18300,261,4
9593,13071,442,2
9594,13038,72,4
9595,1693,450,4
9596,19794,123,1
9597,10538,66,1
9598,4246,241,4
9599,3927,114,2
9600,4828,20,3
9601,12532,487,1
9602,5535,418,3
9603,12104,104,4
9604,18264,299,4
9605,6338,1,1
9606,99,276,4
9607,9080,403,4
9608,8733,212,4
9609,16426,496,4
9610,17347,438,3
9611,10405,245,2
9612,4320,52,3
9613,3687,102,3
9614,12730,84,4
9615,72,352,2
9616,14351,340,4
9617,2906,260,4
9618,7386,247,3
9619,723,92,1
9620,12906,424,1
9621,14937,318,3
9622,290,328,2
9623,19097,154,3
9624,184,14,4
9625,8758,378,3
9626,6372,418,1
9627,7786,369,2
9628,9089,387,2
9629,13082,6,2
9630,19901,200,3
9631,3588,316,1
9632,850,235,1
9633,17120,93,2
9634,18763,148,1
9635,3652,140,4
9636,10236,489,4
9637,6635,216,1
9638,7959,370,4
9639,7397,485,2
9640,19921,176,1
9641,18771,345,3
9642,12634,11,2
9643,19652,184,1
9644,9946,340,3
9645,15446,64,2
9646,13261,277,4
9647,19221,148,1
9648,9685,426,1
9649,10346,494,3
9650,14406,234,2
9651,11788,223,4
9652,10671,274,4
9653,3143,10,1
9654,1462,103,2
9655,19701,314,4
9656,11020,402,3
9657,5465,458,2
9658,1520,19,1
9659,11700,5,1
9660,1933,457,4
9661,8101,12,3
9662,2419,331,3
9663,16704,62,2
9664,3105,166,4
9665,7236,54,2
9666,13831,448,4
9667,14462,83,1
9668,18695,109,1
9669,6088,289,2
9670,8468,86,1
9671,15997,137,4
9672,15367,213,4
9673,6212,396,4
9674,6344,85,1
9675,18863,278,4
9676,12930,249,2
9677,15759,415,3
9678,5969,149,3
9679,11323,42,1
9680,10030,284,3
9681,14511,387,1
9682,13397,154,2
9683,11483,182,2
9684,19811,156,4
9685,1706,101,3
9686,8596,407,2
9687,4536,296,3
9688,7772,440,2
9689,3671,186,1
9690,5552,259,2
9691,8210,108,3
9692,1618,393,1
9693,7720,381,2
9694,11531,10,2
9695,1433,396,3
9696,4727,247,3
9697,9052,276,4
9698,16101,299,4
9699,18961,118,4
9700,6241,259,2
9701,9071,45,2
9702,9947,72,2
9703,16439,330,3
9704,13409,250,1
9705,2171,261,3
9706,11492,212,3
9707,8161,359,1
9708,17509,378,2
9709,10173,341,2
9710,16942,11,3
9711,6784,495,1
9712,9222,1,1
9713,10651,28,4
9714,9848,110,2
9715,9505,340,1
9716,1475,211,3
9717,2938,406,2
9718,3757,468,1
9719,18031,304,4
9720,16629,211,3
9721,10746,33,3
9722,12654,319,4
9723,9897,115,2
9724,22,29,3
9725,3709,381,1
9726,15364,274,3
9727,4984,496,1
9728,14298,97,4
9729,10163,156,4
9730,7291,431,3
9731,12878,331,4
9732,13271,491,2
9733,8250,234,1
9734,6936,27,4
9735,10363,56,1
9736,2667,415,2
9737,11934,313,2
9738,6048,305,3
9739,12146,150,2
9740,15171,36,3
9741,3768,235,2
9742,430,475,3
9743,7206,306,2
9744,8258,345,4
9745,3319,338,1
9746,16667,149,1
9747,6974,213,4
9748,9146,71,3
9749,17568,161,1
9750,11304,318,3
9751,13741,231,1
9752,12910,291,3
9753,15616,112,2
9754,13117,130,1
9755,2120,231,2
9756,15913,402,3
9757,4098,272,3
9758,8716,87,4
9759,10712,391,2
9760,17036,380,4
9761,10668,307,3
9762,9435,92,4
9763,8564,132,3
9764,13176,92,3
9765,2416,336,4
9766,1917,143,3
9767,15509,14,3
9768,18630,92,3
9769,10893,257,1
9770,8368,417,3
9771,14025,160,3
9772,1251,454,3
9773,12480,435,4
9774,6256,12,3
9775,312,418,1
9776,11750,479,1
9777,16852,387,3
9778,12175,445,1
9779,15177,490,3
9780,5226,184,1
9781,15586,197,4
9782,12215,310,3
9783,3810,279,3
9784,1260,91,2
9785,15878,343,1
9786,18199,304,4
9787,6732,385,3
9788,12464,403,1
9789,2792,114,3
9790,15970,258,4
9791,9209,110,4
9792,13139,439,2
9793,9008,289,3
9794,13941,98,4
9795,8433,492,1
9796,14661,335,1
9797,13850,69,2
9798,1631,114,4
9799,12818,146,3
9800,11728,74,3
9801,644,444,4
9802,3816,292,3
9803,15873,8,1
9804,2244,499,2
9805,16693,143,3
9806,19792,154,2
9807,1199,238,2
9808,15171,128,2
9809,12640,171,1
9810,13905,31,2
9811,3432,326,4
9812,11590,21,4
9813,7014,439,4
9814,18918,275,4
9815,12487,88,4
9816,7199,131,3
9817,9388,128,4
9818,10301,233,2
9819,4545,75,4
9820,18979,431,2
9821,2177,449,4
9822,12070,317,1
9823,14870,43,1
9824,18066,356,3
9825,14667,347,4
9826,6097,490,4
9827,14107,116,2
9828,1966,329,2
9829,8767,460,4
9830,8897,183,2
9831,4322,377,3
9832,3443,19,3
9833,6872,409,2
9834,2074,262,1
9835,16807,27,4
9836,540,123,2
9837,4340,484,4
9838,8502,432,4
9839,4505,477,1
9840,18775,431,2
9841,9572,124,4
9842,9028,221,2
9843,9480,260,3
9844,11882,394,1
9845,13470,181,3
9846,2399,306,4
9847,15394,324,2
9848,7066,127,2
9849,2499,271,2
9850,10186,23,2
9851,11898,86,3
9852,18154,177,3
9853,8261,89,1
9854,8488,358,4
9855,6107,27,3
9856,6453,297,4
9857,72,45,3
9858,11794,30,2
9859,19702,387,3
9860,17473,11,1
9861,10356,278,2
9862,19081,40,3
9863,7395,327,2
9864,11433,281,4
9865,19449,345,3
9866,17016,363,1
9867,9929,20,3
9868,15840,308,2
9869,6545,411,1
9870,18401,466,1
9871,3328,255,3
9872,18448,187,1
9873,3290,57,2
9874,10464,147,2
9875,10902,225,2
9876,16259,245,1
9877,17588,320,1
9878,10945,10,4
9879,2117,380,4
9880,4952,254,1
9881,9720,293,2
9882,6880,10,1
9883,10883,23,3
9884,2704,140,2
9885,17170,331,3
9886,15274,491,4
9887,16578,228,2
9888,1122,422,4
9889,3118,495,3
9890,10404,181,4
9891,13466,261,1
9892,9254,109,2
9893,15703,372,4
9894,7776,196,3
9895,4647,58,4
9896,19032,33,3
9897,18645,338,2
9898,19894,77,4
9899,18126,27,1
9900,3920,140,4
9901,19641,295,1
9902,3546,416,1
9903,2071,403,3
9904,14287,462,1
9905,9985,73,1
9906,13956,222,1
9907,18634,270,4
9908,14997,407,1
9909,15467,343,1
9910,2395,365,2
9911,1966,321,2
9912,9413,160,2
9913,577,434,1
9914,6186,443,2
9915,15724,18,2
9916,6977,13,3
9917,14077,245,1
9918,9762,16,4
9919,12503,389,2
9920,1785,207,3
9921,6349,318,2
9922,2726,308,1
9923,16047,411,3
9924,7897,343,3
9925,13447,460,3
9926,8291,333,4
9927,11800,428,1
9928,19406,487,4
9929,19298,43,4
9930,2840,352,1
9931,5443,37,2
9932,8918,97,2
9933,11274,343,1
9934,3023,269,2
9935,12735,63,2
9936,7120,292,3
9937,17484,78,2
9938,14322,46,1
9939,14377,370,4
9940,1437,363,1
9941,6179,165,2
9942,11846,356,2
9943,4173,319,4
9944,16363,442,4
9945,15167,285,2
9946,16899,383,4
9947,10491,99,3
9948,12892,131,3
9949,15150,358,2
9950,5069,457,4
9951,3727,342,3
9952,1427,337,1
9953,12996,31,3
9954,14237,11,3
9955,10569,18,3
9956,3274,457,1
9957,3091,383,4
9958,15379,451,4
9959,4076,414,4
9960,10383,238,3
9961,2002,64,4
9962,15508,121,2
9963,19037,96,4
9964,2361,365,3
9965,6374,148,3
9966,18068,305,1
9967,10506,184,3
9968,14469,436,3
9969,276,487,3
9970,4334,229,4
9971,4522,470,4
9972,18958,309,4
9973,10158,261,3
9974,16508,475,3
9975,6815,429,4
9976,8640,444,3
9977,9684,52,3
9978,2264,367,1
9979,17703,57,4
9980,1449,302,4
9981,17002,314,3
9982,9523,103,3
9983,16238,88,1
9984,4185,287,2
9985,5938,349,4
9986,14474,331,2
9987,11194,415,2
9988,7424,492,1
9989,5702,432,4
9990,8502,228,3
9991,13332,128,3
9992,2114,165,3
9993,19731,292,4
9994,15893,276,3
9995,15058,61,1
9996,12081,401,4
9997,19425,345,2
9998,7381,116,1
9999,4110,84,2
10000,645,26,4
10001,9944,193,1
10002,2010,133,1
10003,5742,267,4
10004,3658,414,2
10005,3606,315,1
10006,2150,17,1
10007,18842,351,1
10008,2440,285,4
10009,522,93,4
10010,522,313,2
10011,7913,38,1
10012,1139,359,2
10013,2564,288,4
10014,1608,316,1
10015,18563,427,1
10016,4336,191,4
10017,17651,498,3
10018,10313,157,4
10019,8169,315,2
10020,9742,91,4
10021,5780,482,2
10022,6792,234,4
10023,3848,8,1
10024,4918,419,3
10025,3387,17,1
10026,6532,150,3
10027,11074,176,4
10028,3779,325,4
10029,13417,176,4
10030,4757,201,1
10031,9713,81,1
10032,839,474,1
10033,7142,65,1
10034,5948,41,4
10035,9118,267,2
10036,9882,396,3
10037,4449,277,2
10038,16042,242,1
10039,15679,416,3
10040,18541,462,1
10041,14333,78,4
10042,11412,79,2
10043,15708,154,4
10044,5691,471,1
10045,16392,438,1
10046,7549,119,4
10047,9133,122,2
10048,6059,232,4
10049,9677,186,3
10050,3065,23,2
10051,15634,470,4
10052,14722,427,2
10053,833,325,3
10054,3048,108,1
10055,15334,381,4
10056,12392,419,2
10057,18667,13,4
10058,449,223,4
10059,4041,306,2
10060,19505,263,3
10061,6177,411,1
10062,16303,330,3
10063,8158,179,3
10064,15111,494,3
10065,13193,133,4
10066,6331,39,3
10067,4298,441,1
10068,13046,319,3
10069,6814,235,2
10070,6437,40,3
10071,18619,385,4
10072,2333,342,2
10073,5841,280,3
10074,10461,112,1
10075,6525,103,1
10076,7257,304,1
10077,6237,179,3
10078,12583,364,4
10079,6078,246,1
10080,8322,200,1
10081,3921,133,2
10082,1856,216,2
10083,16243,232,1
10084,3630,489,2
10085,428,25,1
10086,6933,460,4
10087,15418,145,1
10088,11092,276,3
10089,15254,13,2
10090,6602,164,1
10091,10880,103,3
10092,10765,345,3
10093,11075,436,3
10094,17563,50,2
10095,16784,331,4
10096,2342,124,3
10097,7019,108,3
10098,15842,281,1
10099,10943,37,2
10100,5301,388,2
10101,14348,197,2
10102,813,419,2
10103,5633,305,3
10104,7634,97,4
10105,3380,55,1
10106,1670,61,1
10107,9572,359,3
10108,15820,443,2
10109,17242,195,1
10110,13338,261,4
10111,9065,221,4
10112,6447,398,4
10113,19521,365,1
10114,13246,445,2
10115,3534,396,4
10116,7171,481,4
10117,16244,115,1
10118,5863,84,3
10119,19479,430,2
10120,5291,442,1
10121,11267,321,2
10122,17598,4,3
10123,6446,241,1
10124,1596,231,3
10125,10187,426,1
10126,10875,323,1
10127,468,51,3
10128,7056,375,3
10129,3873,439,4
10130,10855,115,4
10131,203,464,1
10132,6557,389,3
10133,13665,292,3
10134,18072,384,3
10135,18835,276,3
10136,7543,394,1
10137,2626,289,3
10138,9546,106,4
10139,4664,62,2
10140,11605,313,1
10141,3244,365,2
10142,8174,153,1
10143,13600,46,1
10144,18398,42,4
10145,6397,317,2
10146,15364,115,1
10147,12635,245,2
10148,1795,16,4
10149,3314,444,3
10150,7995,460,2
10151,18925,307,4
10152,17659,279,3
10153,11010,457,2
10154,6697,239,2
10155,2189,156,4
10156,1473,389,4
10157,5981,3,3
10158,4037,185,4
10159,16975,41,3
10160,14559,192,2
10161,3544,463,3
10162,11791,391,3
10163,5033,272,1
10164,1605,301,3
10165,15352,427,2
10166,14360,63,1
10167,7508,46,1
10168,19950,433,2
10169,20,60,3
10170,9621,137,4
10171,11002,67,1
10172,80,306,4
10173,13622,375,2
10174,10279,366,2
10175,8594,61,1
10176,7638,334,2
10177,13706,111,2
10178,3790,165,4
10179,13398,88,4
10180,17604,62,2
10181,17756,309,2
10182,11243,395,1
10183,1912,309,4
10184,13881,278,4
10185,14290,81,4
10186,3450,155,2
10187,15041,397,1
10188,2789,161,2
10189,10227,135,1
10190,9349,406,4
10191,14299,134,4
10192,3819,293,1
10193,17883,265,4
10194,9291,231,2
10195,8039,450,1
10196,594,177,4
10197,17263,483,3
10198,1668,226,4
10199,17646,271,2
10200,3414,382,3
10201,1782,363,2
10202,6742,321,1
10203,4691,142,3
10204,4668,163,3
10205,183,119,4
10206,16328,97,3
10207,13821,222,2
10208,9566,109,1
10209,1984,24,2
10210,18700,203,2
10211,2992,287,2
10212,15062,79,1
10213,8825,232,1
10214,17555,313,1
10215,555,75,3
10216,6531,196,4
10217,15445,200,4
10218,13799,438,1
10219,13709,115,3
10220,17828,164,2
10221,7402,10,4
10222,4095,96,2
10223,2500,338,3
10224,5601,111,3
10225,18354,84,3
10226,17049,337,2
10227,11329,495,4
10228,13123,495,3
10229,16190,17,1
10230,12685,344,2
10231,10318,400,4
10232,15450,429,3
10233,10661,53,2
10234,17826,201,1
10235,11087,51,3
10236,8660,124,2
10237,17113,392,1
10238,784,42,3
10239,8963,165,4
10240,15803,93,3
10241,4296,412,4
10242,10322,348,3
10243,18405,149,2
10244,6074,135,3
10245,2335,55,1
10246,19125,241,2
10247,12742,175,3
10248,2361,356,1
10249,15606,30,1
10250,5422,319,2
10251,16791,239,3
10252,328,188,3
10253,5804,203,2
10254,231,89,2
10255,19545,166,1
10256,15898,128,1
10257,18706,63,3
10258,4292,220,4
10259,11116,495,4
10260,5030,434,3
10261,2109,412,3
10262,15468,63,1
10263,3974,251,1
10264,2987,480,2
10265,13003,466,4
10266,18548,271,1
10267,4632,470,1
10268,7772,386,4
10269,8266,356,3
10270,7525,188,4
10271,3967,281,3
10272,11032,337,3
10273,6096,22,4
10274,4940,425,2
10275,18657,465,2
10276,5861,315,1
10277,3183,475,3
10278,15028,68,3
10279,15550,104,3
10280,12908,410,1
10281,5122,451,3
10282,17913,107,4
10283,9583,106,1
10284,10715,477,2
10285,2469,84,3
10286,10218,473,2
10287,8314,126,4
10288,15324,215,3
10289,15812,468,3
10290,3933,235,4
10291,19580,343,3
10292,19134,17,4
10293,19225,237,3
10294,18507,127,4
10295,19255,455,3
10296,6471,389,2
10297,18499,329,1
10298,11931,203,3
10299,15481,111,2
10300,3637,366,3
10301,10818,347,4
10302,11535,383,3
10303,4323,189,1
10304,11216,310,4
10305,14355,399,4
10306,808,389,3
10307,19877,270,3
10308,17286,199,3
10309,10330,125,3
10310,18254,83,1
10311,17818,7,4
10312,11427,352,1
10313,10223,311,1
10314,2028,433,2
10315,2887,141,1
10316,13526,155,3
10317,18312,401,1
10318,16977,235,1
10319,10649,322,1
10320,3628,243,4
10321,11379,454,4
10322,4895,24,1
10323,8420,244,3
10324,3258,292,2
10325,18560,310,1
10326,904,176,2
10327,16614,118,1
10328,2145,423,3
10329,10511,53,4
10330,8821,209,1
10331,1959,323,2
10332,7792,455,3
10333,2808,111,2
10334,19424,292,3
10335,10370,449,1
10336,4393,494,3
10337,15710,129,3
10338,9951,156,4
10339,14415,446,2
10340,17636,301,1
10341,10150,148,3
10342,3136,210,1
10343,19468,398,4
10344,13858,272,3
10345,3782,486,4
10346,16625,241,1
10347,14063,130,1
10348,2623,441,3
10349,19831,121,4
10350,3821,330,3
10351,1260,81,4
10352,4923,145,4
10353,5061,96,2
10354,5844,127,3
10355,18089,22,1
10356,9860,410,2
10357,1327,145,3
10358,15575,132,3
10359,17437,41,4
10360,9842,432,4
10361,7040,311,2
10362,15181,88,1
10363,5516,475,4
10364,3855,317,4
10365,1273,69,4
10366,5045,335,2
10367,4447,149,3
10368,12302,483,1
10369,2608,444,4
10370,14395,339,3
10371,643,345,3
10372,6410,90,2
10373,10452,161,4
10374,4253,63,1
10375,7629,155,4
10376,8167,441,2
10377,8632,255,1
10378,16237,478,4
10379,14372,10,2
10380,6340,434,3
10381,7789,442,4
10382,762,452,1
10383,18743,486,4
10384,16057,89,2
10385,5738,168,4
10386,18641,61,3
10387,6996,469,2
10388,4460,343,1
10389,4238,328,4
10390,19045,10,1
10391,36,473,1
10392,14057,27,4
10393,11569,380,4
10394,5208,177,1
10395,15695,473,3
10396,16780,154,2
10397,5216,11,2
10398,1847,459,2
10399,6292,375,1
10400,8794,432,4
10401,7764,396,3
10402,2701,308,2
10403,5511,409,3
10404,8790,234,3
10405,7335,279,2
10406,16493,436,2
10407,17150,306,3
10408,13374,304,2
10409,8204,92,2
10410,9154,468,2
10411,15403,254,2
10412,19433,142,1
10413,6216,350,3
10414,17279,23,4
10415,13622,276,4
10416,17993,129,2
10417,4599,467,4
10418,6264,392,2
10419,14853,301,4
10420,14339,73,3
10421,15493,401,2
10422,5170,327,4
10423,5994,284,4
10424,9541,234,1
10425,9772,106,1
10426,2664,1,4
10427,15509,227,4
10428,1904,7,2
10429,16648,408,3
10430,19536,389,4
10431,12338,379,2
10432,8773,456,4
10433,8024,439,3
10434,7428,97,2
10435,1221,286,1
10436,6330,269,4
10437,5131,90,1
10438,8529,315,1
10439,146,212,4
10440,18170,291,4
10441,7900,144,3
10442,8549,169,1
10443,4661,45,2
10444,4661,227,1
10445,19518,247,3
10446,16040,123,3
10447,3599,286,2
10448,1151,408,2
10449,1961,242,3
10450,17732,321,2
10451,5747,405,3
10452,13919,182,1
10453,3291,500,3
10454,7073,185,1
10455,12429,271,4
10456,11642,412,1
10457,530,190,4
10458,4297,463,4
10459,15035,105,3
10460,5837,53,2
10461,6982,359,4
10462,15221,5,4
10463,6822,223,2
10464,12941,318,1
10465,13369,423,2
10466,10020,157,1
10467,16512,251,3
10468,13109,91,3
10469,5803,74,4
10470,3991,402,4
10471,8813,60,2
10472,1671,171,3
10473,329,500,1
10474,3592,406,3
10475,3894,158,4
10476,2795,482,1
10477,15765,396,1
10478,2954,418,4
10479,7668,467,2
10480,11824,224,2
10481,16411,37,4
10482,4139,30,4
10483,3485,120,2
10484,804,468,4
10485,6126,403,3
10486,13937,126,1
10487,5423,280,4
10488,7518,371,4
10489,6618,206,2
10490,2279,150,2
10491,17362,413,4
10492,16399,454,1
10493,14765,439,2
10494,12086,90,3
10495,19156,324,3
10496,5255,262,1
10497,15640,321,2
10498,14899,231,4
10499,8057,337,4
10500,18559,229,2
10501,3510,496,2
10502,8141,219,1
10503,5584,192,2
10504,7405,377,4
10505,8233,358,4
10506,15181,3,3
10507,16932,95,2
10508,12934,204,1
10509,19081,196,3
10510,10336,410,2
10511,10547,235,2
10512,19124,218,3
10513,5992,194,4
10514,14427,465,4
10515,343,445,1
10516,7422,458,2
10517,6007,388,4
10518,3527,56,3
10519,276,69,3
10520,2434,298,1
10521,18928,455,4
10522,9583,103,4
10523,17728,354,3
10524,14335,124,2
10525,17997,139,2
10526,14883,69,3
10527,13337,323,2
10528,15365,373,3
10529,1411,279,3
10530,11491,183,4
10531,11729,411,3
10532,13727,493,1
10533,15952,327,2
10534,6697,87,2
10535,8754,49,1
10536,520,161,4
10537,8351,83,4
10538,19580,476,2
10539,10947,235,2
10540,8550,262,4
10541,4374,391,2
10542,5245,345,2
10543,1056,187,2
10544,748,5,2
10545,750,268,3
10546,1617,279,4
10547,14374,444,4
10548,14500,155,1
10549,18755,385,2
10550,5589,351,3
10551,2618,94,1
10552,3016,392,3
10553,5496,449,1
10554,9447,169,1
10555,8032,163,3
10556,18134,124,3
10557,5371,387,2
10558,18137,342,4
10559,2812,163,3
10560,8065,359,1
10561,3897,138,3
10562,1277,294,4
10563,11508,276,3
10564,18193,349,1
10565,3470,370,3
10566,9737,420,2
10567,13875,405,3
10568,17656,47,3
10569,88,66,1
10570,1993,462,1
10571,15988,230,2
10572,5866,329,2
10573,4429,492,2
10574,12733,466,2
10575,7402,375,2
10576,7873,180,1
10577,747,311,3
10578,7385,181,2
10579,611,386,2
10580,14900,243,2
10581,14346,294,3
10582,2553,385,2
10583,1233,443,3
10584,9027,487,2
10585,13388,451,4
10586,19846,463,2
10587,11382,493,1
10588,3108,296,4
10589,13049,286,1
10590,1428,447,4
10591,17046,349,4
10592,1436,337,3
10593,15474,351,2
10594,884,418,1
10595,11418,168,1
10596,13334,238,1
10597,15089,266,3
10598,11848,188,2
10599,14229,17,4
10600,18395,18,3
10601,6651,128,2
10602,11415,295,2
10603,19664,263,2
10604,15750,124,1
10605,15842,279,1
10606,17712,357,2
10607,18422,409,4
10608,3685,353,2
10609,6981,96,3
10610,17326,195,2
10611,4368,324,2
10612,16580,249,2
10613,15922,201,1
10614,14335,478,3
10615,4874,52,1
10616,14646,268,2
10617,8273,14,1
10618,766,142,2
10619,5802,164,2
10620,8275,450,2
10621,14641,120,2
10622,9115,427,3
10623,19333,328,3
10624,3818,408,4
10625,1294,322,3
10626,12263,441,1
10627,1961,105,3
10628,191,221,2
10629,19789,202,1
10630,10616,81,3
10631,6017,339,3
10632,4711,465,3
10633,9325,433,2
10634,7649,286,3
10635,937,202,3
10636,17598,152,2
10637,11303,328,2
10638,8846,241,3
10639,9934,347,1
10640,19921,359,1
10641,1069,10,1
10642,10302,171,1
10643,17726,459,2
10644,18451,317,1
10645,15903,335,1
10646,4958,316,3
10647,8842,498,2
10648,3917,258,2
10649,15453,358,3
10650,2346,145,2
10651,17789,421,2
10652,4373,121,3
10653,13847,217,3
10654,17751,19,4
10655,4257,241,1
10656,18422,199,4
10657,11825,215,3
10658,19422,468,2
10659,15915,418,3
10660,1175,258,2
10661,5929,360,2
10662,8764,430,2
10663,10419,155,3
10664,13752,404,3
10665,1983,207,2
10666,12166,269,1
10667,3919,89,1
10668,12068,93,1
10669,7923,459,1
10670,13636,370,1
10671,5510,174,4
10672,14954,371,2
10673,7903,265,4
10674,14080,350,2
10675,15409,373,1
10676,9559,264,3
10677,3005,180,4
10678,8435,67,1
10679,11999,423,1
10680,1573,405,2
10681,9356,122,3
10682,9797,98,2
10683,6014,489,4
10684,12589,406,2
10685,1188,9,3
10686,12281,21,1
10687,11969,209,2
10688,1064,173,3
10689,18713,404,4
10690,468,217,2
10691,9802,484,4
10692,14721,128,2
10693,12864,171,3
10694,342,210,3
10695,17698,28,4
10696,1759,266,3
10697,17686,391,3
10698,16244,152,2
10699,1162,413,3
10700,18359,218,2
10701,15572,470,4
10702,8229,469,2
10703,9285,499,2
10704,2272,130,2
10705,19979,270,1
10706,304,12,3
10707,14499,388,2
10708,12894,402,2
10709,11686,220,3
10710,9266,228,3
10711,5298,276,3
10712,13269,331,2
10713,356,228,1
10714,17610,437,4
10715,7145,241,3
10716,7279,30,1
10717,9184,326,2
10718,2683,118,4
10719,15260,438,2
10720,381,31,3
10721,18559,100,4
10722,9189,324,4
10723,3420,136,2
10724,4313,459,4
10725,1915,106,2
10726,3917,276,2
10727,6680,459,2
10728,12303,45,2
10729,7884,366,4
10730,10276,255,3
10731,12793,383,4
10732,17189,319,2
10733,12108,475,3
10734,6519,148,1
10735,4854,18,3
10736,18218,261,3
10737,16675,153,1
10738,11428,159,4
10739,13719,416,2
10740,13822,358,4
10741,18034,378,1
10742,8403,215,1
10743,16441,91,1
10744,14199,46,3
10745,14271,377,2
10746,12102,277,2
10747,2617,365,2
10748,6300,44,4
10749,10403,463,3
10750,424,482,1
10751,1132,5,1
10752,70,259,1
10753,11600,35,3
10754,12901,216,4
10755,1707,470,2
10756,5785,277,4
10757,18780,295,3
10758,407,387,1
10759,19166,67,3
10760,1459,133,3
10761,3200,293,4
10762,9723,66,2
10763,2669,159,2
10764,18029,25,1
10765,10727,111,4
10766,2408,112,3
10767,1863,324,4
10768,5523,479,3
10769,17145,382,1
10770,12244,420,1
10771,6912,120,1
10772,780,8,4
10773,5326,174,2
10774,16461,17,4
10775,11935,27,2
10776,18526,342,2
10777,11349,455,4
10778,6523,150,2
10779,28,247,3
10780,14887,287,2
10781,12808,47,2
10782,5587,174,2
10783,18797,305,1
10784,18418,246,3
10785,1313,464,3
10786,5926,429,2
10787,13807,187,2
10788,11994,247,3
10789,15194,282,2
10790,2580,481,3
10791,5627,43,4
10792,2243,332,1
10793,6832,371,4
10794,6402,41,1
10795,3336,14,1
10796,6153,15,3
10797,2615,244,2
10798,8012,379,4
10799,12213,438,4
10800,5318,499,1
10801,5573,343,2
10802,18058,397,3
10803,284,269,1
10804,15499,310,1
10805,17162,394,1
10806,10893,232,1
10807,15136,205,3
10808,7588,500,1
10809,12291,80,2
10810,8666,204,2
10811,7521,57,4
10812,13632,77,2
10813,13803,166,4
10814,17898,394,3
10815,15896,61,3
10816,202,267,3
10817,9587,109,3
10818,6183,256,3
10819,19361,89,1
10820,18033,397,1
10821,11269,281,2
10822,2243,370,3
10823,12016,495,2
10824,18120,34,1
10825,2524,440,3
10826,7853,469,2
10827,7759,266,1
10828,12834,372,4
10829,10688,183,2
10830,18497,487,1
10831,1596,375,4
10832,4555,245,4
10833,10538,216,1
10834,12835,246,2
10835,16304,384,3
10836,9183,167,2
10837,17339,382,3
10838,6224,151,2
10839,15777,421,1
10840,13709,331,1
10841,10587,109,3
10842,5611,305,4
10843,18128,436,1
10844,3132,109,2
10845,8469,275,3
10846,198,251,3
10847,15255,110,3
10848,9488,371,4
10849,4432,262,1
10850,17170,285,4
10851,7687,213,4
10852,5665,377,2
10853,17433,474,3
10854,18064,130,3
10855,8173,153,3
10856,17290,57,1
10857,6127,275,2
10858,396,134,4
10859,8117,134,4
10860,16491,438,3
10861,18187,62,1
10862,2350,82,2
10863,18874,405,4
10864,9092,445,4
10865,289,419,4
10866,8839,356,3
10867,6735,291,3
10868,2092,50,1
10869,5230,37,1
10870,16521,433,4
10871,10761,295,4
10872,3906,439,2
10873,18240,288,1
10874,2724,459,1
10875,12534,229,2
10876,16752,450,1
10877,1802,410,2
10878,15937,188,1
10879,13371,184,3
10880,11504,39,3
10881,14867,421,3
10882,16155,96,1
10883,15786,15,1
10884,18356,91,3
10885,6440,181,1
10886,16352,224,2
10887,15796,289,1
10888,19940,311,4
10889,2066,251,4
10890,2975,313,1
10891,12574,381,1
10892,2397,25,2
10893,2965,425,3
10894,14590,128,2
10895,13958,113,3
10896,12797,306,3
10897,15957,185,2
10898,2931,10,2
10899,12703,144,2
10900,11200,238,3
10901,15085,118,2
10902,9703,467,3
10903,17237,170,3
10904,3689,452,3
10905,1939,314,1
10906,5223,352,4
10907,17910,194,3
10908,19135,117,2
10909,13839,115,2
10910,14232,38,2
10911,13553,202,1
10912,16638,260,2
10913,6267,295,4
10914,11659,52,1
10915,14296,292,3
10916,9643,18,1
10917,6441,151,1
10918,15142,144,1
10919,1907,400,2
10920,6729,236,2
10921,16061,351,2
10922,7709,474,1
10923,1276,6,3
10924,4111,219,1
10925,216,110,3
10926,33,231,1
10927,4430,294,2
10928,18417,400,1
10929,17053,286,4
10930,6557,125,1
10931,18653,496,3
10932,4514,148,4
10933,2100,304,3
10934,12893,130,2
10935,7656,289,2
10936,7661,178,4
10937,17453,414,2
10938,17720,277,2
10939,19593,442,2
10940,16424,349,3
10941,1922,161,4
10942,7755,96,4
10943,2105,459,4
10944,4745,110,3
10945,4793,274,4
10946,4590,431,4
10947,2495,210,3
10948,7620,368,4
10949,5708,211,1
10950,2558,124,4
10951,2850,136,4
10952,13311,492,4
10953,11375,193,1
10954,8578,136,1
10955,19822,155,2
10956,6034,168,4
10957,15538,139,3
10958,12766,296,1
10959,4054,142,4
10960,16867,47,2
10961,7601,129,1
10962,15595,424,1
10963,13028,148,4
10964,9793,311,4
10965,16410,463,3
10966,15845,46,3
10967,18283,311,4
10968,8888,53,1
10969,8365,27,1
10970,125,154,4
10971,16435,225,1
10972,922,255,1
10973,5609,103,4
10974,3799,107,2
10975,15000,468,1
10976,409,343,2
10977,14523,96,3
10978,4776,317,1
10979,18769,227,2
10980,19181,109,2
10981,12934,255,1
10982,18776,18,1
10983,7638,63,2
10984,3280,15,2
10985,6334,269,2
10986,17925,42,3
10987,14000,281,3
10988,1658,35,3
10989,2506,424,4
10990,308,362,1
10991,3902,467,2
10992,501,403,3
10993,2252,366,3
10994,10783,246,3
10995,5893,81,2
10996,12145,166,3
10997,936,123,1
10998,1063,23,2
10999,16440,372,1
11000,2200,373,3
11001,14850,257,2
11002,18970,339,1
11003,727,419,1
11004,19519,423,4
11005,10209,82,1
11006,7226,442,4
11007,18902,500,3
11008,17483,349,2
11009,13569,173,4
11010,3613,77,1
11011,12887,209,3
11012,6107,83,2
11013,18672,360,4
11014,209,257,2
11015,12948,367,2
11016,355,164,3
11017,16744,391,2
11018,13650,110,1
11019,8584,395,4
11020,3567,149,2
11021,14835,208,4
11022,5601,471,3
11023,14307,402,1
11024,8370,323,3
11025,1650,88,3
11026,11370,481,3
11027,2902,88,4
11028,12901,273,1
11029,1818,59,4
11030,14987,404,2
11031,10551,423,2
11032,12902,440,1
11033,2447,439,3
11034,5552,366,3
11035,17499,441,4
11036,16793,278,2
11037,11666,391,2
11038,18801,12,1
11039,7116,222,4
11040,19040,142,2
11041,9371,290,2
11042,7281,119,2
11043,12106,144,2
11044,10506,24,4
11045,3801,66,2
11046,4794,100,4
11047,11329,272,4
11048,12661,214,3
11049,12270,367,2
11050,11108,216,2
11051,14863,466,3
11052,15245,182,3
11053,3420,126,4
11054,14471,365,3
11055,554,426,4
11056,8312,181,4
11057,7984,175,4
11058,12333,66,1
11059,19646,12,2
11060,13264,208,2
11061,9396,428,1
11062,6962,127,4
11063,5976,277,1
11064,5774,407,1
11065,384,229,4
11066,9615,209,1
11067,10591,193,3
11068,12733,87,1
11069,6921,333,2
11070,8141,219,1
11071,11002,177,4
11072,2142,186,4
11073,2345,86,3
11074,17468,314,2
11075,3189,395,3
11076,5638,132,4
11077,11353,419,3
11078,27,434,1
11079,16349,401,3
11080,10673,1,3
11081,15828,119,1
11082,10381,429,1
11083,15157,172,4
11084,4674,436,3
11085,10973,236,3
11086,14248,297,3
11087,10446,50,3
11088,13818,483,3
11089,6162,99,2
11090,15324,482,2
11091,5036,104,2
11092,9842,154,4
11093,14166,228,3
11094,3117,456,2
11095,7846,339,1
11096,19850,109,1
11097,17968,484,1
11098,12756,92,3
11099,4729,219,4
11100,12624,427,1
11101,16738,304,1
11102,15680,71,1
11103,4135,150,1
11104,18511,232,4
11105,17084,285,3
11106,15225,208,4
11107,3523,425,2
11108,5002,301,2
11109,3158,258,3
11110,15670,126,3
11111,3268,271,1
11112,3677,457,3
11113,7797,372,2
11114,18566,158,2
11115,18202,300,1
11116,16104,397,4
11117,6244,457,3
11118,14172,7,4
11119,19936,215,4
11120,19216,368,3
11121,9298,214,2
11122,15307,380,4
11123,5652,164,1
11124,18759,40,3
11125,8714,74,3
11126,7388,445,4
11127,11550,462,4
11128,17083,224,1
11129,2487,276,3
11130,1027,365,1
11131,300,346,1
11132,8697,283,4
11133,1916,224,4
11134,2739,273,2
11135,1381,2,1
11136,5024,361,4
11137,17765,481,2
11138,9398,272,3
11139,8198,143,1
11140,15079,477,1
11141,16416,51,4
11142,16315,134,1
11143,19977,36,3
11144,8190,180,1
11145,10805,358,2
11146,1474,64,4
11147,16878,432,1
11148,7721,57,3
11149,16341,262,4
11150,341,130,2
11151,19371,58,4
11152,1978,136,1
11153,9205,122,2
11154,19505,372,1
11155,9481,120,1
11156,13796,263,4
11157,6448,180,1
11158,2322,248,2
11159,18410,146,4
11160,5329,7,1
11161,6698,107,1
11162,19613,163,4
11163,10309,100,3
11164,4103,77,4
11165,3166,274,1
11166,6565,441,4
11167,11397,40,1
11168,9709,291,1
11169,6682,347,1
11170,18568,147,1
11171,14646,460,3
11172,9784,452,2
11173,18893,3,1
11174,19211,10,2
11175,7040,86,3
11176,14187,399,1
11177,17336,482,2
11178,7526,185,4
11179,7041,317,2
11180,5077,300,2
11181,492,467,4
11182,19083,221,2
11183,5672,181,4
11184,14403,226,1
11185,7389,421,2
11186,4868,129,3
11187,15788,170,3
11188,1374,199,1
11189,14968,285,2
11190,16445,207,2
11191,1861,78,1
11192,2984,26,4
11193,4889,494,1
11194,5580,474,1
11195,18974,291,3
11196,12606,308,4
11197,16933,322,2
11198,52,197,3
11199,401,59,1
11200,13104,421,4
11201,14857,153,1
11202,16369,337,1
11203,1134,334,1
11204,3892,446,2
11205,16492,211,1
11206,12093,234,3
11207,13607,401,4
11208,13728,111,3
11209,78,344,3
11210,4908,192,4
11211,15394,500,4
11212,11343,151,3
11213,15831,16,3
11214,16707,51,1
11215,7440,449,4
11216,2526,52,2
11217,9837,194,3
11218,15223,332,3
11219,17044,154,2
11220,5733,426,3
11221,11450,264,4
11222,17154,123,3
11223,9362,243,1
11224,19031,291,4
11225,9139,387,3
11226,5723,428,3
11227,6552,271,2
11228,5159,71,4
11229,10402,11,4
11230,12132,463,4
11231,18645,401,2
11232,13947,104,4
11233,1121,492,3
11234,15903,257,1
11235,16683,115,1
11236,14321,185,4
11237,6101,354,2
11238,17700,305,4
11239,685,308,3
11240,11389,18,3
11241,2959,66,3
11242,9395,291,4
11243,10240,328,4
11244,15166,485,1
11245,8808,154,3
11246,13865,314,1
11247,3191,437,4
11248,12204,416,3
11249,5703,298,4
11250,2477,217,2
11251,10543,251,1
11252,10671,335,3
11253,402,202,4
11254,3099,11,1
11255,6696,97,4
11256,11431,454,4
11257,6204,295,1
11258,294,357,4
11259,4608,412,2
11260,12819,37,1
11261,4129,66,4
11262,3599,351,3
11263,16989,351,4
11264,15385,298,4
11265,1435,123,3
11266,1780,439,2
11267,59,251,1
11268,18068,410,1
11269,3137,32,3
11270,13880,49,1
11271,15574,117,4
11272,16488,357,2
11273,7194,49,4
11274,12763,357,4
11275,15006,74,1
11276,5759,449,4
11277,4225,292,1
11278,7504,216,4
11279,7081,350,4
11280,6479,263,4
11281,12296,282,3
11282,4037,170,3
11283,1863,424,4
11284,17987,127,3
11285,8319,412,1
11286,4220,328,3
11287,2941,325,2
11288,107,460,3
11289,3837,243,3
11290,2545,467,3
11291,4324,441,1
11292,10121,35,3
11293,10496,147,4
11294,14338,178,1
11295,4643,452,2
11296,1617,462,4
11297,7772,99,1
11298,16674,410,3
11299,5065,16,3
11300,7337,426,3
11301,5089,297,4
11302,8717,364,4
11303,12894,388,2
11304,17542,313,2
11305,6665,283,3
11306,14804,331,3
11307,1895,485,1
11308,7258,257,2
11309,2587,393,1
11310,15285,121,2
11311,2370,53,2
11312,9316,293,3
11313,14132,271,4
11314,2676,36,4
11315,2136,251,4
11316,2051,417,2
11317,18823,186,4
11318,16880,38,1
11319,5449,433,4
11320,10192,194,1
11321,7809,321,4
11322,3758,18,4
11323,10724,467,3
11324,6470,43,1
11325,19203,300,1
11326,2841,213,3
11327,7210,366,2
11328,12577,414,1
11329,14369,479,3
11330,19842,125,2
11331,4197,161,4
11332,3433,468,2
11333,8988,17,4
11334,1433,457,1
11335,6189,198,4
11336,10738,174,1
11337,14075,499,2
11338,2125,19,2
11339,5980,133,2
11340,19858,372,2
11341,9667,191,4
11342,12868,481,4
11343,5028,360,4
11344,9112,495,3
11345,10089,323,2
11346,2031,269,4
11347,9297,109,2
11348,6396,192,3
11349,11083,353,4
11350,17499,177,4
11351,2850,184,1
11352,4711,135,3
11353,18481,86,4
11354,18711,61,1
11355,12793,140,1
11356,5944,100,1
11357,6593,463,1
11358,1397,26,3
11359,16021,18,3
11360,1399,8,1
11361,462,112,3
11362,18191,156,1
11363,7156,174,3
11364,11458,446,3
11365,12810,349,2
11366,1051,391,1
11367,2660,466,1
11368,6890,196,1
11369,10959,21,2
11370,19773,499,1
11371,14169,377,4
11372,19492,91,3
11373,11315,51,1
11374,6825,40,4
11375,13242,320,1
11376,9373,453,4
11377,3397,53,1
11378,6842,208,3
11379,953,298,1
11380,9990,386,4
11381,18240,473,2
11382,19121,235,4
11383,5567,314,3
11384,10024,351,2
11385,11525,23,2
11386,61,246,4
11387,18100,250,1
11388,6723,176,1
11389,11198,392,4
11390,8043,52,2
11391,3970,321,1
11392,11979,448,3
11393,3493,260,3
11394,10464,213,2
11395,12368,5,3
11396,16009,307,3
11397,8749,404,3
11398,4941,446,4
11399,1342,103,3
11400,15653,161,4
11401,5840,479,3
11402,12925,10,3
11403,19669,277,4
11404,13988,402,2
11405,1558,389,1
11406,3088,77,3
11407,19405,421,4
11408,19191,370,3
11409,2923,255,3
11410,16453,52,3
11411,2773,270,2
11412,13496,413,3
11413,3473,82,3
11414,10708,473,1
11415,16492,466,3
11416,8841,225,2
11417,16052,83,4
11418,17285,49,4
11419,15304,94,2
11420,16947,447,4
11421,19640,483,3
11422,19714,318,1
11423,6624,195,3
11424,6294,322,4
11425,17018,386,1
11426,5233,275,3
11427,12597,385,3
11428,784,330,1
11429,19660,182,3
11430,4745,500,4
11431,3586,403,4
11432,18606,143,2
11433,9832,213,3
11434,6681,11,2
11435,19168,299,1
11436,13619,218,2
11437,11238,102,1
11438,4207,239,1
11439,4921,61,2
11440,1648,125,2
11441,9648,442,3
11442,7555,5,1
11443,10233,300,1
11444,10851,380,1
11445,9530,272,1
11446,16762,397,4
11447,10709,391,1
11448,2162,390,2
11449,2399,277,4
11450,18031,424,4
11451,8159,214,4
11452,1049,408,3
11453,15272,438,2
11454,2959,28,1
11455,7366,163,3
11456,2467,155,3
11457,3558,121,2
11458,15270,262,4
11459,1660,450,3
11460,11929,154,4
11461,4008,17,4
11462,1592,222,4
11463,17728,465,4
11464,17513,388,4
11465,1035,212,4
11466,10992,465,1
11467,1891,270,2
11468,3171,457,3
11469,15028,91,1
11470,18034,81,1
11471,754,251,3
11472,15228,424,1
11473,1445,42,4
11474,15841,315,2
11475,4839,126,3
11476,12246,331,1
11477,3354,104,1
11478,6637,74,3
11479,1206,495,1
11480,9306,340,3
11481,8682,284,2
11482,12772,499,4
11483,13234,500,4
11484,2368,245,1
11485,10106,48,3
11486,2546,464,2
11487,19058,120,4
11488,9487,496,4
11489,18416,324,1
11490,814,337,2
11491,4943,262,3
11492,5590,340,4
11493,18345,433,1
11494,19278,287,1
11495,13899,406,1
11496,3525,183,1
11497,11404,444,4
11498,2752,255,3
11499,19633,295,1
11500,5917,420,3
11501,10318,453,2
11502,15270,176,1
11503,10765,29,3
11504,16136,231,1
11505,1315,395,3
11506,8589,192,4
11507,2870,250,2
11508,18032,283,4
11509,13223,301,3
11510,16793,456,4
11511,3902,392,3
11512,1756,92,2
11513,10811,252,1
11514,16224,285,3
11515,18354,24,3
11516,13841,388,2
11517,15588,272,4
11518,2016,15,1
11519,949,224,2
11520,13414,52,1
11521,4154,58,4
11522,5629,280,3
11523,2205,499,2
11524,9899,10,4
11525,3568,474,2
11526,6107,76,3
11527,18082,234,3
11528,83,75,1
11529,18656,455,2
11530,2718,265,2
11531,2413,285,2
11532,19238,353,1
11533,17652,397,4
11534,15923,122,2
11535,15702,74,1
11536,3658,82,3
11537,2092,497,3
11538,18374,200,1
11539,9803,364,1
11540,5444,201,2
11541,10436,236,1
11542,7851,54,4
11543,5509,467,1
11544,14948,439,2
11545,4230,386,4
11546,4247,468,2
11547,435,314,4
11548,9613,436,1
11549,7364,449,4
11550,13212,252,3
11551,4941,207,4
11552,7975,430,1
11553,13483,44,1
11554,8588,102,2
11555,5003,302,2
11556,1470,188,1
11557,2219,51,1
11558,1788,499,1
11559,11277,13,4
11560,1360,289,2
11561,17818,282,1
11562,16203,2,4
11563,2121,2,2
11564,12900,459,2
11565,18158,243,3
11566,8185,83,4
11567,15094,500,1
11568,1193,38,3
11569,3756,479,2
11570,5853,306,2
11571,14514,265,1
11572,15710,103,3
11573,14229,289,2
11574,16467,275,1
11575,9797,399,1
11576,17993,367,3
11577,8876,54,2
11578,14642,238,4
11579,1080,343,2
11580,6909,477,1
11581,12031,498,1
11582,8380,192,2
11583,8073,164,1
11584,15217,251,1
11585,17674,412,3
11586,14856,64,2
11587,19354,396,1
11588,8270,10,2
11589,10598,427,1
11590,411,225,2
11591,18586,214,3
11592,13495,363,3
11593,17730,252,4
11594,4312,419,4
11595,19555,60,3
11596,13193,438,1
11597,12925,400,1
11598,7928,284,1
11599,1985,384,3
11600,10740,417,2
11601,13803,5,3
11602,15426,376,4
11603,12668,210,4
11604,10834,347,4
11605,19239,192,3
11606,6133,230,4
11607,11738,430,3
11608,15946,118,1
11609,15792,164,1
11610,6496,155,1
11611,4752,450,2
11612,6607,100,1
11613,19246,88,3
11614,10420,184,2
11615,7730,269,2
11616,5149,334,1
11617,7675,70,3
11618,9789,140,4
11619,2427,229,2
11620,13934,85,1
11621,3074,216,4
11622,19840,36,3
11623,17062,365,2
11624,16007,334,2
11625,16395,268,4
11626,3298,388,2
11627,6092,436,3
11628,13653,21,3
11629,3504,256,4
11630,17119,65,4
11631,7014,337,2
11632,4828,206,2
11633,14776,97,2
11634,3782,371,1
11635,4359,495,4
11636,2721,227,2
11637,1131,302,4
11638,5330,96,1
11639,17921,170,4
11640,15689,335,1
11641,14849,66,1
11642,14223,406,3
11643,13478,430,3
11644,12177,301,3
11645,6410,292,3
11646,8028,387,1
11647,8750,32,2
11648,3417,71,1
11649,2154,39,2
11650,6741,348,4
11651,12037,207,2
11652,190,244,3
11653,13092,20,2
11654,7139,327,2
11655,19109,87,1
11656,6669,198,3
11657,1623,115,4
11658,7605,283,2
11659,1658,85,2
11660,1934,472,4
11661,6114,104,1
11662,10949,101,1
11663,4453,372,1
11664,19707,223,4
11665,5710,372,4
11666,14422,191,2
11667,2291,284,4
11668,2776,445,4
11669,17089,345,1
11670,18326,72,2
11671,7967,161,2
11672,9104,18,4
11673,1726,12,4
11674,19162,497,2
11675,3372,365,2
11676,525,2,3
11677,13632,17,3
11678,3344,381,4
11679,15349,461,1
11680,9305,59,3
11681,12434,427,2
11682,8176,170,2
11683,1846,219,4
11684,11160,450,2
11685,19100,235,3
11686,2228,401,3
11687,6895,422,2
11688,4161,499,2
11689,19249,153,2
11690,6280,121,1
11691,1600,54,2
11692,6703,141,4
11693,14992,282,3
11694,8489,182,3
11695,18613,454,4
11696,11456,110,2
11697,6955,364,4
11698,13093,390,4
11699,9965,296,2
11700,19902,372,4
11701,497,48,4
11702,6196,172,1
11703,16841,150,3
11704,3788,30,1
11705,1357,70,4
11706,13275,53,2
11707,6673,108,2
11708,11444,194,4
11709,14080,75,2
11710,8343,12,1
11711,10349,208,2
11712,1055,222,1
11713,12448,103,3
11714,15915,107,4
11715,2729,82,1
11716,12124,145,3
11717,17562,455,1
11718,3820,375,3
11719,1444,271,4
11720,12721,142,4
11721,16940,5,4
11722,2693,434,4
11723,14742,466,3
11724,8940,439,4
11725,13286,1,1
11726,6256,220,1
11727,6659,280,3
11728,10302,348,3
11729,8092,437,4
11730,6433,84,3
11731,635,177,1
11732,2412,237,2
11733,6272,234,1
11734,4951,475,1
11735,9636,259,4
11736,9784,284,2
11737,2196,224,4
11738,5674,487,4
11739,18031,167,3
11740,7054,350,1
11741,4422,116,2
11742,5543,492,2
11743,1383,284,4
11744,711,347,4
11745,7826,351,1
11746,4129,204,2
11747,973,75,4
11748,9566,305,3
11749,9313,450,2
11750,8934,279,2
11751,13055,72,3
11752,16983,111,4
11753,2006,436,2
11754,19063,259,1
11755,12422,45,1
11756,13171,195,1
11757,12608,96,3
11758,13628,108,3
11759,18907,10,3
11760,12769,21,3
11761,6991,293,4
11762,6905,143,1
11763,12784,424,2
11764,6691,349,4
11765,19379,347,2
11766,17764,97,3
11767,9042,398,3
11768,14738,49,2
11769,18480,123,2
11770,18339,290,3
11771,1030,197,2
11772,19922,455,3
11773,15985,140,1
11774,3040,485,4
11775,11091,400,4
11776,7541,331,1
11777,779,435,3
11778,16284,21,2
11779,8424,181,1
11780,8429,345,4
11781,1907,32,1
11782,8322,132,1
11783,10942,110,3
11784,10716,440,1
11785,16296,137,1
11786,8251,182,2
11787,13188,345,1
11788,1386,15,4
11789,3258,426,2
11790,9642,465,1
11791,2751,12,1
11792,5496,38,3
11793,13487,305,2
11794,10788,306,3
11795,12408,488,3
11796,12281,450,1
11797,6727,43,1
11798,17703,357,2
11799,5132,67,3
11800,2284,171,4
11801,4734,207,3
11802,14190,459,1
11803,8649,73,3
11804,2940,342,3
11805,3762,98,4
11806,5057,304,1
11807,10920,118,3
11808,10017,123,2
11809,19680,367,1
11810,9897,113,4
11811,7207,112,3
11812,1226,354,3
11813,735,342,3
11814,18789,370,4
11815,16890,111,4
11816,2779,25,2
11817,13783,88,2
11818,6377,362,1
11819,13755,472,1
11820,5715,137,2
11821,7171,212,4
11822,3593,315,1
11823,15805,216,3
11824,902,127,1
11825,11176,235,4
11826,10170,471,1
11827,14792,69,1
11828,19115,2,3
11829,5778,370,3
11830,2964,112,2
11831,17893,443,3
11832,8401,2,4
11833,17658,161,2
11834,17582,102,1
11835,18689,144,3
11836,5706,458,3
11837,11723,104,3
11838,18773,389,3
11839,1628,184,1
11840,17725,271,4
11841,15963,390,4
11842,12026,379,2
11843,7094,467,2
11844,3948,124,1
11845,16443,204,2
11846,10193,60,1
11847,6844,330,2
11848,124,177,3
11849,4518,175,2
11850,13302,284,3
11851,8513,176,1
11852,2386,115,2
11853,6422,213,4
11854,12417,327,4
11855,15498,11,4
11856,6810,133,1
11857,18299,496,2
11858,4207,207,3
11859,15778,31,4
11860,1457,158,4
11861,10961,206,2
11862,17718,445,3
11863,15375,70,3
11864,2616,50,3
11865,15509,427,4
11866,5408,52,2
11867,5777,59,3
11868,15408,294,4
11869,19025,236,2
11870,17364,35,2
11871,8494,446,4
11872,14611,473,2
11873,7109,272,1
11874,11740,304,4
11875,16531,267,3
11876,4304,141,4
11877,7086,492,4
11878,5586,328,2
11879,3591,387,1
11880,17752,147,2
11881,5862,364,3
11882,18092,359,2
11883,15972,420,3
11884,940,215,4
11885,19077,229,1
11886,9089,201,2
11887,15557,188,3
11888,7656,141,4
11889,19165,50,1
11890,18182,22,4
11891,19139,415,1
11892,11509,249,4
11893,2972,379,4
11894,17794,471,3
11895,18964,22,3
11896,14691,149,3
11897,6626,160,2
11898,18391,329,4
11899,16270,207,3
11900,7982,45,2
11901,16342,63,3
11902,17821,442,3
11903,19837,23,4
11904,17814,312,2
11905,19402,68,3
11906,10223,250,2
11907,8137,186,4
11908,7549,459,4
11909,7460,346,1
11910,14323,165,2
11911,19747,136,1
11912,6402,215,1
11913,8575,82,3
11914,3407,275,1
11915,1826,208,2
11916,5553,60,1
11917,13978,26,1
11918,9933,215,4
11919,4524,373,2
11920,6197,247,4
11921,13227,120,1
11922,17872,318,4
11923,17266,460,3
11924,13787,18,4
11925,18814,462,3
11926,13461,419,2
11927,2566,271,1
11928,3211,169,2
11929,15426,119,2
11930,1239,275,2
11931,16240,92,3
11932,5337,455,1
11933,15365,70,1
11934,8205,362,4
11935,16298,431,4
11936,18290,477,4
11937,19968,421,1
11938,3611,485,1
11939,428,16,4
11940,17655,165,4
11941,1047,36,4
11942,11800,91,3
11943,944,47,2
11944,19089,127,2
11945,18980,332,2
11946,5100,81,3
11947,13104,308,4
11948,4710,108,3
11949,4053,457,4
11950,18365,306,2
11951,3442,424,4
11952,4413,441,4
11953,5452,282,1
11954,15693,106,3
11955,12270,139,4
11956,14315,401,4
11957,12060,43,1
11958,11394,457,3
11959,10490,170,1
11960,12381,412,3
11961,5370,344,1
11962,19104,130,2
11963,17512,444,4
11964,19779,376,1
11965,13150,320,1
11966,14545,1,1
11967,17589,120,3
11968,4892,359,3
11969,19957,345,4
11970,4084,20,1
11971,19687,487,3
11972,11960,500,1
11973,14768,479,3
11974,4671,427,3
11975,12238,341,2
11976,4757,233,4
11977,11584,317,3
11978,18595,382,2
11979,5508,61,4
11980,11324,102,4
11981,15620,26,4
11982,7786,401,2
11983,16585,388,2
11984,9964,249,2
11985,1244,209,1
11986,11963,498,4
11987,6045,12,2
11988,3610,366,3
11989,6395,51,1
11990,2863,119,2
11991,19151,395,3
11992,10243,212,4
11993,12987,106,1
11994,17085,43,1
11995,3453,260,4
11996,16166,301,4
11997,17243,38,2
11998,12373,339,4
11999,11694,262,2
12000,4956,282,4
12001,10888,80,3
12002,13721,31,2
12003,13421,377,3
12004,7070,472,1
12005,14056,36,1
12006,14457,223,4
12007,18941,267,3
12008,14818,53,3
12009,6454,272,1
12010,14767,251,4
12011,15504,253,1
12012,18044,303,3
12013,18337,77,4
12014,2103,373,3
12015,3707,451,3
12016,4769,84,3
12017,13529,359,2
12018,9756,221,1
12019,685,314,2
12020,3052,440,3
12021,17874,480,3
12022,4462,164,4
12023,13777,331,2
12024,17108,231,3
12025,238,289,4
12026,16430,123,1
12027,9691,144,3
12028,16723,262,4
12029,8657,323,2
12030,3566,59,3
12031,13034,234,2
12032,4765,320,3
12033,14115,254,4
12034,10787,177,3
12035,8105,321,3
12036,3917,64,3
12037,16322,30,1
12038,15818,290,4
12039,19004,306,2
12040,12892,499,2
12041,10902,224,2
12042,8648,210,2
12043,3783,235,1
12044,15685,489,3
12045,2769,285,1
12046,14010,364,4
12047,13466,353,4
12048,14853,24,3
12049,15629,21,4
12050,7717,273,4
12051,10014,212,2
12052,9234,270,4
12053,19369,128,2
12054,13947,283,1
12055,18858,490,3
12056,16816,345,1
12057,2978,104,3
12058,5245,62,2
12059,12605,497,1
12060,113,23,2
12061,7181,478,2
12062,17646,348,1
12063,6955,45,3
12064,5074,363,4
12065,13952,402,1
12066,15978,163,4
12067,4366,159,3
12068,14800,307,3
12069,3937,221,3
12070,17263,144,2
12071,10684,108,3
12072,16830,15,3
12073,11416,477,1
12074,5073,257,2
12075,7256,271,3
12076,5649,274,1
12077,18892,316,4
12078,18430,317,1
12079,967,384,3
12080,1852,455,4
12081,9240,256,4
12082,14099,417,3
12083,9168,38,2
12084,17311,50,4
12085,16555,306,4
12086,11883,414,2
12087,10676,233,3
12088,5508,119,1
12089,15193,273,1
12090,15174,439,2
12091,741,486,3
12092,118,27,4
12093,9042,106,4
12094,1751,61,2
12095,1137,39,1
12096,5191,431,4
12097,16833,323,4
12098,11736,205,3
12099,5845,306,4
12100,18021,110,4
12101,6802,79,3
12102,6239,333,3
12103,14947,131,4
12104,11678,474,1
12105,7735,79,3
12106,5902,201,3
12107,18320,388,1
12108,2622,392,2
12109,4042,140,2
12110,12889,43,2
12111,4047,280,1
12112,17272,437,3
12113,15931,222,4
12114,2302,233,3
12115,9177,384,1
12116,15498,165,1
12117,14402,196,1
12118,13225,306,1
12119,5996,367,1
12120,10194,363,1
12121,18604,438,1
12122,6024,95,2
12123,4269,17,4
12124,17549,204,1
12125,14858,4,2
12126,6437,362,2
12127,19174,9,1
12128,2144,73,1
12129,13496,231,1
12130,16846,218,1
12131,10302,421,4
12132,9637,331,3
12133,1766,342,1
12134,11543,412,4
12135,7178,373,1
12136,14619,358,4
12137,10322,324,1
12138,19606,304,4
12139,9833,496,1
12140,19692,309,4
12141,9273,172,2
12142,1223,348,4
12143,8610,154,4
12144,15244,107,4
12145,12457,198,1
12146,9875,1,2
12147,17920,347,2
12148,7070,436,3
12149,18,141,2
12150,7731,341,3
12151,11099,319,2
12152,3669,238,3
12153,8178,122,2
12154,8206,372,2
12155,10900,343,1
12156,4030,381,4
12157,12198,315,3
12158,15966,455,2
12159,7497,107,4
12160,12385,181,1
12161,1052,484,4
12162,3554,391,4
12163,16129,245,2
12164,9466,465,1
12165,18575,315,1
12166,971,12,1
12167,10130,242,3
12168,2039,38,3
12169,6122,316,1
12170,15429,61,2
12171,5190,384,2
12172,3755,247,2
12173,8833,54,4
12174,8688,359,4
12175,13455,427,3
12176,12179,99,2
12177,4986,249,4
12178,3476,84,1
12179,484,486,3
12180,15058,431,3
12181,9876,205,4
12182,5757,3,4
12183,18404,316,2
12184,8369,174,3
12185,14000,119,1
12186,1198,422,2
12187,12756,146,2
12188,959,329,1
12189,8400,104,1
12190,7384,18,4
12191,462,238,1
12192,14159,148,4
12193,2942,192,3
12194,6354,318,3
12195,5013,37,2
12196,3776,208,3
12197,18700,331,4
12198,1073,477,4
12199,6694,152,4
12200,6076,476,1
12201,16970,472,1
12202,6868,147,4
12203,7314,362,1
12204,71,250,4
12205,16542,312,1
12206,2617,222,2
12207,6088,75,4
12208,9124,73,1
12209,6674,51,4
12210,910,209,2
12211,14408,460,3
12212,16332,33,1
12213,5332,360,3
12214,5263,179,4
12215,4010,192,3
12216,16906,203,2
12217,2876,20,4
12218,10796,469,2
12219,13390,336,2
12220,11661,435,2
12221,1796,106,1
12222,7888,170,3
12223,4012,289,4
12224,15852,408,1
12225,14906,277,4
12226,15527,434,3
12227,8484,383,1
12228,1164,153,2
12229,1531,293,4
12230,3281,177,4
12231,10879,338,4
12232,8574,165,4
12233,8481,208,3
12234,7037,371,4
12235,19267,330,1
12236,5907,232,2
12237,19361,321,2
12238,3604,495,4
12239,15874,219,3
12240,7425,15,2
12241,3106,172,1
12242,16939,454,1
12243,6011,417,1
12244,6038,261,1
12245,16043,451,1
12246,15981,442,2
12247,5551,414,3
12248,265,43,3
12249,1130,301,4
12250,17248,252,3
12251,19416,57,2
12252,6214,287,4
12253,10475,167,2
12254,11840,55,3
12255,15828,445,3
12256,4003,59,4
12257,1876,404,1
12258,16299,165,4
12259,11268,209,4
12260,6276,361,1
12261,2584,55,2
12262,15920,438,2
12263,12081,365,2
12264,4457,494,1
12265,13650,373,4
12266,14028,380,2
12267,19748,189,2
12268,15791,455,3
12269,13793,214,4
12270,6433,77,2
12271,924,477,4
12272,7162,443,3
12273,749,106,1
12274,4235,214,3
12275,15014,213,2
12276,807,199,3
12277,18656,83,2
12278,16286,355,2
12279,15778,432,2
12280,13387,101,1
12281,5056,300,2
12282,4501,79,1
12283,6634,441,4
12284,3838,221,2
12285,15402,397,2
12286,14481,143,4
12287,18041,305,2
12288,5662,411,4
12289,11773,399,3
12290,2437,60,1
12291,8831,1,4
12292,5532,233,4
12293,18205,57,3
12294,10120,416,3
12295,6562,434,3
12296,8508,405,4
12297,12522,136,3
12298,16595,388,3
12299,14081,258,3
12300,15322,435,3
12301,12899,430,4
12302,3967,329,3
12303,15040,91,2
12304,5236,349,3
12305,2626,46,2
12306,15747,121,3
12307,14944,469,4
12308,1400,327,2
12309,6834,2,1
12310,9963,335,4
12311,9498,87,3
12312,11699,194,3
12313,11069,122,1
12314,19732,99,2
12315,16299,480,4
12316,13291,333,2
12317,8155,437,1
12318,1777,25,3
12319,677,166,2
12320,9856,494,4
12321,17469,273,1
12322,6245,139,2
12323,5191,256,3
12324,12769,478,1
12325,13407,177,1
12326,6218,263,3
12327,7838,492,4
12328,7153,443,1
12329,9196,131,3
12330,6567,34,3
12331,15343,167,1
12332,16964,146,4
12333,15055,90,3
12334,4160,10,4
12335,7033,61,1
12336,4949,202,3
12337,17833,270,3
12338,7964,185,3
12339,1931,484,2
12340,10,391,4
12341,511,277,1
12342,1611,91,4
12343,17584,2,2
12344,9344,306,4
12345,4074,206,2
12346,320,202,1
12347,2395,63,4
12348,3158,292,1
12349,16640,196,4
12350,10136,477,2
12351,3269,365,3
12352,1762,223,2
12353,3236,447,2
12354,5352,489,1
12355,8764,457,4
12356,3659,53,1
12357,15362,104,1
12358,7965,288,3
12359,16145,131,3
12360,12309,278,3
12361,15047,178,2
12362,415,13,2
12363,15270,288,2
12364,8602,259,1
12365,12720,46,4
12366,15781,70,4
12367,5035,215,3
12368,56,352,2
12369,16944,339,3
12370,2902,130,3
12371,8922,380,3
12372,15732,480,4
12373,10129,111,3
12374,4388,37,3
12375,8158,214,3
12376,1208,174,2
12377,16632,189,4
12378,15718,43,2
12379,10719,411,2
12380,11331,108,3
12381,7393,458,4
12382,13312,250,2
12383,19309,455,3
12384,11597,182,2
12385,2920,295,1
12386,19660,155,1
12387,19920,416,4
12388,4024,425,3
12389,16379,490,4
12390,13166,468,4
12391,18041,483,4
12392,17506,163,1
12393,14543,118,2
12394,18241,487,2
12395,11409,477,3
12396,18004,205,4
12397,10430,155,4
12398,14015,499,3
12399,19443,104,3
12400,11882,27,1
12401,1794,402,2
12402,560,115,2
12403,5519,490,2
12404,11495,152,4
12405,19286,11,3
12406,19971,287,1
12407,2295,68,3
12408,8720,16,4
12409,8831,161,1
12410,3820,379,1
12411,6999,106,4
12412,7613,251,3
12413,5235,414,1
12414,5444,108,1
12415,8932,288,4
12416,17919,45,2
12417,16770,121,2
12418,14198,233,2
12419,7190,95,2
12420,18315,245,4
12421,7876,39,2
12422,10250,19,2
12423,17194,139,3
12424,14355,316,3
12425,11126,245,2
12426,352,268,1
12427,18871,127,4
12428,12989,391,3
12429,597,99,2
12430,15034,80,3
12431,13810,369,1
12432,16767,255,4
12433,1629,282,2
12434,15874,433,3
12435,11819,333,3
12436,18677,13,2
12437,10125,237,4
12438,11977,262,3
12439,16166,327,2
12440,9324,81,4
12441,3489,83,2
12442,6508,307,2
12443,12848,236,2
12444,2145,4,2
12445,18753,96,1
12446,16425,286,3
12447,15640,492,4
12448,17876,291,3
12449,19870,61,1
12450,464,263,4
12451,9293,26,2
12452,16817,335,3
12453,13163,287,4
12454,4729,334,2
12455,2241,484,2
12456,17759,437,2
12457,7364,59,3
12458,10643,448,4
12459,16404,395,4
12460,1661,59,3
12461,242,495,1
12462,418,173,4
12463,9207,26,4
12464,10871,414,1
12465,10117,96,4
12466,3372,55,4
12467,7642,236,3
12468,16904,430,1
12469,12705,380,3
12470,17840,384,2
12471,15763,488,1
12472,16126,235,4
12473,17203,421,1
12474,708,252,2
12475,9057,475,1
12476,906,246,4
12477,5970,353,4
12478,4287,23,1
12479,16603,400,2
12480,2617,218,4
12481,12961,410,2
12482,1219,468,2
12483,2774,173,1
12484,3713,128,2
12485,14354,291,2
12486,11093,58,3
12487,15735,440,4
12488,4827,491,3
12489,17491,179,2
12490,10926,7,1
12491,7070,121,3
12492,9601,443,4
12493,19130,187,4
12494,3342,61,1
12495,19920,463,1
12496,38,359,1
12497,149,305,3
12498,2314,489,2
12499,12651,382,3
12500,19779,235,1
12501,3062,392,4
12502,944,88,2
12503,16984,438,4
12504,3836,210,4
12505,5001,162,4
12506,18065,195,2
12507,694,482,3
12508,16115,147,1
12509,584,474,3
12510,3966,151,4
12511,10167,479,2
12512,12232,85,4
12513,5871,219,3
12514,16310,29,3
12515,5653,459,2
12516,18759,335,4
12517,10790,189,1
12518,596,160,4
12519,9444,200,2
12520,11742,283,4
12521,1223,382,1
12522,3250,137,1
12523,8074,87,2
12524,15192,406,2
12525,13813,322,2
12526,11442,1,4
12527,5875,107,2
12528,9319,485,3
12529,382,172,1
12530,5357,164,3
12531,10155,445,2
12532,13943,312,4
12533,3608,152,3
12534,12750,1,1
12535,14197,162,4
12536,10703,149,2
12537,10155,487,1
12538,19778,38,1
12539,13963,447,2
12540,8265,186,1
12541,10643,254,3
12542,4871,214,1
12543,18752,222,3
12544,14782,152,3
12545,11149,416,2
12546,13650,485,3
12547,6255,295,3
12548,3834,434,1
12549,11900,119,2
12550,14631,276,1
12551,1091,267,3
12552,14432,292,3
12553,2301,403,4
12554,10207,342,2
12555,4529,414,4
12556,485,327,2
12557,4023,469,1
12558,2430,269,3
12559,11340,96,3
12560,7732,411,4
12561,6760,308,2
12562,2685,119,2
12563,19801,333,3
12564,13155,452,1
12565,18418,106,2
12566,17767,241,2
12567,19349,404,1
12568,3624,256,1
12569,5349,28,2
12570,19183,397,2
12571,4101,103,1
12572,17250,225,2
12573,8381,152,3
12574,3622,100,4
12575,4769,280,4
12576,11219,477,2
12577,15291,10,2
12578,7546,312,4
12579,15190,295,1
12580,17442,188,3
12581,11114,435,2
12582,18406,314,1
12583,12723,224,4
12584,12627,181,3
12585,16908,97,2
12586,19214,121,3
12587,2495,378,1
12588,7135,296,3
12589,5339,490,1
12590,6319,306,4
12591,11229,234,3
12592,15684,292,1
12593,7460,498,3
12594,10125,418,1
12595,18755,452,4
12596,10300,130,3
12597,3333,229,1
12598,5827,393,1
12599,3612,420,3
12600,3636,75,2
12601,3228,57,4
12602,16325,148,1
12603,13778,190,1
12604,12216,266,4
12605,6038,211,4
12606,15288,8,1
12607,1170,147,1
12608,2654,354,3
12609,7282,360,4
12610,15348,310,1
12611,511,316,1
12612,978,429,2
12613,13881,78,1
12614,4579,496,2
12615,718,415,3
12616,7774,176,2
12617,11367,425,1
12618,7133,209,1
12619,3799,437,4
12620,13826,314,2
12621,7662,70,4
12622,9812,57,3
12623,17396,139,2
12624,9897,362,1
12625,5329,91,3
12626,17313,447,4
12627,18841,84,1
12628,374,266,3
12629,1849,168,2
12630,16493,199,4
12631,14332,212,3
12632,5436,333,2
12633,10075,436,2
12634,11360,128,2
12635,16749,381,2
12636,18853,206,3
12637,1488,338,3
12638,1417,167,1
12639,7586,116,4
12640,3298,133,1
12641,3328,63,1
12642,7066,265,2
12643,3346,418,4
12644,9990,415,4
12645,4987,460,3
12646,12521,299,1
12647,13016,306,4
12648,11097,175,1
12649,7115,451,4
12650,920,372,1
12651,12083,152,3
12652,19205,85,4
12653,16929,265,2
12654,1568,377,1
12655,1980,121,3
12656,17484,96,2
12657,753,373,3
12658,1479,216,2
12659,6581,160,3
12660,9681,210,4
12661,7549,452,4
12662,11356,370,4
12663,1882,286,2
12664,65,125,2
12665,13379,152,3
12666,17431,474,2
12667,13676,488,2
12668,1480,113,4
12669,12984,351,2
12670,8189,115,4
12671,18392,189,2
12672,2318,373,1
12673,7982,374,1
12674,4381,337,3
12675,16883,211,3
12676,6879,352,1
12677,12781,180,4
12678,6981,237,2
12679,15387,357,1
12680,19775,23,3
12681,8859,376,3
12682,5981,201,4
12683,495,154,4
12684,17717,58,4
12685,19726,453,1
12686,8670,484,3
12687,5480,144,2
12688,320,82,3
12689,11422,37,3
12690,15920,339,1
12691,1243,491,2
12692,8079,214,1
12693,2266,455,1
12694,15772,430,3
12695,16482,303,1
12696,1182,18,1
12697,15290,80,3
12698,11642,207,2
12699,13258,353,1
12700,19627,382,2
12701,814,59,4
12702,6406,251,3
12703,12594,125,1
12704,18804,29,4
12705,3698,148,3
12706,17716,198,4
12707,5297,497,1
12708,14480,71,2
12709,5852,24,3
12710,11563,32,4
12711,17104,460,4
12712,15178,401,3
12713,7094,224,2
12714,5476,346,2
12715,196,180,4
12716,13628,496,2
12717,8625,180,4
12718,14003,15,2
12719,7404,327,1
12720,6050,389,1
12721,6141,67,2
12722,12253,225,3
12723,174,163,3
12724,8198,422,2
12725,17929,34,1
12726,16909,214,2
12727,11953,406,4
12728,10580,131,3
12729,13564,470,3
12730,19682,387,4
12731,3013,356,2
12732,1122,364,4
12733,2640,22,4
12734,16140,17,4
12735,5294,277,2
12736,16484,483,1
12737,14321,125,2
12738,12113,280,4
12739,5617,441,4
12740,18627,315,1
12741,15193,311,2
12742,2028,161,4
12743,3328,8,1
12744,4382,240,4
12745,13768,484,2
12746,16066,440,4
12747,5104,224,2
12748,11564,333,4
12749,7631,269,4
12750,3225,443,4
12751,7067,163,4
12752,10203,287,2
12753,5379,314,1
12754,17649,21,2
12755,9035,324,3
12756,12417,124,2
12757,13049,133,4
12758,6866,60,4
12759,9352,7,4
12760,14565,399,2
12761,14292,224,1
12762,1853,149,3
12763,5940,336,2
12764,18164,170,2
12765,10061,130,2
12766,16490,373,2
12767,3902,370,3
12768,1172,104,3
12769,13609,140,2
12770,4403,430,1
12771,11544,500,4
12772,13494,369,3
12773,16206,51,4
12774,17795,4,4
12775,19875,454,4
12776,16842,5,2
12777,15562,461,2
12778,3904,421,2
12779,13804,362,2
12780,4713,331,2
12781,10810,20,3
12782,2502,35,3
12783,6778,381,4
12784,6003,100,1
12785,19836,360,2
12786,9848,197,3
12787,16977,482,3
12788,14127,59,3
12789,6839,497,4
12790,4733,153,3
12791,16934,200,3
12792,16986,170,1
12793,7618,494,2
12794,201,33,3
12795,13767,422,4
12796,19977,269,1
12797,11155,322,2
12798,137,324,4
12799,230,194,4
12800,17888,426,4
12801,10106,428,4
12802,12505,412,3
12803,17441,118,2
12804,1173,449,1
12805,14209,378,3
12806,6478,91,3
12807,13179,181,4
12808,1767,448,1
12809,10525,343,1
12810,13946,317,3
12811,18587,185,1
12812,3975,306,4
12813,18189,262,4
12814,14233,129,3
12815,17304,138,1
12816,9387,360,4
12817,7393,143,4
12818,8845,249,1
12819,12972,111,1
12820,19105,322,3
12821,9956,329,2
12822,8025,429,3
12823,13523,25,2
12824,10824,407,4
12825,11598,478,1
12826,4536,315,3
12827,2411,314,3
12828,5390,104,3
12829,15513,86,4
12830,4948,206,1
12831,12820,4,1
12832,4905,450,3
12833,1786,100,3
12834,17443,161,3
12835,5222,212,3
12836,16814,315,4
12837,11626,475,2
12838,8276,191,3
12839,19703,448,1
12840,1096,78,1
12841,11596,240,4
12842,19974,462,4
12843,14309,305,4
12844,4943,115,1
12845,12015,233,4
12846,15933,83,4
12847,649,134,3
12848,9558,110,3
12849,541,428,1
12850,18945,40,3
12851,15257,133,2
12852,2852,77,1
12853,14294,258,1
12854,7836,483,4
12855,11907,52,4
12856,14319,76,4
12857,9138,444,1
12858,2504,319,3
12859,17678,150,4
12860,14135,388,1
12861,11003,133,1
12862,12244,326,1
12863,1110,329,1
12864,7486,361,4
12865,9155,246,1
12866,6498,19,2
12867,18320,55,2
12868,3418,8,3
12869,11774,475,1
12870,12313,31,2
12871,2202,31,4
12872,15877,76,1
12873,17501,230,2
12874,77,203,2
12875,6705,442,3
12876,4157,291,4
12877,2709,455,4
12878,10053,247,4
12879,14939,283,1
12880,14062,241,1
12881,18780,466,1
12882,11844,220,1
12883,16724,101,3
12884,4064,359,2
12885,6625,140,3
12886,5383,467,2
12887,18964,1,4
12888,12694,61,3
12889,14900,401,1
12890,145,442,1
12891,18257,305,1
12892,19595,446,2
12893,11340,278,4
12894,11829,180,2
12895,14024,112,1
12896,8673,163,3
12897,6178,212,1
12898,7207,307,1
12899,2104,416,2
12900,2663,38,3
12901,603,300,2
12902,14095,8,3
12903,14752,332,3
12904,19128,19,4
12905,13872,84,2
12906,7893,394,1
12907,13643,382,4
12908,1611,261,4
12909,9015,196,3
12910,18643,169,4
12911,16018,327,1
12912,6495,192,3
12913,11835,309,3
12914,1935,202,2
12915,8142,28,2
12916,1115,289,4
12917,27,5,3
12918,16392,292,2
12919,2319,119,4
12920,5277,364,2
12921,10454,92,1
12922,18838,442,3
12923,10926,40,2
12924,1720,267,2
12925,19810,450,3
12926,15175,396,3
12927,18322,286,4
12928,6407,235,3
12929,17305,185,1
12930,6090,419,1
12931,4111,161,1
12932,9588,299,1
12933,16394,371,2
12934,18035,204,3
12935,11423,483,1
12936,6832,179,1
12937,10347,267,1
12938,10599,113,4
12939,7120,134,4
12940,13904,216,3
12941,4527,33,1
12942,2916,451,1
12943,3448,318,3
12944,5148,352,4
12945,16888,213,2
12946,9915,112,2
12947,6473,341,3
12948,8463,31,3
12949,8113,21,4
12950,2756,65,1
12951,1071,288,1
12952,4464,381,2
12953,8567,332,2
12954,5561,394,4
12955,5537,444,2
12956,11119,36,1
12957,10673,54,1
12958,3929,477,3
12959,13588,147,3
12960,3996,324,2
12961,13623,12,4
12962,4194,488,4
12963,4959,145,1
12964,18638,25,1
12965,1994,431,1
12966,17472,474,3
12967,2501,149,2
12968,19541,107,4
12969,493,63,1
12970,2248,487,3
12971,17293,412,3
12972,6388,238,1
12973,9300,199,3
12974,112,220,1
12975,3951,221,1
12976,5390,289,3
12977,10225,450,1
12978,3406,468,4
12979,2929,444,4
12980,16081,117,3
12981,6881,324,2
12982,1288,341,4
12983,6809,26,3
12984,1200,282,2
12985,19944,405,2
12986,7724,86,3
12987,19190,198,1
12988,12803,332,4
12989,4149,89,2
12990,3353,376,1
12991,17650,87,1
12992,17115,80,4
12993,720,42,3
12994,6173,237,2
12995,64,356,4
12996,19179,220,2
12997,14703,262,3
12998,6954,265,4
12999,19606,262,4
13000,15053,139,2
13001,414,177,2
13002,17503,41,4
13003,18702,401,4
13004,2975,149,4
13005,4345,11,2
13006,8570,307,1
13007,8645,364,2
13008,5333,143,2
13009,2079,426,3
13010,155,394,2
13011,11688,480,1
13012,12418,420,1
13013,1016,375,3
13014,1725,397,4
13015,18006,435,1
13016,17771,13,3
13017,4140,378,1
13018,3023,286,2
13019,947,488,2
13020,11610,233,2
13021,4656,179,2
13022,19827,58,1
13023,7729,215,4
13024,3171,17,2
13025,16754,407,1
13026,14379,427,4
13027,18188,221,3
13028,18996,407,1
13029,13452,80,3
13030,3918,20,3
13031,13690,493,3
13032,14406,22,2
13033,16880,230,4
13034,11430,267,4
13035,2300,257,3
13036,10050,452,3
13037,16291,39,1
13038,8305,490,4
13039,10742,326,2
13040,16343,7,2
13041,13022,159,4
13042,18018,122,4
13043,7174,384,2
13044,5816,457,4
13045,18066,461,2
13046,6886,63,2
13047,6695,92,3
13048,1229,185,2
13049,6865,227,4
13050,7578,302,3
13051,6452,176,2
13052,7927,210,4
13053,9483,199,3
13054,17443,275,2
13055,3849,126,2
13056,10848,202,2
13057,15285,18,3
13058,3211,225,3
13059,5680,400,1
13060,1486,289,3
13061,12963,124,3
13062,5193,292,3
13063,12514,60,2
13064,16856,154,4
13065,18387,293,1
13066,18855,174,1
13067,19027,192,3
13068,14807,44,2
13069,7377,429,2
13070,7709,58,1
13071,9681,257,2
13072,9074,447,4
13073,10583,310,4
13074,5431,36,1
13075,3588,493,2
13076,6723,250,3
13077,12137,184,1
13078,13344,239,4
13079,14102,35,1
13080,13318,476,2
13081,17327,197,4
13082,2729,157,2
13083,276,359,2
13084,1833,429,3
13085,8073,359,3
13086,13284,283,1
13087,13107,196,4
13088,10766,221,4
13089,13495,93,3
13090,5448,430,4
13091,11043,91,1
13092,8414,392,2
13093,9180,415,1
13094,11693,11,3
13095,10575,428,2
13096,16828,379,4
13097,11318,169,1
13098,6353,367,4
13099,13188,348,1
13100,1871,52,4
13101,9166,490,2
13102,14802,416,3
13103,11846,151,2
13104,518,203,4
13105,16151,291,4
13106,6734,444,3
13107,17984,101,1
13108,11008,304,1
13109,18996,125,2
13110,8811,499,2
13111,12109,44,4
13112,5904,72,1
13113,10458,454,2
13114,13242,420,3
13115,18926,319,3
13116,7327,6,2
13117,7669,434,1
13118,4247,192,1
13119,2187,450,2
13120,7255,400,1
13121,16557,22,2
13122,484,451,2
13123,10021,412,1
13124,16936,406,2
13125,623,112,2
13126,11440,149,2
13127,4210,353,4
13128,13695,497,2
13129,27,132,4
13130,2791,495,4
13131,9179,329,3
13132,12261,148,2
13133,1375,152,1
13134,4991,32,1
13135,16313,157,1
13136,5948,231,1
13137,15372,296,1
13138,5451,446,1
13139,1169,290,1
13140,6100,461,3
13141,11177,71,2
13142,8762,280,4
13143,10110,116,1
13144,15284,463,4
13145,6466,431,1
13146,18060,12,2
13147,2520,176,4
13148,17883,263,4
13149,4501,421,3
13150,9051,223,3
13151,4019,211,3
13152,11153,315,2
13153,2364,67,3
13154,18926,22,1
13155,15427,465,4
13156,8014,135,2
13157,7910,495,1
13158,16044,315,4
13159,14674,183,1
13160,11986,71,1
13161,3718,226,3
13162,14987,481,3
13163,12457,336,3
13164,7790,446,4
13165,18595,42,4
13166,4685,259,2
13167,18415,234,1
13168,3381,163,2
13169,18563,433,4
13170,32,420,3
13171,3220,440,3
13172,3457,218,4
13173,17016,309,2
13174,4144,94,4
13175,8215,226,3
13176,19914,396,1
13177,3530,385,4
13178,15009,408,3
13179,15835,167,2
13180,12783,48,3
13181,13443,371,2
13182,1325,394,3
13183,97,363,2
13184,666,422,2
13185,4863,426,2
13186,16898,407,2
13187,18213,456,4
13188,1751,75,1
13189,19758,421,4
13190,4572,337,1
13191,15251,93,1
13192,9961,232,4
13193,6297,349,1
13194,19820,239,1
13195,13569,218,2
13196,3284,252,4
13197,5582,101,1
13198,5002,86,2
13199,10557,125,2
13200,16427,473,1
13201,7076,113,4
13202,17578,489,4
13203,9129,34,1
13204,13914,402,1
13205,11813,500,4
13206,12006,397,1
13207,17888,251,1
13208,26,173,2
13209,18429,207,4
13210,12565,178,4
13211,19084,53,2
13212,2101,127,3
13213,14523,189,1
13214,3285,380,1
13215,6693,67,2
13216,13782,81,1
13217,3997,485,2
13218,10992,461,2
13219,15031,478,1
13220,13798,292,3
13221,7800,122,2
13222,15780,203,3
13223,15075,315,2
13224,2257,267,4
13225,1080,332,1
13226,900,439,4
13227,10958,475,3
13228,1134,364,4
13229,15685,184,3
13230,15898,322,2
13231,4419,329,3
13232,17510,414,4
13233,18216,240,3
13234,336,254,1
13235,11738,412,4
13236,8127,346,1
13237,4274,165,2
13238,2492,495,4
13239,9620,429,4
13240,573,177,4
13241,16452,228,3
13242,11478,349,1
13243,17928,477,1
13244,14492,140,3
13245,19456,315,2
13246,3867,310,1
13247,959,434,4
13248,18801,85,2
13249,9829,353,3
13250,2216,285,3
13251,11748,134,2
13252,1361,90,4
13253,2081,429,1
13254,12899,496,3
13255,5730,311,1
13256,19348,94,3
13257,13272,157,4
13258,18524,196,4
13259,15598,197,3
13260,8483,389,2
13261,2581,420,1
13262,13292,33,1
13263,14286,42,1
13264,1105,237,3
13265,14834,371,4
13266,8722,368,2
13267,10209,259,4
13268,15391,358,3
13269,10906,338,1
13270,4725,113,3
13271,16339,458,2
13272,320,28,1
13273,15604,265,1
13274,18585,273,1
13275,18741,397,4
13276,12995,165,4
13277,15533,170,1
13278,14024,296,3
13279,16020,288,4
13280,6424,402,1
13281,15637,445,3
13282,2345,368,2
13283,7976,402,3
13284,13951,279,4
13285,10533,464,2
13286,17197,152,2
13287,611,161,3
13288,7221,147,4
13289,1234,133,1
13290,19683,448,3
13291,4677,446,4
13292,6806,77,3
13293,17571,138,4
13294,6599,37,3
13295,5224,308,4
13296,10957,139,2
13297,985,180,4
13298,3986,99,4
13299,7197,324,3
13300,7542,280,4
13301,13975,379,1
13302,45,235,4
13303,4964,126,3
13304,9332,8,3
13305,13200,276,4
13306,3602,296,2
13307,4820,463,3
13308,219,99,1
13309,9239,237,2
13310,2654,455,2
13311,16096,300,2
13312,388,391,2
13313,4383,350,4
13314,3754,437,4
13315,6853,77,2
13316,6533,403,3
13317,2959,255,3
13318,16187,349,1
13319,17728,136,3
13320,9546,282,4
13321,13547,193,4
13322,13706,111,4
13323,16492,37,2
13324,3696,116,1
13325,17321,450,2
13326,13578,196,1
13327,6954,246,2
13328,6819,210,3
13329,15143,229,3
13330,4713,437,4
13331,13187,122,3
13332,16941,368,1
13333,8053,497,4
13334,10295,133,4
13335,17610,466,4
13336,8475,83,3
13337,15644,211,2
13338,19990,357,3
13339,1569,109,2
13340,13347,400,1
13341,459,235,1
13342,3767,283,4
13343,15493,251,2
13344,14791,457,3
13345,3893,178,1
13346,16662,426,2
13347,8186,447,2
13348,7993,257,4
13349,12134,211,3
13350,17913,192,3
13351,5261,368,4
13352,13605,336,1
13353,9909,249,4
13354,1620,157,3
13355,2898,301,1
13356,10154,157,2
13357,6610,228,3
13358,15966,56,1
13359,6434,89,4
13360,6686,499,1
13361,10705,320,3
13362,14843,190,1
13363,3118,445,1
13364,13762,108,3
13365,3808,72,4
13366,1394,443,2
13367,11019,150,1
13368,3184,303,3
13369,17330,458,2
13370,11257,494,3
13371,15861,414,3
13372,5164,464,3
13373,14290,337,2
13374,2737,32,1
13375,1313,323,3
13376,1723,123,3
13377,17350,262,3
13378,12805,450,4
13379,19203,12,4
13380,2406,223,1
13381,12051,476,3
13382,1738,267,4
13383,15666,70,2
13384,15312,363,1
13385,1289,378,4
13386,2168,410,1
13387,11277,398,2
13388,5634,373,4
13389,4339,398,4
13390,15001,281,4
13391,12941,106,4
13392,14665,453,1
13393,16752,424,1
13394,14942,460,3
13395,7815,172,3
13396,16835,49,3
13397,15817,14,1
13398,11972,313,2
13399,3085,124,1
13400,3786,261,4
13401,18905,216,2
13402,14457,476,1
13403,4840,332,3
13404,1954,460,3
13405,3429,162,4
13406,16909,46,4
13407,5226,485,2
13408,4084,32,1
13409,2377,358,2
13410,2417,208,4
13411,12825,340,3
13412,5676,188,4
13413,8289,423,4
13414,9762,266,1
13415,6578,292,2
13416,17276,482,3
13417,5962,62,2
13418,16282,421,2
13419,3213,405,3
13420,18267,387,2
13421,5815,350,3
13422,15134,27,1
13423,10153,47,3
13424,6575,347,2
13425,13337,438,4
13426,2788,435,1
13427,14421,118,3
13428,13638,341,3
13429,6997,255,3
13430,13277,494,3
13431,2674,90,4
13432,19620,305,3
13433,17450,437,4
13434,18289,134,4
13435,3801,347,3
13436,2252,461,2
13437,2003,500,3
13438,7382,86,4
13439,19098,246,2
13440,25,273,1
13441,7065,407,3
13442,6324,485,3
13443,4574,332,3
13444,19506,195,2
13445,16305,99,4
13446,6384,326,3
13447,7626,417,4
13448,8989,29,1
13449,1449,486,2
13450,16261,234,3
13451,8345,109,4
13452,3453,407,3
13453,16194,413,1
13454,14954,415,1
13455,12194,152,1
13456,2514,252,3
13457,17167,385,2
13458,16762,85,4
13459,3689,474,3
13460,1558,224,4
13461,4050,352,4
13462,4774,20,1
13463,7863,110,2
13464,15696,214,1
13465,17924,187,2
13466,7462,50,3
13467,17624,352,4
13468,3224,28,4
13469,7912,487,1
13470,15170,318,3
13471,19188,418,4
13472,3712,289,1
13473,7513,354,3
13474,15142,298,2
13475,18601,448,3
13476,17068,259,1
13477,12476,407,4
13478,3372,374,1
13479,4132,144,4
13480,4084,212,1
13481,2743,378,4
13482,5877,272,4
13483,2671,210,2
13484,19786,320,4
13485,6571,371,4
13486,17832,199,4
13487,14394,242,3
13488,2686,263,2
13489,11028,194,1
13490,9481,449,4
13491,17446,167,1
13492,2407,319,4
13493,18456,200,3
13494,13726,221,3
13495,17407,327,4
13496,16705,69,2
13497,18396,283,1
13498,9745,337,2
13499,10344,106,4
13500,18501,428,2
13501,10918,411,4
13502,4384,76,4
13503,14437,107,1
13504,12221,436,4
13505,14634,80,2
13506,13734,19,3
13507,9913,201,2
13508,3550,180,1
13509,2865,135,3
13510,9694,70,4
13511,945,432,2
13512,2777,337,3
13513,5049,445,2
13514,6553,217,1
13515,13490,258,2
13516,12042,227,4
13517,17249,262,2
13518,18658,370,1
13519,12109,163,1
13520,12263,201,2
13521,8508,35,4
13522,15605,431,4
13523,17279,389,3
13524,1551,11,4
13525,19624,352,3
13526,12783,486,4
13527,16077,204,3
13528,7760,437,4
13529,18393,260,2
13530,12273,364,4
13531,18267,4,2
13532,14525,318,4
13533,14928,333,3
13534,3006,253,1
13535,5542,110,2
13536,10427,23,2
13537,8512,139,1
13538,9859,262,4
13539,18326,401,3
13540,13632,41,2
13541,17084,129,1
13542,17127,476,2
13543,4286,219,4
13544,19073,121,4
13545,11834,475,1
13546,11508,486,1
13547,11299,92,4
13548,15094,304,1
13549,19934,460,2
13550,8142,420,2
13551,5341,43,4
13552,11055,147,4
13553,14895,77,3
13554,3962,107,4
13555,1748,84,1
13556,480,96,3
13557,8042,388,1
13558,19089,439,4
13559,9586,210,3
13560,11096,49,2
13561,18649,17,1
13562,8724,465,4
13563,2457,409,2
13564,15600,187,2
13565,9195,367,1
13566,4523,155,1
13567,12814,75,4
13568,6146,67,1
13569,13279,99,4
13570,19501,137,2
13571,6424,182,3
13572,7831,64,4
13573,17733,265,1
13574,14713,128,4
13575,13830,189,2
13576,18191,328,4
13577,16012,151,3
13578,439,465,2
13579,2733,11,3
13580,11223,286,3
13581,12659,433,1
13582,13784,87,2
13583,6105,36,3
13584,12594,417,4
13585,9164,391,3
13586,2356,124,1
13587,5953,400,1
13588,18704,51,2
13589,7800,164,1
13590,6056,432,3
13591,14043,27,4
13592,12168,483,1
13593,3270,25,2
13594,17732,144,3
13595,729,133,2
13596,5388,51,4
13597,3155,267,1
13598,8705,229,3
13599,12171,96,4
13600,13362,489,3
13601,15779,164,4
13602,18615,212,2
13603,8676,333,1
13604,76,219,4
13605,5976,118,1
13606,14523,102,4
13607,3911,470,4
13608,8094,239,2
13609,18369,8,2
13610,15822,7,4
13611,12766,15,4
13612,6333,471,4
13613,11356,494,1
13614,1388,435,3
13615,12609,283,2
13616,14776,349,1
13617,240,175,3
13618,13541,269,1
13619,7429,423,1
13620,19622,368,3
13621,3165,447,3
13622,4511,103,2
13623,15136,227,4
13624,15045,431,4
13625,5932,483,2
13626,19666,99,3
13627,1653,395,2
13628,7065,101,4
13629,12823,72,4
13630,15711,91,3
13631,8028,198,2
13632,18969,368,3
13633,4410,443,4
13634,2148,81,2
13635,6645,184,1
13636,18547,307,2
13637,15879,167,4
13638,7244,431,4
13639,10516,429,2
13640,14298,255,1
13641,13517,208,3
13642,17836,385,3
13643,11271,25,1
13644,5703,370,4
13645,12293,185,2
13646,5767,147,1
13647,16283,150,1
13648,18627,129,1
13649,16226,183,3
13650,10942,438,3
13651,7492,19,1
13652,10047,181,2
13653,2898,6,3
13654,5664,86,2
13655,10254,405,1
13656,10026,301,3
13657,6695,231,2
13658,716,303,2
13659,15268,46,2
13660,18221,421,3
13661,2924,161,4
13662,12539,458,3
13663,17016,466,3
13664,7262,328,2
13665,2721,250,1
13666,1840,275,2
13667,4695,100,2
13668,3744,152,3
13669,19634,128,4
13670,11356,35,3
13671,7245,419,4
13672,14900,163,3
13673,17058,422,2
13674,9684,226,2
13675,16266,300,4
13676,13127,256,3
13677,5243,485,3
13678,17159,491,4
13679,19031,8,3
13680,14008,296,4
13681,17181,45,4
13682,15845,217,3
13683,11356,186,1
13684,11149,346,2
13685,4126,104,1
13686,2174,13,4
13687,4671,121,4
13688,19794,111,1
13689,11288,479,3
13690,5179,262,3
13691,3580,339,2
13692,9201,344,3
13693,2974,309,2
13694,15262,246,3
13695,5602,469,2
13696,11218,443,3
13697,2407,482,3
13698,7815,109,3
13699,71,54,4
13700,16178,169,1
13701,5730,464,1
13702,2956,159,4
13703,16086,91,3
13704,43,59,2
13705,14675,455,3
13706,1105,265,3
13707,3382,419,1
13708,5558,350,3
13709,18763,436,4
13710,9547,79,3
13711,12668,227,2
13712,94,90,2
13713,13222,8,4
13714,7588,23,2
13715,7532,434,4
13716,7399,495,2
13717,11957,174,2
13718,11880,338,2
13719,18979,478,3
13720,13936,169,2
13721,8687,461,4
13722,14153,265,4
13723,18524,295,1
13724,18757,270,4
13725,2930,145,3
13726,1538,120,1
13727,7931,295,2
13728,2966,280,4
13729,18938,182,1
13730,15928,253,2
13731,15025,159,4
13732,9843,209,3
13733,9105,248,1
13734,8480,484,4
13735,11461,31,1
13736,19320,95,2
13737,10076,498,2
13738,11059,348,1
13739,9282,242,4
13740,4148,453,4
13741,9013,498,1
13742,2236,262,3
13743,941,16,1
13744,14615,376,3
13745,12250,356,4
13746,11069,203,4
13747,19952,283,1
13748,7773,40,2
13749,13191,304,3
13750,4226,378,2
13751,2007,246,1
13752,5569,238,1
13753,18419,492,1
13754,3577,369,2
13755,8207,326,4
13756,3309,216,3
13757,9526,432,1
13758,11612,172,4
13759,9077,184,4
13760,14133,225,4
13761,6340,291,3
13762,5529,358,1
13763,18440,311,3
13764,15433,246,3
13765,6728,46,2
13766,3925,174,3
13767,3363,357,2
13768,5457,494,2
13769,12416,474,3
13770,14926,315,4
13771,2126,78,2
13772,8837,83,4
13773,2484,392,4
13774,19454,488,4
13775,17497,75,1
13776,18081,304,3
13777,13722,57,1
13778,19517,398,1
13779,14747,490,2
13780,19595,258,4
13781,14969,73,3
13782,10056,279,4
13783,12654,11,3
13784,5392,93,3
13785,17598,438,1
13786,11649,178,2
13787,7295,313,4
13788,4352,215,4
13789,9334,478,4
13790,18555,84,3
13791,16057,78,2
13792,17213,44,2
13793,9895,380,2
13794,7014,140,2
13795,18461,87,1
13796,16163,491,3
13797,16592,352,2
13798,19783,345,1
13799,17961,382,3
13800,18458,255,4
13801,14077,126,2
13802,15959,85,2
13803,2446,241,3
13804,7788,138,4
13805,18675,363,1
13806,14087,401,1
13807,1062,405,3
13808,12854,381,4
13809,11001,135,4
13810,1554,305,1
13811,1392,399,4
13812,4335,495,4
13813,17520,18,4
13814,17124,153,1
13815,4735,52,4
13816,13359,126,2
13817,4050,251,4
13818,11999,182,4
13819,10533,446,4
13820,15737,81,2
13821,3901,274,1
13822,5008,150,1
13823,10107,116,2
13824,16606,213,4
13825,4140,218,4
13826,8222,289,1
13827,19936,245,1
13828,6737,128,3
13829,15441,324,4
13830,14245,31,1
13831,12311,263,1
13832,5318,214,1
13833,3018,490,1
13834,9452,91,2
13835,7206,98,3
13836,19820,154,1
13837,2389,376,4
13838,3985,125,1
13839,19165,426,4
13840,10583,289,1
13841,9529,117,4
13842,17972,297,1
13843,18978,13,4
13844,8631,88,1
13845,11020,303,4
13846,8,335,1
13847,8031,325,1
13848,4950,300,2
13849,12413,51,1
13850,6232,305,3
13851,6627,7,3
13852,5356,171,2
13853,16710,372,4
13854,6247,265,2
13855,11307,26,4
13856,11634,189,3
13857,1653,495,1
13858,5459,1,1
13859,10450,443,2
13860,11030,261,1
13861,5260,57,2
13862,17467,278,4
13863,6048,397,2
13864,3610,92,3
13865,10223,316,3
13866,2244,374,4
13867,9488,84,2
13868,17820,173,4
13869,14356,66,2
13870,3211,53,3
13871,9653,143,4
13872,9710,72,1
13873,14411,138,1
13874,14379,213,2
13875,6966,41,1
13876,3526,217,3
13877,17849,334,3
13878,12590,262,1
13879,17362,463,2
13880,15450,485,1
13881,17667,150,1
13882,2771,445,4
13883,17095,266,2
13884,14884,157,3
13885,4000,103,4
13886,5543,496,1
13887,17873,68,4
13888,15487,465,3
13889,1972,147,2
13890,14697,468,2
13891,4577,400,4
13892,9083,479,4
13893,12815,304,1
13894,14186,398,3
13895,15627,453,3
13896,14815,240,4
13897,13484,18,1
13898,8633,345,3
13899,19134,224,4
13900,3956,91,1
13901,2037,8,2
13902,10987,447,4
13903,3308,204,2
13904,13224,280,3
13905,13554,298,3
13906,4265,449,1
13907,5933,23,3
13908,800,440,2
13909,9297,232,3
13910,3095,187,4
13911,17673,176,4
13912,2397,183,2
13913,3183,47,4
13914,10603,373,3
13915,17276,469,4
13916,11426,161,2
13917,9132,413,1
13918,8471,423,3
13919,12956,178,3
13920,3171,232,2
13921,2140,178,3
13922,100,187,2
13923,2756,500,4
13924,11155,141,2
13925,105,353,1
13926,7500,314,4
13927,11871,380,2
13928,15643,345,3
13929,19489,410,1
13930,8833,384,4
13931,11060,69,2
13932,5707,280,3
13933,559,368,1
13934,9886,485,3
13935,9200,403,2
13936,18052,360,3
13937,8935,373,2
13938,10249,438,3
13939,11851,383,2
13940,13890,377,4
13941,4616,292,4
13942,5657,180,1
13943,6779,91,3
13944,12302,64,2
13945,3667,100,1
13946,19847,66,1
13947,1940,63,2
13948,14956,27,1
13949,3958,34,4
13950,1507,208,2
13951,10392,379,1
13952,6097,69,2
13953,6825,294,3
13954,14263,31,4
13955,1388,268,3
13956,5477,428,1
13957,6822,297,1
13958,14278,351,1
13959,11768,98,1
13960,15190,113,4
13961,11933,263,3
13962,19288,470,1
13963,10401,355,4
13964,11948,405,3
13965,11852,229,3
13966,12469,264,4
13967,9863,195,4
13968,19613,391,3
13969,10667,231,3
13970,2353,430,2
13971,15141,218,2
13972,7534,380,1
13973,16762,39,2
13974,9868,195,2
13975,2847,241,1
13976,12739,391,4
13977,19651,39,3
13978,19019,320,3
13979,2507,170,1
13980,17927,56,3
13981,12095,126,2
13982,18582,484,2
13983,17125,327,3
13984,17072,126,3
13985,15222,325,1
13986,509,119,4
13987,1039,72,1
13988,15546,118,1
13989,8314,145,2
13990,11622,277,3
13991,9408,382,2
13992,9170,458,3
13993,12261,101,4
13994,9902,61,2
13995,4839,173,4
13996,3528,78,2
13997,10124,108,1
13998,12634,418,1
13999,8766,279,2
14000,14372,306,3
14001,15296,14,3
14002,14948,497,3
14003,6475,484,2
14004,1456,87,2
14005,10619,77,4
14006,13819,298,2
14007,14254,12,2
14008,8887,143,4
14009,4227,407,1
14010,8197,69,4
14011,201,277,3
14012,10306,451,3
14013,16130,402,3
14014,17351,91,4
14015,8566,357,2
14016,9900,407,1
14017,11860,429,1
14018,374,98,2
14019,10394,378,4
14020,13608,290,4
14021,9757,91,2
14022,7925,70,4
14023,13030,365,4
14024,3447,321,4
14025,7977,113,3
14026,629,269,3
14027,1052,43,2
14028,4640,168,3
14029,3685,201,3
14030,19526,9,2
14031,11391,211,1
14032,7054,133,2
14033,18110,394,4
14034,9830,3,3
14035,1430,307,1
14036,15549,473,4
14037,17285,301,1
14038,4682,87,1
14039,4424,441,4
14040,16070,289,2
14041,2774,480,1
14042,1194,242,4
14043,773,346,4
14044,10236,188,1
14045,8981,129,4
14046,14810,361,1
14047,17359,313,1
14048,16141,103,3
14049,18459,15,4
14050,14974,81,1
14051,10258,124,4
14052,10682,310,1
14053,6357,38,4
14054,5668,411,2
14055,5856,74,2
14056,17496,87,1
14057,6764,272,1
14058,8111,302,4
14059,4842,358,1
14060,19849,486,2
14061,6085,246,4
14062,11373,481,2
14063,15670,336,4
14064,1647,10,3
14065,2809,332,3
14066,5823,46,1
14067,14162,322,2
14068,3980,358,3
14069,2199,28,1
14070,10140,136,3
14071,3327,472,4
14072,1871,337,2
14073,8500,433,2
14074,8286,117,2
14075,7500,194,2
14076,12174,177,1
14077,16061,395,2
14078,15756,157,3
14079,4007,423,2
14080,10934,22,3
14081,11339,174,3
14082,12895,239,2
14083,17746,411,1
14084,3682,13,1
14085,460,499,4
14086,12036,444,3
14087,2792,462,2
14088,8107,328,1
14089,9115,210,3
14090,12694,365,2
14091,1760,214,3
14092,14267,63,1
14093,8751,297,3
14094,17822,255,4
14095,15762,225,4
14096,7426,299,3
14097,6541,123,1
14098,10675,30,1
14099,9001,308,3
14100,6578,362,2
14101,813,69,3
14102,16128,60,4
14103,3481,341,4
14104,4319,168,1
14105,11149,32,1
14106,15721,223,3
14107,943,386,4
14108,14173,489,1
14109,19879,332,1
14110,9369,314,4
14111,19881,302,3
14112,11483,200,3
14113,12404,64,2
14114,5248,195,4
14115,245,102,3
14116,3079,464,4
14117,2190,313,2
14118,7237,173,1
14119,6093,227,2
14120,2517,356,4
14121,5828,349,4
14122,12708,415,3
14123,8026,93,4
14124,16052,121,3
14125,1392,493,4
14126,4099,366,3
14127,6772,460,1
14128,10911,243,2
14129,15814,192,2
14130,8375,499,1
14131,9418,319,4
14132,17131,212,4
14133,13767,242,3
14134,16981,347,4
14135,19367,367,2
14136,11661,250,4
14137,17336,143,4
14138,2152,381,4
14139,8985,6,1
14140,3900,53,2
14141,19153,379,3
14142,10632,330,3
14143,9914,152,4
14144,13398,15,1
14145,15614,111,1
14146,6243,135,3
14147,232,438,3
14148,14082,399,3
14149,9333,218,2
14150,12205,260,3
14151,6476,107,4
14152,11374,207,4
14153,17259,66,2
14154,19,35,2
14155,7008,287,2
14156,18790,320,1
14157,9584,162,1
14158,320,111,3
14159,5662,35,2
14160,7670,340,3
14161,11618,177,1
14162,12563,227,4
14163,10653,112,2
14164,5585,376,3
14165,1723,425,4
14166,14557,445,2
14167,7953,380,1
14168,5959,294,4
14169,14998,150,1
14170,13586,354,4
14171,6389,125,3
14172,17559,41,2
14173,7687,98,3
14174,8211,361,1
14175,15966,67,1
14176,4705,415,1
14177,4293,153,2
14178,9476,365,4
14179,11840,141,3
14180,11770,42,2
14181,6353,224,3
14182,5640,424,4
14183,17716,410,2
14184,6970,420,3
14185,10951,389,2
14186,11644,188,3
14187,11918,305,4
14188,8544,340,2
14189,19154,289,4
14190,1405,286,3
14191,2498,26,1
14192,12398,462,4
14193,11029,382,1
14194,4605,1,4
14195,5435,34,2
14196,16728,447,4
14197,17999,247,4
14198,5968,470,2
14199,2401,83,1
14200,5857,296,4
14201,18033,56,1
14202,5323,148,2
14203,3215,487,3
14204,2885,88,1
14205,17268,421,1
14206,10689,94,4
14207,7874,100,1
14208,11582,140,2
14209,13,428,3
14210,3197,413,1
14211,13084,154,3
14212,4438,467,4
14213,17521,367,1
14214,486,7,1
14215,11580,133,4
14216,13240,252,3
14217,14509,345,2
14218,7730,254,2
14219,5906,307,1
14220,17222,95,1
14221,16610,170,1
14222,10257,146,2
14223,8691,120,4
14224,980,419,2
14225,14759,319,4
14226,11590,274,2
14227,1410,386,4
14228,4267,121,3
14229,5513,483,1
14230,18475,75,4
14231,19425,182,1
14232,17779,167,2
14233,15969,37,3
14234,6439,166,1
14235,10477,228,1
14236,12101,263,2
14237,17562,437,4
14238,1759,62,1
14239,5033,299,2
14240,9838,112,1
14241,3653,341,4
14242,15291,296,4
14243,16651,392,1
14244,12811,257,1
14245,13542,463,1
14246,2642,368,1
14247,9424,283,4
14248,3966,429,4
14249,6324,109,4
14250,14448,475,2
14251,18374,201,1
14252,5764,264,4
14253,998,330,2
14254,1578,128,3
14255,6037,179,4
14256,3748,57,3
14257,1141,456,4
14258,7494,160,2
14259,14893,257,4
14260,10136,336,3
14261,18680,481,2
14262,2808,264,3
14263,10222,197,2
14264,11241,270,2
14265,6007,471,4
14266,12000,91,2
14267,9884,154,2
14268,2259,244,3
14269,5726,302,2
14270,400,396,1
14271,8900,335,3
14272,12785,64,2
14273,19268,117,3
14274,18307,391,4
14275,19300,237,4
14276,17560,392,3
14277,5520,370,1
14278,2043,429,4
14279,11572,225,1
14280,17473,297,2
14281,13402,233,1
14282,16353,151,2
14283,4819,308,4
14284,6865,96,2
14285,14510,200,4
14286,2680,234,3
14287,6471,424,3
14288,7654,154,4
14289,10482,54,2
14290,2632,273,1
14291,16552,172,3
14292,16435,393,4
14293,18582,317,1
14294,15546,341,4
14295,16061,415,1
14296,17469,423,1
14297,7786,41,4
14298,16384,227,1
14299,13258,189,1
14300,3030,442,4
14301,11983,433,2
14302,2471,41,3
14303,14739,317,4
14304,9042,53,2
14305,1537,398,3
14306,10395,481,2
14307,8463,358,4
14308,4960,319,2
14309,19624,474,1
14310,10517,78,1
14311,55,471,2
14312,13776,181,4
14313,648,84,2
14314,5598,39,3
14315,4579,428,2
14316,1661,475,1
14317,12800,37,4
14318,17253,263,4
14319,5977,122,2
14320,439,67,2
14321,12665,122,2
14322,18548,176,1
14323,16680,432,3
14324,12313,353,2
14325,10780,18,1
14326,1097,8,1
14327,9331,272,3
14328,3744,306,1
14329,10966,178,1
14330,8032,314,3
14331,6205,1,2
14332,16770,60,2
14333,1329,233,4
14334,8573,49,3
14335,4678,66,1
14336,15564,484,1
14337,4893,2,1
14338,9807,252,1
14339,15489,117,3
14340,3396,35,1
14341,17824,291,2
14342,7478,103,2
14343,15049,8,2
14344,4325,260,2
14345,11903,160,1
14346,11260,458,1
14347,19509,343,1
14348,5306,20,1
14349,16417,28,1
14350,1230,453,1
14351,7883,107,4
14352,3071,328,1
14353,12332,182,4
14354,1070,230,2
14355,19009,299,1
14356,8917,396,3
14357,8503,91,4
14358,15019,118,2
14359,6512,266,1
14360,19977,385,1
14361,14865,212,4
14362,2969,115,4
14363,11247,91,1
14364,1053,195,4
14365,4326,372,2
14366,15985,139,4
14367,19358,29,2
14368,8033,354,1
14369,13236,42,2
14370,14298,400,4
14371,8103,391,1
14372,6106,318,3
14373,6902,173,2
14374,3933,212,1
14375,9669,133,3
14376,1439,361,2
14377,17196,270,2
14378,6975,383,1
14379,16260,449,1
14380,5256,322,3
14381,2266,97,4
14382,19559,211,3
14383,6796,453,1
14384,9920,323,3
14385,180,61,3
14386,874,418,3
14387,10690,401,4
14388,15862,356,1
14389,14700,361,2
14390,308,202,4
14391,16386,277,2
14392,17144,427,4
14393,10004,65,3
14394,2735,418,3
14395,5787,360,2
14396,4960,204,2
14397,2847,419,2
14398,3097,216,4
14399,8954,429,2
14400,14889,204,1
14401,17470,180,3
14402,2527,376,1
14403,17805,442,4
14404,12128,132,4
14405,16811,184,3
14406,14446,188,1
14407,11524,156,2
14408,9677,141,3
14409,7545,363,3
14410,14099,276,2
14411,10696,382,2
14412,10510,100,2
14413,14525,72,1
14414,1662,323,4
14415,5726,112,3
14416,13125,256,1
14417,252,464,4
14418,1718,158,2
14419,13430,346,4
14420,13921,124,4
14421,14440,108,4
14422,2969,221,4
14423,4471,71,2
14424,10562,42,2
14425,7531,93,2
14426,5438,185,4
14427,10469,87,3
14428,16109,357,4
14429,634,50,1
14430,19635,264,2
14431,8383,92,2
14432,17798,489,4
14433,631,165,2
14434,8860,360,4
14435,7644,318,2
14436,2250,204,2
14437,15327,377,2
14438,10000,380,1
14439,11904,405,2
14440,8525,85,4
14441,5435,82,2
14442,17199,365,3
14443,12603,440,4
14444,5720,411,2
14445,15379,454,1
14446,6639,113,1
14447,7795,39,4
14448,16985,397,3
14449,13562,52,3
14450,12734,20,4
14451,9914,240,1
14452,2541,190,1
14453,9292,89,1
14454,15034,459,3
14455,3248,42,1
14456,7142,380,2
14457,3120,19,3
14458,17687,204,2
14459,328,496,1
14460,13217,118,2
14461,7447,105,3
14462,12305,428,1
14463,18243,182,1
14464,11440,39,4
14465,18913,322,4
14466,8259,305,1
14467,6053,450,1
14468,2199,108,2
14469,10232,219,1
14470,6898,89,2
14471,19257,437,1
14472,1789,238,1
14473,11343,406,2
14474,391,473,1
14475,13325,112,4
14476,3999,250,1
14477,9105,123,2
14478,3865,482,4
14479,462,8,2
14480,9029,68,1
14481,16854,13,2
14482,2539,464,3
14483,5846,490,2
14484,8370,398,3
14485,15835,492,4
14486,16426,404,3
14487,7951,312,4
14488,14023,116,1
14489,10671,174,2
14490,11525,478,1
14491,12611,147,2
14492,4839,38,4
14493,17590,460,4
14494,10901,394,2
14495,10861,353,4
14496,17772,466,4
14497,1393,360,2
14498,19175,45,4
14499,192,212,4
14500,14860,160,3
14501,6421,377,4
14502,6262,395,1
14503,13634,167,4
14504,16978,151,2
14505,11896,211,1
14506,9192,402,4
14507,4252,359,3
14508,13885,80,1
14509,17060,499,4
14510,13570,352,4
14511,1144,185,3
14512,949,483,1
14513,16995,391,3
14514,8447,306,2
14515,16524,333,1
14516,13136,148,3
14517,6781,29,3
14518,10450,45,2
14519,16551,6,1
14520,3565,213,4
14521,12334,316,3
14522,4630,162,2
14523,16148,354,3
14524,6905,441,4
14525,839,371,1
14526,13352,283,1
14527,9282,360,2
14528,8158,100,4
14529,17260,451,4
14530,15620,336,2
14531,7177,368,4
14532,14848,200,4
14533,2951,378,3
14534,4780,486,3
14535,9802,254,3
14536,2940,116,3
14537,9493,190,2
14538,15661,61,3
14539,18411,281,1
14540,10020,233,3
14541,341,351,4
14542,18349,187,4
14543,13907,283,3
14544,2383,490,2
14545,16773,150,1
14546,16509,332,3
14547,12767,87,2
14548,10425,440,1
14549,19056,212,2
14550,19009,353,2
14551,16853,46,2
14552,18850,458,3
14553,8088,370,1
14554,1323,20,2
14555,17531,211,1
14556,8822,419,2
14557,9595,234,4
14558,19385,92,3
14559,4516,213,1
14560,1788,263,1
14561,10432,261,4
14562,10928,448,2
14563,5183,155,4
14564,6678,187,2
14565,4356,284,4
14566,14590,422,3
14567,10561,335,4
14568,14483,174,1
14569,9582,208,4
14570,17593,382,4
14571,6137,99,3
14572,13530,328,1
14573,170,257,4
14574,18691,93,3
14575,241,199,4
14576,19672,240,3
14577,17421,163,4
14578,13526,445,2
14579,15918,459,2
14580,3149,12,3
14581,13726,463,2
14582,17907,96,1
14583,11647,113,4
14584,9679,8,4
14585,2385,120,2
14586,4542,171,2
14587,17429,340,1
14588,16683,62,1
14589,4598,242,1
14590,13939,489,3
14591,11692,437,2
14592,19702,379,4
14593,11685,124,2
14594,13371,257,1
14595,10711,32,2
14596,12167,249,3
14597,18710,330,4
14598,7838,80,3
14599,303,452,1
14600,4262,153,3
14601,4981,493,3
14602,732,270,4
14603,6722,301,4
14604,3756,328,4
14605,57,231,2
14606,7048,89,4
14607,7989,249,1
14608,9011,365,2
14609,14570,115,3
14610,2789,316,3
14611,1867,379,3
14612,9479,135,3
14613,6099,62,3
14614,11919,397,4
14615,12216,446,4
14616,5689,269,1
14617,13814,218,2
14618,7787,248,4
14619,17100,352,2
14620,11524,485,2
14621,13007,273,4
14622,7886,387,2
14623,17797,368,2
14624,12753,278,1
14625,7301,52,4
14626,17026,225,3
14627,4479,78,4
14628,7026,383,3
14629,18293,303,1
14630,8313,112,4
14631,3795,66,1
14632,14140,114,2
14633,4817,280,1
14634,6701,190,1
14635,14012,333,2
14636,10569,447,4
14637,4734,475,3
14638,8540,58,4
14639,262,148,4
14640,12933,175,2
14641,1883,388,1
14642,3026,52,2
14643,11915,491,4
14644,16821,410,4
14645,4615,359,2
14646,8735,403,2
14647,2968,312,1
14648,5916,402,1
14649,17434,427,1
14650,3053,485,4
14651,4048,153,1
14652,4860,374,4
14653,8446,35,3
14654,9169,291,2
14655,6040,384,2
14656,872,459,2
14657,12797,273,3
14658,5018,318,1
14659,7602,228,1
14660,6726,1,1
14661,4802,210,3
14662,16844,122,3
14663,6089,306,3
14664,11942,399,3
14665,1251,7,2
14666,18984,134,2
14667,2668,12,2
14668,2673,368,4
14669,4658,126,4
14670,5588,225,2
14671,5271,140,1
14672,6577,239,4
14673,16211,289,3
14674,2321,199,4
14675,111,242,4
14676,6926,441,3
14677,8969,53,4
14678,1655,115,1
14679,11025,55,4
14680,3113,460,3
14681,15599,1,4
14682,18533,214,1
14683,12688,403,1
14684,1557,68,1
14685,15632,183,1
14686,8993,359,2
14687,9106,474,4
14688,3260,98,3
14689,19951,485,2
14690,10204,51,4
14691,15537,404,3
14692,775,134,3
14693,6635,269,1
14694,18126,300,2
14695,10596,108,4
14696,14833,194,1
14697,9863,127,4
14698,18435,393,2
14699,19468,306,2
14700,7636,26,4
14701,18337,95,2
14702,15584,319,4
14703,16767,189,4
14704,14981,9,2
14705,16153,341,1
14706,12326,442,2
14707,8503,391,4
14708,12550,169,4
14709,14162,220,1
14710,8165,101,2
14711,7562,387,3
14712,11092,423,1
14713,16721,355,3
14714,15288,2,3
14715,5104,458,3
14716,18827,388,3
14717,7436,275,4
14718,6537,334,4
14719,12781,132,3
14720,6925,113,4
14721,16615,134,3
14722,10056,487,2
14723,2092,369,2
14724,3409,421,4
14725,1886,157,2
14726,5091,199,3
14727,2434,26,2
14728,13558,74,4
14729,3848,276,1
14730,1392,193,2
14731,3187,91,1
14732,18315,272,4
14733,9098,184,3
14734,13068,249,4
14735,1434,373,1
14736,10411,440,1
14737,14304,292,2
14738,10485,30,2
14739,17514,360,2
14740,1577,62,1
14741,13036,132,1
14742,1631,387,2
14743,871,26,3
14744,8792,234,3
14745,15902,485,1
14746,9817,221,2
14747,7409,79,1
14748,17598,345,3
14749,12866,393,3
14750,16994,315,3
14751,3664,83,1
14752,17300,175,1
14753,4033,160,4
14754,16762,259,4
14755,10838,227,2
14756,1,285,3
14757,19764,156,3
14758,14177,242,4
14759,12694,88,4
14760,9563,443,4
14761,19908,490,3
14762,1928,357,1
14763,8786,149,3
14764,7036,19,4
14765,544,363,1
14766,5035,243,2
14767,12713,10,2
14768,8204,159,3
14769,16119,28,1
14770,5231,137,3
14771,11822,59,2
14772,14430,484,2
14773,10850,55,3
14774,10849,130,4
14775,6085,298,3
14776,2821,466,3
14777,10993,401,1
14778,14313,198,2
14779,8931,218,2
14780,15365,236,2
14781,14622,343,4
14782,13089,208,1
14783,5950,291,2
14784,15862,275,1
14785,17971,458,3
14786,6534,295,2
14787,1682,240,1
14788,2123,296,3
14789,9305,179,3
14790,17531,348,3
14791,17577,372,2
14792,2292,63,4
14793,11815,129,1
14794,10042,46,4
14795,3689,394,3
14796,16040,489,3
14797,16002,87,1
14798,7452,459,4
14799,8814,296,3
14800,15879,107,1
14801,4304,250,4
14802,7441,318,4
14803,2586,75,3
14804,11103,6,2
14805,18051,38,4
14806,9937,404,3
14807,4230,286,3
14808,14776,315,1
14809,6350,445,3
14810,17015,255,1
14811,10889,426,1
14812,955,200,3
14813,7302,138,3
14814,15223,407,3
14815,3149,302,1
14816,16613,155,2
14817,16888,396,1
14818,4539,452,2
14819,6482,258,1
14820,2736,120,2
14821,13679,54,3
14822,2688,112,2
14823,13244,27,4
14824,17198,404,2
14825,15169,191,1
14826,11795,307,3
14827,7538,270,4
14828,15577,101,4
14829,12446,247,4
14830,5333,297,1
14831,7327,480,1
14832,4742,386,1
14833,15458,288,2
14834,14062,452,2
14835,16673,461,2
14836,3302,209,1
14837,6913,476,1
14838,15619,329,1
14839,1585,111,2
14840,11624,193,3
14841,17124,333,4
14842,10279,307,3
14843,12232,54,2
14844,1597,205,1
14845,10797,344,1
14846,7842,209,3
14847,2992,93,4
14848,17747,48,1
14849,6767,267,1
14850,14166,318,3
14851,13637,206,3
14852,7886,294,1
14853,9599,469,1
14854,17851,197,1
14855,3769,438,3
14856,18075,344,1
14857,15716,352,4
14858,10609,308,4
14859,19654,463,2
14860,11483,277,1
14861,2434,271,1
14862,2725,50,2
14863,15931,336,3
14864,18333,287,4
14865,6901,257,2
14866,13829,195,2
14867,18238,264,2
14868,6714,495,4
14869,6802,106,2
14870,9417,290,3
14871,910,321,4
14872,16361,323,1
14873,13842,26,3
14874,10053,289,1
14875,13889,46,1
14876,9478,477,2
14877,10604,373,4
14878,12650,227,3
14879,14934,35,3
14880,313,460,2
14881,13842,457,1
14882,11081,380,4
14883,774,75,1
14884,3273,299,2
14885,7400,37,4
14886,12713,442,1
14887,7993,62,3
14888,9759,338,4
14889,3006,356,1
14890,7839,298,3
14891,5324,155,4
14892,15205,90,2
14893,8025,443,1
14894,7629,222,3
14895,18155,5,4
14896,15465,254,1
14897,8310,184,2
14898,14858,68,2
14899,227,424,2
14900,19324,462,2
14901,11465,232,3
14902,2412,433,4
14903,8505,339,4
14904,4913,111,1
14905,18680,66,1
14906,2158,65,1
14907,13755,424,3
14908,11059,294,3
14909,18543,281,4
14910,11661,228,2
14911,2412,360,2
14912,10645,8,3
14913,15070,61,3
14914,11063,219,1
14915,11538,67,3
14916,7260,476,1
14917,12277,155,1
14918,14978,359,1
14919,19486,465,4
14920,11629,456,1
14921,13143,32,2
14922,7149,406,2
14923,18734,360,1
14924,11371,32,1
14925,12920,169,1
14926,14184,301,2
14927,5627,55,1
14928,15136,10,1
14929,321,142,4
14930,7537,342,3
14931,11534,493,1
14932,5567,29,1
14933,1344,198,1
14934,15503,77,2
14935,12244,417,3
14936,7058,433,3
14937,19904,393,2
14938,15804,267,1
14939,8378,405,2
14940,17754,88,2
14941,10482,394,2
14942,3955,109,2
14943,14939,354,3
14944,11300,419,2
14945,2612,402,2
14946,8308,390,4
14947,7262,2,3
14948,15292,135,1
14949,14750,421,3
14950,10220,376,4
14951,6052,5,3
14952,20,96,4
14953,12791,271,1
14954,15403,4,3
14955,10157,82,3
14956,14540,147,1
14957,6766,178,1
14958,13416,335,2
14959,897,247,3
14960,13977,330,2
14961,1946,21,4
14962,8520,177,2
14963,13469,303,1
14964,7814,154,1
14965,19467,455,2
14966,3991,404,1
14967,19231,255,2
14968,1124,410,3
14969,6320,206,1
14970,720,96,4
14971,15217,134,1
14972,18612,467,3
14973,409,328,2
14974,6001,389,3
14975,15375,325,3
14976,6392,130,1
14977,1441,226,1
14978,6314,493,4
14979,12109,226,2
14980,3750,162,4
14981,12268,476,1
14982,16989,419,2
14983,8889,479,1
14984,823,480,4
14985,11120,37,4
14986,7614,256,3
14987,498,75,2
14988,5600,258,1
14989,16775,359,1
14990,13026,148,2
14991,5432,184,3
14992,13170,447,1
14993,4350,418,3
14994,10848,373,1
14995,16597,152,1
14996,10952,17,3
14997,2436,86,4
14998,18657,452,3
14999,14368,494,4
15000,17102,394,1
15001,10349,405,1
15002,403,167,2
15003,1796,367,1
15004,10721,269,3
15005,751,99,1
15006,18460,205,1
15007,9346,139,4
15008,7259,141,4
15009,8280,120,1
15010,11536,459,1
15011,14676,47,2
15012,9525,4,3
15013,10933,470,2
15014,18865,355,4
15015,8209,16,2
15016,2631,55,2
15017,418,452,1
15018,15118,454,1
15019,4651,91,1
15020,9465,146,3
15021,232,456,1
15022,3471,7,3
15023,1134,385,3
15024,6985,116,4
15025,18669,308,4
15026,2587,139,2
15027,18992,223,1
15028,12623,334,3
15029,8913,107,4
15030,9763,250,2
15031,2311,459,3
15032,5663,36,3
15033,12321,203,1
15034,12955,301,2
15035,10442,221,1
15036,9821,127,2
15037,2353,209,2
15038,16344,332,3
15039,12753,192,4
15040,3864,127,3
15041,14208,30,1
15042,684,485,1
15043,1830,33,2
15044,14630,136,4
15045,13585,205,1
15046,653,228,1
15047,6722,245,4
15048,13423,405,3
15049,16112,431,4
15050,4574,76,2
15051,7395,343,4
15052,10420,39,2
15053,10095,135,2
15054,11386,281,3
15055,12355,449,1
15056,2213,417,1
15057,12874,100,3
15058,13987,496,4
15059,6096,112,4
15060,18948,200,2
15061,10755,58,4
15062,12542,310,4
15063,11408,213,3
15064,13280,236,2
15065,11145,98,1
15066,15347,383,2
15067,16408,354,1
15068,17308,470,4
15069,16181,247,2
15070,964,380,1
15071,17400,388,3
15072,12257,122,3
15073,18626,207,2
15074,17911,443,3
15075,11561,65,3
15076,19570,13,3
15077,316,319,1
15078,18784,47,1
15079,16576,256,4
15080,5044,466,2
15081,1992,160,2
15082,14740,176,1
15083,17204,417,4
15084,8837,366,2
15085,10815,50,3
15086,15875,88,4
15087,499,109,4
15088,18851,93,1
15089,11064,267,4
15090,13077,249,4
15091,6292,64,3
15092,6988,81,1
15093,19310,436,3
15094,10157,277,2
15095,13681,447,2
15096,16985,248,3
15097,832,467,4
15098,6464,253,4
15099,11639,295,1
15100,12865,198,1
15101,13566,51,1
15102,13515,424,3
15103,18273,76,3
15104,8706,49,1
15105,5155,41,3
15106,10202,7,3
15107,17500,131,4
15108,6947,172,1
15109,11037,270,3
15110,8633,231,2
15111,6385,13,2
15112,16904,481,2
15113,5726,254,1
15114,14305,363,4
15115,12777,350,3
15116,859,434,1
15117,8418,94,4
15118,10051,265,4
15119,4374,227,1
15120,14291,304,4
15121,4087,391,4
15122,4814,378,1
15123,10804,280,4
15124,19606,21,4
15125,3671,496,2
15126,18318,142,1
15127,10084,144,4
15128,14931,343,1
15129,18799,118,3
15130,17917,139,4
15131,13279,306,1
15132,12089,397,4
15133,10791,333,1
15134,16409,139,4
15135,2712,85,4
15136,3726,130,2
15137,13453,497,4
15138,17454,180,2
15139,5268,392,2
15140,11616,318,1
15141,2843,61,3
15142,3767,120,4
15143,2176,284,3
15144,12200,495,2
15145,16115,250,3
15146,8629,321,1
15147,15379,198,4
15148,18650,442,4
15149,4732,364,2
15150,6370,360,2
15151,16826,215,4
15152,14474,198,4
15153,7240,83,4
15154,10338,67,3
15155,1508,320,4
15156,14498,422,2
15157,15768,219,2
15158,9702,367,3
15159,8459,302,1
15160,7508,374,4
15161,16481,455,3
15162,17968,92,3
15163,3883,60,4
15164,4404,106,3
15165,10545,1,1
15166,8023,141,4
15167,16131,202,3
15168,4307,11,4
15169,482,257,4
15170,13649,31,2
15171,18919,191,4
15172,17991,377,3
15173,16478,126,3
15174,8121,463,1
15175,14227,122,2
15176,5450,225,3
15177,8618,39,4
15178,6682,499,1
15179,4043,4,3
15180,13112,416,3
15181,3586,280,3
15182,12967,475,1
15183,10437,141,1
15184,16901,24,2
15185,12101,450,1
15186,13061,154,1
15187,2162,101,1
15188,4962,228,3
15189,14549,190,2
15190,5805,14,2
15191,16499,417,3
15192,17511,133,2
15193,15830,175,1
15194,586,208,2
15195,9810,488,4
15196,13809,78,1
15197,9359,104,1
15198,10741,102,3
15199,16677,327,4
15200,17854,421,2
15201,8245,21,2
15202,7427,454,3
15203,112,445,4
15204,10930,38,4
15205,18432,158,3
15206,4601,120,1
15207,13903,95,2
15208,10767,66,2
15209,1140,245,1
15210,16894,378,2
15211,19235,92,3
15212,1517,118,4
15213,3152,415,2
15214,10382,208,3
15215,17144,324,3
15216,5674,319,3
15217,18029,166,4
15218,7189,60,1
15219,6853,325,1
15220,4067,50,2
15221,644,268,2
15222,15763,497,3
15223,3064,42,3
15224,10915,70,4
15225,16648,207,4
15226,14032,325,3
15227,8823,29,1
15228,6697,123,4
15229,8835,54,2
15230,18828,360,1
15231,11238,221,2
15232,1229,413,2
15233,10271,266,4
15234,16023,43,4
15235,2396,64,2
15236,4808,203,2
15237,13869,220,4
15238,16127,251,4
15239,8082,403,2
15240,16763,380,4
15241,16588,84,2
15242,2229,451,3
15243,9832,454,3
15244,6255,225,1
15245,3717,384,4
15246,10801,422,2
15247,2149,221,3
15248,809,273,2
15249,2817,381,1
15250,16076,304,4
15251,7499,453,2
15252,4023,27,4
15253,14637,468,3
15254,6189,251,3
15255,15355,454,1
15256,13702,68,1
15257,976,61,2
15258,3195,195,1
15259,2468,375,2
15260,4514,74,4
15261,6551,457,2
15262,3699,270,4
15263,19751,123,3
15264,13663,289,2
15265,13390,116,3
15266,16352,467,4
15267,9146,488,3
15268,18265,169,1
15269,8091,462,2
15270,13399,59,2
15271,6863,34,4
15272,8661,354,3
15273,4148,89,3
15274,1503,469,3
15275,15456,338,4
15276,10769,463,3
15277,10291,263,2
15278,4401,356,2
15279,11309,397,1
15280,12861,489,1
15281,2651,235,2
15282,6696,290,2
15283,2963,450,1
15284,11110,440,4
15285,5651,333,3
15286,17541,338,4
15287,19999,401,4
15288,18931,85,1
15289,5615,149,3
15290,3842,95,4
15291,5337,233,3
15292,12730,219,1
15293,3222,333,4
15294,15483,134,1
15295,19259,156,4
15296,11147,141,2
15297,6480,386,4
15298,1903,231,1
15299,8059,476,4
15300,7543,437,1
15301,12127,8,1
15302,2466,158,2
15303,16658,211,4
15304,10545,282,3
15305,2401,109,1
15306,13863,341,3
15307,15472,93,3
15308,13898,213,2
15309,2856,314,4
15310,7198,257,2
15311,14219,281,1
15312,5553,204,2
15313,1601,117,4
15314,6211,74,4
15315,1642,381,2
15316,19470,345,2
15317,16669,307,4
15318,11920,179,3
15319,9962,77,2
15320,1613,426,4
15321,9707,33,1
15322,1561,358,1
15323,10168,17,4
15324,3297,326,4
15325,11155,20,3
15326,6273,71,1
15327,1621,69,4
15328,4548,280,4
15329,1219,375,3
15330,17423,150,4
15331,4522,386,1
15332,17217,398,1
15333,656,419,2
15334,18867,202,2
15335,846,93,2
15336,18063,458,2
15337,3416,142,2
15338,3777,180,2
15339,17715,477,2
15340,17800,301,3
15341,4922,16,1
15342,8652,60,1
15343,13259,292,2
15344,5692,10,4
15345,13147,347,1
15346,15057,266,2
15347,8842,139,2
15348,16249,419,1
15349,13650,454,3
15350,17094,296,1
15351,351,292,2
15352,6691,274,1
15353,4813,379,3
15354,12664,379,1
15355,11589,259,1
15356,3765,334,3
15357,4603,492,2
15358,9059,135,1
15359,19686,310,2
15360,18803,391,4
15361,13781,235,3
15362,19766,271,1
15363,3641,432,2
15364,2232,285,1
15365,19048,127,2
15366,10686,93,2
15367,13715,388,1
15368,4353,118,3
15369,15105,435,2
15370,13275,203,4
15371,11352,180,3
15372,19848,476,3
15373,5484,353,3
15374,18274,335,1
15375,19645,304,2
15376,5758,199,4
15377,19457,203,2
15378,17140,26,3
15379,14053,256,3
15380,18265,20,1
15381,12068,179,3
15382,18614,28,1
15383,18248,221,4
15384,14154,294,4
15385,1682,251,4
15386,1157,487,2
15387,7095,230,4
15388,18462,438,3
15389,19067,152,2
15390,18629,329,1
15391,3115,396,4
15392,17691,480,3
15393,9532,170,2
15394,1114,407,2
15395,15207,41,4
15396,18815,370,1
15397,16209,220,1
15398,7786,206,2
15399,17656,54,2
15400,18660,397,2
15401,13914,482,2
15402,12911,476,3
15403,16496,3,3
15404,1046,337,3
15405,10676,177,4
15406,12147,298,1
15407,19872,329,3
15408,5082,451,2
15409,17088,150,2
15410,6491,67,3
15411,16644,274,1
15412,10345,365,2
15413,5257,143,3
15414,1648,298,1
15415,5084,45,4
15416,13038,371,2
15417,8792,45,1
15418,6906,325,1
15419,7909,182,2
15420,1547,401,1
15421,15414,319,2
15422,16358,20,3
15423,16141,235,4
15424,5370,105,4
15425,14754,319,4
15426,1551,428,2
15427,8760,422,1
15428,13439,264,3
15429,17239,447,3
15430,18359,428,1
15431,14812,333,3
15432,9391,43,1
15433,15729,196,2
15434,3861,83,2
15435,3812,25,4
15436,15489,281,1
15437,15881,252,4
15438,8378,491,2
15439,5441,459,4
15440,15307,163,1
15441,11650,181,2
15442,37,403,3
15443,19458,46,1
15444,12365,362,3
15445,15288,438,3
15446,3814,348,2
15447,8509,314,4
15448,1762,421,3
15449,4635,327,2
15450,16321,244,2
15451,15807,99,2
15452,18304,264,2
15453,4284,166,1
15454,7758,18,3
15455,17722,411,4
15456,5412,406,1
15457,13516,391,3
15458,14691,105,2
15459,19936,119,4
15460,2602,325,3
15461,6400,286,2
15462,82,39,2
15463,7596,122,3
15464,9808,83,2
15465,10750,198,3
15466,2661,186,2
15467,4738,243,3
15468,14113,456,1
15469,5056,38,4
15470,9320,266,1
15471,4375,127,4
15472,8618,336,4
15473,2764,306,2
15474,2641,112,2
15475,4908,14,2
15476,3604,197,3
15477,17657,182,4
15478,10905,482,4
15479,17057,456,3
15480,6173,86,1
15481,1670,283,1
15482,17351,296,4
15483,16242,269,1
15484,1024,468,3
15485,16264,51,4
15486,14647,215,4
15487,14830,497,2
15488,17432,306,1
15489,11141,173,1
15490,4937,154,1
15491,784,418,1
15492,10209,46,1
15493,14552,68,2
15494,5425,82,2
15495,110,101,3
15496,12049,106,4
15497,16992,124,1
15498,469,168,1
15499,11008,3,3
15500,12497,415,2
15501,4260,477,2
15502,11077,426,4
15503,4637,155,1
15504,3723,7,1
15505,6910,116,4
15506,6107,181,1
15507,8606,143,3
15508,10143,150,4
15509,16157,78,1
15510,5108,342,2
15511,6554,185,2
15512,14564,191,3
15513,19742,403,1
15514,18169,213,4
15515,9834,34,3
15516,1205,371,3
15517,5618,291,3
15518,5754,207,4
15519,3991,22,2
15520,13673,410,4
15521,7535,197,4
15522,226,328,4
15523,1915,365,4
15524,1958,428,3
15525,917,155,3
15526,5312,180,1
15527,2505,103,1
15528,679,446,4
15529,12939,10,3
15530,9116,179,3
15531,18685,441,1
15532,14923,288,3
15533,15420,482,1
15534,4414,322,1
15535,7849,291,4
15536,15001,384,1
15537,3040,372,4
15538,7662,368,2
15539,6967,77,3
15540,7120,279,2
15541,12136,114,1
15542,4586,148,3
15543,3037,400,2
15544,18725,126,2
15545,2653,266,2
15546,5094,84,1
15547,12101,489,4
15548,15595,274,2
15549,2643,412,2
15550,3950,117,3
15551,5372,212,3
15552,8062,142,3
15553,8361,97,4
15554,11001,275,1
15555,17596,480,4
15556,15391,118,3
15557,7321,372,1
15558,10813,147,3
15559,27,324,3
15560,19355,495,4
15561,11652,346,3
15562,16676,119,1
15563,19286,259,2
15564,5207,55,2
15565,539,221,3
15566,18368,235,4
15567,4796,68,2
15568,817,120,3
15569,17307,380,4
15570,15221,350,1
15571,12319,265,1
15572,5737,448,4
15573,16509,185,3
15574,11885,308,3
15575,19225,346,1
15576,1403,20,2
15577,9682,413,1
15578,16959,384,1
15579,15184,92,3
15580,10996,134,4
15581,17565,222,4
15582,8230,59,2
15583,1391,451,4
15584,18801,491,3
15585,7938,265,2
15586,3047,423,4
15587,9310,362,2
15588,10438,191,1
15589,8670,441,3
15590,455,35,2
15591,19952,310,2
15592,9227,88,3
15593,13181,34,2
15594,5094,448,3
15595,11506,472,4
15596,8745,421,2
15597,8818,275,3
15598,19396,476,3
15599,7984,57,3
15600,14911,180,4
15601,14597,242,4
15602,6717,328,2
15603,6473,453,1
15604,2044,14,2
15605,10183,45,4
15606,12959,287,1
15607,7669,408,3
15608,19939,9,3
15609,13327,91,3
15610,8512,17,2
15611,13849,320,3
15612,3330,497,1
15613,17948,348,3
15614,16194,49,1
15615,4288,130,1
15616,8413,139,3
15617,9727,349,2
15618,17324,315,2
15619,18609,384,1
15620,15149,30,2
15621,19892,85,1
15622,2983,468,4
15623,11955,358,3
15624,17227,443,3
15625,10362,385,4
15626,15772,154,4
15627,5107,17,4
15628,13909,310,4
15629,12718,302,1
15630,19956,293,3
15631,2787,60,3
15632,19745,151,2
15633,5418,107,2
15634,6280,34,3
15635,17843,406,1
15636,16064,127,4
15637,5117,220,4
15638,9586,302,1
15639,4571,302,4
15640,10608,42,4
15641,9668,441,2
15642,11796,17,3
15643,16254,232,2
15644,9096,481,3
15645,6738,199,4
15646,13716,321,4
15647,14422,65,4
15648,1272,311,1
15649,7538,320,3
15650,16643,255,2
15651,5993,328,4
15652,2257,49,2
15653,6799,127,1
15654,6924,305,3
15655,16595,326,3
15656,17179,232,3
15657,3986,251,1
15658,9594,449,1
15659,1751,468,4
15660,10592,155,1
15661,14166,495,4
15662,12943,327,2
15663,17770,54,3
15664,6032,201,1
15665,10297,294,4
15666,12755,260,3
15667,7634,463,2
15668,14804,154,4
15669,3121,92,3
15670,18955,158,3
15671,9668,262,3
15672,11764,30,2
15673,7406,12,1
15674,3045,123,3
15675,2356,351,2
15676,13702,309,3
15677,17094,294,3
15678,2221,219,3
15679,758,158,3
15680,8858,318,4
15681,1314,383,1
15682,6058,127,4
15683,14978,211,3
15684,6161,376,4
15685,9252,206,3
15686,8734,146,3
15687,15358,366,4
15688,11192,83,3
15689,8789,237,1
15690,13950,224,1
15691,468,152,4
15692,9216,350,1
15693,13399,117,2
15694,12336,238,2
15695,6931,271,1
15696,5299,125,4
15697,5780,392,3
15698,13180,243,3
15699,15648,86,4
15700,276,100,4
15701,19147,405,4
15702,7267,362,3
15703,2363,113,1
15704,17563,142,1
15705,7889,403,2
15706,6085,68,3
15707,14934,352,2
15708,16932,268,2
15709,10817,371,4
15710,12562,3,2
15711,1286,111,3
15712,15677,432,2
15713,10689,38,2
15714,3763,105,1
15715,1699,122,3
15716,3252,429,4
15717,12618,20,4
15718,2454,325,2
15719,18572,343,1
15720,14971,80,2
15721,12152,413,2
15722,11885,203,4
15723,17134,288,2
15724,11701,477,1
15725,6741,17,2
15726,4228,483,2
15727,11415,12,3
15728,9122,308,2
15729,13643,431,2
15730,16320,347,3
15731,16557,277,3
15732,9789,425,4
15733,7109,86,1
15734,12344,233,4
15735,4821,110,3
15736,19238,124,3
15737,7334,349,1
15738,9801,321,3
15739,16097,306,2
15740,16522,129,1
15741,13061,416,3
15742,7015,316,4
15743,7812,27,3
15744,18243,255,2
15745,2212,457,2
15746,2183,267,3
15747,19296,308,3
15748,19578,15,2
15749,15619,305,4
15750,8424,499,1
15751,1165,149,4
15752,17977,63,3
15753,2960,208,2
15754,1642,246,1
15755,5489,243,3
15756,8164,139,2
15757,6537,235,4
15758,6358,449,3
15759,19138,469,4
15760,4753,162,2
15761,19436,23,1
15762,562,234,4
15763,323,117,4
15764,3066,363,1
15765,6684,363,4
15766,13818,1,2
15767,19244,392,1
15768,1595,125,4
15769,7960,414,3
15770,17054,189,3
15771,10601,276,1
15772,19008,390,4
15773,4058,294,1
15774,8316,372,1
15775,10823,278,4
15776,13690,493,1
15777,13388,37,3
15778,11328,193,4
15779,3045,337,2
15780,13089,471,2
15781,5942,83,3
15782,11756,364,3
15783,2864,201,1
15784,6644,159,1
15785,15289,429,4
15786,13415,210,4
15787,10546,382,1
15788,19705,76,1
15789,3350,74,1
15790,4876,499,3
15791,5423,147,3
15792,3226,203,1
15793,3361,64,2
15794,8849,308,4
15795,23,239,1
15796,3533,196,4
15797,10989,108,2
15798,18163,292,4
15799,2869,303,2
15800,6212,369,4
15801,5434,214,3
15802,13759,189,3
15803,15949,7,3
15804,17346,17,2
15805,17586,202,4
15806,17242,146,4
15807,7010,450,2
15808,1889,55,3
15809,16450,328,3
15810,7926,112,1
15811,6997,283,4
15812,9889,235,3
15813,11833,334,1
15814,16375,376,1
15815,11684,409,2
15816,12351,382,2
15817,14390,91,4
15818,12487,289,4
15819,15395,100,4
15820,3989,359,2
15821,19202,213,2
15822,17938,274,2
15823,7218,332,1
15824,9813,158,1
15825,6722,73,1
15826,14718,121,2
15827,19461,213,3
15828,14585,212,4
15829,15133,110,1
15830,13596,431,3
15831,10012,240,4
15832,8275,159,1
15833,665,179,2
15834,19469,358,1
15835,4720,375,4
15836,15423,308,4
15837,12808,35,2
15838,6854,277,4
15839,2754,275,4
15840,3776,317,2
15841,4122,224,1
15842,11088,335,1
15843,11502,481,3
15844,17800,161,2
15845,18247,317,4
15846,17454,127,1
15847,700,8,4
15848,213,318,4
15849,12053,4,1
15850,5532,305,4
15851,15986,79,1
15852,16054,302,4
15853,19130,257,3
15854,14436,75,2
15855,2284,144,2
15856,6608,356,1
15857,12591,384,1
15858,2892,149,2
15859,13352,3,3
15860,10263,43,3
15861,10032,43,4
15862,9594,209,2
15863,10315,218,1
15864,16508,327,1
15865,18700,429,1
15866,2455,370,2
15867,11830,295,3
15868,14281,368,3
15869,18362,132,4
15870,12953,354,1
15871,16136,194,4
15872,4264,142,3
15873,6967,216,1
15874,1805,107,2
15875,10698,227,1
15876,9849,317,3
15877,3676,147,4
15878,8846,119,1
15879,11409,360,3
15880,8157,74,2
15881,140,402,2
15882,992,406,3
15883,5696,296,1
15884,13683,457,4
15885,12668,213,3
15886,11573,423,1
15887,9198,360,2
15888,6705,84,2
15889,963,97,4
15890,5096,187,1
15891,7727,312,2
15892,17693,11,2
15893,7625,76,2
15894,1678,86,3
15895,17130,231,3
15896,6469,383,2
15897,17366,360,1
15898,5691,335,1
15899,4317,118,4
15900,15879,473,1
15901,5142,386,4
15902,13706,88,1
15903,2426,437,4
15904,10499,62,1
15905,11160,23,4
15906,17454,98,1
15907,16189,453,4
15908,16304,441,3
15909,7609,340,1
15910,6345,326,3
15911,18359,209,2
15912,13173,161,4
15913,1624,276,2
15914,10008,62,2
15915,12307,96,3
15916,19461,95,4
15917,17458,254,3
15918,16026,299,2
15919,14141,191,1
15920,19102,177,4
15921,16908,197,2
15922,3162,338,2
15923,11781,257,3
15924,10749,180,1
15925,19060,138,3
15926,11860,498,2
15927,7579,250,3
15928,9229,324,3
15929,5387,153,3
15930,14066,225,3
15931,8276,353,3
15932,14681,73,1
15933,1449,181,4
15934,10021,296,3
15935,21,147,2
15936,5559,255,4
15937,3184,418,2
15938,838,53,4
15939,2832,432,3
15940,4347,272,4
15941,240,59,3
15942,3711,79,4
15943,9095,240,2
15944,10858,324,2
15945,3017,444,3
15946,9207,366,1
15947,1334,418,3
15948,9951,242,3
15949,15462,8,2
15950,11595,95,3
15951,1379,129,2
15952,17366,136,3
15953,8816,305,3
15954,18438,268,1
15955,13101,324,2
15956,10339,311,2
15957,958,434,1
15958,10607,408,1
15959,7709,348,2
15960,5119,68,1
15961,12447,422,3
15962,11969,184,4
15963,3400,432,3
15964,18038,235,4
15965,11384,317,1
15966,14457,270,3
15967,4157,282,1
15968,756,442,2
15969,14020,350,3
15970,13803,297,2
15971,7953,462,3
15972,19690,399,3
15973,4405,210,4
15974,18614,243,3
15975,13086,27,2
15976,9939,211,3
15977,10145,343,3
15978,5165,195,2
15979,17053,124,2
15980,6555,392,3
15981,15117,202,2
15982,11103,432,2
15983,13440,77,1
15984,12451,261,4
15985,4991,448,1
15986,1024,373,2
15987,10622,435,3
15988,15199,350,3
15989,4725,53,1
15990,4954,255,4
15991,4904,495,1
15992,14119,435,4
15993,9006,460,2
15994,3426,26,2
15995,1960,394,1
15996,8377,385,4
15997,1310,196,4
15998,4932,346,2
15999,14796,142,1
16000,1214,475,3
16001,5021,265,2
16002,16964,263,2
16003,5798,174,1
16004,16551,496,4
16005,492,125,3
16006,7824,49,1
16007,18014,174,4
16008,15658,175,1
16009,6323,195,4
16010,9260,406,1
16011,5230,404,3
16012,16825,453,3
16013,8061,111,1
16014,1273,90,3
16015,18903,78,1
16016,7618,9,3
16017,18689,374,4
16018,5065,450,1
16019,9769,240,1
16020,1012,50,3
16021,9440,413,3
16022,8693,478,1
16023,15819,335,3
16024,3563,134,2
16025,8673,106,3
16026,13378,266,4
16027,15649,70,1
16028,6020,150,3
16029,14818,410,3
16030,6334,387,3
16031,7399,240,2
16032,3288,407,4
16033,5157,445,2
16034,15324,5,2
16035,2748,181,4
16036,380,185,2
16037,4432,55,2
16038,17734,495,2
16039,14227,193,4
16040,8266,372,3
16041,9951,476,3
16042,1324,293,4
16043,2542,150,4
16044,13511,478,2
16045,8363,116,3
16046,7996,122,4
16047,8528,302,4
16048,17344,469,2
16049,16844,275,4
16050,1434,421,3
16051,2025,499,1
16052,15641,391,3
16053,11768,25,2
16054,18550,77,3
16055,15176,182,3
16056,3203,413,3
16057,18338,147,3
16058,3250,225,3
16059,8695,306,3
16060,18561,181,1
16061,7912,484,4
16062,8799,399,3
16063,17262,377,1
16064,10115,295,2
16065,10019,454,4
16066,18898,109,4
16067,12000,194,1
16068,7098,174,1
16069,5721,250,4
16070,3984,109,4
16071,1407,124,3
16072,14744,17,1
16073,2270,263,3
16074,19443,374,2
16075,8411,308,4
16076,7166,31,2
16077,7104,8,4
16078,15539,363,1
16079,3964,219,3
16080,10581,73,1
16081,13909,265,1
16082,405,76,3
16083,3458,428,4
16084,14214,38,3
16085,752,131,1
16086,18100,462,1
16087,6046,239,4
16088,12994,26,4
16089,17948,89,2
16090,11482,85,2
16091,1160,211,3
16092,19578,291,3
16093,8778,416,2
16094,2570,296,4
16095,10350,424,1
16096,4598,307,2
16097,1499,394,4
16098,17380,122,2
16099,7464,23,3
16100,12965,142,1
16101,6788,257,2
16102,19415,287,4
16103,17796,135,3
16104,1592,144,4
16105,3833,88,4
16106,4919,415,3
16107,19216,56,2
16108,3283,345,4
16109,1999,282,3
16110,18327,40,4
16111,1992,225,3
16112,13789,451,2
16113,2847,305,4
16114,1342,482,3
16115,7015,232,2
16116,8468,420,3
16117,15216,34,1
16118,19766,25,1
16119,19932,117,4
16120,16326,274,3
16121,1822,34,2
16122,7341,479,2
16123,15289,91,4
16124,828,286,2
16125,19217,264,4
16126,13806,286,4
16127,11194,11,4
16128,9623,234,2
16129,6955,216,2
16130,9872,460,1
16131,16179,187,3
16132,6552,492,1
16133,19457,84,2
16134,8687,182,1
16135,14575,141,3
16136,19493,4,3
16137,176,388,2
16138,10850,254,1
16139,8334,245,1
16140,10021,33,2
16141,1944,487,1
16142,13668,479,4
16143,6417,485,1
16144,7492,46,4
16145,12852,127,1
16146,2261,411,3
16147,5318,226,2
16148,16084,88,4
16149,17565,417,2
16150,744,418,4
16151,5673,100,3
16152,16468,59,2
16153,7556,479,3
16154,7925,275,1
16155,13239,140,4
16156,7737,358,1
16157,10937,71,1
16158,6701,364,2
16159,17254,40,1
16160,15711,53,3
16161,10597,190,4
16162,5087,137,2
16163,19867,153,4
16164,7826,148,4
16165,19898,170,1
16166,3321,453,1
16167,13633,319,3
16168,9706,180,4
16169,5602,470,1
16170,7433,256,2
16171,17474,25,2
16172,1411,268,2
16173,180,461,1
16174,2073,440,3
16175,4013,138,2
16176,18173,232,1
16177,1468,312,4
16178,14624,371,4
16179,5034,278,1
16180,11022,169,2
16181,13633,244,1
16182,6800,38,1
16183,14340,39,1
16184,5675,207,1
16185,14746,139,4
16186,16896,336,1
16187,11483,482,4
16188,7110,87,4
16189,14419,169,1
16190,6979,386,4
16191,911,486,2
16192,3746,500,4
16193,9723,272,3
16194,15922,172,2
16195,8467,154,3
16196,6320,415,4
16197,3681,405,2
16198,6157,306,1
16199,19733,194,1
16200,5744,138,3
16201,16138,22,4
16202,800,43,3
16203,3505,375,3
16204,11387,376,4
16205,16424,322,3
16206,16862,13,4
16207,3140,388,3
16208,18493,216,1
16209,17738,388,4
16210,11245,86,2
16211,3842,293,4
16212,12814,480,1
16213,14184,72,4
16214,12474,198,1
16215,13236,182,4
16216,5321,279,4
16217,16614,92,3
16218,9812,153,1
16219,6565,428,4
16220,5130,268,4
16221,1317,473,3
16222,10375,252,2
16223,2817,323,4
16224,10921,154,2
16225,19248,291,4
16226,11249,474,1
16227,12454,88,1
16228,10751,94,2
16229,9334,14,2
16230,16486,403,1
16231,9556,144,1
16232,13639,487,1
16233,12093,225,4
16234,7858,463,4
16235,4526,43,1
16236,19550,441,1
16237,16828,209,4
16238,8875,428,1
16239,7361,69,1
16240,16733,32,3
16241,19028,247,2
16242,12612,450,1
16243,4680,410,1
16244,14624,485,1
16245,8265,406,2
16246,5067,96,3
16247,7975,169,2
16248,11753,92,1
16249,9155,134,4
16250,15675,475,4
16251,9912,382,2
16252,19973,449,3
16253,19030,151,1
16254,7805,330,1
16255,3495,252,2
16256,13231,439,1
16257,6484,385,4
16258,14141,306,1
16259,6728,247,4
16260,8772,408,4
16261,11248,28,4
16262,1602,40,4
16263,9241,72,1
16264,11657,218,1
16265,4046,189,1
16266,18587,312,3
16267,13085,409,3
16268,2897,476,4
16269,10845,264,1
16270,12922,69,1
16271,15246,338,1
16272,18262,119,2
16273,12060,242,2
16274,18128,285,1
16275,704,455,4
16276,5869,168,1
16277,16523,315,4
16278,18810,71,1
16279,5802,456,1
16280,13367,248,4
16281,2430,285,1
16282,13843,332,3
16283,17203,16,4
16284,9519,209,2
16285,13124,441,2
16286,5699,128,1
16287,4935,372,4
16288,18754,168,3
16289,14586,254,1
16290,6726,186,3
16291,12270,190,3
16292,18539,11,1
16293,4256,448,4
16294,9989,373,4
16295,4181,128,1
16296,11420,483,3
16297,19523,114,4
16298,11845,131,3
16299,13795,404,4
16300,19962,494,3
16301,16356,471,4
16302,11129,484,4
16303,8970,54,4
16304,14207,352,4
16305,17433,485,2
16306,9465,357,1
16307,14848,188,2
16308,5267,495,3
16309,13595,440,1
16310,19705,133,4
16311,27,28,3
16312,2409,317,3
16313,3518,27,2
16314,15298,495,2
16315,16034,167,4
16316,14976,248,1
16317,1856,30,1
16318,7375,275,2
16319,1789,56,4
16320,2522,272,1
16321,19128,69,4
16322,7903,237,2
16323,9765,480,2
16324,16375,48,3
16325,6540,444,1
16326,12269,185,4
16327,8364,308,2
16328,10829,391,3
16329,10583,293,1
16330,6991,354,4
16331,1980,400,2
16332,5043,475,2
16333,13148,106,4
16334,14161,230,4
16335,16084,117,3
16336,19144,161,1
16337,1152,197,1
16338,6875,250,3
16339,17436,15,4
16340,10490,452,2
16341,3270,42,3
16342,19251,10,4
16343,13201,386,4
16344,1805,252,4
16345,7249,258,3
16346,15127,459,3
16347,5147,72,2
16348,6318,53,1
16349,5810,214,4
16350,14803,344,1
16351,12494,479,2
16352,418,14,1
16353,7086,14,3
16354,18478,22,3
16355,4800,128,3
16356,10941,176,4
16357,9606,124,3
16358,12288,447,3
16359,12562,340,3
16360,2076,84,1
16361,10395,378,2
16362,8859,49,4
16363,12854,112,4
16364,11455,175,3
16365,3879,444,4
16366,4111,99,1
16367,3362,375,4
16368,3752,240,3
16369,10902,473,3
16370,6732,451,3
16371,11536,103,4
16372,788,267,2
16373,3131,463,1
16374,19859,223,1
16375,3792,165,1
16376,3434,176,3
16377,4058,211,1
16378,2814,149,2
16379,1111,164,4
16380,11776,58,3
16381,8277,293,4
16382,18049,365,2
16383,16703,416,3
16384,18401,296,1
16385,18593,361,1
16386,7122,20,3
16387,4789,331,4
16388,7979,314,1
16389,335,175,1
16390,25,227,3
16391,16395,189,1
16392,7837,319,4
16393,5795,315,1
16394,17236,113,1
16395,11941,434,4
16396,11288,345,1
16397,19967,340,3
16398,18086,123,1
16399,8961,476,2
16400,9016,205,1
16401,15694,437,3
16402,13693,233,4
16403,7714,313,2
16404,5914,59,1
16405,6633,251,2
16406,13261,50,4
16407,2146,400,3
16408,6156,1,3
16409,8871,423,1
16410,17496,417,4
16411,9807,4,2
16412,3436,233,4
16413,4352,345,1
16414,5323,337,3
16415,18859,130,4
16416,11853,205,2
16417,4696,190,1
16418,4298,387,3
16419,3851,407,2
16420,19064,453,1
16421,19547,5,2
16422,16879,484,4
16423,13000,117,3
16424,2577,151,3
16425,4316,473,3
16426,13126,141,3
16427,14265,291,2
16428,1408,340,1
16429,17257,119,2
16430,12027,260,4
16431,7386,438,1
16432,5693,399,1
16433,8173,264,3
16434,7344,292,2
16435,12253,122,4
16436,5798,162,2
16437,12968,40,3
16438,7638,197,3
16439,11230,4,3
16440,3044,287,1
16441,19313,172,3
16442,10250,148,1
16443,16806,435,2
16444,15625,10,4
16445,11333,104,1
16446,17700,120,1
16447,6431,166,2
16448,2758,395,3
16449,18979,434,2
16450,7894,471,3
16451,18241,375,1
16452,11124,107,2
16453,4007,73,1
16454,17298,297,4
16455,7104,332,2
16456,9591,264,2
16457,16356,231,1
16458,1249,137,1
16459,7419,253,2
16460,9792,498,1
16461,7775,5,1
16462,748,8,3
16463,16778,89,1
16464,11561,244,3
16465,7215,442,3
16466,15451,194,1
16467,16571,459,2
16468,12659,85,4
16469,10491,343,1
16470,11475,258,2
16471,18170,482,1
16472,614,473,1
16473,15818,300,2
16474,10857,323,1
16475,3817,94,4
16476,1506,425,3
16477,5023,112,1
16478,9394,394,4
16479,515,225,4
16480,10662,157,1
16481,9642,236,3
16482,5248,327,4
16483,14775,92,4
16484,14752,334,1
16485,19269,279,2
16486,13919,32,3
16487,3967,134,4
16488,1098,40,3
16489,6390,49,1
16490,283,142,2
16491,8324,137,2
16492,13136,473,3
16493,7100,119,4
16494,6562,26,4
16495,1075,385,1
16496,197,449,3
16497,16789,84,4
16498,12220,421,3
16499,15231,49,3
16500,13188,189,1
16501,7408,250,2
16502,17737,222,4
16503,16031,34,2
16504,10925,224,2
16505,17813,171,3
16506,8133,405,2
16507,13357,73,1
16508,9433,171,3
16509,12164,44,2
16510,9417,432,3
16511,2110,491,4
16512,7455,277,2
16513,3370,155,3
16514,18477,409,4
16515,19698,324,4
16516,7223,241,1
16517,10012,334,3
16518,14986,9,2
16519,912,408,3
16520,5123,483,4
16521,7392,306,1
16522,13212,381,4
16523,15124,168,2
16524,4194,77,2
16525,6523,491,1
16526,6975,336,3
16527,4792,236,4
16528,5014,23,2
16529,11744,121,1
16530,15213,72,2
16531,14042,173,4
16532,18581,358,1
16533,989,8,1
16534,8874,381,1
16535,10728,407,2
16536,8762,103,3
16537,12256,72,1
16538,19251,315,2
16539,17024,329,2
16540,2012,72,3
16541,8986,496,1
16542,1594,311,1
16543,16587,180,2
16544,5,269,2
16545,17696,92,3
16546,16042,166,4
16547,3133,322,1
16548,17242,312,4
16549,734,188,2
16550,1489,30,2
16551,13427,417,3
16552,15736,256,3
16553,15162,213,2
16554,18660,14,1
16555,19175,458,3
16556,19245,358,2
16557,12355,129,1
16558,18164,202,1
16559,4887,484,1
16560,9945,430,4
16561,19836,231,3
16562,10487,361,1
16563,4143,222,3
16564,13884,59,3
16565,3016,387,3
16566,6118,397,3
16567,13453,71,1
16568,11496,271,1
16569,13785,388,3
16570,11274,384,3
16571,9191,439,2
16572,10978,329,2
16573,17755,135,2
16574,364,36,4
16575,12801,255,3
16576,17778,259,1
16577,14819,2,3
16578,6176,428,1
16579,9341,326,3
16580,11418,4,2
16581,10630,427,1
16582,14854,493,4
16583,5545,197,2
16584,9456,339,4
16585,4900,30,4
16586,2356,446,1
16587,4497,201,4
16588,9557,97,2
16589,7931,252,1
16590,390,191,3
16591,19471,404,2
16592,10235,26,4
16593,17665,379,4
16594,9962,46,2
16595,6995,258,3
16596,8684,130,2
16597,15805,38,3
16598,17878,422,4
16599,2070,303,1
16600,2511,93,4
16601,6902,178,4
16602,14435,244,2
16603,3420,167,2
16604,17478,46,1
16605,942,362,1
16606,977,399,1
16607,11273,49,1
16608,15723,450,4
16609,7074,92,1
16610,1741,193,3
16611,4417,124,4
16612,5809,10,2
16613,9686,233,3
16614,13197,208,1
16615,7946,194,3
16616,13352,457,3
16617,2692,372,1
16618,18532,79,1
16619,14846,192,2
16620,11233,120,2
16621,2476,375,4
16622,5116,145,4
16623,17579,262,1
16624,17886,285,2
16625,10781,50,4
16626,11819,396,4
16627,8270,234,3
16628,1942,295,4
16629,18330,483,4
16630,18440,90,2
16631,6261,369,3
16632,17271,373,3
16633,3039,418,2
16634,42,54,2
16635,13932,436,1
16636,2914,456,4
16637,9976,487,2
16638,8825,58,3
16639,10910,440,1
16640,12420,317,2
16641,17420,54,3
16642,4471,16,4
16643,17651,222,1
16644,19266,70,4
16645,14089,29,2
16646,3913,372,4
16647,9721,407,3
16648,3932,371,4
16649,19609,94,2
16650,8240,162,4
16651,14735,190,3
16652,19106,207,2
16653,6969,110,3
16654,5522,157,3
16655,4318,432,3
16656,364,218,1
16657,18755,214,2
16658,19421,322,1
16659,10861,32,4
16660,7131,240,3
16661,15346,289,1
16662,17259,296,4
16663,133,94,4
16664,16975,340,1
16665,1988,366,3
16666,19628,333,3
16667,14434,251,4
16668,6737,129,1
16669,18167,468,4
16670,12903,266,1
16671,17348,229,3
16672,8742,171,2
16673,14520,324,4
16674,12419,397,4
16675,3887,453,3
16676,9807,455,2
16677,6035,196,2
16678,9553,353,3
16679,14854,144,4
16680,12913,90,2
16681,6862,461,2
16682,877,458,2
16683,6338,341,2
16684,11749,103,4
16685,688,237,1
16686,14448,186,1
16687,10216,21,3
16688,1831,247,2
16689,7039,118,1
16690,2803,39,2
16691,9152,165,4
16692,8446,270,4
16693,11850,243,1
16694,12601,281,2
16695,18878,287,1
16696,11746,128,3
16697,19292,235,1
16698,3683,99,3
16699,6421,117,4
16700,5617,423,3
16701,65,179,1
16702,5502,480,2
16703,14019,281,2
16704,17116,256,1
16705,19037,468,1
16706,1324,99,2
16707,6903,273,2
16708,19037,87,1
16709,2701,279,4
16710,2809,465,3
16711,11100,298,4
16712,19791,128,1
16713,13720,457,2
16714,13703,33,1
16715,4261,312,4
16716,4391,368,1
16717,18759,433,1
16718,4523,40,1
16719,4695,478,1
16720,1672,321,4
16721,581,333,4
16722,1038,325,3
16723,8302,422,2
16724,4811,78,1
16725,8041,58,2
16726,5939,65,1
16727,9565,281,4
16728,4712,203,3
16729,10108,285,1
16730,2457,38,2
16731,10195,35,1
16732,8801,9,1
16733,12983,460,2
16734,8061,459,1
16735,7285,54,1
16736,52,165,1
16737,6390,34,1
16738,16210,492,3
16739,14509,155,1
16740,2249,178,4
16741,19772,436,2
16742,13940,207,3
16743,5518,133,4
16744,2769,298,1
16745,7525,500,3
16746,10599,148,4
16747,5839,81,2
16748,4036,448,3
16749,10404,108,2
16750,11384,460,2
16751,17011,445,1
16752,5666,360,2
16753,7603,279,3
16754,17984,91,3
16755,7695,118,1
16756,2455,23,3
16757,17638,355,4
16758,15946,39,1
16759,11350,290,1
16760,17501,343,2
16761,16216,43,4
16762,19253,245,1
16763,5190,367,3
16764,10132,178,4
16765,19892,69,4
16766,8767,260,2
16767,10166,286,4
16768,15495,288,4
16769,8713,439,3
16770,15851,238,3
16771,4533,260,4
16772,17760,430,4
16773,15579,341,3
16774,525,222,2
16775,3431,34,4
16776,4711,11,1
16777,14060,170,3
16778,596,416,4
16779,2933,173,1
16780,9979,3,3
16781,6200,434,2
16782,9808,188,3
16783,9119,224,4
16784,7595,44,1
16785,14739,373,1
16786,12179,493,4
16787,7162,145,1
16788,3488,150,4
16789,9376,334,2
16790,5274,419,4
16791,3311,423,1
16792,8917,123,2
16793,8239,428,3
16794,9413,321,4
16795,11110,437,3
16796,10220,239,3
16797,30,93,2
16798,1007,244,1
16799,10449,371,1
16800,8116,202,3
16801,14891,96,4
16802,8205,22,2
16803,4641,30,2
16804,10869,340,3
16805,18530,368,4
16806,8923,18,4
16807,5605,347,1
16808,9128,330,2
16809,4126,422,1
16810,8470,350,3
16811,1739,376,1
16812,4927,453,4
16813,2459,457,1
16814,5347,253,1
16815,4607,21,4
16816,687,349,3
16817,11013,380,3
16818,8979,272,3
16819,10381,290,2
16820,3506,51,3
16821,2328,263,4
16822,14649,54,1
16823,1787,364,3
16824,3938,5,2
16825,8094,40,2
16826,3268,496,4
16827,3,319,4
16828,11663,130,3
16829,19652,319,1
16830,9500,412,2
16831,16932,199,2
16832,3460,215,4
16833,10042,216,1
16834,675,293,3
16835,10194,15,2
16836,13995,189,4
16837,3179,119,4
16838,2135,415,4
16839,16550,395,1
16840,7344,451,3
16841,14465,79,3
16842,2539,307,2
16843,13994,111,4
16844,18855,74,3
16845,12548,374,3
16846,16030,395,4
16847,7786,419,2
16848,19154,424,3
16849,206,132,2
16850,150,279,1
16851,11379,334,4
16852,5608,481,4
16853,2142,428,4
16854,16088,378,2
16855,13807,459,4
16856,2195,478,4
16857,1921,474,4
16858,2058,203,2
16859,16772,363,4
16860,4719,399,3
16861,10581,238,4
16862,7365,150,4
16863,12461,207,2
16864,11509,291,4
16865,4742,325,3
16866,1663,68,1
16867,16956,236,3
16868,13135,56,3
16869,4017,369,4
16870,4698,468,1
16871,2683,210,4
16872,3764,231,3
16873,13927,136,1
16874,8315,5,3
16875,7408,87,2
16876,3106,293,3
16877,18158,394,4
16878,9784,119,4
16879,2558,434,4
16880,3995,123,4
16881,12327,107,4
16882,10865,3,4
16883,688,160,4
16884,4544,440,2
16885,12721,500,2
16886,3985,496,3
16887,15244,366,2
16888,1696,124,4
16889,14480,103,1
16890,5717,293,1
16891,3596,330,3
16892,19916,146,4
16893,29,337,3
16894,9623,118,3
16895,19243,25,4
16896,17787,222,4
16897,954,416,3
16898,2729,424,1
16899,15161,4,4
16900,9681,310,2
16901,6755,367,3
16902,7903,91,2
16903,16892,405,3
16904,4281,336,2
16905,19558,140,3
16906,15026,434,4
16907,3119,499,2
16908,12371,108,1
16909,16593,219,1
16910,11980,96,3
16911,14635,115,1
16912,15626,91,1
16913,129,238,1
16914,13056,38,3
16915,11754,33,1
16916,9857,213,4
16917,13998,401,4
16918,10858,495,3
16919,16591,239,2
16920,12140,142,2
16921,3408,360,1
16922,15984,312,3
16923,12970,328,1
16924,13935,204,2
16925,17366,467,1
16926,10675,201,4
16927,11856,315,3
16928,2141,408,1
16929,16198,177,4
16930,10159,269,3
16931,7768,24,3
16932,1587,300,2
16933,1621,492,4
16934,8929,82,3
16935,13366,345,1
16936,3636,420,3
16937,11956,366,3
16938,18624,125,4
16939,2577,90,3
16940,15425,306,3
16941,19762,449,1
16942,4584,491,4
16943,12505,120,4
16944,10948,417,2
16945,4073,452,4
16946,16102,482,3
16947,1651,222,1
16948,7915,63,1
16949,13143,145,2
16950,1209,82,4
16951,7113,293,3
16952,6887,267,1
16953,7127,149,3
16954,15827,375,2
16955,14404,283,3
16956,13605,303,1
16957,5688,191,3
16958,4388,445,3
16959,7800,243,4
16960,3055,445,1
16961,17996,52,2
16962,1453,105,3
16963,10298,375,4
16964,9404,373,4
16965,17589,212,3
16966,19634,47,4
16967,10950,209,2
16968,9369,395,2
16969,6003,165,1
16970,4045,213,1
16971,4604,470,3
16972,10883,8,4
16973,12461,30,1
16974,16594,18,2
16975,5303,8,1
16976,17314,381,2
16977,6952,414,3
16978,10556,302,1
16979,1434,371,3
16980,3113,66,4
16981,11935,49,3
16982,17982,260,2
16983,19047,149,1
16984,4946,167,4
16985,623,458,3
16986,15374,126,4
16987,7352,440,2
16988,19228,182,3
16989,12317,224,1
16990,6313,487,3
16991,15837,8,4
16992,3904,427,2
16993,9940,480,4
16994,5795,223,3
16995,2033,425,1
16996,2066,224,4
16997,9406,261,3
16998,300,210,2
16999,13188,157,3
17000,9505,426,3
17001,8677,446,4
17002,12628,106,3
17003,658,151,1
17004,3416,84,2
17005,9246,486,3
17006,17199,35,1
17007,14769,397,2
17008,16250,400,3
17009,8485,263,3
17010,11793,280,4
17011,14230,195,4
17012,4627,122,3
17013,595,103,1
17014,17719,320,3
17015,3945,275,3
17016,16763,221,3
17017,18111,489,3
17018,4443,159,4
17019,19532,213,3
17020,18606,366,4
17021,8346,344,2
17022,648,450,1
17023,6158,226,1
17024,3853,235,1
17025,11412,496,4
17026,19189,145,3
17027,17778,200,3
17028,11905,194,3
17029,3540,330,4
17030,877,253,2
17031,16100,241,2
17032,56,1,3
17033,6144,223,2
17034,6389,298,4
17035,7194,59,4
17036,10062,21,2
17037,17950,410,1
17038,3706,285,3
17039,10514,89,1
17040,3039,105,1
17041,4827,476,2
17042,16155,95,1
17043,9960,15,3
17044,9088,252,4
17045,7342,268,2
17046,8828,332,2
17047,16928,266,4
17048,5937,120,4
17049,6194,363,4
17050,1791,193,4
17051,16014,61,2
17052,14691,209,4
17053,2657,63,1
17054,2924,251,1
17055,19908,495,4
17056,16641,344,4
17057,19254,221,3
17058,7565,467,2
17059,6443,315,2
17060,15597,304,4
17061,11520,3,3
17062,6326,99,3
17063,7286,487,4
17064,5719,413,3
17065,9699,262,2
17066,12534,258,3
17067,14597,355,4
17068,5485,407,1
17069,290,217,4
17070,6639,218,3
17071,12522,297,3
17072,7659,219,4
17073,19030,57,2
17074,1558,302,1
17075,13632,115,2
17076,4836,21,1
17077,12722,488,4
17078,7208,417,2
17079,10065,415,2
17080,1793,214,3
17081,3759,112,2
17082,17530,379,3
17083,15685,200,1
17084,3637,353,3
17085,1662,452,4
17086,17401,113,3
17087,15148,289,3
17088,18833,335,4
17089,9765,258,4
17090,5300,235,1
17091,16894,397,1
17092,14545,356,4
17093,17216,411,1
17094,7294,258,2
17095,2099,123,4
17096,6799,114,3
17097,19557,260,4
17098,17793,327,2
17099,18199,126,3
17100,13485,494,4
17101,6679,317,2
17102,13559,439,1
17103,4784,391,1
17104,14481,297,2
17105,8314,494,4
17106,11527,93,4
17107,11578,401,2
17108,18499,48,4
17109,15528,296,3
17110,11643,348,2
17111,6640,436,1
17112,10493,112,3
17113,9184,2,3
17114,18110,450,4
17115,16176,388,2
17116,12526,62,2
17117,1792,153,3
17118,17269,351,2
17119,7929,160,3
17120,17044,184,1
17121,12263,150,3
17122,6265,40,1
17123,19625,469,4
17124,959,478,1
17125,1577,442,1
17126,12580,77,3
17127,19433,223,4
17128,322,334,4
17129,9908,144,3
17130,13600,408,4
17131,17361,292,1
17132,1990,76,4
17133,12360,158,3
17134,17211,15,3
17135,4777,470,4
17136,8788,258,2
17137,10878,166,2
17138,10251,154,4
17139,17884,325,1
17140,15798,243,4
17141,15342,384,4
17142,11375,123,3
17143,13569,268,4
17144,9684,382,2
17145,5800,361,1
17146,13297,42,2
17147,3970,258,2
17148,10596,103,3
17149,1907,423,4
17150,6217,16,1
17151,39,291,2
17152,17029,79,2
17153,12605,244,3
17154,13277,447,3
17155,7456,468,2
17156,1017,210,1
17157,12369,69,3
17158,13319,437,4
17159,19658,386,2
17160,16742,497,3
17161,2070,500,4
17162,14424,236,2
17163,14154,126,4
17164,4015,282,4
17165,9990,80,2
17166,15490,274,1
17167,1638,290,4
17168,9139,323,2
17169,9323,258,1
17170,18060,253,2
17171,9391,7,4
17172,11751,1,1
17173,12678,165,1
17174,4892,134,2
17175,18385,404,3
17176,14916,121,3
17177,4757,287,1
17178,19793,482,1
17179,15576,352,4
17180,17229,351,3
17181,8703,76,1
17182,19018,70,3
17183,113,54,2
17184,10850,308,3
17185,7742,424,3
17186,14617,120,1
17187,13211,200,4
17188,17384,214,1
17189,4627,43,4
17190,13329,452,4
17191,15550,21,1
17192,14681,447,4
17193,5842,500,3
17194,17751,388,2
17195,1676,165,4
17196,11728,490,1
17197,1696,477,2
17198,18098,89,2
17199,16835,311,4
17200,11224,299,4
17201,19942,177,1
17202,9925,80,4
17203,10495,139,2
17204,12115,344,3
17205,2689,346,1
17206,14956,250,1
17207,5677,283,3
17208,9240,27,4
17209,10817,447,1
17210,18612,349,3
17211,4886,333,2
17212,2586,220,3
17213,11931,32,4
17214,8994,327,3
17215,8699,414,4
17216,17582,374,4
17217,19965,288,1
17218,19181,360,3
17219,9835,355,4
17220,14480,271,3
17221,13480,29,3
17222,6955,71,2
17223,9601,351,1
17224,15023,106,1
17225,2083,186,2
17226,10254,96,1
17227,9874,58,2
17228,8583,370,1
17229,2555,259,2
17230,2969,138,3
17231,13015,202,4
17232,4632,172,4
17233,6216,447,4
17234,722,496,1
17235,16791,481,3
17236,15839,253,4
17237,15224,43,2
17238,11151,154,1
17239,7640,340,1
17240,12753,235,1
17241,7927,75,3
17242,12558,500,2
17243,5685,319,3
17244,16779,133,4
17245,3683,24,2
17246,16291,486,3
17247,2495,453,3
17248,16720,116,2
17249,3145,211,2
17250,14139,372,1
17251,11008,315,4
17252,17631,50,1
17253,8780,158,3
17254,4730,72,2
17255,16510,112,4
17256,15245,33,4
17257,12134,352,2
17258,19049,312,4
17259,17019,492,4
17260,6117,197,1
17261,15397,373,2
17262,8987,306,1
17263,15922,5,4
17264,11361,74,1
17265,2840,238,1
17266,11639,314,4
17267,17914,317,3
17268,8169,73,1
17269,7816,378,4
17270,12543,45,3
17271,10992,3,4
17272,6689,32,4
17273,2406,360,4
17274,5458,387,1
17275,3074,170,1
17276,7786,296,3
17277,1389,344,2
17278,5739,231,3
17279,12742,406,1
17280,5174,265,1
17281,3395,246,3
17282,4616,348,1
17283,16948,493,2
17284,17601,59,4
17285,12916,312,2
17286,12005,423,3
17287,14051,264,2
17288,14966,377,3
17289,12231,113,1
17290,13112,347,4
17291,16228,319,3
17292,10513,432,1
17293,7680,474,2
17294,17866,302,1
17295,5212,126,2
17296,18989,36,2
17297,11678,348,2
17298,7070,296,1
17299,19039,253,3
17300,16680,495,2
17301,12643,255,3
17302,19780,309,3
17303,15787,25,3
17304,5752,200,3
17305,13434,359,3
17306,4455,157,1
17307,1199,138,1
17308,6089,364,3
17309,5518,270,3
17310,5545,320,4
17311,9663,452,4
17312,2456,212,4
17313,6134,215,2
17314,12752,136,2
17315,5663,121,2
17316,17580,499,1
17317,13050,246,2
17318,5218,428,3
17319,9867,312,1
17320,9595,247,1
17321,4258,182,4
17322,3780,106,2
17323,1319,250,1
17324,6752,145,4
17325,4148,475,2
17326,13736,77,1
17327,10253,237,2
17328,19121,292,4
17329,263,290,2
17330,8954,166,2
17331,13760,176,1
17332,4332,16,1
17333,14367,54,1
17334,18615,478,2
17335,4406,409,1
17336,3157,152,1
17337,7220,446,2
17338,9498,282,1
17339,13115,405,2
17340,10262,420,1
17341,10721,156,2
17342,187,316,2
17343,10396,90,3
17344,18873,200,1
17345,15866,362,1
17346,13092,488,2
17347,2196,451,4
17348,5742,114,4
17349,7806,288,2
17350,17895,137,3
17351,9374,370,4
17352,6976,130,1
17353,17657,296,3
17354,10424,40,3
17355,12410,164,3
17356,5784,122,1
17357,12088,76,3
17358,4497,162,1
17359,926,405,1
17360,15906,389,3
17361,6502,321,4
17362,19136,184,3
17363,3255,156,4
17364,17218,315,2
17365,18672,19,3
17366,11834,88,1
17367,13841,251,1
17368,19985,492,3
17369,1421,360,4
17370,14119,453,2
17371,1842,321,1
17372,18170,305,2
17373,18775,298,3
17374,10935,318,3
17375,3917,373,1
17376,10851,116,1
17377,2076,112,1
17378,16568,313,1
17379,9858,4,4
17380,13061,323,3
17381,13815,112,4
17382,225,104,1
17383,6877,391,1
17384,9978,155,3
17385,70,42,1
17386,14834,183,3
17387,6793,444,1
17388,16538,403,2
17389,5441,307,2
17390,13804,482,4
17391,9642,475,4
17392,4289,219,2
17393,14761,96,3
17394,2741,344,3
17395,3337,168,2
17396,15016,466,1
17397,3068,416,1
17398,16411,165,3
17399,8087,209,2
17400,17632,255,3
17401,14408,306,3
17402,10498,361,1
17403,8735,258,4
17404,15049,35,4
17405,8891,58,3
17406,7903,401,4
17407,14456,460,4
17408,10968,298,3
17409,14190,181,3
17410,6916,450,2
17411,10297,286,1
17412,16250,60,4
17413,10411,496,3
17414,3463,406,4
17415,13951,130,4
17416,114,386,2
17417,13869,442,4
17418,19411,483,1
17419,2962,171,1
17420,8433,288,3
17421,6871,470,1
17422,17933,96,3
17423,2026,329,3
17424,3293,433,3
17425,5599,337,1
17426,7493,378,3
17427,6898,140,1
17428,15329,370,2
17429,4068,22,3
17430,15450,456,1
17431,19075,323,2
17432,2497,311,1
17433,16971,268,1
17434,10213,18,2
17435,9946,299,4
17436,14681,442,1
17437,19741,9,3
17438,15964,32,2
17439,5667,4,4
17440,9304,250,1
17441,5872,470,1
17442,18855,485,2
17443,4386,5,3
17444,13846,221,1
17445,10011,49,3
17446,12356,110,4
17447,556,367,2
17448,18108,485,4
17449,17176,275,4
17450,12203,209,1
17451,9710,193,2
17452,722,48,3
17453,8109,316,1
17454,7701,31,1
17455,7549,161,2
17456,18974,382,1
17457,3980,480,4
17458,11355,144,3
17459,17126,468,4
17460,17753,107,3
17461,5174,239,3
17462,19030,17,1
17463,12522,71,2
17464,11742,264,3
17465,3624,183,3
17466,15317,29,1
17467,13502,316,4
17468,16271,462,4
17469,12841,445,4
17470,17196,395,4
17471,15935,206,4
17472,8530,431,2
17473,17468,433,2
17474,17667,98,1
17475,7243,19,2
17476,2409,479,2
17477,17467,183,3
17478,16381,141,1
17479,14063,193,2
17480,8510,271,4
17481,17709,390,1
17482,15529,165,2
17483,9053,42,3
17484,19778,215,4
17485,19417,180,3
17486,15839,323,2
17487,2192,22,3
17488,14917,387,1
17489,19873,174,1
17490,883,424,1
17491,14446,286,1
17492,13308,323,3
17493,9389,428,2
17494,423,163,2
17495,1693,197,1
17496,109,435,4
17497,15295,60,1
17498,13582,48,2
17499,18496,418,2
17500,18338,181,1
17501,11676,403,1
17502,17289,429,1
17503,17627,86,3
17504,10859,94,1
17505,7790,150,2
17506,7518,42,1
17507,19238,500,1
17508,6185,68,3
17509,15304,282,4
17510,2163,154,4
17511,12849,414,4
17512,6499,88,1
17513,17052,352,3
17514,2401,140,4
17515,16799,368,2
17516,9276,37,4
17517,17422,37,4
17518,2519,335,4
17519,5462,362,3
17520,14686,87,2
17521,2306,418,1
17522,7677,239,3
17523,16900,202,1
17524,12813,489,3
17525,19664,421,3
17526,1085,218,3
17527,11522,365,3
17528,5234,455,2
17529,6810,178,2
17530,7091,455,3
17531,60,160,3
17532,5608,176,4
17533,12861,339,2
17534,19381,158,1
17535,2400,322,1
17536,1921,318,3
17537,13935,49,2
17538,11282,128,2
17539,2767,94,2
17540,13264,419,3
17541,17089,65,4
17542,7289,197,3
17543,6200,470,4
17544,19754,54,1
17545,8606,293,3
17546,3786,243,2
17547,18574,320,1
17548,18861,127,1
17549,3133,286,3
17550,7771,254,3
17551,3686,189,2
17552,2675,329,4
17553,2320,340,2
17554,11247,369,4
17555,2708,5,4
17556,16163,102,3
17557,4784,98,1
17558,1235,185,1
17559,9584,439,3
17560,12349,392,3
17561,13972,272,3
17562,3725,63,3
17563,559,424,3
17564,15863,18,2
17565,14371,406,4
17566,11720,24,1
17567,14922,306,3
17568,7872,446,3
17569,13692,328,1
17570,10342,315,4
17571,11967,335,2
17572,15000,165,2
17573,10014,9,2
17574,2668,382,2
17575,14298,207,4
17576,4210,470,4
17577,6893,202,3
17578,11164,74,4
17579,8896,39,2
17580,14118,220,3
17581,18477,308,3
17582,10133,430,2
17583,5880,274,3
17584,18125,92,2
17585,11107,133,1
17586,11798,447,2
17587,10005,265,2
17588,11878,102,1
17589,11672,39,4
17590,278,255,4
17591,12139,404,1
17592,16520,293,1
17593,7636,11,4
17594,7297,382,3
17595,17598,87,2
17596,5576,251,4
17597,13139,56,4
17598,5577,108,4
17599,7877,285,1
17600,18140,207,4
17601,15990,419,4
17602,9082,23,1
17603,10214,51,3
17604,18423,137,2
17605,1407,481,3
17606,18912,169,1
17607,15360,463,4
17608,15382,211,3
17609,1460,293,2
17610,11686,476,4
17611,14812,82,4
17612,11767,55,1
17613,17138,415,2
17614,3752,370,3
17615,5971,464,2
17616,11582,344,1
17617,9458,51,4
17618,12556,198,2
17619,13070,35,3
17620,10975,141,2
17621,9610,386,1
17622,15084,355,1
17623,17243,387,2
17624,4551,399,4
17625,1794,500,4
17626,5669,233,4
17627,16187,375,4
17628,1981,307,1
17629,15618,129,2
17630,14337,195,4
17631,17757,20,4
17632,4890,380,4
17633,11666,339,3
17634,15931,150,3
17635,9428,170,3
17636,377,327,3
17637,15821,38,4
17638,12915,186,4
17639,7923,430,4
17640,9958,192,4
17641,891,352,4
17642,14737,30,2
17643,10201,444,2
17644,5983,270,4
17645,5897,73,4
17646,9397,99,1
17647,9524,29,4
17648,10463,354,2
17649,11314,119,3
17650,17115,256,2
17651,19809,205,3
17652,7048,415,2
17653,11175,21,4
17654,12523,314,1
17655,3087,216,2
17656,1255,493,4
17657,12536,13,1
17658,19173,97,2
17659,11392,316,2
17660,11382,372,1
17661,17329,255,1
17662,3240,110,4
17663,11157,324,3
17664,5457,289,3
17665,1576,42,4
17666,5306,427,4
17667,6474,55,2
17668,10409,347,4
17669,7461,1,1
17670,9650,261,3
17671,2669,446,3
17672,15777,124,3
17673,17009,52,4
17674,12189,400,2
17675,15798,177,2
17676,2514,297,1
17677,1826,166,2
17678,18634,180,3
17679,10580,28,1
17680,2855,112,3
17681,8466,27,3
17682,9343,447,3
17683,3816,105,2
17684,18171,139,3
17685,13534,109,1
17686,17893,205,1
17687,8518,118,3
17688,6937,457,1
17689,17484,67,3
17690,9261,444,4
17691,14399,346,4
17692,13879,344,1
17693,11681,304,2
17694,1221,78,3
17695,4971,399,1
17696,8866,457,1
17697,4407,44,2
17698,5806,236,4
17699,15981,211,2
17700,10847,208,1
17701,6063,454,4
17702,15754,152,4
17703,16870,181,2
17704,86,272,3
17705,3504,5,2
17706,13544,451,4
17707,15725,444,2
17708,8697,273,1
17709,7519,466,3
17710,10205,158,2
17711,13698,100,4
17712,12468,370,1
17713,3999,319,3
17714,17649,292,3
17715,17041,352,1
17716,6948,122,2
17717,1744,406,4
17718,15084,326,1
17719,17580,84,4
17720,9417,71,4
17721,35,120,3
17722,2700,326,2
17723,10303,102,1
17724,7324,114,1
17725,1388,138,1
17726,14813,195,2
17727,5727,462,2
17728,9627,242,4
17729,3837,159,3
17730,7611,221,3
17731,3611,159,3
17732,7249,326,2
17733,2644,130,1
17734,8462,20,4
17735,8918,40,2
17736,19762,303,1
17737,19838,295,4
17738,14391,198,3
17739,11037,258,2
17740,6535,222,1
17741,1671,178,3
17742,4285,257,1
17743,808,203,1
17744,2659,368,3
17745,8962,98,3
17746,1526,202,1
17747,10342,81,1
17748,1297,15,4
17749,2639,425,2
17750,17727,423,4
17751,5372,450,2
17752,1717,91,1
17753,12239,353,4
17754,16934,27,4
17755,4525,16,4
17756,14285,497,2
17757,4488,137,3
17758,173,392,2
17759,3405,483,2
17760,1086,441,3
17761,4689,188,4
17762,15512,307,2
17763,12246,210,3
17764,10587,402,3
17765,15325,423,1
17766,13862,376,4
17767,2663,132,3
17768,10862,153,3
17769,18957,13,1
17770,6888,191,2
17771,12718,230,4
17772,2364,476,1
17773,11172,25,1
17774,8920,267,2
17775,10286,59,1
17776,11940,273,3
17777,5743,481,2
17778,10997,217,4
17779,3050,98,3
17780,4443,404,3
17781,738,485,1
17782,12215,407,2
17783,13362,381,4
17784,16467,43,3
17785,4523,75,3
17786,16317,74,1
17787,15066,456,4
17788,8797,410,4
17789,19820,299,1
17790,13296,67,4
17791,350,296,4
17792,7219,251,1
17793,10968,19,4
17794,17964,415,3
17795,9516,288,4
17796,15374,198,1
17797,7231,435,1
17798,6278,18,4
17799,943,54,2
17800,17958,238,1
17801,14980,292,4
17802,950,207,4
17803,3308,310,3
17804,15500,438,4
17805,15572,489,2
17806,16592,195,2
17807,175,12,3
17808,18041,92,4
17809,4185,392,1
17810,19802,426,4
17811,15435,2,1
17812,2603,97,2
17813,4371,462,4
17814,2825,14,2
17815,19091,78,3
17816,2102,99,1
17817,3873,94,2
17818,7538,379,2
17819,19888,66,3
17820,7242,279,4
17821,19447,367,3
17822,17287,258,2
17823,7230,244,1
17824,2543,130,1
17825,10327,58,3
17826,16113,472,4
17827,17945,416,3
17828,3590,31,2
17829,8148,466,4
17830,474,499,1
17831,14088,82,3
17832,14897,345,1
17833,16420,413,4
17834,4092,423,4
17835,14732,151,2
17836,7657,350,3
17837,14758,56,3
17838,1043,426,3
17839,10907,304,3
17840,15122,262,1
17841,15506,435,2
17842,16395,156,3
17843,5346,210,3
17844,18430,249,2
17845,2620,328,2
17846,16345,341,2
17847,10421,362,1
17848,6237,404,3
17849,19702,130,2
17850,14311,298,1
17851,8055,131,3
17852,10820,437,3
17853,6244,222,2
17854,13965,214,4
17855,11826,459,2
17856,13445,386,3
17857,3670,97,1
17858,16362,135,3
17859,8711,183,1
17860,11731,376,1
17861,10411,56,4
17862,5877,446,1
17863,3452,303,1
17864,2111,341,1
17865,18767,63,2
17866,11007,289,2
17867,11689,151,2
17868,15993,212,1
17869,7933,62,3
17870,1875,127,4
17871,11142,482,4
17872,14073,216,3
17873,8773,52,4
17874,188,120,4
17875,19933,241,1
17876,837,375,1
17877,7697,400,1
17878,8071,148,4
17879,15301,239,3
17880,1617,380,4
17881,12201,94,2
17882,9613,308,3
17883,8383,480,2
17884,15853,144,1
17885,11562,166,1
17886,4512,115,3
17887,8118,49,4
17888,5549,394,3
17889,506,106,4
17890,1764,188,1
17891,393,68,2
17892,3819,217,1
17893,7529,364,3
17894,11452,328,4
17895,6733,467,3
17896,19600,316,1
17897,17571,351,4
17898,19285,307,4
17899,209,391,3
17900,12728,421,2
17901,19390,241,2
17902,8168,488,3
17903,19577,132,4
17904,4851,139,4
17905,13426,169,1
17906,9977,209,4
17907,18262,457,3
17908,16898,358,4
17909,335,316,3
17910,16858,80,1
17911,15651,414,3
17912,16976,290,2
17913,5461,304,1
17914,8170,317,4
17915,217,389,2
17916,5887,82,1
17917,5237,461,2
17918,7093,185,4
17919,13650,458,4
17920,15474,440,4
17921,16544,119,2
17922,14669,482,4
17923,12687,481,2
17924,3812,200,4
17925,16186,426,3
17926,4989,285,1
17927,6338,77,1
17928,6590,54,1
17929,11240,311,3
17930,6935,40,3
17931,5937,415,3
17932,6003,21,4
17933,11391,303,1
17934,5879,25,1
17935,2521,120,1
17936,11809,155,4
17937,5838,358,3
17938,3374,476,3
17939,17621,455,3
17940,4659,97,4
17941,9422,338,3
17942,18554,459,4
17943,14041,324,4
17944,5780,145,2
17945,8092,317,4
17946,19717,62,2
17947,665,499,1
17948,11457,289,1
17949,10915,59,2
17950,16326,481,2
17951,17305,324,1
17952,17021,297,2
17953,2905,123,2
17954,18645,272,3
17955,17780,17,4
17956,9869,383,2
17957,14872,107,3
17958,9150,279,4
17959,7370,43,2
17960,3481,25,4
17961,5745,449,4
17962,18113,262,3
17963,9269,86,4
17964,8082,370,4
17965,727,336,2
17966,4375,323,2
17967,19749,397,2
17968,17748,39,1
17969,11709,109,1
17970,14449,455,1
17971,4063,429,1
17972,9951,131,3
17973,12143,487,3
17974,5163,409,4
17975,75,271,1
17976,17832,45,3
17977,8537,123,2
17978,6337,3,1
17979,19636,236,1
17980,7118,380,4
17981,8912,233,4
17982,18152,162,1
17983,9145,292,1
17984,9104,155,2
17985,12577,415,2
17986,19868,225,2
17987,17528,344,3
17988,3628,149,4
17989,10308,149,3
17990,3902,380,3
17991,9437,304,3
17992,11926,83,4
17993,12622,235,1
17994,14210,18,2
17995,6833,189,2
17996,12412,211,2
17997,18930,206,1
17998,17134,336,2
17999,9204,246,4
18000,7520,105,4
18001,3104,287,2
18002,17477,204,1
18003,10738,27,3
18004,9383,383,2
18005,1424,488,4
18006,13280,334,4
18007,7203,20,3
18008,3340,488,3
18009,11493,492,3
18010,825,62,3
18011,10284,458,1
18012,15981,20,3
18013,2196,125,4
18014,14182,174,4
18015,3542,97,3
18016,3447,393,3
18017,5052,168,4
18018,125,160,3
18019,14698,77,4
18020,7754,376,4
18021,1610,19,3
18022,9837,400,4
18023,9443,382,3
18024,1790,221,4
18025,2624,207,3
18026,7653,449,3
18027,12064,433,4
18028,6763,477,2
18029,17138,117,4
18030,2609,368,2
18031,14999,92,3
18032,7583,454,3
18033,19984,188,2
18034,1642,465,1
18035,886,59,1
18036,16495,33,4
18037,2340,362,1
18038,18693,413,2
18039,12479,86,1
18040,6961,233,3
18041,11369,325,3
18042,6258,326,2
18043,11842,157,1
18044,19126,426,3
18045,10003,35,3
18046,562,431,4
18047,8202,432,3
18048,17453,227,2
18049,6876,439,3
18050,13826,225,4
18051,12923,464,3
18052,6847,255,2
18053,18150,89,4
18054,11483,471,4
18055,10947,308,2
18056,4320,159,1
18057,14402,280,1
18058,5101,290,2
18059,11467,256,3
18060,13678,425,3
18061,919,390,3
18062,2896,358,4
18063,17936,398,2
18064,9982,263,3
18065,4138,491,2
18066,7913,344,1
18067,5978,47,3
18068,19320,302,3
18069,10353,409,2
18070,11271,109,1
18071,14756,386,4
18072,8294,126,1
18073,14849,212,1
18074,11369,210,3
18075,16477,109,2
18076,7984,247,4
18077,6768,285,2
18078,15764,8,2
18079,16201,398,1
18080,275,339,2
18081,13158,355,3
18082,1407,394,2
18083,3556,217,4
18084,8821,353,3
18085,2225,252,3
18086,11532,160,2
18087,19674,432,4
18088,18060,171,3
18089,8211,327,2
18090,3256,114,3
18091,5213,237,4
18092,19680,380,3
18093,5342,453,1
18094,4720,478,3
18095,5693,301,2
18096,11487,234,1
18097,4452,230,1
18098,7094,335,2
18099,15835,489,3
18100,11321,322,2
18101,2585,314,2
18102,10433,451,2
18103,11035,435,4
18104,13729,306,3
18105,19374,168,2
18106,9110,78,1
18107,16098,431,3
18108,4526,88,1
18109,2241,86,2
18110,4141,172,3
18111,18194,98,2
18112,8368,124,2
18113,6394,377,3
18114,1484,31,1
18115,6817,157,2
18116,13920,139,1
18117,10900,208,4
18118,6075,55,3
18119,14708,228,3
18120,10923,45,3
18121,5140,233,1
18122,10927,7,3
18123,14797,329,1
18124,13367,493,4
18125,17650,191,2
18126,10207,412,3
18127,17861,363,4
18128,7170,231,1
18129,7719,59,3
18130,7900,291,2
18131,6060,438,2
18132,6815,401,2
18133,17877,42,4
18134,6403,170,4
18135,2051,354,3
18136,9449,174,2
18137,14828,357,2
18138,3909,52,1
18139,15482,451,2
18140,8623,50,3
18141,15630,375,1
18142,3523,266,3
18143,15870,450,3
18144,4353,224,3
18145,2118,480,3
18146,580,175,1
18147,15509,297,3
18148,17626,45,2
18149,218,217,4
18150,2013,482,2
18151,19380,469,3
18152,19933,223,4
18153,9530,291,4
18154,18738,9,2
18155,4389,81,4
18156,17802,345,2
18157,11489,240,1
18158,12960,378,3
18159,7888,249,2
18160,19881,106,2
18161,12092,259,3
18162,7849,395,3
18163,920,217,3
18164,19234,47,4
18165,9554,368,3
18166,2905,63,3
18167,147,163,1
18168,1745,111,1
18169,8136,440,4
18170,7607,474,4
18171,12530,258,3
18172,6323,39,2
18173,11572,439,1
18174,354,15,4
18175,2319,241,2
18176,11189,18,3
18177,19985,437,1
18178,2578,341,2
18179,3511,476,4
18180,5688,12,1
18181,9120,328,2
18182,3274,316,4
18183,10206,185,4
18184,5748,272,1
18185,17060,286,3
18186,9323,328,2
18187,4395,357,4
18188,10900,117,3
18189,1498,378,1
18190,15148,103,4
18191,17855,282,3
18192,5977,240,4
18193,1880,490,3
18194,14030,313,2
18195,9042,195,4
18196,7222,246,3
18197,3646,140,1
18198,4390,409,1
18199,5636,388,4
18200,12346,306,4
18201,13225,37,3
18202,18335,69,3
18203,250,47,1
18204,5138,307,4
18205,18783,156,2
18206,7821,461,4
18207,8711,191,2
18208,11142,244,1
18209,4402,164,1
18210,1441,367,1
18211,18383,216,2
18212,7045,184,3
18213,791,115,1
18214,5748,81,2
18215,14572,196,2
18216,18685,133,3
18217,17876,15,2
18218,5319,108,2
18219,3704,135,3
18220,11674,250,4
18221,17961,454,3
18222,10612,210,2
18223,12456,125,1
18224,8708,479,1
18225,15267,491,3
18226,12263,47,4
18227,6242,469,1
18228,15041,270,2
18229,17127,293,1
18230,18889,396,3
18231,3151,338,2
18232,10005,490,2
18233,563,373,2
18234,7203,2,2
18235,8567,98,3
18236,1201,400,3
18237,17464,15,3
18238,5405,5,2
18239,3486,44,3
18240,5253,371,1
18241,2178,222,1
18242,8331,270,2
18243,7543,174,1
18244,1458,337,2
18245,8907,62,4
18246,14692,347,1
18247,16306,199,3
18248,3822,455,1
18249,4685,132,2
18250,19115,472,3
18251,8938,413,3
18252,15108,127,3
18253,14366,496,3
18254,6315,136,1
18255,17414,493,4
18256,13660,49,3
18257,1932,112,4
18258,5421,393,2
18259,2681,115,4
18260,4406,188,3
18261,10457,196,1
18262,14768,483,2
18263,334,379,2
18264,7669,200,4
18265,10175,293,2
18266,5544,8,2
18267,15897,288,4
18268,9417,212,4
18269,6574,493,1
18270,7167,371,4
18271,3246,98,2
18272,7165,464,2
18273,4796,76,1
18274,10771,325,4
18275,16784,402,4
18276,16696,82,3
18277,8409,43,1
18278,12988,297,2
18279,10964,303,1
18280,16976,313,2
18281,784,194,2
18282,17571,184,2
18283,13074,426,4
18284,11382,131,2
18285,11964,253,3
18286,2414,117,1
18287,8876,385,2
18288,9345,450,1
18289,15572,159,2
18290,6029,460,1
18291,5587,226,1
18292,13396,76,1
18293,5893,33,3
18294,12481,141,4
18295,13389,393,2
18296,7204,279,3
18297,13431,120,3
18298,14258,462,2
18299,1825,286,2
18300,19894,11,1
18301,1671,205,2
18302,18209,187,4
18303,11091,293,2
18304,4879,98,4
18305,17916,301,2
18306,14615,298,1
18307,7423,410,4
18308,2552,25,4
18309,12268,245,3
18310,16188,410,2
18311,5454,217,3
18312,1304,48,4
18313,6821,217,3
18314,5562,221,1
18315,13779,69,3
18316,19051,305,2
18317,529,22,2
18318,15117,231,1
18319,9978,423,3
18320,4854,262,2
18321,9381,95,3
18322,2370,158,3
18323,7334,220,4
18324,15205,347,2
18325,1957,451,3
18326,19348,263,3
18327,17666,255,3
18328,17348,312,2
18329,1737,319,3
18330,14033,210,1
18331,4074,266,1
18332,16660,13,1
18333,15933,46,2
18334,11932,448,1
18335,8620,132,3
18336,17049,356,1
18337,395,323,3
18338,19333,147,4
18339,18889,113,3
18340,16403,385,1
18341,8324,207,4
18342,15583,371,4
18343,10654,190,4
18344,9992,299,1
18345,6886,301,1
18346,18146,340,2
18347,14166,199,4
18348,5591,208,2
18349,11385,320,4
18350,7255,103,3
18351,11511,377,3
18352,16018,459,1
18353,12863,79,4
18354,329,385,4
18355,4337,16,4
18356,6256,155,4
18357,7263,343,1
18358,4505,271,2
18359,467,331,1
18360,16839,55,4
18361,15028,126,3
18362,12944,137,1
18363,9158,2,1
18364,6190,171,3
18365,8997,495,1
18366,8484,42,3
18367,9199,246,4
18368,1431,76,1
18369,3463,270,3
18370,7712,430,3
18371,71,69,1
18372,19103,499,1
18373,15360,12,4
18374,13615,148,3
18375,9682,363,3
18376,15241,57,4
18377,2836,28,1
18378,11472,348,3
18379,18151,447,1
18380,17259,469,3
18381,13984,264,1
18382,14012,266,2
18383,6304,449,2
18384,1942,486,4
18385,13188,83,2
18386,11963,436,3
18387,7335,13,3
18388,14052,287,2
18389,19568,492,1
18390,15573,341,1
18391,16937,223,3
18392,1334,4,2
18393,19732,348,2
18394,318,492,4
18395,1172,259,4
18396,14059,297,1
18397,11915,171,4
18398,19641,305,1
18399,6466,146,4
18400,10901,500,1
18401,10170,264,2
18402,1228,197,1
18403,7849,141,1
18404,17165,444,1
18405,7314,197,3
18406,3429,105,4
18407,18996,416,2
18408,19500,445,1
18409,7348,445,1
18410,12086,152,4
18411,15221,455,4
18412,4041,255,3
18413,9872,234,2
18414,6721,341,4
18415,1084,460,1
18416,16485,308,4
18417,12134,145,1
18418,18913,395,2
18419,6814,382,3
18420,2705,357,2
18421,15406,11,3
18422,11845,116,3
18423,10431,76,4
18424,6713,262,3
18425,19428,478,1
18426,14261,37,4
18427,16105,45,2
18428,9954,193,4
18429,14126,230,2
18430,12859,251,3
18431,9529,26,4
18432,14192,305,1
18433,12070,30,3
18434,12116,237,1
18435,7088,16,2
18436,18624,102,3
18437,1011,258,1
18438,15207,170,4
18439,8822,137,4
18440,9511,454,1
18441,19034,333,3
18442,8303,193,2
18443,3724,144,1
18444,3704,416,3
18445,1931,123,3
18446,14646,35,4
18447,16125,214,1
18448,11207,32,2
18449,7622,175,2
18450,13438,385,2
18451,10703,200,4
18452,2959,468,1
18453,19104,248,2
18454,17097,440,4
18455,10456,269,1
18456,7097,96,3
18457,15941,40,3
18458,15206,452,2
18459,2361,148,2
18460,9965,243,1
18461,14655,353,4
18462,11212,140,4
18463,8,4,4
18464,16674,243,2
18465,319,203,3
18466,10672,307,3
18467,11833,439,4
18468,6653,364,4
18469,19876,178,2
18470,3206,239,3
18471,17995,32,1
18472,2630,121,2
18473,8179,107,2
18474,17850,378,3
18475,1302,209,2
18476,13801,423,4
18477,14020,257,3
18478,15273,212,4
18479,7216,35,3
18480,1353,390,4
18481,19370,189,4
18482,11935,238,1
18483,11512,17,3
18484,4937,90,3
18485,11058,30,2
18486,11080,474,2
18487,6682,22,1
18488,9722,268,4
18489,8174,148,2
18490,19562,91,3
18491,5559,314,4
18492,8925,5,1
18493,13412,139,3
18494,17731,60,3
18495,9854,293,1
18496,14005,63,4
18497,16927,82,2
18498,13321,443,2
18499,8390,326,1
18500,7451,93,3
18501,19591,200,2
18502,17531,115,1
18503,13053,36,3
18504,11571,298,3
18505,14066,262,1
18506,4875,212,4
18507,6121,96,4
18508,8361,163,3
18509,2143,269,3
18510,18522,407,4
18511,464,210,4
18512,5663,61,1
18513,8189,111,1
18514,1705,142,1
18515,18132,23,2
18516,9608,466,1
18517,6833,72,3
18518,148,477,3
18519,19790,63,3
18520,3067,472,4
18521,17708,153,1
18522,1076,372,3
18523,17908,110,2
18524,10149,252,4
18525,12970,392,4
18526,9569,348,3
18527,10270,331,3
18528,17024,75,2
18529,9500,347,3
18530,9858,272,4
18531,3297,100,4
18532,12685,54,2
18533,3735,203,3
18534,19164,113,2
18535,12156,210,1
18536,10573,472,1
18537,1452,330,1
18538,12612,79,1
18539,17918,71,1
18540,10033,12,3
18541,15738,184,4
18542,1924,456,1
18543,9294,244,2
18544,7407,415,1
18545,18065,140,4
18546,10250,483,3
18547,356,72,1
18548,15917,81,2
18549,11158,159,2
18550,6677,442,4
18551,8446,132,4
18552,1097,438,3
18553,6249,15,2
18554,6511,165,1
18555,2998,294,4
18556,8004,86,4
18557,2437,145,3
18558,5198,200,3
18559,14620,337,4
18560,9024,426,1
18561,7940,286,2
18562,14282,21,4
18563,9824,478,4
18564,18894,114,4
18565,12142,499,4
18566,4261,119,1
18567,16076,421,2
18568,13513,314,2
18569,10335,484,2
18570,15765,187,2
18571,11882,398,4
18572,6518,351,3
18573,19351,481,3
18574,1687,197,3
18575,19683,171,3
18576,10309,11,1
18577,16681,123,1
18578,18986,12,4
18579,2154,409,2
18580,7133,165,3
18581,8570,116,4
18582,1226,232,1
18583,15474,72,3
18584,15777,72,3
18585,15918,299,3
18586,15604,475,2
18587,19823,233,1
18588,19150,82,4
18589,11769,494,1
18590,11214,75,1
18591,18290,77,4
18592,1667,190,2
18593,1511,420,1
18594,16315,475,4
18595,12336,439,4
18596,11495,9,3
18597,4652,130,1
18598,135,294,4
18599,7829,168,2
18600,1883,164,2
18601,6344,443,1
18602,14424,88,2
18603,1054,79,4
18604,1883,351,3
18605,14309,337,3
18606,17969,11,3
18607,10344,190,1
18608,13234,411,1
18609,12076,372,4
18610,6409,29,3
18611,16924,318,2
18612,6860,37,3
18613,8585,118,3
18614,13665,42,2
18615,3939,339,4
18616,9440,478,3
18617,9235,251,3
18618,6870,486,1
18619,3825,115,4
18620,5680,376,4
18621,14677,335,4
18622,8995,158,4
18623,11856,368,4
18624,17023,245,1
18625,3986,457,3
18626,17073,76,2
18627,12319,64,2
18628,11261,498,1
18629,19674,67,1
18630,18241,336,1
18631,12295,366,1
18632,649,237,2
18633,2651,219,2
18634,10114,30,1
18635,346,241,1
18636,11979,419,2
18637,18995,346,2
18638,2272,342,4
18639,11802,279,3
18640,10202,359,2
18641,16575,2,1
18642,15242,20,2
18643,409,141,1
18644,11834,336,1
18645,2,181,1
18646,14401,151,4
18647,3805,160,1
18648,16087,363,3
18649,11689,491,3
18650,6125,342,2
18651,13696,315,3
18652,9993,78,4
18653,15524,161,2
18654,2887,293,3
18655,12842,293,3
18656,11419,154,3
18657,4308,282,1
18658,5897,334,3
18659,5381,383,2
18660,15361,28,1
18661,10523,54,1
18662,8864,303,1
18663,14271,13,2
18664,17636,11,4
18665,11366,381,3
18666,11161,224,2
18667,15830,249,1
18668,6009,405,1
18669,12167,280,2
18670,7215,335,1
18671,15787,433,3
18672,15660,377,4
18673,16235,246,3
18674,13315,107,1
18675,9050,110,2
18676,5954,268,1
18677,17303,244,2
18678,14963,31,2
18679,495,135,1
18680,4225,464,2
18681,11811,249,4
18682,15822,36,4
18683,10147,123,1
18684,12775,476,1
18685,13951,125,2
18686,9539,266,4
18687,12690,480,4
18688,10526,288,2
18689,6617,215,3
18690,14554,334,1
18691,2441,61,2
18692,7112,464,1
18693,6118,98,1
18694,1317,249,2
18695,6611,283,3
18696,17874,363,3
18697,5013,204,1
18698,6819,456,4
18699,4880,408,3
18700,2692,230,1
18701,14989,63,1
18702,6982,317,2
18703,13612,79,2
18704,4168,308,1
18705,2652,487,4
18706,11707,40,4
18707,9778,250,1
18708,11301,239,2
18709,14806,324,2
18710,9773,123,3
18711,15577,420,2
18712,7803,335,2
18713,10769,32,2
18714,17183,75,4
18715,15464,418,4
18716,7449,432,3
18717,13097,449,3
18718,17348,251,1
18719,13383,440,4
18720,6627,240,4
18721,5730,305,1
18722,16521,137,1
18723,13732,483,1
18724,14164,329,2
18725,968,284,3
18726,12093,57,2
18727,209,93,1
18728,10776,400,1
18729,9380,98,1
18730,7457,309,3
18731,12946,16,4
18732,9483,238,1
18733,16990,235,1
18734,16299,191,4
18735,2406,124,2
18736,17463,285,1
18737,16575,183,1
18738,7977,145,2
18739,2731,323,2
18740,15018,479,4
18741,11605,223,1
18742,13739,455,1
18743,6630,385,1
18744,19105,2,1
18745,1479,492,1
18746,3505,91,1
18747,5662,305,1
18748,9984,270,4
18749,17680,380,4
18750,15800,280,4
18751,3995,270,1
18752,19272,361,3
18753,11968,227,2
18754,18988,465,4
18755,18333,402,2
18756,7186,78,4
18757,2739,418,1
18758,7517,175,2
18759,15026,281,4
18760,10293,393,2
18761,610,418,2
18762,11896,463,4
18763,12925,304,3
18764,7491,17,2
18765,4126,60,4
18766,13714,207,3
18767,17442,317,1
18768,890,44,4
18769,14336,127,1
18770,12141,363,2
18771,626,218,4
18772,14101,179,4
18773,15252,419,4
18774,2153,273,3
18775,493,91,3
18776,10182,247,3
18777,4640,429,4
18778,9263,348,3
18779,16830,258,2
18780,19875,427,1
18781,19757,116,4
18782,2892,256,1
18783,11458,68,2
18784,12662,431,1
18785,15214,131,4
18786,603,450,4
18787,18432,128,4
18788,15058,453,1
18789,17411,468,1
18790,12863,464,2
18791,19481,269,2
18792,4365,491,3
18793,11246,5,3
18794,11156,127,2
18795,6832,403,3
18796,18699,163,3
18797,12715,334,4
18798,16364,306,2
18799,17880,158,3
18800,8612,435,4
18801,19495,97,1
18802,12456,59,2
18803,5308,376,2
18804,14318,468,1
18805,1297,381,2
18806,19860,142,1
18807,18091,278,2
18808,9211,466,2
18809,8683,132,3
18810,11792,5,2
18811,18784,268,3
18812,12655,123,4
18813,12503,493,4
18814,18069,142,4
18815,3532,440,1
18816,4839,100,2
18817,14015,486,1
18818,5763,65,4
18819,11545,85,3
18820,17941,326,4
18821,3079,384,4
18822,11555,294,4
18823,11048,306,1
18824,3939,320,2
18825,16793,480,3
18826,12011,346,1
18827,6366,334,4
18828,863,402,3
18829,10703,317,1
18830,7794,373,1
18831,19218,398,2
18832,4374,118,3
18833,4041,94,3
18834,15814,209,3
18835,6470,33,1
18836,13764,38,2
18837,3605,340,4
18838,11631,8,4
18839,13153,320,2
18840,9578,31,3
18841,141,359,1
18842,671,83,1
18843,13859,2,2
18844,11594,355,2
18845,7319,491,2
18846,4088,121,2
18847,18233,145,4
18848,2651,344,3
18849,11234,362,1
18850,9408,470,3
18851,15680,158,2
18852,15802,386,4
18853,15519,301,4
18854,10786,202,1
18855,12283,65,4
18856,3187,172,3
18857,2381,7,3
18858,2278,338,3
18859,3862,426,3
18860,4508,395,3
18861,16876,299,2
18862,17384,485,1
18863,10015,173,3
18864,322,295,3
18865,7632,461,3
18866,13572,318,2
18867,11351,360,2
18868,18675,410,4
18869,2076,456,1
18870,5170,387,3
18871,5854,312,3
18872,6179,426,3
18873,9958,197,3
18874,17656,241,1
18875,17644,180,1
18876,9544,449,1
18877,4783,336,2
18878,2046,76,1
18879,2084,458,4
18880,5211,385,3
18881,5114,108,1
18882,9043,361,2
18883,15597,188,2
18884,17270,87,1
18885,11950,380,4
18886,11173,347,3
18887,6482,27,3
18888,1184,91,4
18889,9206,30,3
18890,19587,226,3
18891,5600,407,4
18892,11846,36,4
18893,17227,390,1
18894,17756,262,2
18895,12336,196,2
18896,16602,195,1
18897,13599,148,2
18898,3443,495,2
18899,18723,168,4
18900,16833,44,4
18901,2210,458,4
18902,12518,230,3
18903,17862,221,2
18904,13408,27,4
18905,7644,10,4
18906,761,10,3
18907,16280,346,1
18908,10985,80,3
18909,12358,420,1
18910,14993,299,3
18911,3372,135,2
18912,13419,342,1
18913,5774,444,2
18914,6500,68,4
18915,180,202,3
18916,7427,323,2
18917,11170,216,4
18918,16835,298,1
18919,584,109,2
18920,5789,6,4
18921,11430,1,2
18922,8723,109,1
18923,8599,237,3
18924,12716,331,4
18925,18935,34,3
18926,12677,253,2
18927,9560,204,4
18928,16153,128,3
18929,5410,293,2
18930,13699,6,3
18931,7667,141,1
18932,9376,16,1
18933,17831,39,1
18934,9311,16,3
18935,14726,176,4
18936,18326,256,1
18937,12969,453,2
18938,4141,203,2
18939,4581,311,4
18940,7632,208,2
18941,17310,491,4
18942,11663,121,2
18943,8453,162,4
18944,19738,152,2
18945,10921,287,1
18946,9504,426,2
18947,16225,449,1
18948,18401,364,4
18949,17163,350,3
18950,14378,259,1
18951,5698,213,4
18952,6058,86,1
18953,3411,87,3
18954,18771,217,4
18955,16612,382,1
18956,2466,25,4
18957,13613,187,3
18958,2093,311,3
18959,11028,367,4
18960,217,25,2
18961,10580,21,1
18962,10999,140,3
18963,14360,58,1
18964,18333,176,4
18965,16960,362,3
18966,208,477,4
18967,1814,258,1
18968,11575,320,4
18969,4750,75,1
18970,12745,71,4
18971,16460,455,1
18972,17745,26,4
18973,6175,358,3
18974,11600,272,2
18975,18436,428,4
18976,4067,279,3
18977,7595,172,4
18978,12082,364,3
18979,4346,334,2
18980,3449,311,3
18981,3287,170,1
18982,11593,174,1
18983,15366,114,2
18984,10227,89,3
18985,15265,250,3
18986,8266,331,4
18987,18986,220,4
18988,11970,40,3
18989,16077,142,4
18990,2833,234,4
18991,998,62,2
18992,12825,340,2
18993,6763,380,1
18994,1050,257,3
18995,10007,206,4
18996,19834,330,2
18997,6625,134,3
18998,2013,320,4
18999,17028,291,2
19000,2803,43,1
19001,7255,212,4
19002,9842,493,3
19003,1076,136,2
19004,17206,3,2
19005,8738,164,4
19006,19170,214,2
19007,19446,136,4
19008,10983,386,3
19009,11220,244,3
19010,6885,332,4
19011,16143,472,4
19012,19277,135,4
19013,5224,377,3
19014,12076,273,3
19015,4242,425,4
19016,16095,490,3
19017,5732,72,3
19018,4592,428,3
19019,12857,366,2
19020,11652,67,3
19021,14464,101,4
19022,2122,190,4
19023,1855,148,1
19024,16190,359,4
19025,3363,127,4
19026,12605,397,2
19027,18507,336,3
19028,18737,204,2
19029,6753,16,4
19030,3624,78,2
19031,8445,65,2
19032,127,188,2
19033,17318,140,1
19034,19470,82,1
19035,12551,76,4
19036,5167,276,4
19037,11403,466,1
19038,9036,472,4
19039,1267,59,4
19040,13313,184,1
19041,8884,4,1
19042,10955,274,4
19043,5870,383,4
19044,8300,479,3
19045,10398,452,2
19046,9174,77,3
19047,5403,27,2
19048,7469,68,1
19049,2878,37,1
19050,11709,308,2
19051,1444,254,2
19052,4262,47,1
19053,3333,96,3
19054,12913,438,1
19055,9151,130,1
19056,19074,440,1
19057,17142,15,1
19058,9190,303,4
19059,649,74,2
19060,14783,256,2
19061,12134,105,3
19062,10991,77,4
19063,15919,363,4
19064,8809,272,2
19065,16113,364,2
19066,12291,448,3
19067,2544,266,4
19068,10815,439,3
19069,377,237,3
19070,12907,365,1
19071,19636,419,2
19072,7853,458,4
19073,19065,462,3
19074,17113,68,1
19075,10154,401,4
19076,3708,89,2
19077,11657,115,2
19078,9865,461,4
19079,8196,200,1
19080,15162,263,3
19081,2120,449,4
19082,10685,487,3
19083,18638,380,4
19084,13569,163,4
19085,10111,19,3
19086,14478,409,3
19087,13250,132,1
19088,10272,246,1
19089,9909,67,1
19090,9693,360,4
19091,18684,367,1
19092,4793,43,4
19093,3136,387,4
19094,19186,206,2
19095,14448,219,1
19096,14819,317,2
19097,11655,244,1
19098,1738,92,4
19099,5425,261,3
19100,16562,230,3
19101,17293,83,2
19102,5068,372,2
19103,19753,209,2
19104,13690,281,2
19105,6812,483,2
19106,2870,195,1
19107,6615,456,4
19108,18736,378,1
19109,11961,387,3
19110,8014,439,2
19111,13675,284,2
19112,10025,193,1
19113,2807,440,3
19114,4219,381,3
19115,17593,123,2
19116,14982,389,1
19117,2893,405,3
19118,12733,294,1
19119,8453,500,3
19120,8199,128,2
19121,13837,178,1
19122,9534,423,4
19123,542,84,1
19124,9688,454,3
19125,8498,178,4
19126,3649,119,1
19127,2784,34,2
19128,8350,324,4
19129,4030,108,4
19130,3299,92,4
19131,10517,423,2
19132,6292,410,4
19133,16825,186,4
19134,680,497,2
19135,7224,152,2
19136,4018,248,1
19137,19980,472,1
19138,16077,366,3
19139,15893,42,1
19140,2004,473,3
19141,5924,86,3
19142,16643,411,1
19143,1687,408,4
19144,5885,372,4
19145,19418,259,3
19146,9119,314,3
19147,8662,6,2
19148,17902,266,4
19149,398,173,2
19150,1022,186,2
19151,5429,298,1
19152,4977,117,4
19153,11590,268,4
19154,8577,366,4
19155,19567,342,1
19156,9055,83,2
19157,16169,42,4
19158,1284,246,1
19159,1709,157,2
19160,10803,331,3
19161,14843,359,1
19162,13951,78,4
19163,17956,39,2
19164,9972,6,3
19165,16527,389,4
19166,12472,351,2
19167,5401,429,3
19168,2360,368,4
19169,15108,432,1
19170,9684,424,1
19171,11211,306,2
19172,13161,148,1
19173,11420,92,3
19174,16225,16,4
19175,17438,111,4
19176,7127,245,1
19177,18879,69,1
19178,2747,12,3
19179,19362,336,4
19180,13024,39,1
19181,11577,498,4
19182,13981,275,1
19183,11826,284,2
19184,6040,188,1
19185,18543,13,1
19186,7197,133,1
19187,17489,90,2
19188,2954,373,4
19189,14692,196,3
19190,6159,324,1
19191,18412,285,2
19192,17698,63,2
19193,6193,444,4
19194,29,97,3
19195,6947,97,4
19196,12809,418,1
19197,16137,146,1
19198,4654,165,3
19199,11796,191,3
19200,16954,250,4
19201,3224,259,2
19202,164,186,2
19203,14007,203,2
19204,13476,113,3
19205,4964,220,3
19206,6694,38,1
19207,14505,469,4
19208,399,338,3
19209,11455,133,4
19210,3228,388,3
19211,3861,121,4
19212,8066,77,3
19213,2614,29,2
19214,12555,311,4
19215,9663,375,4
19216,6455,250,1
19217,5081,345,1
19218,10791,301,3
19219,7327,226,3
19220,16899,397,2
19221,4681,247,4
19222,18601,279,3
19223,17543,204,4
19224,8371,184,2
19225,1690,179,3
19226,8718,284,1
19227,14956,432,3
19228,10895,325,4
19229,10690,113,1
19230,14145,164,4
19231,13676,327,3
19232,7240,184,1
19233,4661,107,3
19234,10362,367,4
19235,5525,72,3
19236,10581,189,3
19237,16263,282,3
19238,1909,251,1
19239,3537,322,4
19240,12948,187,1
19241,5611,393,4
19242,4110,448,2
19243,176,368,1
19244,5463,312,4
19245,6982,222,4
19246,8369,253,1
19247,15329,86,4
19248,17999,59,1
19249,13844,340,3
19250,15918,477,4
19251,16256,318,4
19252,4583,144,4
19253,18653,317,4
19254,15573,467,3
19255,4572,197,3
19256,11374,236,4
19257,9457,303,2
19258,5899,418,4
19259,11868,117,1
19260,13226,212,4
19261,6701,286,3
19262,16304,338,3
19263,7087,435,1
19264,748,235,2
19265,13866,179,2
19266,2060,157,4
19267,5541,403,4
19268,12270,131,3
19269,9229,193,1
19270,8168,186,1
19271,17678,10,2
19272,5569,200,3
19273,11775,399,3
19274,1754,460,2
19275,15800,90,3
19276,6603,196,4
19277,12799,258,3
19278,12437,492,2
19279,7617,481,1
19280,7002,52,2
19281,19648,187,1
19282,10655,299,3
19283,15422,278,3
19284,18917,220,1
19285,17055,381,1
19286,18884,415,3
19287,9933,222,4
19288,3678,173,1
19289,8091,489,1
19290,12297,222,2
19291,15040,381,2
19292,4185,3,3
19293,3537,433,3
19294,19119,241,4
19295,2468,5,3
19296,2712,158,3
19297,10799,422,4
19298,17481,138,4
19299,13375,291,4
19300,18424,265,4
19301,10395,81,1
19302,15468,96,1
19303,7243,41,3
19304,4152,322,1
19305,18267,195,2
19306,13569,158,3
19307,16201,143,3
19308,713,309,4
19309,14582,311,4
19310,10190,361,1
19311,2548,302,3
19312,16576,7,1
19313,10207,428,1
19314,3417,282,1
19315,17605,442,1
19316,3247,290,2
19317,8374,48,4
19318,3005,241,1
19319,10912,485,2
19320,13141,143,2
19321,10634,127,1
19322,15001,366,3
19323,7944,320,3
19324,1297,83,4
19325,17744,190,3
19326,13822,437,4
19327,16514,88,3
19328,16515,219,4
19329,19756,225,3
19330,15603,449,1
19331,10755,259,2
19332,1461,15,1
19333,10774,135,1
19334,18380,372,1
19335,3046,486,4
19336,8754,194,2
19337,10105,109,3
19338,10390,322,2
19339,16787,458,3
19340,14696,135,1
19341,19757,240,4
19342,18930,422,4
19343,1558,275,1
19344,2300,136,1
19345,15736,43,1
19346,2197,166,1
19347,218,87,4
19348,7682,303,4
19349,429,409,2
19350,7781,456,4
19351,4120,188,2
19352,6286,417,1
19353,3731,362,2
19354,1498,362,4
19355,15274,62,1
19356,14318,311,1
19357,15513,370,1
19358,2193,47,1
19359,9177,234,3
19360,11324,274,1
19361,10621,404,2
19362,9496,159,1
19363,8790,293,4
19364,2027,301,1
19365,2034,75,1
19366,7308,485,1
19367,2439,30,4
19368,3400,288,4
19369,6178,399,1
19370,16013,209,2
19371,10943,237,4
19372,17904,480,1
19373,6587,147,3
19374,5682,35,3
19375,2707,257,2
19376,6497,474,3
19377,4599,360,3
19378,7837,292,2
19379,7269,152,3
19380,574,240,3
19381,19935,288,3
19382,13461,145,1
19383,8437,216,1
19384,15964,218,1
19385,7829,22,1
19386,12562,251,1
19387,5564,61,2
19388,11659,369,1
19389,1630,6,1
19390,8317,475,1
19391,3243,304,4
19392,882,323,3
19393,6227,239,4
19394,10306,297,4
19395,10695,438,3
19396,2404,262,4
19397,9981,453,1
19398,12029,1,3
19399,12607,380,4
19400,12698,167,4
19401,19864,421,4
19402,10754,241,1
19403,10404,299,4
19404,14227,267,1
19405,14009,492,3
19406,6671,400,2
19407,17946,391,1
19408,7392,472,4
19409,17151,294,4
19410,10212,462,4
19411,19575,217,3
19412,11807,487,4
19413,7534,201,2
19414,12612,304,2
19415,9187,160,2
19416,18886,246,2
19417,17373,298,1
19418,14746,297,1
19419,14756,151,1
19420,17771,224,4
19421,16074,54,4
19422,3080,358,4
19423,4734,238,3
19424,2155,367,2
19425,13571,17,3
19426,11796,155,4
19427,4252,328,3
19428,15874,404,1
19429,9010,265,3
19430,5234,242,3
19431,13647,100,1
19432,465,332,4
19433,6790,253,4
19434,18484,101,2
19435,837,16,1
19436,10746,270,1
19437,3501,396,4
19438,11606,319,1
19439,13002,82,1
19440,19068,280,1
19441,19521,145,2
19442,7483,406,4
19443,10625,156,4
19444,19184,424,4
19445,6955,279,1
19446,11754,362,4
19447,8923,495,2
19448,5997,156,4
19449,8625,36,1
19450,16515,426,2
19451,3485,318,3
19452,12025,12,1
19453,18736,31,2
19454,2787,409,1
19455,4814,123,2
19456,16084,484,2
19457,15584,141,3
19458,2733,427,4
19459,5997,434,3
19460,1853,279,3
19461,14477,82,2
19462,3592,257,2
19463,6351,207,4
19464,4700,190,3
19465,16179,54,3
19466,18879,456,4
19467,6831,38,3
19468,6875,477,2
19469,15,30,1
19470,6039,33,2
19471,13682,416,1
19472,11566,278,2
19473,6471,404,2
19474,19267,380,1
19475,4597,82,2
19476,6974,122,4
19477,10706,375,3
19478,11514,93,4
19479,3980,288,1
19480,11534,226,2
19481,18720,360,1
19482,5063,21,4
19483,11190,156,2
19484,5249,247,1
19485,10565,187,3
19486,16439,418,1
19487,787,407,2
19488,19491,69,2
19489,3966,236,3
19490,8352,394,1
19491,10137,78,3
19492,2997,191,1
19493,11401,139,1
19494,4385,190,3
19495,5558,413,2
19496,941,42,4
19497,4754,318,2
19498,2168,62,2
19499,9215,5,3
19500,7451,56,4
19501,17510,454,4
19502,3511,253,1
19503,3498,328,1
19504,9697,74,3
19505,19907,295,2
19506,15135,189,4
19507,15081,492,2
19508,5923,329,3
19509,15921,403,4
19510,15248,117,2
19511,9443,443,3
19512,17432,11,4
19513,5831,154,1
19514,12657,487,2
19515,478,60,4
19516,13892,214,3
19517,2338,416,2
19518,19512,260,3
19519,4126,358,3
19520,9500,45,1
19521,18277,291,2
19522,2241,348,4
19523,16309,309,3
19524,11558,175,1
19525,17247,66,4
19526,546,395,1
19527,1694,15,2
19528,1016,356,4
19529,11632,438,1
19530,17670,136,4
19531,19081,96,4
19532,19823,209,1
19533,13722,184,1
19534,1406,138,2
19535,9201,280,1
19536,8430,199,3
19537,13659,138,2
19538,1793,308,1
19539,14327,42,4
19540,16088,115,3
19541,1118,47,1
19542,16526,173,2
19543,9813,388,3
19544,9980,208,4
19545,14645,309,1
19546,572,281,2
19547,8599,68,3
19548,2885,346,2
19549,4506,178,3
19550,13391,237,4
19551,11474,299,1
19552,18623,53,4
19553,9575,480,2
19554,15348,460,3
19555,9678,146,4
19556,15234,153,4
19557,19467,404,3
19558,18837,257,4
19559,2391,493,4
19560,10732,401,1
19561,2838,259,3
19562,9185,398,2
19563,5079,220,4
19564,7627,494,2
19565,19125,375,2
19566,9261,60,4
19567,12252,11,3
19568,15543,417,3
19569,648,409,2
19570,16294,368,4
19571,13567,235,4
19572,4074,40,2
19573,2839,354,3
19574,4691,438,4
19575,19139,499,4
19576,5213,299,4
19577,8564,262,2
19578,19539,357,1
19579,13953,249,1
19580,9456,17,4
19581,3131,17,2
19582,17972,340,4
19583,166,345,4
19584,11471,339,2
19585,18143,360,1
19586,14498,210,2
19587,4812,15,2
19588,412,457,2
19589,3538,202,1
19590,14633,151,2
19591,19640,384,2
19592,5004,174,3
19593,17769,4,4
19594,8817,436,2
19595,2717,241,1
19596,11351,441,4
19597,15221,317,2
19598,19200,284,4
19599,19062,288,3
19600,10023,119,3
19601,9826,453,1
19602,15628,140,3
19603,10329,422,4
19604,11053,185,3
19605,7405,182,1
19606,4105,48,3
19607,2822,293,2
19608,1219,253,2
19609,11152,116,1
19610,6176,214,4
19611,19481,193,3
19612,19443,194,1
19613,1063,130,3
19614,4280,295,4
19615,10055,29,4
19616,6904,193,1
19617,11055,478,3
19618,11449,272,3
19619,17857,441,1
19620,2735,401,4
19621,13212,140,2
19622,6341,254,3
19623,10161,331,4
19624,3410,462,3
19625,12191,245,4
19626,19321,352,3
19627,463,76,2
19628,13787,269,2
19629,2983,71,4
19630,13296,165,1
19631,2657,56,2
19632,15360,79,3
19633,9570,198,3
19634,4326,266,1
19635,1457,422,1
19636,13456,246,2
19637,16952,196,3
19638,6580,236,3
19639,17626,178,1
19640,15320,257,2
19641,3952,235,2
19642,2031,360,3
19643,7535,427,1
19644,13725,90,2
19645,12999,358,3
19646,3199,355,1
19647,17627,292,2
19648,19036,291,2
19649,19053,17,4
19650,7847,189,1
19651,8993,354,1
19652,7133,230,1
19653,19395,217,4
19654,1951,248,4
19655,2036,497,2
19656,19672,377,2
19657,6224,220,2
19658,18051,385,3
19659,12846,98,3
19660,13988,51,1
19661,12642,332,1
19662,9993,82,2
19663,7250,483,2
19664,5748,191,4
19665,4679,370,3
19666,14521,29,2
19667,6026,291,2
19668,18921,423,1
19669,14862,346,4
19670,8554,36,3
19671,1864,447,2
19672,2078,84,2
19673,3696,243,2
19674,4429,263,4
19675,5929,288,4
19676,1008,388,4
19677,19289,93,3
19678,3229,233,2
19679,1724,424,1
19680,7484,357,2
19681,4269,72,4
19682,19403,467,3
19683,6645,407,4
19684,8878,177,1
19685,6982,491,4
19686,4854,256,4
19687,15940,499,2
19688,14055,321,1
19689,4470,443,3
19690,14556,319,4
19691,19474,352,1
19692,19723,466,3
19693,9727,459,1
19694,3686,129,4
19695,19140,380,4
19696,8573,454,4
19697,19067,395,3
19698,18129,205,3
19699,10171,170,2
19700,9874,344,4
19701,19757,125,4
19702,11483,344,1
19703,13068,256,3
19704,1097,403,2
19705,12540,262,1
19706,1611,235,3
19707,8840,263,3
19708,14507,112,2
19709,452,311,3
19710,2020,32,2
19711,14533,115,4
19712,17622,477,3
19713,3681,144,3
19714,19910,253,2
19715,3194,358,1
19716,10909,229,1
19717,14694,21,2
19718,4737,409,3
19719,7523,107,2
19720,19407,370,2
19721,14965,346,2
19722,11518,369,1
19723,15729,62,2
19724,11345,172,4
19725,5543,302,3
19726,15225,132,3
19727,12727,81,2
19728,3097,279,4
19729,9398,229,2
19730,7012,344,3
19731,1525,133,2
19732,12216,287,2
19733,5176,28,3
19734,4220,336,3
19735,12787,186,3
19736,13440,329,3
19737,6887,496,3
19738,18550,304,4
19739,1633,199,2
19740,17454,42,2
19741,16018,498,1
19742,5681,137,2
19743,2021,163,1
19744,19022,336,2
19745,12218,491,1
19746,5198,46,3
19747,17247,31,2
19748,4040,20,3
19749,12543,214,2
19750,17904,384,2
19751,16992,433,3
19752,10141,338,3
19753,5138,12,1
19754,8414,31,1
19755,4411,340,3
19756,926,210,2
19757,8454,462,2
19758,4875,20,3
19759,15398,125,2
19760,18533,257,4
19761,975,152,3
19762,6860,315,2
19763,12461,139,2
19764,412,233,3
19765,1741,405,2
19766,14202,417,2
19767,13649,113,1
19768,3190,329,4
19769,2287,258,3
19770,16169,174,2
19771,18629,17,4
19772,6719,284,1
19773,2581,489,1
19774,13592,301,4
19775,11321,468,1
19776,4595,266,2
19777,15522,282,4
19778,14718,436,4
19779,2400,291,3
19780,4707,334,4
19781,10155,169,3
19782,3435,8,3
19783,13582,213,4
19784,17231,312,1
19785,2492,98,1
19786,9210,222,2
19787,14971,408,4
19788,11145,123,2
19789,9347,319,4
19790,12666,6,4
19791,2280,362,4
19792,16833,67,3
19793,1016,224,1
19794,3672,81,1
19795,2800,261,3
19796,12577,76,2
19797,7968,21,3
19798,699,112,1
19799,18633,159,4
19800,2882,289,4
19801,2158,384,3
19802,19303,458,1
19803,5015,313,1
19804,13884,464,2
19805,11680,497,3
19806,11943,181,1
19807,12090,493,1
19808,14767,17,2
19809,10722,26,4
19810,6181,149,1
19811,10994,435,1
19812,7897,173,4
19813,7267,118,2
19814,13728,1,3
19815,17685,124,3
19816,11833,155,4
19817,1472,21,1
19818,9192,140,1
19819,13198,77,1
19820,4687,442,2
19821,19062,55,2
19822,12253,373,2
19823,7716,380,2
19824,3606,416,1
19825,6245,457,1
19826,569,237,1
19827,9287,320,2
19828,19952,44,2
19829,5898,475,4
19830,19625,219,4
19831,14202,344,2
19832,1675,195,4
19833,17665,300,3
19834,8755,51,1
19835,16418,211,2
19836,6700,74,4
19837,4228,288,3
19838,10384,43,1
19839,137,84,4
19840,18004,349,4
19841,8723,79,1
19842,4905,124,1
19843,14739,471,1
19844,11324,128,1
19845,9617,246,4
19846,15735,355,3
19847,3171,16,3
19848,18097,406,4
19849,17809,376,3
19850,17830,152,3
19851,19909,41,2
19852,975,440,2
19853,12437,52,2
19854,9761,499,4
19855,5763,88,1
19856,13979,352,1
19857,15822,224,4
19858,7448,357,4
19859,5198,319,1
19860,16771,210,4
19861,13986,327,2
19862,15555,264,4
19863,6039,265,4
19864,12001,216,1
19865,4527,485,3
19866,6918,213,3
19867,10476,298,3
19868,13770,171,1
19869,18896,133,2
19870,10788,248,3
19871,17477,306,3
19872,1028,33,4
19873,15330,470,2
19874,16305,341,3
19875,11546,422,2
19876,488,24,1
19877,14883,164,4
19878,16798,408,1
19879,5413,345,3
19880,5815,203,1
19881,6294,71,4
19882,18100,120,4
19883,3803,380,1
19884,5767,335,4
19885,14798,51,1
19886,3183,19,2
19887,12709,85,2
19888,2179,272,3
19889,4023,24,4
19890,18892,10,1
19891,9341,275,1
19892,12553,456,1
19893,14806,482,3
19894,422,249,1
19895,10270,289,2
19896,14204,172,1
19897,15952,480,1
19898,10708,271,1
19899,2679,308,4
19900,5405,313,1
19901,8296,327,4
19902,12184,107,1
19903,8429,180,2
19904,17898,355,1
19905,19126,86,1
19906,18618,406,4
19907,19979,376,3
19908,5115,146,1
19909,11983,121,3
19910,4015,226,2
19911,10974,290,3
19912,14572,383,3
19913,3231,302,3
19914,11847,196,4
19915,14766,173,3
19916,3930,23,3
19917,8992,410,2
19918,8071,359,4
19919,10331,415,3
19920,11775,212,4
19921,8861,31,4
19922,10395,281,1
19923,7980,336,4
19924,9205,127,4
19925,214,403,3
19926,3517,338,4
19927,13083,458,2
19928,6021,430,1
19929,12130,239,1
19930,6839,217,1
19931,9452,448,3
19932,19408,2,4
19933,1299,90,2
19934,13762,161,4
19935,6837,353,4
19936,14526,171,2
19937,15915,14,1
19938,19706,435,2
19939,17213,395,4
19940,16456,425,3
19941,14493,241,1
19942,4002,359,3
19943,3336,224,1
19944,394,469,3
19945,1720,464,2
19946,19347,34,3
19947,4930,174,4
19948,114,137,4
19949,12216,482,3
19950,17077,50,3
19951,13427,278,2
19952,9620,185,3
19953,15561,367,3
19954,11364,338,1
19955,1727,138,4
19956,9874,74,3
19957,2199,294,4
19958,15132,20,2
19959,4024,315,1
19960,19868,209,1
19961,19315,378,3
19962,3280,76,2
19963,11710,252,3
19964,18171,469,3
19965,12385,295,3
19966,4654,367,1
19967,6780,36,3
19968,19199,43,3
19969,7833,359,4
19970,11994,430,3
19971,10805,367,2
19972,7511,300,1
19973,12383,230,3
19974,815,58,3
19975,1692,165,2
19976,10984,117,1
19977,712,294,3
19978,18185,179,4
19979,6476,62,3
19980,900,370,4
19981,11882,47,3
19982,18751,314,3
19983,14465,66,1
19984,6465,213,1
19985,10313,262,1
19986,18177,406,3
19987,12694,278,4
19988,13759,38,4
19989,2615,197,1
19990,16783,441,3
19991,9294,255,2
19992,16326,403,1
19993,10350,469,1
19994,5318,32,1
19995,1282,401,4
19996,10350,469,4
19997,17491,402,4
19998,15547,475,2
19999,1528,23,3
20000,5524,136,1
20001,9196,266,3
20002,12606,8,2
20003,14247,108,3
20004,6845,135,2
20005,12919,56,1
20006,8446,275,4
20007,6671,167,3
20008,11418,415,1
20009,8418,333,4
20010,3283,34,2
20011,1976,347,4
20012,7060,252,1
20013,19365,218,4
20014,13615,193,1
20015,16516,474,2
20016,16873,23,1
20017,17648,150,3
20018,1935,401,2
20019,16331,409,2
20020,2576,105,3
20021,1723,131,2
20022,14990,418,4
20023,10001,498,2
20024,19717,80,3
20025,4574,6,3
20026,19618,459,2
20027,20,389,4
20028,14939,303,2
20029,14585,337,1
20030,795,294,4
20031,17305,439,4
20032,17183,239,4
20033,16318,494,4
20034,5304,464,2
20035,6131,220,3
20036,8709,363,4
20037,2893,90,1
20038,6495,119,2
20039,4109,95,2
20040,2542,413,1
20041,12723,94,1
20042,4440,165,4
20043,5091,119,1
20044,673,32,4
20045,11673,250,4
20046,16718,170,2
20047,7962,125,3
20048,7128,480,2
20049,13969,425,3
20050,2502,58,2
20051,6671,107,1
20052,8331,98,1
20053,14856,231,2
20054,7854,314,1
20055,9611,277,1
20056,9438,441,3
20057,4937,104,2
20058,7929,227,2
20059,9186,389,3
20060,4392,166,3
20061,12123,413,3
20062,9267,275,1
20063,7596,29,3
20064,18559,373,2
20065,1996,365,3
20066,17304,177,1
20067,12183,50,2
20068,17047,217,4
20069,1694,348,2
20070,1729,27,1
20071,8124,478,4
20072,17819,239,4
20073,15236,362,2
20074,12134,377,1
20075,4985,446,2
20076,14123,429,2
20077,12906,264,4
20078,14401,336,3
20079,19279,285,1
20080,7140,131,2
20081,17599,443,3
20082,9940,27,2
20083,19812,117,2
20084,8010,376,4
20085,5552,7,2
20086,13540,422,1
20087,14743,12,3
20088,14319,413,3
20089,4216,128,1
20090,19515,233,2
20091,15440,247,2
20092,11683,81,4
20093,3802,458,1
20094,5262,452,4
20095,9787,296,1
20096,6257,209,4
20097,1826,69,4
20098,7333,126,3
20099,19132,108,3
20100,9721,352,3
20101,16557,167,4
20102,11189,241,4
20103,7539,193,2
20104,3027,397,2
20105,17284,449,4
20106,15860,143,3
20107,16196,247,3
20108,16613,408,4
20109,9689,296,4
20110,13705,163,2
20111,14578,499,3
20112,4363,317,4
20113,15296,388,3
20114,39,57,2
20115,15359,149,4
20116,8238,209,4
20117,4028,327,2
20118,15738,355,3
20119,2663,447,2
20120,17084,491,2
20121,17630,386,4
20122,14133,79,1
20123,14794,193,2
20124,10440,230,4
20125,7977,354,4
20126,11295,226,4
20127,5980,480,1
20128,13670,297,4
20129,747,226,1
20130,2738,55,3
20131,18080,402,3
20132,15606,470,1
20133,820,132,1
20134,12446,138,3
20135,18871,120,3
20136,16279,20,2
20137,13664,60,2
20138,14768,428,1
20139,19646,449,4
20140,11814,401,3
20141,14350,332,1
20142,13729,343,4
20143,864,499,4
20144,12943,269,2
20145,2490,94,3
20146,17192,198,1
20147,11138,74,3
20148,12042,45,2
20149,7831,487,4
20150,12775,273,3
20151,17358,220,2
20152,13976,351,2
20153,1950,231,4
20154,15980,196,2
20155,4803,141,2
20156,13675,397,3
20157,12115,68,1
20158,11630,329,2
20159,19795,385,2
20160,5975,444,3
20161,1367,324,1
20162,2945,186,4
20163,11765,217,1
20164,15568,221,2
20165,18145,320,1
20166,2858,8,2
20167,4733,146,1
20168,5353,253,1
20169,16259,452,1
20170,9575,130,3
20171,1914,112,3
20172,6926,316,4
20173,17045,343,1
20174,16746,93,4
20175,1456,60,3
20176,17009,253,4
20177,15934,16,2
20178,18537,388,2
20179,17106,103,2
20180,8486,80,3
20181,6797,196,1
20182,10856,232,4
20183,17767,327,1
20184,11833,231,1
20185,1271,473,2
20186,18161,387,3
20187,4086,394,4
20188,10955,171,4
20189,14187,407,4
20190,1095,330,3
20191,4686,485,4
20192,12654,292,4
20193,13619,60,1
20194,1179,321,3
20195,10230,255,2
20196,3428,273,4
20197,4947,73,2
20198,9300,384,4
20199,1698,293,2
20200,2881,165,3
20201,13803,484,2
20202,7088,200,4
20203,14316,330,2
20204,14170,12,1
20205,2392,43,3
20206,770,255,3
20207,15226,472,1
20208,5911,361,2
20209,6853,355,2
20210,15916,130,4
20211,8586,213,1
20212,1498,33,1
20213,17675,123,4
20214,1238,23,3
20215,5586,436,4
20216,12863,172,4
20217,102,279,3
20218,19947,111,1
20219,16873,371,4
20220,4567,286,3
20221,5358,360,1
20222,18738,264,3
20223,16690,419,2
20224,13723,216,3
20225,19053,217,3
20226,16121,78,3
20227,10185,301,1
20228,2562,470,2
20229,10645,323,2
20230,10100,81,2
20231,10297,251,1
20232,13989,195,2
20233,18924,67,3
20234,17122,482,3
20235,7520,237,2
20236,15558,486,3
20237,9306,470,4
20238,6222,159,3
20239,2744,25,2
20240,9436,37,4
20241,9853,238,3
20242,9542,315,4
20243,10543,334,1
20244,10380,456,3
20245,15054,397,3
20246,5834,94,1
20247,3783,109,3
20248,13978,368,4
20249,19372,315,4
20250,2243,407,1
20251,10754,446,4
20252,12957,304,4
20253,12699,136,3
20254,2626,470,3
20255,14782,83,3
20256,8978,179,4
20257,3205,435,4
20258,10633,26,3
20259,1850,22,1
20260,4215,83,1
20261,13073,296,4
20262,4362,13,4
20263,17647,427,3
20264,5889,16,1
20265,14780,312,4
20266,2071,485,3
20267,15386,467,1
20268,1514,112,3
20269,14283,116,1
20270,13004,215,4
20271,4532,374,2
20272,17867,389,1
20273,7354,263,1
20274,11369,282,1
20275,1086,186,3
20276,7219,378,1
20277,18759,475,1
20278,11564,309,4
20279,1384,407,2
20280,8831,393,4
20281,19752,80,1
20282,12528,354,4
20283,15174,193,3
20284,16145,391,2
20285,14181,267,3
20286,11866,329,4
20287,13706,31,2
20288,19873,500,3
20289,6199,222,4
20290,9401,139,1
20291,16408,45,2
20292,7040,435,4
20293,16699,331,1
20294,1869,78,2
20295,4825,481,2
20296,14560,476,2
20297,15332,159,2
20298,18236,208,3
20299,2524,441,4
20300,9053,108,2
20301,16357,433,1
20302,2657,216,2
20303,1160,286,4
20304,11596,363,4
20305,13420,291,4
20306,6065,181,4
20307,17415,335,1
20308,13563,308,4
20309,4660,221,2
20310,17714,345,3
20311,1428,2,4
20312,13264,13,1
20313,45,362,1
20314,8779,386,2
20315,1275,199,1
20316,7502,203,4
20317,3172,303,1
20318,8530,258,3
20319,9752,350,2
20320,17650,488,2
20321,13448,25,3
20322,16220,112,1
20323,12707,169,4
20324,19597,149,3
20325,287,304,3
20326,11741,128,1
20327,19491,396,1
20328,1604,174,2
20329,12437,104,1
20330,505,165,3
20331,19395,295,2
20332,12346,490,1
20333,8544,88,1
20334,8382,48,3
20335,421,157,2
20336,19669,103,4
20337,17425,71,2
20338,5191,462,3
20339,1165,295,2
20340,1443,31,4
20341,13604,2,3
20342,15011,53,4
20343,3252,292,4
20344,6878,314,2
20345,12949,282,1
20346,12225,283,2
20347,4877,263,1
20348,3555,178,4
20349,10491,219,4
20350,5551,299,1
20351,16665,26,1
20352,17805,393,1
20353,18755,26,4
20354,3012,217,2
20355,4072,444,1
20356,17207,298,3
20357,19349,438,3
20358,8641,375,1
20359,17797,490,3
20360,12331,151,1
20361,8227,169,3
20362,19765,455,2
20363,5697,44,4
20364,1245,361,1
20365,2332,334,3
20366,15551,113,3
20367,5909,373,1
20368,2360,318,3
20369,4795,110,1
20370,8946,291,1
20371,11266,217,3
20372,19568,265,4
20373,9291,32,1
20374,10134,73,2
20375,8586,206,4
20376,1893,100,2
20377,6827,23,1
20378,16228,128,2
20379,17106,175,1
20380,6677,403,2
20381,13800,301,3
20382,2507,370,4
20383,50,150,4
20384,19146,298,1
20385,11152,95,3
20386,17727,429,1
20387,2698,244,1
20388,17041,229,2
20389,17057,37,4
20390,5242,29,1
20391,304,290,4
20392,11927,141,1
20393,1868,84,3
20394,1110,37,4
20395,8929,137,4
20396,15522,467,2
20397,12515,93,3
20398,1712,472,1
20399,9993,245,2
20400,2363,454,4
20401,959,239,2
20402,96,5,4
20403,4453,74,3
20404,10089,359,2
20405,2882,170,2
20406,19854,16,2
20407,3576,341,2
20408,11595,12,1
20409,6155,115,1
20410,13178,181,2
20411,16700,294,1
20412,12481,365,2
20413,8937,354,1
20414,11631,486,2
20415,9781,147,3
20416,18992,88,2
20417,1237,71,3
20418,19615,22,1
20419,19074,254,2
20420,1695,257,1
20421,5909,196,1
20422,8225,68,2
20423,11800,52,3
20424,14699,33,4
20425,13555,145,2
20426,10619,196,1
20427,8173,483,3
20428,16349,113,1
20429,2515,298,3
20430,10230,303,2
20431,2850,323,3
20432,11371,243,3
20433,6326,35,1
20434,816,344,4
20435,9184,13,1
20436,14780,61,4
20437,547,448,3
20438,1300,223,4
20439,10253,142,2
20440,1503,292,1
20441,5543,93,4
20442,3727,188,4
20443,13665,157,3
20444,2200,196,3
20445,16144,49,3
20446,1017,422,4
20447,5232,445,2
20448,11882,365,2
20449,7265,445,2
20450,4928,351,4
20451,10898,424,1
20452,7045,363,2
20453,2484,438,4
20454,11505,307,4
20455,14219,210,4
20456,8465,205,1
20457,7005,270,1
20458,13195,113,4
20459,3370,464,4
20460,12220,223,3
20461,18501,236,1
20462,5837,388,2
20463,1180,419,1
20464,16983,443,3
20465,10460,289,3
20466,10500,221,1
20467,14907,369,3
20468,5090,364,4
20469,13920,280,4
20470,9930,243,3
20471,1456,202,4
20472,4418,22,1
20473,17540,137,1
20474,16263,439,3
20475,2506,162,4
20476,14900,259,4
20477,5370,448,4
20478,6026,76,1
20479,17722,474,1
20480,15868,23,2
20481,16780,240,4
20482,1906,247,4
20483,4725,173,2
20484,12150,171,1
20485,737,150,2
20486,15495,284,2
20487,4882,265,3
20488,2548,398,4
20489,7832,404,1
20490,19381,138,1
20491,15254,368,1
20492,4244,212,4
20493,11859,481,2
20494,2675,38,1
20495,18866,366,3
20496,3207,410,4
20497,5989,17,3
20498,6289,374,4
20499,18640,41,3
20500,9350,345,4
20501,4953,138,4
20502,11783,438,1
20503,6315,399,1
20504,12547,407,2
20505,17485,259,3
20506,1484,209,1
20507,19353,363,2
20508,10555,345,4
20509,11078,330,3
20510,8483,94,4
20511,17527,40,3
20512,19513,40,2
20513,8234,134,1
20514,1949,64,2
20515,12976,43,2
20516,869,44,1
20517,13298,474,1
20518,6943,309,4
20519,11655,267,3
20520,1741,326,3
20521,16529,80,1
20522,13431,114,1
20523,6211,111,4
20524,19137,278,4
20525,11824,160,3
20526,11660,297,2
20527,2797,76,1
20528,8572,66,4
20529,16694,20,4
20530,10019,457,2
20531,215,192,3
20532,12488,115,1
20533,10770,184,4
20534,14710,107,1
20535,5424,332,2
20536,2002,396,2
20537,11898,53,4
20538,9814,314,2
20539,225,10,4
20540,15425,229,3
20541,8329,490,1
20542,5418,192,1
20543,9472,419,1
20544,1239,23,1
20545,2515,60,2
20546,2680,475,2
20547,8568,165,4
20548,7947,105,2
20549,357,75,3
20550,7775,354,3
20551,5906,115,4
20552,7104,122,4
20553,15366,388,4
20554,15414,256,2
20555,10061,201,3
20556,4179,233,1
20557,10242,211,4
20558,11912,285,2
20559,833,46,1
20560,5185,128,2
20561,10225,354,2
20562,18710,92,4
20563,13330,206,3
20564,16575,374,1
20565,13411,317,1
20566,15382,330,1
20567,13864,475,4
20568,7591,477,4
20569,18583,254,3
20570,19931,218,3
20571,5237,350,2
20572,7021,379,2
20573,12942,27,4
20574,11762,20,1
20575,1984,441,3
20576,4267,82,3
20577,991,159,3
20578,12517,168,1
20579,15619,151,4
20580,4103,341,4
20581,9501,219,4
20582,1097,231,1
20583,11678,240,4
20584,11633,448,2
20585,5671,172,2
20586,9693,336,3
20587,7760,154,1
20588,5996,38,3
20589,18664,265,1
20590,8187,222,2
20591,8074,36,2
20592,12441,445,2
20593,5026,312,2
20594,8211,360,1
20595,12433,261,4
20596,16597,298,3
20597,10893,51,3
20598,10419,192,3
20599,6558,138,4
20600,16400,116,4
20601,17624,499,3
20602,14940,70,3
20603,19977,332,2
20604,5717,69,2
20605,8369,319,3
20606,422,291,2
20607,4693,266,1
20608,3162,343,2
20609,6802,294,4
20610,3705,172,3
20611,10562,477,2
20612,13329,488,2
20613,13484,282,2
20614,12316,113,1
20615,6689,175,2
20616,5458,106,4
20617,9386,85,1
20618,19082,66,3
20619,10740,388,4
20620,4727,480,1
20621,12021,469,4
20622,15296,196,1
20623,1854,303,3
20624,18794,394,3
20625,11777,396,1
20626,5342,421,1
20627,6574,160,2
20628,2214,57,1
20629,10452,44,3
20630,16808,261,4
20631,8640,454,3
20632,16266,482,2
20633,16189,25,3
20634,19848,321,1
20635,16156,416,2
20636,18048,150,3
20637,19399,286,3
20638,7644,391,3
20639,793,265,4
20640,12835,299,4
20641,8455,160,2
20642,16736,268,2
20643,17757,46,4
20644,6695,105,2
20645,7155,269,4
20646,17880,140,4
20647,18614,360,2
20648,2305,490,1
20649,9212,71,3
20650,3715,491,3
20651,10597,206,3
20652,10338,436,4
20653,16633,50,1
20654,15882,437,1
20655,2195,442,2
20656,10419,173,4
20657,9947,328,2
20658,16822,482,3
20659,13061,247,1
20660,15512,212,1
20661,7440,69,1
20662,18218,261,4
20663,13430,382,2
20664,7683,114,3
20665,15572,309,1
20666,12970,393,4
20667,1393,61,2
20668,14936,394,1
20669,12304,250,4
20670,7507,187,1
20671,7683,26,2
20672,2546,483,1
20673,1644,348,4
20674,9039,311,4
20675,9246,399,4
20676,5179,485,4
20677,18039,72,2
20678,15990,331,4
20679,10580,411,1
20680,6376,429,4
20681,5544,211,4
20682,3847,495,4
20683,12554,189,2
20684,11587,253,3
20685,1049,295,1
20686,11192,232,2
20687,4537,442,3
20688,18681,316,4
20689,6802,61,4
20690,3924,163,4
20691,19094,479,4
20692,11135,368,4
20693,14389,61,3
20694,1859,490,1
20695,19311,69,3
20696,16469,176,2
20697,19707,222,1
20698,16390,375,2
20699,2220,91,4
20700,15886,338,3
20701,1126,157,1
20702,10849,378,1
20703,9572,295,3
20704,968,91,2
20705,19778,452,4
20706,11598,91,3
20707,2767,210,2
20708,17858,4,4
20709,2548,207,2
20710,8841,195,3
20711,7168,471,1
20712,6604,436,3
20713,18635,124,3
20714,4036,166,2
20715,18874,160,4
20716,4793,493,1
20717,8485,342,3
20718,16338,96,4
20719,2894,212,3
20720,1423,201,3
20721,13921,454,3
20722,14051,20,4
20723,2606,225,1
20724,6647,63,4
20725,18554,188,2
20726,9921,494,4
20727,2305,325,2
20728,1216,175,4
20729,5581,420,4
20730,13488,361,3
20731,278,348,3
20732,9044,427,2
20733,15654,466,4
20734,14262,459,1
20735,15428,362,4
20736,4312,159,4
20737,9198,490,4
20738,11815,26,4
20739,544,102,1
20740,14961,189,4
20741,2998,110,4
20742,14760,41,4
20743,2590,232,2
20744,18701,98,3
20745,9326,412,3
20746,3068,12,4
20747,12261,250,4
20748,8071,124,2
20749,1176,325,4
20750,18866,29,2
20751,8413,341,2
20752,9032,209,1
20753,16030,74,2
20754,6625,88,3
20755,18277,349,4
20756,16716,496,4
20757,4906,98,2
20758,6311,29,2
20759,14700,484,2
20760,1248,272,2
20761,19309,204,1
20762,3035,136,4
20763,12308,302,2
20764,1358,23,1
20765,13875,493,1
20766,9482,193,4
20767,1930,242,4
20768,13286,20,1
20769,1258,189,2
20770,19870,96,1
20771,1391,66,3
20772,17148,210,2
20773,18183,480,2
20774,14281,174,2
20775,13698,436,1
20776,12955,99,1
20777,18884,374,4
20778,19529,76,4
20779,5109,299,3
20780,8873,409,1
20781,11916,364,2
20782,3116,402,4
20783,1698,96,1
20784,9919,195,3
20785,16876,72,2
20786,14322,192,2
20787,12439,176,2
20788,9501,36,4
20789,16027,88,3
20790,16915,82,3
20791,1337,3,4
20792,10120,67,1
20793,18055,192,3
20794,19515,39,2
20795,83,400,1
20796,16350,46,3
20797,7786,392,4
20798,8023,471,1
20799,18179,119,1
20800,12189,347,4
20801,6581,243,2
20802,9018,46,1
20803,10445,364,1
20804,19441,103,4
20805,5947,410,3
20806,12907,100,3
20807,4087,146,4
20808,19121,425,2
20809,14249,158,3
20810,18406,51,1
20811,11514,352,4
20812,18067,457,3
20813,11100,138,2
20814,13767,263,1
20815,15288,74,3
20816,17512,46,3
20817,19067,227,4
20818,9146,423,1
20819,18978,154,2
20820,9384,269,3
20821,17033,225,4
20822,9421,439,2
20823,886,456,4
20824,9406,136,2
20825,5375,222,4
20826,12528,406,3
20827,19405,268,4
20828,16805,85,2
20829,7751,186,3
20830,7878,351,3
20831,15118,342,1
20832,8432,499,4
20833,6290,147,2
20834,15957,93,1
20835,6003,326,1
20836,10101,28,4
20837,2019,224,1
20838,9985,115,2
20839,7966,348,3
20840,2171,475,2
20841,1245,55,2
20842,15715,69,3
20843,7010,338,2
20844,10942,8,4
20845,861,327,1
20846,7918,32,1
20847,15460,185,4
20848,10863,327,2
20849,5871,74,1
20850,17727,120,2
20851,17813,339,4
20852,19362,169,1
20853,6674,110,1
20854,16436,124,4
20855,10897,182,2
20856,7375,89,2
20857,5234,419,1
20858,18177,393,3
20859,19918,266,1
20860,19630,268,3
20861,3534,387,4
20862,3711,292,1
20863,9445,36,3
20864,16005,413,1
20865,12109,131,2
20866,3922,126,2
20867,837,97,2
20868,6231,11,4
20869,15041,319,1
20870,10764,114,4
20871,15249,423,4
20872,14872,470,3
20873,9091,266,4
20874,19356,404,3
20875,1328,214,2
20876,14507,309,4
20877,2380,221,1
20878,1655,435,3
20879,796,178,1
20880,1081,155,2
20881,13184,271,3
20882,14685,73,1
20883,16029,307,4
20884,9839,293,2
20885,7463,404,1
20886,4471,18,2
20887,5840,255,3
20888,14300,35,2
20889,18474,82,2
20890,1523,57,4
20891,19553,279,1
20892,11481,145,4
20893,13461,155,2
20894,14480,269,1
20895,1684,357,2
20896,18233,348,4
20897,8489,247,3
20898,4960,58,4
20899,15082,149,3
20900,5138,136,1
20901,8726,440,4
20902,8381,77,2
20903,16406,464,4
20904,2650,414,2
20905,12776,373,3
20906,2686,352,1
20907,13820,233,2
20908,11969,39,3
20909,13840,25,3
20910,14051,280,4
20911,717,268,2
20912,8599,400,1
20913,18524,315,4
20914,12978,13,1
20915,10589,196,3
20916,1465,391,2
20917,19797,180,2
20918,8107,354,3
20919,8633,486,3
20920,16879,170,2
20921,7048,362,3
20922,172,12,3
20923,9674,429,3
20924,18177,346,2
20925,5921,386,1
20926,14798,224,4
20927,15537,174,1
20928,3624,329,1
20929,11122,381,1
20930,6227,223,4
20931,13873,440,4
20932,1539,213,4
20933,3633,193,2
20934,13237,299,3
20935,10773,276,3
20936,10113,25,2
20937,11007,199,1
20938,3536,189,1
20939,13588,106,3
20940,7842,472,1
20941,5646,253,4
20942,13829,366,3
20943,15146,86,1
20944,7784,197,3
20945,1566,222,2
20946,690,472,3
20947,5751,28,2
20948,19377,480,1
20949,6290,382,3
20950,14357,308,3
20951,5394,114,2
20952,15575,364,3
20953,10211,41,3
20954,1745,39,3
20955,11684,311,1
20956,12662,208,3
20957,2232,223,2
20958,5117,402,1
20959,2535,467,3
20960,7001,281,2
20961,17338,308,4
20962,11927,254,4
20963,10940,356,4
20964,14177,230,2
20965,13987,409,3
20966,10168,280,4
20967,5884,58,2
20968,18529,445,1
20969,6753,137,1
20970,8556,261,2
20971,9128,139,4
20972,19477,394,4
20973,2899,57,2
20974,10404,358,3
20975,19385,204,3
20976,18779,127,3
20977,3672,159,1
20978,10084,209,4
20979,10647,191,2
20980,17440,6,4
20981,19708,394,3
20982,2997,460,3
20983,1119,101,2
20984,241,84,4
20985,19032,187,3
20986,16565,295,4
20987,12229,254,4
20988,19629,353,3
20989,7798,201,2
20990,9851,461,4
20991,1863,34,1
20992,17629,85,3
20993,7998,295,3
20994,3368,193,2
20995,5824,454,2
20996,19240,143,4
20997,19800,277,3
20998,1954,236,1
20999,19561,356,2
21000,5227,67,1
21001,11618,484,3
21002,12172,240,2
21003,2759,10,2
21004,13071,3,3
21005,12542,9,4
21006,17729,146,3
21007,3895,461,2
21008,12832,180,4
21009,7399,187,4
21010,3443,134,4
21011,14111,469,1
21012,16089,192,3
21013,18069,377,4
21014,530,159,1
21015,13095,190,1
21016,8559,233,1
21017,9021,470,2
21018,12714,237,4
21019,3821,418,2
21020,9907,388,1
21021,1275,316,4
21022,6191,242,4
21023,15894,111,3
21024,5630,70,4
21025,19707,122,2
21026,13936,148,4
21027,13647,118,3
21028,8057,305,2
21029,18762,250,2
21030,4513,471,3
21031,7969,179,3
21032,6062,163,2
21033,8448,220,4
21034,6952,196,1
21035,1389,378,4
21036,14665,217,3
21037,6295,168,4
21038,15379,135,1
21039,15691,252,4
21040,17395,389,2
21041,13543,322,4
21042,19340,103,4
21043,1376,308,4
21044,14316,189,3
21045,1451,405,2
21046,453,130,2
21047,5612,471,1
21048,18500,280,1
21049,4409,96,1
21050,13714,246,4
21051,10913,225,2
21052,13260,90,2
21053,2220,207,1
21054,2780,217,1
21055,5402,291,2
21056,13984,329,2
21057,18425,99,4
21058,13837,395,2
21059,8975,47,3
21060,19035,277,2
21061,17053,145,2
21062,1424,479,1
21063,850,179,4
21064,12000,377,1
21065,18109,260,2
21066,16346,235,1
21067,17568,214,1
21068,3507,422,1
21069,2988,132,1
21070,15784,358,3
21071,10434,341,3
21072,4383,397,3
21073,15771,103,4
21074,383,451,1
21075,5589,336,2
21076,2489,290,2
21077,7039,121,3
21078,1099,368,4
21079,5501,439,4
21080,12500,360,2
21081,7778,122,4
21082,5968,10,2
21083,2151,231,1
21084,18278,67,1
21085,11468,176,3
21086,980,252,2
21087,5895,220,4
21088,9775,474,4
21089,6056,178,3
21090,15996,215,3
21091,15841,220,2
21092,12574,2,2
21093,934,152,1
21094,6886,332,3
21095,7307,171,4
21096,18155,30,2
21097,2867,350,2
21098,6846,345,1
21099,18758,395,4
21100,15029,378,2
21101,7341,115,3
21102,6702,273,2
21103,16616,259,1
21104,15697,57,4
21105,9330,21,4
21106,15754,483,4
21107,8812,153,4
21108,14154,494,2
21109,11673,192,4
21110,5851,416,4
21111,12633,236,4
21112,7866,224,1
21113,12928,345,3
21114,8831,493,1
21115,7100,33,3
21116,17718,225,2
21117,18890,337,4
21118,9230,138,2
21119,15018,275,2
21120,18022,474,2
21121,1155,308,2
21122,1006,12,2
21123,2101,367,2
21124,1829,98,2
21125,1983,297,2
21126,9874,398,3
21127,15053,3,3
21128,14040,296,1
21129,2384,46,2
21130,11015,127,2
21131,19948,170,4
21132,9775,388,1
21133,6658,49,2
21134,1264,156,4
21135,507,491,3
21136,4796,225,4
21137,9149,181,1
21138,6244,432,4
21139,6532,121,4
21140,3155,101,3
21141,18767,244,1
21142,1229,104,4
21143,7498,497,1
21144,10818,335,3
21145,12815,265,3
21146,9738,246,3
21147,15685,1,3
21148,4224,365,1
21149,16919,151,2
21150,15620,32,1
21151,9133,466,2
21152,4457,165,2
21153,12220,103,2
21154,18024,25,2
21155,14151,42,4
21156,10894,347,3
21157,16262,170,1
21158,17248,245,2
21159,9720,303,3
21160,2352,490,2
21161,9693,444,2
21162,19645,280,1
21163,11310,74,4
21164,13733,118,1
21165,1446,51,4
21166,68,447,4
21167,8359,179,1
21168,10339,203,1
21169,18233,333,4
21170,12024,433,1
21171,10002,159,4
21172,16344,207,3
21173,5536,422,1
21174,79,70,3
21175,7252,199,2
21176,3810,32,4
21177,12890,409,4
21178,5659,66,2
21179,18496,336,2
21180,6628,209,1
21181,5833,222,1
21182,9471,117,3
21183,11982,44,4
21184,17877,313,3
21185,992,231,4
21186,12893,263,2
21187,11060,489,1
21188,10302,225,3
21189,7354,282,4
21190,10328,79,4
21191,9447,132,3
21192,5267,332,3
21193,11409,258,3
21194,17129,233,3
21195,4207,203,3
21196,11318,49,1
21197,18016,408,1
21198,18493,289,4
21199,11037,183,3
21200,11477,160,2
21201,4001,18,1
21202,9761,15,4
21203,2187,500,4
21204,218,258,1
21205,9329,233,1
21206,1693,426,3
21207,16513,311,4
21208,14073,136,3
21209,13432,323,4
21210,1993,294,1
21211,5788,323,2
21212,4518,479,2
21213,9412,212,3
21214,15001,134,4
21215,17046,422,4
21216,276,427,3
21217,15152,66,2
21218,3698,393,1
21219,153,282,1
21220,14642,206,2
21221,4684,135,3
21222,1087,224,3
21223,4089,351,1
21224,19409,492,1
21225,11597,390,4
21226,6445,110,1
21227,4650,102,4
21228,6291,464,3
21229,3338,230,2
21230,1786,343,4
21231,399,365,4
21232,5655,445,3
21233,6653,188,4
21234,4434,454,4
21235,12986,334,1
21236,12116,34,2
21237,6503,225,4
21238,12950,395,3
21239,12785,212,3
21240,5436,214,1
21241,17737,202,4
21242,13471,217,1
21243,2669,301,3
21244,10454,483,2
21245,9659,44,2
21246,11640,266,4
21247,14881,430,4
21248,14677,128,4
21249,1624,154,2
21250,9583,188,2
21251,1394,130,4
21252,2810,301,3
21253,7861,74,1
21254,11898,170,4
21255,3317,322,1
21256,2174,18,1
21257,871,473,3
21258,8317,245,2
21259,15873,430,1
21260,10704,445,4
21261,6514,286,3
21262,12726,340,1
21263,15050,386,3
21264,8555,205,3
21265,5272,169,4
21266,6405,5,4
21267,10706,371,2
21268,9907,434,4
21269,19682,130,3
21270,11256,289,1
21271,5032,356,1
21272,17492,290,3
21273,8848,81,1
21274,2658,370,2
21275,7636,295,3
21276,14059,216,2
21277,7977,292,1
21278,19457,433,2
21279,11699,381,1
21280,8286,154,2
21281,10261,282,1
21282,13321,316,4
21283,14068,185,3
21284,6875,394,3
21285,1041,115,4
21286,18339,74,2
21287,17152,129,2
21288,10850,409,4
21289,9993,486,3
21290,3915,328,3
21291,17934,200,4
21292,19109,338,2
21293,1103,29,3
21294,10881,267,2
21295,9869,482,1
21296,14695,56,3
21297,8176,448,2
21298,3912,112,3
21299,12925,254,3
21300,3262,46,1
21301,18791,275,2
21302,14331,311,3
21303,911,153,3
21304,15998,22,3
21305,997,136,3
21306,11130,475,4
21307,16466,327,2
21308,5770,192,3
21309,3709,415,3
21310,2498,115,3
21311,18605,291,2
21312,13172,196,4
21313,17135,414,3
21314,7591,190,1
21315,3635,128,1
21316,8510,348,1
21317,1387,6,2
21318,7058,475,2
21319,8576,61,4
21320,9614,413,2
21321,18153,393,2
21322,10199,336,1
21323,14399,460,3
21324,316,302,1
21325,5157,71,4
21326,3059,229,2
21327,10075,239,3
21328,7788,475,4
21329,9711,219,2
21330,14167,154,4
21331,5479,253,3
21332,1349,285,2
21333,3697,303,4
21334,7339,107,4
21335,5658,23,1
21336,16215,24,4
21337,7532,218,3
21338,4523,6,2
21339,10358,116,1
21340,12334,325,1
21341,13502,80,2
21342,17714,275,1
21343,10654,276,1
21344,2825,491,2
21345,2000,123,2
21346,9707,30,4
21347,9871,1,4
21348,7464,188,3
21349,4095,57,3
21350,6008,395,2
21351,6672,439,3
21352,3792,168,3
21353,12672,41,3
21354,17810,415,1
21355,16941,181,3
21356,8684,329,3
21357,609,206,1
21358,3348,176,4
21359,10643,84,4
21360,2032,118,4
21361,14956,66,3
21362,16175,115,2
21363,18997,39,2
21364,4975,50,3
21365,3065,174,2
21366,5080,155,4
21367,8315,45,4
21368,16948,91,4
21369,15549,43,2
21370,309,334,1
21371,18024,335,2
21372,9378,170,3
21373,2392,281,2
21374,10426,299,4
21375,14460,19,4
21376,18101,439,2
21377,563,263,3
21378,7099,50,3
21379,2756,324,1
21380,502,345,1
21381,16196,160,3
21382,10486,120,4
21383,15312,268,1
21384,14054,98,2
21385,18646,47,4
21386,19775,113,4
21387,14772,255,2
21388,18360,416,2
21389,13735,48,2
21390,4718,268,1
21391,11811,49,3
21392,12712,362,4
21393,13009,337,4
21394,12182,279,2
21395,9287,202,2
21396,14516,459,3
21397,14442,389,1
21398,8407,120,1
21399,16047,425,2
21400,17735,193,4
21401,1011,375,4
21402,16680,375,2
21403,5308,304,1
21404,1502,327,3
21405,14276,353,1
21406,12993,445,1
21407,12857,210,4
21408,719,6,4
21409,6366,25,3
21410,6772,461,4
21411,11202,254,4
21412,2872,30,2
21413,15945,314,4
21414,1220,370,1
21415,11537,76,4
21416,2360,83,1
21417,9011,94,1
21418,19386,215,3
21419,16830,303,2
21420,8657,138,1
21421,9784,310,2
21422,10780,354,4
21423,10313,437,3
21424,5288,144,3
21425,8929,139,1
21426,2109,76,1
21427,13038,63,2
21428,766,441,3
21429,17554,312,2
21430,11445,416,4
21431,18678,177,3
21432,6593,487,3
21433,17459,44,1
21434,18741,440,4
21435,1223,422,4
21436,6900,331,2
21437,11271,363,4
21438,2011,474,1
21439,8028,97,3
21440,13447,118,4
21441,16008,270,2
21442,507,59,3
21443,18490,134,1
21444,703,203,4
21445,3658,72,2
21446,13215,9,1
21447,12972,20,1
21448,8108,438,2
21449,12159,474,2
21450,12290,296,4
21451,6791,421,2
21452,15653,402,2
21453,6810,29,1
21454,15064,52,4
21455,2081,12,1
21456,3924,347,4
21457,2703,114,3
21458,19005,460,1
21459,10516,33,1
21460,11640,452,4
21461,19712,114,1
21462,18723,214,3
21463,15906,342,4
21464,3108,13,4
21465,4977,99,4
21466,11097,425,4
21467,12946,168,1
21468,15116,37,4
21469,7119,360,2
21470,5357,364,3
21471,12986,471,3
21472,472,426,1
21473,2366,282,1
21474,16378,393,3
21475,3951,468,4
21476,2311,385,1
21477,3987,487,2
21478,19807,471,1
21479,14541,180,4
21480,1053,198,1
21481,9147,19,2
21482,6522,326,4
21483,14601,313,1
21484,18386,71,4
21485,2789,60,3
21486,2195,441,4
21487,12615,478,2
21488,2283,442,2
21489,4126,370,3
21490,4466,44,1
21491,7856,489,2
21492,1191,363,3
21493,7572,103,3
21494,12071,346,4
21495,7184,109,1
21496,2208,20,4
21497,14283,49,2
21498,19826,175,1
21499,9842,481,4
21500,1445,298,1
21501,18974,296,2
21502,1507,330,2
21503,3333,45,3
21504,16228,208,4
21505,17501,368,1
21506,3221,309,1
21507,8766,84,2
21508,9184,165,1
21509,13056,415,1
21510,14763,409,4
21511,9446,78,4
21512,12250,13,2
21513,1612,204,4
21514,12524,48,1
21515,16429,44,1
21516,325,139,4
21517,5099,273,4
21518,10952,182,1
21519,14008,268,2
21520,18541,201,3
21521,11072,318,2
21522,3658,407,3
21523,13115,6,3
21524,828,125,4
21525,15368,430,3
21526,10582,9,3
21527,11427,363,4
21528,12055,94,2
21529,2772,235,3
21530,1653,333,1
21531,7729,255,3
21532,7215,447,2
21533,12999,442,4
21534,6063,340,4
21535,9226,251,1
21536,18013,239,4
21537,8595,415,1
21538,3411,454,1
21539,16038,428,4
21540,16700,411,1
21541,10811,415,2
21542,10563,228,1
21543,1938,203,4
21544,2402,318,3
21545,5141,491,3
21546,14254,88,4
21547,9901,396,4
21548,3800,382,3
21549,12219,253,1
21550,13408,65,1
21551,4854,494,4
21552,19387,410,4
21553,16563,342,4
21554,18483,225,4
21555,13413,53,1
21556,13962,164,1
21557,5504,370,4
21558,19587,387,2
21559,13943,12,2
21560,4207,423,1
21561,7090,121,2
21562,581,484,4
21563,14224,312,3
21564,8091,237,2
21565,14306,68,4
21566,15271,124,1
21567,8757,439,2
21568,11258,445,2
21569,16979,144,2
21570,10596,358,2
21571,11083,297,2
21572,8733,248,4
21573,13439,452,4
21574,16194,195,1
21575,14701,483,2
21576,19580,312,2
21577,17007,143,3
21578,684,181,2
21579,15353,425,2
21580,11744,32,3
21581,3839,182,1
21582,4024,350,3
21583,15595,495,3
21584,7828,197,4
21585,13631,216,2
21586,10519,211,1
21587,16060,287,2
21588,17241,251,2
21589,8816,67,1
21590,7607,221,3
21591,2053,431,2
21592,16591,410,1
21593,1905,92,3
21594,14971,242,2
21595,8589,303,4
21596,5077,485,4
21597,2163,133,3
21598,9001,257,1
21599,2011,465,4
21600,13091,291,4
21601,14228,264,4
21602,2721,209,1
21603,4950,421,1
21604,15637,317,4
21605,7467,17,3
21606,5508,212,3
21607,5200,109,3
21608,16385,471,4
21609,8005,62,4
21610,6920,23,3
21611,16629,412,1
21612,9431,388,1
21613,16489,262,2
21614,13749,449,4
21615,12393,221,2
21616,15965,457,2
21617,19854,444,4
21618,15227,461,4
21619,19890,93,1
21620,8106,191,2
21621,11695,233,4
21622,7280,34,4
21623,7828,1,2
21624,8056,155,2
21625,13243,340,3
21626,13605,483,2
21627,19002,212,4
21628,11472,305,4
21629,19983,248,4
21630,7681,182,4
21631,8010,60,1
21632,13207,410,2
21633,17314,255,1
21634,16667,126,2
21635,13788,219,1
21636,9708,373,4
21637,14510,314,2
21638,8579,101,2
21639,13268,314,3
21640,257,78,2
21641,3421,43,4
21642,17480,252,2
21643,14750,38,3
21644,4630,495,1
21645,7511,215,4
21646,14037,272,4
21647,5263,10,2
21648,17579,211,2
21649,3732,242,2
21650,3702,158,1
21651,10390,51,4
21652,15523,137,2
21653,1455,357,2
21654,11955,322,3
21655,5559,210,2
21656,158,277,4
21657,6642,324,2
21658,370,494,1
21659,3045,361,4
21660,19004,432,1
21661,18033,473,3
21662,14796,414,4
21663,475,198,3
21664,16521,306,2
21665,11811,318,2
21666,14214,11,3
21667,2083,197,3
21668,16510,9,4
21669,2454,32,3
21670,14724,254,4
21671,2945,106,1
21672,10315,141,4
21673,10334,466,2
21674,3126,159,2
21675,8547,199,2
21676,10689,40,3
21677,13956,276,4
21678,16235,151,3
21679,1204,341,3
21680,13702,184,1
21681,806,281,3
21682,860,244,1
21683,17144,447,4
21684,450,358,4
21685,11142,470,3
21686,11879,251,4
21687,18270,116,1
21688,2155,495,3
21689,6108,123,3
21690,15201,128,3
21691,7434,181,1
21692,4377,129,1
21693,10775,269,1
21694,9264,249,3
21695,14896,215,2
21696,9992,401,2
21697,6237,366,3
21698,5430,498,4
21699,11572,19,2
21700,15154,33,4
21701,12766,19,3
21702,18128,104,1
21703,18336,198,3
21704,15705,496,4
21705,2088,122,4
21706,214,211,2
21707,2528,175,4
21708,3974,44,4
21709,17773,377,2
21710,4137,488,1
21711,3985,386,3
21712,6888,496,3
21713,1262,490,3
21714,2651,290,4
21715,6429,497,2
21716,15511,35,3
21717,7435,496,3
21718,10592,103,2
21719,19648,411,1
21720,1958,280,2
21721,17029,135,3
21722,11601,423,4
21723,16244,427,3
21724,602,297,4
21725,2443,436,4
21726,16695,269,4
21727,4171,6,4
21728,8022,374,4
21729,12185,331,1
21730,11833,122,2
21731,19431,124,1
21732,18963,347,3
21733,3525,283,1
21734,12198,87,2
21735,639,93,2
21736,10097,466,4
21737,1780,161,3
21738,11208,277,3
21739,16374,472,2
21740,17781,87,2
21741,9227,423,1
21742,2795,228,3
21743,11620,146,1
21744,3297,143,2
21745,15324,373,2
21746,16863,28,2
21747,14903,425,1
21748,6415,39,3
21749,13324,375,4
21750,15506,438,3
21751,2857,495,1
21752,3911,427,3
21753,9960,238,4
21754,7841,46,2
21755,9874,297,3
21756,6993,135,1
21757,10947,213,4
21758,18965,228,4
21759,14555,198,2
21760,7897,266,4
21761,10469,203,3
21762,4825,320,1
21763,7812,128,3
21764,8128,257,1
21765,16731,162,2
21766,3494,399,3
21767,9889,383,4
21768,4718,329,4
21769,12825,99,4
21770,8255,447,2
21771,939,495,3
21772,6262,282,4
21773,11306,120,2
21774,4546,338,2
21775,18340,439,4
21776,15925,375,1
21777,12439,365,1
21778,6661,233,4
21779,3894,134,3
21780,2010,109,2
21781,1861,233,4
21782,13730,493,2
21783,991,44,1
21784,19395,420,1
21785,2620,398,3
21786,7135,4,2
21787,15495,356,3
21788,8340,295,4
21789,14471,466,3
21790,11586,117,2
21791,3512,356,1
21792,16977,490,1
21793,11031,5,4
21794,7545,417,3
21795,14026,418,4
21796,16165,39,1
21797,1076,63,2
21798,12205,447,3
21799,4767,468,3
21800,5407,38,3
21801,1169,415,4
21802,6333,346,4
21803,9636,224,2
21804,9760,368,4
21805,14739,425,3
21806,10667,344,3
21807,14005,3,4
21808,9255,397,4
21809,6747,500,4
21810,6990,165,1
21811,6663,412,3
21812,202,363,4
21813,1865,331,4
21814,11799,429,4
21815,10158,225,2
21816,1997,394,1
21817,6538,41,4
21818,9033,249,1
21819,3958,374,1
21820,5237,100,4
21821,10414,405,4
21822,14905,497,3
21823,19515,169,1
21824,17102,209,1
21825,5822,366,3
21826,19338,395,4
21827,15416,387,3
21828,10101,172,4
21829,16425,283,1
21830,19323,88,2
21831,12112,460,3
21832,2996,14,4
21833,14096,339,2
21834,18254,322,2
21835,4481,424,2
21836,16199,233,4
21837,162,103,2
21838,12385,370,1
21839,17226,68,3
21840,4807,137,4
21841,10012,82,2
21842,3465,434,3
21843,7735,283,3
21844,12783,405,4
21845,16282,140,4
21846,2047,228,3
21847,3371,291,2
21848,13272,458,2
21849,8436,179,4
21850,15316,437,4
21851,6585,450,2
21852,9124,247,1
21853,8760,76,2
21854,6906,56,2
21855,15970,358,1
21856,14106,344,2
21857,5147,133,4
21858,6929,137,3
21859,14926,100,3
21860,13119,421,2
21861,1901,302,2
21862,4027,171,1
21863,2873,414,2
21864,8706,76,2
21865,8326,456,4
21866,16479,440,1
21867,10171,347,1
21868,4077,12,1
21869,15002,474,1
21870,10021,299,4
21871,2338,403,4
21872,629,76,4
21873,621,59,4
21874,10325,22,4
21875,6474,378,1
21876,846,62,3
21877,16140,315,3
21878,12501,284,1
21879,8163,11,1
21880,9625,154,1
21881,15156,499,3
21882,1619,415,3
21883,17117,313,2
21884,8405,163,4
21885,15319,181,4
21886,4521,371,4
21887,8402,238,4
21888,9495,434,4
21889,8187,73,2
21890,2792,142,3
21891,1220,172,3
21892,6864,481,3
21893,12463,4,3
21894,15066,376,2
21895,7731,84,4
21896,17035,230,4
21897,4464,300,2
21898,4505,475,4
21899,15008,122,2
21900,3729,250,4
21901,136,169,3
21902,17920,395,3
21903,17905,391,1
21904,9859,63,1
21905,4700,177,3
21906,18944,454,4
21907,17698,177,3
21908,3138,23,1
21909,7473,454,4
21910,12439,483,4
21911,2719,463,2
21912,343,355,1
21913,2053,355,2
21914,7132,51,2
21915,6045,360,3
21916,5145,431,4
21917,17698,258,3
21918,11353,89,1
21919,7674,129,2
21920,1911,84,3
21921,10880,201,1
21922,4108,334,4
21923,402,263,2
21924,1296,18,3
21925,6140,140,3
21926,8107,342,1
21927,3146,376,4
21928,12038,416,2
21929,11700,185,4
21930,9075,178,3
21931,14282,383,4
21932,9592,328,1
21933,12745,481,4
21934,11438,454,4
21935,16928,153,3
21936,17043,88,3
21937,7588,69,3
21938,6730,162,4
21939,3397,242,4
21940,16795,105,1
21941,14614,184,4
21942,2534,46,3
21943,3374,129,4
21944,7103,253,1
21945,1427,178,4
21946,16790,46,3
21947,10232,318,4
21948,14404,85,4
21949,15750,97,2
21950,17971,157,1
21951,9873,77,3
21952,7975,257,3
21953,3446,143,4
21954,11637,169,1
21955,13786,312,3
21956,19016,345,2
21957,11154,450,1
21958,15347,176,4
21959,11046,445,1
21960,2736,184,1
21961,9605,101,4
21962,15500,145,4
21963,13246,76,1
21964,8944,21,4
21965,14902,13,3
21966,5954,89,3
21967,12252,210,1
21968,9717,496,2
21969,12258,174,3
21970,3463,443,2
21971,14805,465,2
21972,8757,351,1
21973,16875,196,4
21974,10558,170,1
21975,6136,301,4
21976,11903,456,4
21977,14230,17,3
21978,18037,54,2
21979,13861,488,4
21980,12004,360,3
21981,13298,79,2
21982,14174,224,4
21983,19488,227,4
21984,17762,226,1
21985,9148,144,3
21986,6218,13,2
21987,4038,425,1
21988,1748,127,1
21989,17608,281,2
21990,17815,72,1
21991,19670,222,2
21992,6590,85,1
21993,18740,399,1
21994,7078,73,4
21995,8631,399,3
21996,19321,84,4
21997,9294,233,2
21998,4907,15,4
21999,2380,401,1
22000,9939,105,1
22001,17110,363,3
22002,14920,428,3
22003,12479,244,3
22004,7350,397,1
22005,14727,329,2
22006,8496,71,1
22007,9281,15,4
22008,12132,184,3
22009,3166,26,3
22010,1103,94,1
22011,13347,271,1
22012,4593,4,3
22013,16734,45,3
22014,17716,372,1
22015,2960,312,1
22016,6170,271,1
22017,729,247,1
22018,17959,173,1
22019,7666,130,2
22020,8104,132,4
22021,1203,372,3
22022,7227,58,3
22023,643,318,4
22024,1642,453,1
22025,9493,389,3
22026,3999,295,2
22027,16592,417,2
22028,612,7,2
22029,17034,84,4
22030,16712,232,2
22031,10359,474,4
22032,19845,382,2
22033,16977,204,2
22034,8993,391,3
22035,9463,428,3
22036,19675,238,4
22037,17362,366,1
22038,16586,351,2
22039,11525,479,1
22040,9625,396,3
22041,14567,282,4
22042,11596,313,2
22043,7591,312,2
22044,19432,243,3
22045,2927,132,4
22046,11678,288,1
22047,5768,24,3
22048,10041,319,2
22049,8734,36,3
22050,17448,85,2
22051,10146,203,4
22052,17163,273,2
22053,6143,312,3
22054,7389,487,3
22055,16764,33,2
22056,14836,410,2
22057,11630,294,3
22058,16518,214,2
22059,15594,196,2
22060,17676,84,2
22061,6256,416,4
22062,11415,21,3
22063,2839,4,1
22064,3958,246,3
22065,18889,447,4
22066,2013,450,4
22067,8257,438,3
22068,2188,318,4
22069,8586,413,2
22070,16245,147,2
22071,1081,253,3
22072,17968,312,4
22073,4981,385,3
22074,4921,124,4
22075,2353,478,3
22076,7878,349,3
22077,14426,67,2
22078,18699,254,3
22079,3774,288,2
22080,4952,311,3
22081,18546,348,2
22082,2652,477,2
22083,3990,361,1
22084,10292,369,4
22085,3103,459,1
22086,5401,352,3
22087,17573,17,4
22088,17761,452,1
22089,2558,165,2
22090,11684,103,4
22091,1673,434,2
22092,13825,194,1
22093,6428,183,3
22094,16457,465,1
22095,13533,394,1
22096,13575,285,1
22097,1174,449,1
22098,6726,436,1
22099,15534,19,3
22100,10649,456,3
22101,6188,184,4
22102,19017,161,1
22103,17669,443,1
22104,16976,267,3
22105,4836,381,1
22106,17018,313,2
22107,532,201,4
22108,2260,124,3
22109,4609,483,1
22110,13384,331,1
22111,16278,330,3
22112,14185,348,4
22113,16356,259,4
22114,5439,288,4
22115,1785,324,1
22116,11767,186,3
22117,6343,29,2
22118,19579,241,2
22119,5183,326,1
22120,3189,428,1
22121,1647,42,2
22122,9226,348,1
22123,12742,96,2
22124,785,364,3
22125,17620,72,4
22126,5807,185,3
22127,18760,283,2
22128,7739,419,4
22129,10832,498,4
22130,14710,301,3
22131,4261,413,2
22132,11115,491,2
22133,4339,196,3
22134,6232,43,2
22135,17974,299,4
22136,178,188,2
22137,12321,53,1
22138,4096,39,3
22139,18293,212,3
22140,4086,198,4
22141,7165,59,4
22142,18202,3,3
22143,18113,281,1
22144,7716,46,4
22145,1900,196,4
22146,8197,408,4
22147,11041,59,3
22148,10342,236,4
22149,7826,349,2
22150,9581,129,3
22151,5477,116,2
22152,3452,372,1
22153,12294,146,3
22154,5138,463,4
22155,535,315,4
22156,8369,391,3
22157,17066,373,1
22158,365,69,3
22159,18428,358,4
22160,13176,491,3
22161,770,86,1
22162,15691,31,3
22163,1687,324,2
22164,12164,388,3
22165,6215,1,2
22166,18538,307,4
22167,12975,234,1
22168,17482,135,2
22169,8161,455,3
22170,17759,490,4
22171,19867,407,3
22172,8409,147,1
22173,19813,308,3
22174,8054,202,2
22175,9326,14,1
22176,2238,160,2
22177,13551,349,1
22178,2479,163,2
22179,2531,468,2
22180,15829,220,2
22181,16559,430,1
22182,7768,373,2
22183,2056,338,1
22184,13429,125,1
22185,11408,340,2
22186,3863,46,4
22187,3443,123,1
22188,1377,42,4
22189,1652,253,2
22190,15284,451,4
22191,3535,203,3
22192,11418,134,2
22193,7503,43,1
22194,3326,281,4
22195,8111,129,1
22196,8579,98,4
22197,9582,99,2
22198,16278,387,1
22199,18492,210,2
22200,8165,295,2
22201,3309,338,3
22202,19266,265,4
22203,9788,427,4
22204,19360,368,4
22205,1373,274,2
22206,19827,354,4
22207,14940,17,1
22208,19195,265,4
22209,1207,131,4
22210,7515,476,3
22211,2434,131,4
22212,15809,61,3
22213,18060,227,4
22214,7882,429,3
22215,3072,309,3
22216,17902,274,1
22217,6030,148,3
22218,4873,372,4
22219,961,322,1
22220,6386,267,2
22221,6198,54,4
22222,5511,235,3
22223,7194,112,4
22224,8073,362,2
22225,2030,127,3
22226,9822,254,3
22227,2199,150,3
22228,13076,163,4
22229,3544,191,4
22230,9776,123,2
22231,12761,120,1
22232,11339,465,2
22233,6194,56,3
22234,318,86,1
22235,16921,271,4
22236,14432,357,1
22237,13394,253,2
22238,16373,386,1
22239,3168,51,4
22240,17615,129,2
22241,19606,32,2
22242,18447,188,1
22243,17568,250,3
22244,4391,123,4
22245,15240,175,4
22246,16695,305,4
22247,7509,348,2
22248,14556,184,4
22249,19549,180,4
22250,1298,309,1
22251,19419,250,4
22252,15681,226,3
22253,13087,66,3
22254,2941,446,4
22255,13833,448,2
22256,9945,204,1
22257,3858,463,1
22258,4286,80,4
22259,16718,398,1
22260,17362,335,1
22261,18742,108,1
22262,12043,257,4
22263,14752,333,2
22264,11160,421,3
22265,12042,54,2
22266,14962,321,3
22267,11793,117,4
22268,18174,333,2
22269,2197,401,4
22270,13676,484,2
22271,892,360,3
22272,288,125,3
22273,19255,128,4
22274,10719,301,1
22275,3543,349,2
22276,10983,280,4
22277,13126,487,3
22278,5059,394,3
22279,15725,160,1
22280,4277,90,3
22281,6653,123,4
22282,10754,12,3
22283,6562,353,3
22284,3079,55,2
22285,868,324,1
22286,286,216,1
22287,16838,444,4
22288,9198,25,4
22289,6193,164,4
22290,9508,63,2
22291,19269,158,2
22292,16499,416,1
22293,4690,269,2
22294,17430,107,1
22295,14613,42,4
22296,7286,241,2
22297,12282,220,4
22298,7450,343,4
22299,13536,379,4
22300,2043,36,4
22301,5714,490,3
22302,11516,437,3
22303,1601,381,4
22304,18369,374,2
22305,8368,63,2
22306,3002,70,1
22307,2051,251,2
22308,14425,433,1
22309,13384,93,1
22310,16350,266,2
22311,5523,422,4
22312,18524,223,2
22313,13717,361,3
22314,7222,8,4
22315,7683,148,3
22316,8434,67,3
22317,3403,26,4
22318,1042,374,4
22319,5711,461,3
22320,8600,484,4
22321,7070,127,1
22322,4081,83,4
22323,18605,113,4
22324,12189,255,1
22325,15909,64,4
22326,17742,330,4
22327,12029,478,2
22328,4032,269,4
22329,13992,304,3
22330,13355,271,1
22331,8049,295,1
22332,19149,64,1
22333,15953,261,2
22334,19502,173,4
22335,17863,272,1
22336,794,330,3
22337,6308,215,2
22338,3630,155,2
22339,15815,232,1
22340,18225,259,1
22341,13133,278,4
22342,18196,312,4
22343,149,269,3
22344,12364,304,4
22345,11906,185,2
22346,817,55,3
22347,13496,130,2
22348,12378,238,3
22349,17582,295,2
22350,15343,167,2
22351,13190,491,3
22352,17414,109,2
22353,1729,235,2
22354,12173,487,1
22355,15143,28,3
22356,13573,47,4
22357,1913,305,4
22358,12152,437,4
22359,8046,199,3
22360,1861,4,2
22361,8059,78,1
22362,1969,54,1
22363,11735,73,2
22364,19224,214,3
22365,10233,77,4
22366,6123,478,2
22367,7079,423,3
22368,16621,456,2
22369,10776,201,3
22370,10882,293,3
22371,16134,99,1
22372,15733,178,1
22373,18309,158,3
22374,19174,303,2
22375,13139,84,4
22376,16374,374,2
22377,11257,174,3
22378,6308,3,3
22379,17990,485,4
22380,14306,246,1
22381,10453,47,4
22382,17975,243,4
22383,8630,267,1
22384,12331,218,3
22385,3170,263,3
22386,5362,18,4
22387,7085,399,2
22388,19273,96,1
22389,16132,227,1
22390,425,73,3
22391,13471,394,1
22392,15098,214,2
22393,18039,495,4
22394,11008,256,1
22395,19682,174,1
22396,5495,219,3
22397,18017,18,1
22398,3438,187,2
22399,18450,296,1
22400,19798,339,3
22401,17198,339,4
22402,8873,242,3
22403,7037,74,4
22404,3733,24,4
22405,6352,258,3
22406,10344,344,3
22407,73,394,3
22408,18898,467,4
22409,8769,338,4
22410,9492,412,2
22411,8568,117,4
22412,18184,391,4
22413,12949,27,2
22414,17467,131,2
22415,5781,58,3
22416,15994,320,1
22417,1176,14,2
22418,6634,443,2
22419,3567,111,4
22420,11712,13,4
22421,5823,119,1
22422,13056,255,4
22423,16535,204,1
22424,14140,173,2
22425,6184,122,4
22426,7903,123,1
22427,19250,312,4
22428,9726,269,2
22429,17205,228,1
22430,14712,486,4
22431,882,283,1
22432,18204,173,4
22433,1521,170,3
22434,17388,239,4
22435,9626,496,3
22436,558,45,1
22437,6322,439,4
22438,1788,310,2
22439,15873,226,3
22440,2191,143,3
22441,13847,294,3
22442,18720,423,3
22443,6409,295,3
22444,1953,411,2
22445,8499,43,1
22446,5947,493,4
22447,12557,131,3
22448,19395,16,1
22449,5709,227,2
22450,16981,111,2
22451,10280,42,4
22452,14863,87,2
22453,10930,429,1
22454,9351,78,1
22455,17197,205,2
22456,14324,77,2
22457,857,485,1
22458,1729,345,1
22459,12988,200,3
22460,908,64,3
22461,19091,336,4
22462,17720,32,3
22463,18612,425,1
22464,6016,66,3
22465,3910,107,4
22466,444,64,3
22467,18150,451,3
22468,2241,404,1
22469,486,399,3
22470,5122,342,3
22471,6154,333,3
22472,10209,189,1
22473,19404,98,2
22474,6656,441,4
22475,14367,372,1
22476,5176,294,2
22477,16334,34,2
22478,11644,279,1
22479,5909,123,4
22480,12955,211,2
22481,17312,401,1
22482,10928,130,2
22483,3572,326,2
22484,4352,353,3
22485,15752,401,1
22486,1156,119,3
22487,118,130,1
22488,7276,436,4
22489,6071,442,4
22490,2016,295,2
22491,4439,221,1
22492,5887,459,1
22493,5965,444,2
22494,11046,496,4
22495,18349,420,3
22496,2402,418,2
22497,19222,73,2
22498,1606,260,1
22499,16062,460,3
22500,16741,287,4
22501,9096,81,1
22502,6142,304,3
22503,17613,418,1
22504,9221,10,4
22505,16380,47,2
22506,13322,233,2
22507,15218,101,4
22508,19693,269,1
22509,14424,332,3
22510,10384,188,4
22511,4930,111,4
22512,19724,307,4
22513,847,418,3
22514,15545,448,4
22515,14933,20,3
22516,14214,81,1
22517,11154,428,2
22518,1422,113,2
22519,12846,413,2
22520,1120,104,1
22521,641,171,4
22522,457,494,3
22523,11124,444,3
22524,16982,107,3
22525,6914,128,4
22526,19738,471,3
22527,295,239,4
22528,12688,75,2
22529,6876,439,2
22530,9550,423,3
22531,16373,71,3
22532,6335,289,4
22533,19000,196,3
22534,11125,199,2
22535,4430,365,2
22536,962,75,1
22537,6669,269,4
22538,16651,65,3
22539,14028,217,1
22540,9046,211,4
22541,6540,227,4
22542,10423,169,2
22543,12380,240,3
22544,16974,252,4
22545,12029,95,1
22546,18877,261,1
22547,3403,122,4
22548,7533,240,4
22549,9834,469,2
22550,3070,314,4
22551,3668,257,4
22552,3204,156,4
22553,17692,125,2
22554,14552,163,4
22555,17553,235,3
22556,10491,185,3
22557,12069,117,2
22558,6824,60,4
22559,6868,60,4
22560,14402,169,4
22561,964,183,3
22562,8193,116,1
22563,12970,11,4
22564,6727,409,1
22565,17453,444,3
22566,2985,318,1
22567,14236,94,2
22568,5817,407,4
22569,13840,450,1
22570,16976,253,1
22571,6933,335,1
22572,2612,214,3
22573,13164,417,2
22574,13630,355,3
22575,4084,497,1
22576,8365,231,3
22577,2504,48,4
22578,14375,389,3
22579,2084,472,2
22580,17074,434,3
22581,14004,63,3
22582,19988,21,1
22583,518,68,4
22584,12251,308,3
22585,11200,15,4
22586,11680,186,4
22587,16731,457,4
22588,4243,235,2
22589,9314,467,4
22590,6241,145,2
22591,11250,101,1
22592,4996,465,4
22593,17112,148,4
22594,14999,450,1
22595,17000,382,1
22596,18002,67,1
22597,11066,236,3
22598,9442,287,2
22599,4338,304,1
22600,19777,128,1
22601,7076,100,4
22602,8928,475,3
22603,19549,489,4
22604,550,444,2
22605,5537,25,3
22606,6589,455,4
22607,10528,498,4
22608,15552,250,1
22609,10416,121,3
22610,15278,428,2
22611,15532,270,4
22612,7663,4,2
22613,12845,83,2
22614,14225,489,2
22615,693,408,4
22616,18418,41,3
22617,11944,362,3
22618,13027,309,4
22619,4909,491,2
22620,1741,432,1
22621,9737,4,1
22622,3717,453,2
22623,4729,119,3
22624,11282,30,4
22625,6967,31,4
22626,7889,418,3
22627,14375,206,1
22628,531,468,3
22629,8169,275,3
22630,9296,500,3
22631,2794,45,4
22632,7186,100,1
22633,562,110,4
22634,18439,261,3
22635,17045,340,2
22636,12136,239,1
22637,1594,486,2
22638,8238,346,1
22639,868,395,1
22640,19743,31,2
22641,5950,381,3
22642,17471,248,4
22643,1973,33,3
22644,8919,271,1
22645,1473,137,4
22646,1125,185,3
22647,18295,449,3
22648,10536,84,1
22649,6673,198,4
22650,4561,142,4
22651,11838,363,4
22652,8581,453,4
22653,13887,96,2
22654,9999,51,3
22655,19496,440,3
22656,10500,324,1
22657,17496,231,4
22658,2533,432,4
22659,18290,301,4
22660,10161,472,2
22661,9286,87,2
22662,12140,307,3
22663,4020,381,3
22664,3412,438,1
22665,1289,422,1
22666,19097,245,4
22667,10510,84,2
22668,7158,413,1
22669,5403,282,1
22670,1429,393,1
22671,7755,231,3
22672,3425,309,4
22673,19986,472,1
22674,13615,209,1
22675,12810,279,3
22676,6058,101,3
22677,148,15,1
22678,9165,150,4
22679,17458,479,4
22680,5058,428,2
22681,4658,325,2
22682,1292,116,3
22683,4350,297,1
22684,18261,287,2
22685,12068,257,4
22686,14464,103,3
22687,12779,432,3
22688,2458,40,4
22689,1824,10,3
22690,17337,389,1
22691,3039,370,1
22692,14137,436,2
22693,15979,211,4
22694,2224,12,4
22695,1691,216,3
22696,9551,331,3
22697,470,210,3
22698,3583,161,4
22699,8714,449,3
22700,6830,305,2
22701,4043,37,3
22702,9233,99,1
22703,7775,295,3
22704,9893,196,4
22705,9004,268,1
22706,17635,175,1
22707,19044,302,2
22708,18228,293,1
22709,19353,298,4
22710,19382,266,1
22711,15661,291,3
22712,10807,4,1
22713,19006,22,2
22714,6881,245,2
22715,1642,387,2
22716,17554,482,4
22717,17499,111,2
22718,10562,268,4
22719,17968,468,1
22720,17179,105,1
22721,18297,301,3
22722,4439,93,4
22723,6266,369,4
22724,16609,314,1
22725,17377,75,2
22726,9592,482,3
22727,13849,458,2
22728,18497,391,1
22729,11766,140,2
22730,4154,143,1
22731,17492,288,3
22732,7893,40,1
22733,77,87,4
22734,17880,207,4
22735,18174,143,2
22736,4506,70,1
22737,9349,304,1
22738,14127,388,3
22739,8765,341,3
22740,2291,97,3
22741,12372,46,2
22742,13169,482,3
22743,5283,119,3
22744,4401,121,3
22745,6239,250,2
22746,5274,377,1
22747,6122,105,1
22748,16944,408,2
22749,7086,276,4
22750,704,197,4
22751,10519,433,4
22752,6294,243,4
22753,17005,358,3
22754,5158,116,1
22755,15623,198,3
22756,18384,275,1
22757,17121,428,3
22758,13405,324,4
22759,1452,50,3
22760,11297,408,1
22761,17773,44,4
22762,6160,316,4
22763,6629,280,4
22764,10768,20,2
22765,13263,301,3
22766,509,172,4
22767,18823,126,3
22768,14354,238,2
22769,7973,426,2
22770,1030,432,1
22771,17192,180,1
22772,4894,332,2
22773,14838,480,1
22774,4073,445,4
22775,13288,134,2
22776,6978,393,3
22777,10950,478,4
22778,17043,327,4
22779,17400,421,4
22780,12903,17,1
22781,17381,265,2
22782,2464,373,3
22783,13133,55,3
22784,5500,303,4
22785,475,371,3
22786,12505,8,2
22787,3208,264,4
22788,2578,5,1
22789,13724,81,4
22790,6958,400,3
22791,18678,436,1
22792,8777,285,2
22793,1747,214,2
22794,6860,58,2
22795,4357,65,3
22796,14065,266,4
22797,4083,290,4
22798,2435,466,1
22799,6078,100,1
22800,4055,405,3
22801,3591,184,1
22802,8298,355,2
22803,8793,471,1
22804,16110,388,4
22805,3866,79,4
22806,17757,1,4
22807,160,16,2
22808,2919,129,4
22809,19232,484,4
22810,2913,286,3
22811,4466,429,3
22812,8835,141,2
22813,4136,443,1
22814,14670,191,1
22815,19796,259,4
22816,18623,459,3
22817,1316,111,2
22818,12751,281,4
22819,8329,463,3
22820,11005,142,4
22821,16094,40,2
22822,7351,219,2
22823,13848,27,3
22824,10705,28,3
22825,14194,471,1
22826,19431,2,4
22827,9649,323,2
22828,18313,194,2
22829,6419,1,3
22830,16656,184,1
22831,6699,250,3
22832,8157,1,3
22833,17848,106,3
22834,17141,401,1
22835,9403,373,1
22836,12742,92,1
22837,11668,215,3
22838,18711,269,3
22839,17017,350,4
22840,8830,469,2
22841,10887,143,3
22842,12073,124,1
22843,11735,16,1
22844,3002,71,4
22845,3581,372,3
22846,16648,434,4
22847,10137,495,4
22848,10906,63,4
22849,13441,198,4
22850,3399,473,3
22851,170,69,1
22852,1121,61,3
22853,14495,273,3
22854,15261,201,4
22855,1793,419,4
22856,3995,84,3
22857,2477,26,4
22858,3970,433,3
22859,17603,491,2
22860,5388,484,3
22861,12828,127,1
22862,14049,405,3
22863,8873,83,1
22864,2069,343,2
22865,16316,423,4
22866,13651,357,4
22867,18350,217,1
22868,2231,308,3
22869,1649,436,3
22870,11203,347,3
22871,6584,104,1
22872,15755,79,1
22873,19675,442,3
22874,11756,93,1
22875,11132,81,1
22876,4360,411,3
22877,911,374,4
22878,3214,452,1
22879,17934,437,3
22880,12668,385,4
22881,19779,300,2
22882,4439,417,1
22883,4829,345,4
22884,7268,148,4
22885,16508,33,1
22886,13700,457,3
22887,7866,332,1
22888,18875,429,3
22889,4486,166,2
22890,8285,230,1
22891,8409,160,2
22892,6328,138,4
22893,255,483,1
22894,2599,297,2
22895,12648,318,4
22896,4520,281,4
22897,2678,270,3
22898,10951,54,3
22899,19711,173,3
22900,5222,352,2
22901,18716,23,2
22902,1595,482,1
22903,2264,67,1
22904,17198,22,4
22905,1119,209,1
22906,9618,409,2
22907,9427,138,3
22908,5338,41,1
22909,15808,40,3
22910,3351,54,4
22911,18093,94,1
22912,7486,389,1
22913,6676,293,1
22914,13842,493,1
22915,3648,468,4
22916,16027,99,1
22917,19521,34,4
22918,11817,383,2
22919,13907,153,1
22920,19352,60,3
22921,234,152,2
22922,5413,395,3
22923,18324,499,2
22924,15254,412,2
22925,4499,160,4
22926,19214,225,4
22927,13659,142,3
22928,12180,175,3
22929,16279,210,1
22930,5646,232,1
22931,5312,192,3
22932,14600,492,3
22933,54,151,4
22934,18697,428,1
22935,5626,187,2
22936,15769,389,3
22937,17622,418,4
22938,9908,263,3
22939,4058,179,1
22940,11542,423,1
22941,7516,435,3
22942,2881,496,2
22943,17403,363,1
22944,7513,492,4
22945,19351,193,1
22946,14230,185,3
22947,489,1,3
22948,13519,442,3
22949,18198,72,1
22950,18168,349,4
22951,7937,155,3
22952,8648,124,2
22953,3504,250,4
22954,1219,429,2
22955,4423,119,3
22956,12823,26,3
22957,8340,442,3
22958,19864,420,1
22959,4216,477,3
22960,15008,412,1
22961,4442,183,3
22962,17484,93,4
22963,16103,459,1
22964,18961,349,3
22965,6782,286,4
22966,14304,152,1
22967,2993,387,1
22968,2318,225,4
22969,4731,185,4
22970,112,9,1
22971,6069,209,3
22972,9456,351,4
22973,12919,331,2
22974,1685,295,1
22975,18593,223,3
22976,9314,129,3
22977,6121,483,3
22978,19841,312,2
22979,16383,169,2
22980,2506,47,4
22981,1944,195,2
22982,18905,346,3
22983,11528,362,2
22984,8245,213,4
22985,11637,280,2
22986,762,32,3
22987,11571,450,2
22988,9090,461,2
22989,6171,330,3
22990,11379,413,2
22991,18004,372,2
22992,2817,196,3
22993,5506,441,3
22994,10344,441,3
22995,15552,389,2
22996,12408,485,1
22997,2053,44,3
22998,1659,485,4
22999,16644,2,3
23000,1406,440,3
23001,5529,139,4
23002,5269,430,3
23003,1137,315,3
23004,7590,102,1
23005,12554,320,2
23006,13425,97,4
23007,12862,302,1
23008,9558,205,1
23009,13281,160,1
23010,1346,225,3
23011,1157,60,2
23012,13550,137,4
23013,8909,406,2
23014,19768,369,2
23015,17009,243,4
23016,7826,295,4
23017,975,1,3
23018,18474,128,3
23019,18555,118,4
23020,16451,178,4
23021,13410,433,4
23022,16138,259,3
23023,1338,115,3
23024,11548,167,4
23025,6076,327,2
23026,14214,236,3
23027,11890,253,4
23028,10535,93,3
23029,12361,284,4
23030,4170,389,1
23031,18082,99,2
23032,11702,288,1
23033,13984,43,1
23034,10246,14,1
23035,7083,173,3
23036,7460,1,1
23037,3959,104,3
23038,15564,460,3
23039,10354,384,4
23040,7414,275,1
23041,16921,298,2
23042,8871,148,3
23043,5078,442,4
23044,13424,418,1
23045,6175,90,3
23046,15306,387,3
23047,14014,270,2
23048,17251,485,2
23049,11322,175,3
23050,735,146,1
23051,19620,249,1
23052,8665,353,4
23053,18339,438,4
23054,2162,49,3
23055,4062,434,3
23056,14237,360,1
23057,17670,479,2
23058,14717,202,2
23059,8721,81,2
23060,19284,388,2
23061,11000,415,1
23062,11654,205,4
23063,4337,363,4
23064,9361,471,1
23065,12892,346,4
23066,7316,239,1
23067,18471,339,2
23068,6819,56,4
23069,12321,300,2
23070,10210,336,3
23071,16608,158,4
23072,16685,290,2
23073,16134,266,4
23074,4711,352,3
23075,4672,390,4
23076,11665,337,1
23077,458,81,2
23078,15077,304,1
23079,1599,489,2
23080,11218,278,2
23081,10773,85,4
23082,14124,111,3
23083,10300,217,4
23084,9236,226,4
23085,9678,22,4
23086,15261,15,1
23087,5130,347,4
23088,17747,72,4
23089,4371,152,2
23090,13757,299,3
23091,9140,158,2
23092,13796,203,1
23093,13059,69,4
23094,13102,394,4
23095,9270,252,1
23096,8883,423,1
23097,6653,462,1
23098,9108,134,4
23099,19561,153,1
23100,2162,435,1
23101,10971,80,3
23102,12359,243,4
23103,5344,49,2
23104,10261,95,4
23105,3512,437,3
23106,6776,284,3
23107,4269,495,3
23108,18061,131,2
23109,19795,292,3
23110,10476,372,3
23111,16008,103,1
23112,12080,264,4
23113,8781,100,3
23114,1922,341,1
23115,18205,101,4
23116,19834,232,4
23117,17014,492,1
23118,11610,469,1
23119,526,78,1
23120,19377,285,1
23121,7736,208,2
23122,19684,402,2
23123,7433,88,3
23124,1044,214,4
23125,9837,409,2
23126,12105,275,3
23127,13159,206,2
23128,13089,240,3
23129,16426,476,1
23130,15772,36,3
23131,7595,79,1
23132,14577,177,4
23133,19165,499,1
23134,6692,269,3
23135,18313,351,2
23136,12669,25,1
23137,17552,499,4
23138,13207,87,1
23139,4151,382,3
23140,4633,262,1
23141,12865,454,3
23142,1591,281,2
23143,3653,111,3
23144,535,398,1
23145,16666,218,4
23146,1616,38,2
23147,3919,104,3
23148,5558,298,3
23149,1161,12,1
23150,11887,390,3
23151,2830,412,3
23152,13271,237,2
23153,1993,93,3
23154,2751,29,3
23155,9681,208,1
23156,3676,454,2
23157,4002,401,2
23158,3134,423,3
23159,10014,321,1
23160,8503,120,4
23161,11967,138,4
23162,15955,59,2
23163,761,160,2
23164,7510,29,4
23165,16191,5,3
23166,8319,202,2
23167,12161,492,3
23168,790,462,1
23169,19991,254,3
23170,10440,325,2
23171,18367,419,2
23172,8566,457,4
23173,14299,426,3
23174,9892,361,1
23175,15022,19,1
23176,18795,361,1
23177,1496,156,2
23178,14034,127,4
23179,4511,425,2
23180,12615,205,3
23181,11724,269,2
23182,9427,127,2
23183,4355,164,4
23184,2955,110,3
23185,1435,139,2
23186,4981,304,1
23187,11717,276,3
23188,4861,239,1
23189,7364,205,2
23190,17065,332,3
23191,16887,380,4
23192,13867,417,1
23193,14948,288,2
23194,13039,114,3
23195,15550,348,3
23196,13007,32,2
23197,17602,10,3
23198,6351,350,2
23199,13338,400,3
23200,6304,426,4
23201,13472,18,1
23202,4695,268,4
23203,11182,230,2
23204,4333,287,1
23205,4480,7,2
23206,9341,189,1
23207,8841,468,3
23208,16708,270,4
23209,15584,270,3
23210,5778,339,2
23211,5308,75,2
23212,9207,212,2
23213,374,339,3
23214,12301,124,4
23215,5174,263,3
23216,12745,436,3
23217,18144,128,2
23218,4970,146,3
23219,1936,292,4
23220,15942,287,1
23221,14224,403,4
23222,1852,261,1
23223,6375,177,2
23224,4276,194,4
23225,15926,36,4
23226,14327,106,1
23227,6855,446,4
23228,16592,294,1
23229,9877,450,1
23230,11566,88,1
23231,12309,102,4
23232,11881,311,3
23233,15329,83,2
23234,6022,366,1
23235,18646,333,2
23236,8078,189,1
23237,6862,207,4
23238,19165,329,4
23239,16573,239,2
23240,11297,433,4
23241,12823,468,2
23242,4572,431,1
23243,16937,242,3
23244,19262,119,1
23245,8733,287,1
23246,7640,167,3
23247,16918,62,1
23248,10636,280,3
23249,13459,188,1
23250,3243,244,2
23251,6802,239,4
23252,3726,57,3
23253,4467,453,2
23254,1853,168,3
23255,16816,204,4
23256,7181,30,4
23257,5002,135,2
23258,10979,304,3
23259,19583,82,3
23260,14862,80,2
23261,16445,107,1
23262,8302,488,2
23263,14277,180,3
23264,18121,409,2
23265,3657,254,1
23266,7890,114,4
23267,4424,380,1
23268,12260,390,2
23269,11714,166,3
23270,1918,295,3
23271,14188,250,4
23272,15418,274,2
23273,6823,375,1
23274,4943,282,3
23275,7758,364,4
23276,8552,47,4
23277,18336,257,2
23278,4318,298,2
23279,16699,475,4
23280,196,367,3
23281,4531,378,2
23282,2423,133,4
23283,17066,226,1
23284,10469,156,3
23285,15708,164,4
23286,18773,203,3
23287,942,491,1
23288,8800,290,4
23289,6032,470,3
23290,14602,364,1
23291,7835,453,4
23292,19012,174,4
23293,1097,151,2
23294,9141,158,3
23295,17606,216,2
23296,13228,359,4
23297,3214,476,2
23298,16227,439,3
23299,10050,118,2
23300,10609,377,4
23301,9768,397,4
23302,6211,145,2
23303,12765,330,3
23304,16147,499,3
23305,18216,136,4
23306,5610,202,2
23307,18449,235,4
23308,5680,213,4
23309,17109,326,4
23310,376,16,2
23311,1969,38,2
23312,6706,248,3
23313,4073,66,4
23314,3977,413,2
23315,18672,460,3
23316,19367,36,4
23317,9509,350,1
23318,10818,133,2
23319,5585,192,3
23320,6378,55,2
23321,6568,180,3
23322,5598,32,4
23323,16672,314,3
23324,17742,12,2
23325,2750,232,1
23326,2004,338,2
23327,11365,221,4
23328,291,68,4
23329,2913,355,1
23330,3610,475,4
23331,4394,369,1
23332,7969,433,2
23333,1525,346,4
23334,8575,262,2
23335,10233,474,3
23336,4205,219,2
23337,1430,11,1
23338,7866,262,2
23339,12967,189,2
23340,477,226,3
23341,5338,249,1
23342,5764,473,4
23343,16785,301,3
23344,621,80,4
23345,9512,117,1
23346,5366,384,1
23347,16403,346,3
23348,7451,341,4
23349,12849,138,4
23350,11732,163,1
23351,13102,435,1
23352,6916,225,3
23353,8881,421,4
23354,3242,37,1
23355,9042,32,3
23356,453,23,4
23357,10087,157,3
23358,765,234,2
23359,1595,272,2
23360,18239,240,4
23361,5690,455,1
23362,5164,283,2
23363,4479,12,4
23364,16027,181,3
23365,19619,232,1
23366,8992,397,2
23367,11033,209,3
23368,10819,146,4
23369,12085,434,4
23370,6728,252,1
23371,19789,80,1
23372,19454,411,1
23373,6053,253,4
23374,13277,99,2
23375,8190,365,1
23376,2872,493,2
23377,4300,141,2
23378,7377,201,3
23379,7431,493,1
23380,13224,84,4
23381,1400,243,3
23382,5296,47,4
23383,6607,257,4
23384,18156,232,4
23385,5894,43,3
23386,19888,9,3
23387,19960,350,3
23388,6232,275,2
23389,11832,416,3
23390,4254,79,2
23391,6798,163,4
23392,3057,83,3
23393,16722,331,2
23394,18000,474,4
23395,7782,418,1
23396,3031,15,4
23397,12700,381,2
23398,50,350,2
23399,15338,46,3
23400,368,384,2
23401,2148,161,2
23402,5037,240,4
23403,16528,136,3
23404,10473,75,1
23405,3939,8,1
23406,5816,1,2
23407,9861,465,1
23408,1427,456,2
23409,16133,344,3
23410,10401,376,2
23411,2753,496,4
23412,1971,62,2
23413,11836,121,1
23414,585,36,2
23415,14283,246,3
23416,3859,326,1
23417,8558,42,1
23418,6605,459,3
23419,14093,44,3
23420,417,281,2
23421,11488,91,2
23422,8138,314,3
23423,19857,255,3
23424,7970,190,3
23425,3268,248,1
23426,641,146,3
23427,18861,453,3
23428,17326,202,4
23429,11908,448,4
23430,9965,318,4
23431,10347,138,1
23432,15467,218,4
23433,9205,424,1
23434,2,128,4
23435,12774,57,4
23436,5306,4,3
23437,14248,33,1
23438,2122,392,1
23439,18951,70,3
23440,5887,376,2
23441,4339,76,4
23442,15382,352,3
23443,7473,145,3
23444,10035,226,4
23445,19854,329,1
23446,13272,452,2
23447,14010,193,2
23448,18644,189,4
23449,3020,62,3
23450,14009,39,3
23451,18047,25,1
23452,18185,259,4
23453,14392,248,4
23454,13001,495,4
23455,4970,5,3
23456,12080,316,2
23457,13617,54,4
23458,7362,48,1
23459,17127,192,4
23460,17007,230,3
23461,16019,57,1
23462,17512,194,2
23463,2339,238,4
23464,17789,188,1
23465,2277,257,4
23466,14998,449,2
23467,17243,327,1
23468,6121,206,4
23469,3017,3,4
23470,8414,379,2
23471,657,126,4
23472,739,179,2
23473,19771,417,1
23474,2925,468,4
23475,10705,489,2
23476,10610,346,3
23477,15961,385,4
23478,14778,299,2
23479,14276,447,2
23480,2974,296,2
23481,1013,468,4
23482,2138,200,2
23483,17609,386,2
23484,15013,457,4
23485,13965,49,3
23486,7549,492,4
23487,1011,80,3
23488,10730,2,4
23489,10287,440,3
23490,10847,500,3
23491,119,206,1
23492,12631,178,1
23493,19070,175,3
23494,10171,29,3
23495,8356,427,1
23496,737,203,3
23497,4694,97,4
23498,9706,474,1
23499,10738,23,1
23500,3236,95,4
23501,4568,482,4
23502,4971,2,1
23503,6744,305,2
23504,6866,381,3
23505,2816,58,2
23506,10698,429,3
23507,6954,197,1
23508,19347,438,4
23509,4382,141,4
23510,13240,18,1
23511,5675,235,3
23512,16849,28,2
23513,6153,11,2
23514,15423,69,3
23515,6271,101,4
23516,3528,129,4
23517,16170,264,3
23518,15080,248,2
23519,18466,62,4
23520,13909,114,1
23521,2985,50,2
23522,10105,460,2
23523,3,236,1
23524,673,293,4
23525,10449,305,2
23526,9663,15,2
23527,16356,332,4
23528,13811,291,3
23529,11891,152,1
23530,11073,397,1
23531,1800,164,1
23532,12879,226,3
23533,9832,312,3
23534,17162,344,3
23535,18909,234,3
23536,19128,427,2
23537,17904,106,3
23538,2768,10,4
23539,14513,72,1
23540,17109,447,2
23541,12216,134,4
23542,3346,62,1
23543,1123,64,1
23544,8500,465,1
23545,9011,140,1
23546,3141,249,3
23547,12096,46,4
23548,10615,304,4
23549,14912,492,2
23550,15026,493,2
23551,1594,125,3
23552,18572,272,2
23553,7844,414,1
23554,17389,450,2
23555,18431,32,1
23556,19582,183,4
23557,19245,366,4
23558,16727,340,1
23559,9100,232,2
23560,13436,29,4
23561,5170,207,3
23562,18873,271,4
23563,19625,477,4
23564,18009,404,4
23565,17986,330,3
23566,11102,408,1
23567,10284,170,1
23568,2907,157,2
23569,532,436,1
23570,15642,447,2
23571,333,242,1
23572,6650,198,2
23573,13181,308,1
23574,4235,268,3
23575,5437,48,2
23576,17142,433,2
23577,19965,135,4
23578,1207,74,1
23579,4778,481,2
23580,3694,460,2
23581,14774,79,4
23582,357,404,2
23583,4661,247,2
23584,2249,455,1
23585,12984,240,3
23586,12357,415,3
23587,3630,457,1
23588,16270,224,1
23589,18063,276,2
23590,6624,205,2
23591,12208,425,2
23592,14622,56,4
23593,12157,29,3
23594,13019,463,2
23595,14856,410,2
23596,7067,350,4
23597,9412,271,1
23598,13297,201,2
23599,11365,441,2
23600,13004,10,1
23601,14487,442,4
23602,9435,426,2
23603,19756,67,1
23604,2863,323,4
23605,18303,219,2
23606,18713,237,4
23607,2621,473,2
23608,11972,359,1
23609,10975,209,2
23610,15547,435,1
23611,18165,491,3
23612,16416,147,2
23613,11905,445,2
23614,14606,4,2
23615,2116,367,4
23616,17867,299,1
23617,14848,223,4
23618,14933,489,1
23619,1007,409,2
23620,14188,46,1
23621,15719,330,2
23622,9772,136,1
23623,13047,500,3
23624,5773,29,1
23625,11410,218,2
23626,17377,223,1
23627,3256,235,4
23628,16365,495,4
23629,4200,121,2
23630,280,54,4
23631,15119,271,1
23632,13566,265,2
23633,913,200,4
23634,19686,403,4
23635,14005,70,1
23636,4401,357,1
23637,13644,321,4
23638,1802,194,4
23639,162,250,4
23640,15840,369,4
23641,3341,99,1
23642,11645,67,3
23643,5582,394,4
23644,17166,304,3
23645,17797,31,2
23646,15019,250,1
23647,2218,94,4
23648,13311,323,1
23649,2999,52,1
23650,18278,432,4
23651,17659,59,3
23652,12081,65,2
23653,12811,46,3
23654,19809,192,4
23655,2567,106,4
23656,17570,219,1
23657,8773,410,1
23658,16658,399,3
23659,2289,380,3
23660,7491,370,2
23661,16327,87,3
23662,4331,385,1
23663,7897,86,3
23664,3365,200,4
23665,7602,98,4
23666,13394,105,4
23667,17410,162,1
23668,18330,409,3
23669,10861,223,1
23670,18007,260,4
23671,4219,400,2
23672,19464,441,4
23673,11445,151,1
23674,8242,125,4
23675,15030,238,2
23676,138,359,1
23677,3842,391,1
23678,8251,23,4
23679,5424,217,4
23680,17123,118,4
23681,18962,434,3
23682,10995,412,3
23683,8433,134,3
23684,5640,278,4
23685,4859,138,2
23686,8798,75,3
23687,19330,314,2
23688,14635,322,2
23689,10512,57,3
23690,17641,268,2
23691,175,494,3
23692,11454,257,2
23693,17168,480,3
23694,798,90,1
23695,2671,406,1
23696,18392,229,1
23697,10996,161,4
23698,5470,366,4
23699,16463,457,2
23700,8253,80,2
23701,3785,494,1
23702,4552,305,1
23703,9794,221,1
23704,7158,237,3
23705,7962,445,4
23706,13060,238,1
23707,10806,406,4
23708,2675,183,4
23709,15182,38,2
23710,13276,55,3
23711,443,394,2
23712,10031,354,3
23713,6810,103,1
23714,17753,494,1
23715,19159,126,1
23716,12572,316,4
23717,3869,400,4
23718,2545,365,1
23719,4902,278,4
23720,18890,410,4
23721,2593,396,3
23722,5278,449,3
23723,53,72,1
23724,17425,189,4
23725,11220,176,1
23726,7540,62,2
23727,1949,9,1
23728,8072,37,4
23729,18049,26,1
23730,8868,433,4
23731,11538,8,2
23732,19647,490,1
23733,10792,176,4
23734,18479,309,3
23735,2565,18,1
23736,10303,368,1
23737,13864,475,2
23738,18411,218,4
23739,5440,233,1
23740,15845,133,3
23741,16371,93,2
23742,10794,406,1
23743,4644,368,2
23744,17458,187,1
23745,18098,196,1
23746,13423,95,1
23747,16113,316,4
23748,4068,448,2
23749,13691,115,1
23750,9814,356,4
23751,9742,358,3
23752,11928,364,2
23753,4179,383,1
23754,10201,321,4
23755,2760,252,3
23756,4462,217,2
23757,10003,231,4
23758,17306,201,2
23759,7919,416,1
23760,14706,238,1
23761,19492,376,2
23762,10939,53,4
23763,6583,132,1
23764,9541,303,4
23765,6948,116,1
23766,14216,293,3
23767,10460,88,4
23768,19668,482,4
23769,17697,243,1
23770,19606,336,4
23771,4744,175,2
23772,2287,80,4
23773,16250,210,4
23774,7544,344,1
23775,6935,303,3
23776,1186,162,2
23777,17387,298,3
23778,10568,332,2
23779,17686,466,3
23780,13408,240,1
23781,11134,495,1
23782,1966,242,3
23783,9639,350,3
23784,18956,112,3
23785,11839,379,2
23786,11581,249,3
23787,19624,467,4
23788,644,77,1
23789,601,384,2
23790,17617,165,2
23791,1520,26,4
23792,17656,237,2
23793,8530,426,4
23794,15134,54,3
23795,8074,314,1
23796,973,425,3
23797,1142,229,2
23798,18165,285,2
23799,8884,104,2
23800,8081,237,1
23801,12426,2,3
23802,8241,211,4
23803,8537,270,3
23804,11889,263,3
23805,12443,5,2
23806,1745,67,3
23807,9315,94,2
23808,4711,173,3
23809,370,388,3
23810,19876,61,3
23811,4788,335,1
23812,5124,447,3
23813,17431,147,2
23814,18250,390,1
23815,7724,220,3
23816,16332,199,4
23817,14826,123,4
23818,17534,22,1
23819,7376,322,2
23820,14892,214,1
23821,14145,65,3
23822,19526,392,1
23823,15661,11,2
23824,14650,431,1
23825,15184,166,1
23826,18289,329,3
23827,5460,420,4
23828,14389,325,3
23829,17931,122,3
23830,13845,379,3
23831,19236,107,2
23832,6401,129,1
23833,4259,111,1
23834,7966,398,3
23835,5455,385,3
23836,5638,81,2
23837,19553,200,2
23838,12545,381,3
23839,528,346,2
23840,2319,68,2
23841,4157,167,4
23842,13046,334,1
23843,3911,1,3
23844,15893,169,2
23845,19364,298,4
23846,15129,407,2
23847,8503,427,1
23848,11210,96,3
23849,3737,342,4
23850,15471,182,4
23851,2582,163,3
23852,7556,70,2
23853,4257,11,1
23854,10392,249,3
23855,1707,52,4
23856,13415,94,4
23857,7933,100,1
23858,16084,172,1
23859,7578,349,2
23860,17977,249,3
23861,1692,117,3
23862,691,424,3
23863,18498,444,4
23864,18595,47,1
23865,2729,339,2
23866,17797,420,1
23867,11818,209,3
23868,721,449,1
23869,17235,229,3
23870,8589,448,1
23871,629,15,2
23872,9807,286,3
23873,16015,305,3
23874,1318,362,4
23875,5614,107,2
23876,15089,395,4
23877,18017,17,3
23878,15649,154,4
23879,2876,293,1
23880,4484,332,3
23881,259,168,2
23882,4952,240,2
23883,15581,115,2
23884,1396,438,3
23885,14508,305,4
23886,18486,240,2
23887,11580,329,1
23888,8337,59,4
23889,16949,440,1
23890,16511,72,4
23891,5007,164,2
23892,9430,195,2
23893,8137,304,1
23894,11696,442,2
23895,752,196,4
23896,5215,26,1
23897,9704,142,2
23898,2953,144,2
23899,17635,265,4
23900,1453,461,3
23901,15959,189,2
23902,9259,298,2
23903,12662,58,3
23904,16460,492,3
23905,3265,448,3
23906,12941,430,3
23907,14567,444,3
23908,18269,498,1
23909,12525,240,4
23910,3780,245,3
23911,9368,454,2
23912,9567,253,3
23913,8335,233,4
23914,3955,333,1
23915,12314,290,4
23916,14955,276,1
23917,5353,365,3
23918,17759,476,4
23919,2724,158,2
23920,17334,338,4
23921,19520,197,2
23922,12361,119,2
23923,2837,157,1
23924,14816,429,4
23925,14097,156,4
23926,14704,309,3
23927,9713,229,4
23928,16933,342,2
23929,10211,464,1
23930,16271,286,3
23931,10612,308,1
23932,16543,129,1
23933,9108,218,2
23934,8988,484,4
23935,2012,477,2
23936,15559,328,2
23937,1063,206,4
23938,14330,378,2
23939,17843,478,4
23940,16055,20,2
23941,6987,273,1
23942,2406,203,1
23943,13381,209,3
23944,2166,365,1
23945,8059,329,3
23946,10554,307,4
23947,14004,120,2
23948,16411,271,2
23949,16885,208,2
23950,3662,413,1
23951,11637,442,4
23952,7770,436,4
23953,17941,199,2
23954,97,193,4
23955,3202,345,1
23956,13685,154,2
23957,16067,19,2
23958,18741,356,3
23959,18204,495,1
23960,13301,376,3
23961,3248,140,3
23962,14049,98,2
23963,6496,338,1
23964,756,248,3
23965,17982,93,1
23966,4675,141,3
23967,13164,400,1
23968,10416,13,3
23969,8607,440,1
23970,19096,116,3
23971,15179,253,1
23972,4270,58,4
23973,13523,219,4
23974,14053,88,4
23975,6161,302,4
23976,17890,409,3
23977,36,407,2
23978,6545,429,2
23979,443,241,4
23980,4981,183,1
23981,3956,312,3
23982,17095,226,3
23983,4734,379,2
23984,12202,234,4
23985,4911,311,2
23986,16769,397,3
23987,10212,343,2
23988,16635,497,3
23989,6786,148,3
23990,8971,495,4
23991,6002,368,3
23992,16905,280,4
23993,381,5,2
23994,11957,351,3
23995,3124,291,1
23996,1001,389,4
23997,9427,252,3
23998,11575,97,3
23999,13573,115,4
24000,7530,203,4
24001,1809,339,4
24002,11773,483,2
24003,14740,288,1
24004,7834,352,1
24005,16101,5,3
24006,8322,33,2
24007,14416,382,1
24008,13577,212,4
24009,461,19,2
24010,4636,58,3
24011,9767,102,1
24012,14082,312,4
24013,14013,155,1
24014,9421,251,1
24015,794,132,1
24016,9217,444,3
24017,9027,295,4
24018,16479,214,4
24019,15050,416,2
24020,13475,355,2
24021,8720,306,4
24022,4390,113,4
24023,16669,317,4
24024,11957,315,1
24025,16091,363,1
24026,11413,443,3
24027,310,304,4
24028,11781,303,1
24029,7187,481,2
24030,18050,65,3
24031,5495,296,3
24032,8983,302,3
24033,16193,499,1
24034,16821,55,2
24035,18841,141,1
24036,6631,19,1
24037,15799,322,4
24038,12531,13,2
24039,14821,32,1
24040,17906,290,3
24041,19679,378,3
24042,15061,475,3
24043,19800,63,3
24044,5674,285,1
24045,7796,92,3
24046,17895,123,2
24047,12701,392,1
24048,11954,163,4
24049,6690,224,3
24050,14209,223,2
24051,5577,369,1
24052,16169,166,2
24053,667,280,3
24054,2632,300,2
24055,17577,5,4
24056,19167,410,4
24057,3928,13,2
24058,11754,82,2
24059,14982,262,2
24060,8896,413,3
24061,6212,336,4
24062,2717,435,2
24063,16432,204,3
24064,9903,437,1
24065,8268,53,2
24066,317,82,1
24067,1678,449,2
24068,11011,434,1
24069,7935,177,4
24070,16411,320,4
24071,10234,150,4
24072,13419,37,4
24073,13103,341,2
24074,16228,49,1
24075,18475,429,1
24076,17726,157,2
24077,6792,192,1
24078,12772,360,4
24079,11137,199,1
24080,17599,15,2
24081,10063,379,3
24082,3242,41,2
24083,11161,198,1
24084,3767,330,2
24085,1675,384,1
24086,14719,64,1
24087,8926,109,1
24088,13539,367,2
24089,17299,451,3
24090,19058,35,1
24091,7607,332,4
24092,12956,396,4
24093,2655,353,1
24094,16149,27,4
24095,2198,463,4
24096,15621,338,1
24097,13626,237,1
24098,16940,138,3
24099,7297,308,4
24100,1867,444,1
24101,4468,461,3
24102,1595,411,4
24103,17781,97,1
24104,14966,347,2
24105,12929,53,3
24106,11573,409,3
24107,9571,85,3
24108,8707,330,1
24109,16937,267,2
24110,7484,43,3
24111,406,365,3
24112,2910,445,2
24113,10315,356,4
24114,7784,360,4
24115,12661,36,2
24116,10465,169,1
24117,18140,73,1
24118,10599,341,4
24119,6073,272,2
24120,11478,373,1
24121,4212,115,3
24122,10737,225,3
24123,11438,192,4
24124,10510,204,3
24125,13991,471,1
24126,10763,19,3
24127,17415,459,4
24128,2380,439,4
24129,19915,470,3
24130,4562,438,4
24131,10007,245,2
24132,9649,297,2
24133,9629,128,4
24134,3499,242,3
24135,13632,353,2
24136,17457,231,4
24137,5214,54,1
24138,14727,259,4
24139,15593,150,1
24140,11992,240,4
24141,15341,66,4
24142,9645,445,1
24143,4551,377,2
24144,7389,43,4
24145,4889,350,2
24146,8038,350,4
24147,1450,24,4
24148,17631,397,1
24149,134,279,3
24150,5798,368,2
24151,9942,402,4
24152,13095,225,3
24153,13536,323,4
24154,1642,250,2
24155,1748,55,3
24156,5340,259,1
24157,16331,487,2
24158,14894,409,2
24159,3473,183,1
24160,3773,148,1
24161,18567,40,1
24162,14389,481,1
24163,18253,395,3
24164,12770,332,4
24165,3087,167,2
24166,19370,485,3
24167,18701,218,4
24168,1486,222,2
24169,12155,225,2
24170,13417,492,2
24171,19679,362,2
24172,17801,303,1
24173,15100,453,4
24174,11807,249,2
24175,396,463,3
24176,4548,219,4
24177,6303,389,1
24178,16250,208,1
24179,889,458,2
24180,3798,287,1
24181,6246,222,4
24182,7537,160,2
24183,3885,99,4
24184,9610,426,1
24185,11897,484,3
24186,8585,482,1
24187,4771,470,3
24188,11998,106,1
24189,16118,196,3
24190,18134,402,4
24191,19406,418,4
24192,3482,236,1
24193,8617,174,2
24194,11786,421,1
24195,11660,240,1
24196,18873,89,1
24197,15446,35,3
24198,8270,238,3
24199,16522,436,3
24200,385,336,2
24201,7282,319,4
24202,13841,202,1
24203,8536,21,2
24204,15091,481,4
24205,1528,300,3
24206,11587,268,4
24207,12218,27,4
24208,11106,380,2
24209,14399,101,3
24210,7606,214,4
24211,9544,276,2
24212,12661,477,2
24213,6261,105,4
24214,8122,456,2
24215,2374,432,3
24216,5394,301,2
24217,673,79,1
24218,2566,112,1
24219,13160,276,3
24220,19936,291,1
24221,7247,488,4
24222,3758,221,4
24223,13402,134,1
24224,7765,254,1
24225,1340,67,2
24226,3598,329,1
24227,9420,53,4
24228,13406,40,4
24229,7264,228,4
24230,17458,255,3
24231,7668,345,3
24232,584,141,3
24233,19585,437,1
24234,9057,97,2
24235,13673,283,3
24236,11367,171,3
24237,1423,278,1
24238,5576,85,3
24239,18240,201,1
24240,4223,14,4
24241,14067,172,2
24242,2114,345,1
24243,4479,191,4
24244,172,443,3
24245,10254,330,4
24246,19764,273,3
24247,8848,89,1
24248,5463,348,2
24249,7146,74,2
24250,11807,234,2
24251,8690,87,1
24252,7775,65,2
24253,14183,431,4
24254,7754,482,4
24255,11500,209,4
24256,8326,341,1
24257,1225,471,2
24258,7919,495,2
24259,10835,20,3
24260,15828,176,2
24261,5685,113,4
24262,9509,72,4
24263,3645,282,4
24264,10566,299,2
24265,12607,117,4
24266,9107,37,4
24267,12295,47,3
24268,4802,366,1
24269,12387,35,3
24270,11994,412,4
24271,15264,282,4
24272,1381,47,2
24273,15122,320,3
24274,7420,445,1
24275,13954,215,3
24276,4386,113,4
24277,1845,154,4
24278,12686,414,4
24279,740,107,2
24280,10219,439,2
24281,4970,444,4
24282,3356,11,2
24283,16586,440,1
24284,7572,189,3
24285,13636,171,2
24286,5089,182,3
24287,8583,81,4
24288,1474,277,3
24289,16500,389,4
24290,10495,207,3
24291,11467,84,1
24292,8745,340,4
24293,3663,163,1
24294,17459,157,4
24295,4870,490,4
24296,12829,42,1
24297,15094,389,3
24298,4445,196,1
24299,18896,430,1
24300,17311,428,3
24301,13465,165,4
24302,18002,226,2
24303,19102,68,1
24304,12021,65,4
24305,2702,495,3
24306,2958,297,2
24307,4151,283,3
24308,17919,271,3
24309,2713,266,4
24310,17015,296,4
24311,18341,286,1
24312,2319,263,1
24313,157,137,4
24314,1539,23,3
24315,588,244,3
24316,1354,182,1
24317,5122,87,2
24318,10984,473,4
24319,8634,138,3
24320,7998,405,1
24321,746,289,2
24322,17442,217,4
24323,17224,124,4
24324,15495,4,4
24325,6472,313,4
24326,895,75,1
24327,3821,86,2
24328,11511,181,2
24329,6156,395,2
24330,3855,419,4
24331,13330,354,2
24332,13157,385,2
24333,4369,426,3
24334,19128,484,4
24335,12513,299,4
24336,14351,401,2
24337,2595,363,1
24338,8971,117,4
24339,946,184,3
24340,8989,51,1
24341,17953,216,3
24342,17568,487,1
24343,4524,473,1
24344,18290,68,2
24345,7239,270,1
24346,1381,328,3
24347,17864,422,3
24348,3437,257,2
24349,3615,449,2
24350,16087,188,3
24351,2006,44,1
24352,1934,308,1
24353,11006,116,2
24354,10531,83,1
24355,17024,1,1
24356,7264,335,4
24357,5301,105,2
24358,12280,200,1
24359,16934,191,4
24360,14830,489,1
24361,16757,411,3
24362,5193,293,3
24363,2798,348,3
24364,15383,49,3
24365,8624,354,1
24366,12082,145,2
24367,15660,183,2
24368,3285,72,1
24369,917,192,4
24370,2934,304,4
24371,10121,242,4
24372,16321,379,3
24373,9143,144,2
24374,2472,215,1
24375,19972,32,3
24376,9841,171,4
24377,4813,29,1
24378,14070,24,3
24379,15161,380,4
24380,16347,424,4
24381,3367,340,1
24382,11708,426,1
24383,4364,69,3
24384,18433,123,2
24385,7016,87,3
24386,19037,105,1
24387,746,490,2
24388,5016,490,4
24389,17648,131,1
24390,3322,451,1
24391,1039,158,1
24392,5266,49,1
24393,16371,239,1
24394,9089,62,3
24395,3824,110,2
24396,11456,256,1
24397,923,390,2
24398,3450,428,4
24399,9381,242,3
24400,3233,415,1
24401,14447,22,2
24402,8891,331,1
24403,4999,65,2
24404,3182,415,2
24405,13983,327,3
24406,10393,19,1
24407,10427,42,4
24408,4752,155,2
24409,2817,291,4
24410,3918,83,4
24411,11136,138,4
24412,13658,349,4
24413,16375,38,1
24414,18543,206,1
24415,3978,282,4
24416,4437,465,2
24417,497,461,1
24418,13619,218,1
24419,2825,105,4
24420,9150,175,4
24421,1309,114,3
24422,11574,251,1
24423,19506,123,4
24424,14061,448,4
24425,2721,133,2
24426,16055,266,4
24427,4431,68,4
24428,4554,213,2
24429,17534,93,2
24430,7210,263,1
24431,14955,330,2
24432,11567,217,4
24433,2004,188,1
24434,5511,324,3
24435,14010,369,1
24436,9618,286,2
24437,6022,268,1
24438,8786,384,1
24439,2078,290,2
24440,7756,54,1
24441,15867,119,1
24442,1309,55,1
24443,10820,334,2
24444,13208,224,2
24445,2032,58,1
24446,9343,183,2
24447,1151,336,2
24448,12289,445,3
24449,7034,289,4
24450,3013,128,3
24451,9514,74,4
24452,10046,296,2
24453,4149,288,2
24454,684,131,4
24455,1987,152,2
24456,387,391,1
24457,18328,206,1
24458,2410,359,1
24459,618,104,2
24460,12266,4,4
24461,2624,174,1
24462,18521,458,1
24463,13291,455,4
24464,14476,366,1
24465,1598,471,1
24466,9648,173,2
24467,17257,119,1
24468,18554,130,1
24469,11696,341,4
24470,2880,197,4
24471,15481,468,4
24472,4415,248,2
24473,12501,304,3
24474,12088,209,4
24475,15435,373,4
24476,12590,356,1
24477,18513,474,3
24478,3168,485,2
24479,5666,400,2
24480,5700,490,3
24481,4206,484,2
24482,14934,158,4
24483,12012,317,3
24484,15336,122,4
24485,7490,488,2
24486,798,134,4
24487,5036,145,2
24488,1483,170,3
24489,17784,361,4
24490,8027,87,3
24491,19114,361,2
24492,3528,300,4
24493,6305,463,3
24494,13944,259,4
24495,2816,140,2
24496,1474,347,3
24497,1209,47,4
24498,10381,232,1
24499,14638,153,3
24500,1269,21,4
24501,3092,283,4
24502,16155,130,4
24503,13553,306,1
24504,17061,21,1
24505,541,84,2
24506,12427,170,3
24507,16411,413,4
24508,1396,348,3
24509,18878,323,4
24510,19391,16,2
24511,10620,169,2
24512,17273,258,2
24513,9732,1,2
24514,5329,283,3
24515,4269,317,4
24516,8277,219,3
24517,13334,475,1
24518,15386,259,1
24519,9079,168,2
24520,13991,417,1
24521,341,10,4
24522,15599,236,2
24523,13099,165,3
24524,12118,31,3
24525,14417,96,3
24526,4122,331,3
24527,14301,269,1
24528,12212,132,1
24529,1810,481,3
24530,18497,101,3
24531,7843,281,1
24532,7221,17,1
24533,9757,371,4
24534,11039,11,1
24535,4687,59,2
24536,4902,205,3
24537,14035,488,3
24538,4944,112,1
24539,8881,202,3
24540,1269,14,4
24541,77,244,3
24542,2512,109,2
24543,2221,289,2
24544,17091,302,3
24545,15177,314,3
24546,15221,248,3
24547,13716,224,4
24548,12075,100,2
24549,7358,277,1
24550,5137,447,2
24551,2788,381,2
24552,4148,385,4
24553,9505,154,4
24554,18951,77,2
24555,12950,289,2
24556,5202,190,1
24557,791,13,2
24558,11886,381,4
24559,15798,63,3
24560,7141,214,2
24561,11078,408,3
24562,14707,108,1
24563,5368,118,4
24564,5681,204,1
24565,9274,267,2
24566,11598,80,4
24567,17670,34,3
24568,2061,480,3
24569,12445,410,4
24570,12945,97,1
24571,13167,244,3
24572,11220,305,1
24573,7479,109,3
24574,8543,251,2
24575,6854,484,1
24576,6718,51,2
24577,16424,415,1
24578,1390,251,2
24579,9971,290,1
24580,1006,150,2
24581,4241,55,4
24582,6097,8,3
24583,4139,90,3
24584,9737,85,1
24585,16368,251,2
24586,19011,367,2
24587,11497,179,1
24588,5565,335,1
24589,17472,150,4
24590,17276,79,1
24591,17403,17,1
24592,12292,319,4
24593,8818,468,4
24594,4030,187,3
24595,11208,466,4
24596,8353,446,1
24597,14361,366,4
24598,5647,165,2
24599,14694,486,3
24600,9848,198,3
24601,8445,348,1
24602,10002,290,1
24603,286,417,1
24604,18569,313,4
24605,15476,451,1
24606,6768,226,4
24607,7006,430,2
24608,1918,145,1
24609,273,18,1
24610,12197,480,4
24611,14752,334,3
24612,18154,114,2
24613,1709,353,1
24614,12797,433,1
24615,9515,199,2
24616,14814,19,2
24617,6185,88,3
24618,6241,346,1
24619,17939,89,4
24620,6654,285,3
24621,11329,141,1
24622,7507,261,3
24623,16159,75,2
24624,6289,96,1
24625,560,130,4
24626,19906,303,3
24627,4461,346,2
24628,1910,151,2
24629,2670,157,4
24630,17171,479,2
24631,19305,339,3
24632,13933,91,2
24633,19561,224,3
24634,7947,255,2
24635,2733,360,2
24636,5369,334,2
24637,8677,41,4
24638,19139,47,2
24639,875,277,1
24640,14858,211,3
24641,1761,268,1
24642,6379,285,2
24643,19689,237,1
24644,12354,218,4
24645,18295,163,2
24646,6462,434,4
24647,8656,410,4
24648,1959,349,1
24649,11444,438,1
24650,780,246,3
24651,8798,137,1
24652,12367,104,2
24653,848,389,1
24654,10331,300,2
24655,8734,318,3
24656,17155,219,4
24657,7771,309,4
24658,8130,335,3
24659,5153,352,3
24660,9286,135,4
24661,3676,486,2
24662,14317,211,4
24663,3211,120,2
24664,4650,256,2
24665,778,162,3
24666,14516,432,2
24667,6652,436,1
24668,17331,27,2
24669,4042,93,3
24670,19157,118,1
24671,2423,60,1
24672,14756,487,1
24673,13622,120,3
24674,11054,11,3
24675,2990,262,3
24676,10615,305,1
24677,14490,471,3
24678,9966,431,1
24679,9299,396,4
24680,18540,52,2
24681,9203,366,4
24682,13554,498,3
24683,705,306,3
24684,1459,429,3
24685,10176,304,3
24686,13076,453,2
24687,13870,214,3
24688,11725,118,3
24689,14494,469,2
24690,18781,330,4
24691,401,452,3
24692,13872,242,3
24693,17067,362,3
24694,3567,139,4
24695,3144,446,1
24696,16700,444,4
24697,17815,476,2
24698,8265,105,3
24699,7882,152,3
24700,18460,447,2
24701,15780,133,4
24702,13761,202,4
24703,16954,374,4
24704,17291,184,2
24705,16586,495,4
24706,227,487,2
24707,18368,49,2
24708,11708,234,1
24709,15206,87,3
24710,14763,415,1
24711,9978,91,2
24712,651,1,1
24713,16793,261,1
24714,12980,429,4
24715,19402,122,3
24716,4921,188,4
24717,11089,180,2
24718,809,95,1
24719,18571,155,1
24720,10132,378,2
24721,963,17,4
24722,6730,351,1
24723,19143,67,1
24724,14648,92,3
24725,11164,176,2
24726,18867,267,3
24727,12108,32,2
24728,11565,466,3
24729,12718,437,1
24730,16053,208,3
24731,903,161,2
24732,19551,226,3
24733,16155,408,3
24734,2242,333,2
24735,17391,491,1
24736,7076,395,2
24737,5287,69,2
24738,1688,200,4
24739,14112,123,2
24740,19317,336,2
24741,7815,12,3
24742,17629,206,3
24743,5709,239,4
24744,4466,465,1
24745,4615,452,1
24746,14970,233,1
24747,17685,259,2
24748,12069,174,4
24749,16879,170,4
24750,9468,274,1
24751,17183,407,2
24752,9448,183,1
24753,10744,409,2
24754,11964,32,4
24755,8114,148,2
24756,7899,285,1
24757,12264,204,1
24758,10783,29,1
24759,10268,213,1
24760,3085,430,2
24761,17449,225,3
24762,9441,338,1
24763,18799,453,4
24764,10444,101,2
24765,14679,311,1
24766,7317,137,2
24767,6668,405,3
24768,17383,317,4
24769,1525,430,2
24770,13671,219,2
24771,15892,444,4
24772,10747,215,3
24773,3103,53,2
24774,18301,84,1
24775,3957,192,4
24776,12579,401,2
24777,18248,268,4
24778,18035,342,4
24779,9600,81,4
24780,14862,280,1
24781,9059,329,3
24782,14180,64,4
24783,13229,213,2
24784,19101,199,1
24785,7325,322,3
24786,6559,355,1
24787,13372,114,3
24788,4133,461,3
24789,839,120,4
24790,4493,480,4
24791,54,380,3
24792,7666,174,3
24793,19709,212,2
24794,6142,495,3
24795,18124,74,2
24796,1089,296,3
24797,3546,271,4
24798,7883,221,1
24799,4262,150,4
24800,10194,221,1
24801,6068,402,1
24802,7447,112,3
24803,14017,19,3
24804,7616,221,3
24805,5359,484,1
24806,958,108,2
24807,1357,472,1
24808,7628,320,4
24809,8966,289,3
24810,2779,395,4
24811,18601,432,4
24812,4229,239,4
24813,15417,69,3
24814,14496,424,4
24815,12010,136,3
24816,16533,419,4
24817,14948,48,4
24818,13811,390,2
24819,15122,185,4
24820,3132,331,3
24821,4028,285,1
24822,9513,26,4
24823,5481,219,3
24824,16915,34,1
24825,16401,443,3
24826,9720,152,1
24827,5387,297,2
24828,17720,172,2
24829,10665,55,1
24830,2669,423,2
24831,1522,119,1
24832,14945,27,3
24833,10898,296,2
24834,17429,114,4
24835,15679,234,1
24836,8995,354,4
24837,5085,138,3
24838,4021,352,3
24839,17860,40,4
24840,13056,464,3
24841,14406,32,2
24842,11275,401,4
24843,12690,426,3
24844,1187,156,1
24845,13102,351,4
24846,13073,77,1
24847,3230,92,4
24848,9663,80,4
24849,12362,362,3
24850,17100,153,2
24851,7123,333,2
24852,16804,310,1
24853,15060,35,3
24854,7237,256,1
24855,7879,261,4
24856,18195,427,2
24857,15955,262,1
24858,6663,300,3
24859,14231,483,4
24860,14858,129,1
24861,14957,40,1
24862,10395,491,2
24863,19471,203,1
24864,4372,399,3
24865,6473,194,1
24866,6706,461,3
24867,7434,117,4
24868,18551,8,1
24869,7445,392,4
24870,1642,337,3
24871,11522,236,1
24872,7042,400,2
24873,18170,46,3
24874,18086,137,3
24875,11637,84,1
24876,11254,19,2
24877,18779,327,4
24878,19714,56,1
24879,723,239,3
24880,1583,222,3
24881,17414,271,4
24882,1539,217,2
24883,3915,19,4
24884,3525,102,1
24885,17140,57,3
24886,5866,17,4
24887,15818,425,3
24888,2851,300,2
24889,12290,400,4
24890,12679,177,1
24891,16102,403,4
24892,7753,386,1
24893,5647,359,2
24894,6209,91,1
24895,19748,169,4
24896,7995,393,3
24897,12086,292,3
24898,18210,324,4
24899,18354,468,3
24900,4541,138,3
24901,14304,297,3
24902,16244,141,3
24903,12963,180,1
24904,10125,331,2
24905,14470,207,4
24906,18668,103,1
24907,7051,48,4
24908,10354,159,4
24909,11235,353,2
24910,18733,352,1
24911,4710,35,3
24912,18221,487,1
24913,2758,388,3
24914,19619,92,4
24915,18200,260,1
24916,5359,412,3
24917,19336,454,2
24918,11308,453,1
24919,16508,313,3
24920,12093,498,2
24921,3751,338,3
24922,2333,303,2
24923,4071,32,3
24924,6116,385,3
24925,4317,313,2
24926,6346,392,3
24927,15832,492,4
24928,2761,438,1
24929,5464,466,4
24930,6564,267,4
24931,4450,33,4
24932,8266,232,1
24933,17632,395,4
24934,16146,342,1
24935,783,418,3
24936,10273,89,1
24937,14190,401,4
24938,7864,497,3
24939,2205,19,1
24940,7664,219,3
24941,15856,57,4
24942,9161,295,3
24943,2763,385,2
24944,19447,245,3
24945,6495,464,3
24946,7829,225,1
24947,10885,77,3
24948,19346,286,4
24949,19960,357,1
24950,9343,388,3
24951,7790,111,3
24952,12262,139,4
24953,10472,487,3
24954,6324,81,2
24955,19784,440,1
24956,6630,350,1
24957,10037,420,2
24958,351,114,4
24959,13737,231,3
24960,13469,359,3
24961,12127,442,3
24962,18412,66,2
24963,6159,297,1
24964,6187,398,3
24965,3643,245,3
24966,10801,227,2
24967,18505,54,4
24968,2902,446,4
24969,14733,236,1
24970,8293,72,4
24971,527,270,3
24972,18074,76,3
24973,12608,71,2
24974,13939,381,3
24975,16731,482,4
24976,8730,115,2
24977,6339,122,4
24978,5711,269,3
24979,16443,368,4
24980,2191,83,2
24981,10604,367,4
24982,12850,52,1
24983,5321,221,1
24984,8228,57,2
24985,9302,453,4
24986,10823,250,4
24987,18581,189,1
24988,11473,439,4
24989,19674,45,1
24990,5708,198,3
24991,13324,25,1
24992,7824,29,1
24993,1796,157,2
24994,1739,470,3
24995,13463,183,4
24996,18312,268,2
24997,1955,301,1
24998,1546,153,4
24999,9110,394,3
25000,6213,490,1
25001,12542,425,2
25002,447,320,1
25003,12539,473,3
25004,11881,174,2
25005,5776,114,4
25006,15534,224,4
25007,7516,324,4
25008,13854,142,4
25009,18984,299,4
25010,1082,8,3
25011,9513,53,1
25012,51,72,3
25013,8108,30,3
25014,5967,157,1
25015,19310,111,1
25016,4976,419,1
25017,10782,131,1
25018,4303,195,1
25019,1219,78,3
25020,5156,184,1
25021,17645,268,3
25022,2488,189,1
25023,1641,496,1
25024,7336,409,3
25025,3490,160,1
25026,5026,173,3
25027,10246,149,2
25028,18163,22,1
25029,609,383,2
25030,2177,5,2
25031,16683,202,4
25032,15779,135,3
25033,10098,15,1
25034,6445,164,4
25035,1049,398,4
25036,5862,136,1
25037,8918,346,4
25038,3617,338,1
25039,13023,347,2
25040,16124,207,1
25041,10333,30,3
25042,9516,37,1
25043,3105,136,2
25044,10917,329,1
25045,14938,417,2
25046,13359,323,4
25047,10384,421,4
25048,14264,490,2
25049,17909,171,2
25050,4244,128,1
25051,14563,469,3
25052,12462,423,4
25053,3625,442,4
25054,3512,400,4
25055,3655,213,3
25056,18033,294,2
25057,7417,134,1
25058,8003,430,2
25059,17535,95,3
25060,6353,11,4
25061,1520,380,3
25062,4775,35,2
25063,17937,65,3
25064,19462,85,3
25065,941,304,2
25066,17636,277,4
25067,4581,282,3
25068,5208,179,2
25069,16532,422,2
25070,1812,276,4
25071,4191,166,1
25072,19475,320,2
25073,15597,109,1
25074,10969,258,3
25075,8962,310,3
25076,4481,122,1
25077,12436,385,3
25078,12103,62,3
25079,2325,257,4
25080,5652,222,3
25081,8383,409,3
25082,18321,125,3
25083,2991,490,2
25084,11994,57,4
25085,18896,156,1
25086,7599,350,2
25087,17120,484,3
25088,6296,104,3
25089,7122,373,2
25090,14333,374,2
25091,18529,170,2
25092,16477,231,4
25093,16149,142,2
25094,13755,12,1
25095,17570,138,3
25096,11193,444,2
25097,7085,30,4
25098,5246,472,4
25099,17331,471,2
25100,3029,90,4
25101,9944,495,3
25102,2422,32,1
25103,9808,471,2
25104,15611,225,2
25105,7075,472,3
25106,7944,270,3
25107,13381,16,1
25108,7543,174,2
25109,17350,119,1
25110,18895,18,2
25111,19748,15,2
25112,9334,69,1
25113,8765,38,4
25114,2568,82,1
25115,2391,462,3
25116,1836,66,2
25117,15036,189,3
25118,11160,21,3
25119,12651,496,4
25120,10910,269,4
25121,13007,111,2
25122,950,260,4
25123,18262,93,1
25124,9493,131,4
25125,7910,430,2
25126,5408,468,4
25127,14992,202,4
25128,471,5,2
25129,13509,269,1
25130,5441,407,1
25131,2934,309,3
25132,19155,17,3
25133,3373,208,1
25134,2349,251,1
25135,9141,233,3
25136,15080,433,4
25137,10371,91,4
25138,7786,256,4
25139,16014,163,1
25140,8004,350,1
25141,3739,257,2
25142,8137,274,4
25143,15942,31,4
25144,3648,341,1
25145,8502,339,4
25146,14490,472,3
25147,15501,98,3
25148,10469,71,2
25149,3432,325,1
25150,8170,2,2
25151,16704,140,4
25152,11248,382,2
25153,13105,442,3
25154,13625,470,3
25155,16617,285,1
25156,10065,259,4
25157,8866,93,4
25158,5985,61,1
25159,4364,262,3
25160,673,116,4
25161,10089,32,1
25162,2263,281,2
25163,17312,158,4
25164,3248,276,4
25165,15472,113,1
25166,8738,151,2
25167,3716,257,4
25168,9989,35,3
25169,6900,333,2
25170,8255,153,1
25171,16459,462,1
25172,3757,11,2
25173,18831,165,1
25174,4834,464,2
25175,9302,433,1
25176,12969,380,2
25177,5387,79,1
25178,8623,271,2
25179,14980,202,2
25180,10473,30,4
25181,16919,232,2
25182,5975,420,3
25183,5290,106,1
25184,18369,407,1
25185,18008,457,1
25186,5610,278,3
25187,19230,101,4
25188,18481,123,2
25189,19580,170,1
25190,2259,390,4
25191,10710,49,1
25192,2320,182,1
25193,9988,115,4
25194,12266,221,4
25195,9652,49,1
25196,3063,492,3
25197,1462,479,4
25198,2971,281,3
25199,19088,290,2
25200,2750,114,4
25201,14017,82,3
25202,17269,264,3
25203,7198,161,3
25204,14939,61,4
25205,4569,309,1
25206,11670,451,4
25207,1123,263,3
25208,18373,345,2
25209,17359,10,4
25210,19265,213,1
25211,2898,411,4
25212,8158,406,4
25213,18927,463,1
25214,6698,40,1
25215,15502,281,3
25216,18800,294,2
25217,18893,52,2
25218,118,81,3
25219,2277,363,3
25220,12713,35,4
25221,9407,451,4
25222,14508,105,4
25223,4432,421,1
25224,1796,44,2
25225,19393,368,3
25226,7367,409,4
25227,7896,283,1
25228,14650,415,3
25229,4165,157,2
25230,9679,56,3
25231,5211,48,1
25232,19444,293,4
25233,1209,224,2
25234,14731,225,1
25235,945,431,3
25236,9686,490,2
25237,17459,98,4
25238,11423,198,2
25239,8436,217,4
25240,16742,443,1
25241,4188,492,4
25242,9649,114,2
25243,18785,119,3
25244,2377,24,2
25245,3302,388,4
25246,11381,251,2
25247,17326,314,4
25248,2504,275,1
25249,11925,63,2
25250,14547,110,3
25251,5828,338,3
25252,7784,45,2
25253,15004,384,1
25254,13176,94,4
25255,6811,77,4
25256,11785,28,4
25257,10001,25,2
25258,18920,402,3
25259,19494,288,3
25260,9319,366,4
25261,12197,310,3
25262,18769,402,2
25263,15711,107,1
25264,3192,27,3
25265,9402,458,4
25266,18482,261,1
25267,16899,128,2
25268,8817,281,3
25269,15183,406,1
25270,14572,213,3
25271,16508,204,2
25272,7078,117,1
25273,9513,269,1
25274,13141,24,4
25275,8252,463,4
25276,890,439,3
25277,19059,93,1
25278,7891,210,1
25279,15005,110,1
25280,13803,431,1
25281,14339,242,2
25282,16269,142,4
25283,2372,345,4
25284,6515,231,2
25285,13413,300,3
25286,16706,109,3
25287,17450,286,4
25288,3734,463,4
25289,15576,30,2
25290,9542,379,3
25291,3423,374,3
25292,16649,305,2
25293,15187,210,1
25294,15792,343,4
25295,952,9,3
25296,4788,303,2
25297,19753,300,3
25298,12140,96,1
25299,8170,407,3
25300,2449,370,1
25301,19512,333,1
25302,5680,337,1
25303,19947,209,3
25304,10463,389,1
25305,10842,154,1
25306,2911,229,2
25307,9964,146,2
25308,14794,285,4
25309,7041,33,1
25310,6210,239,2
25311,14517,80,1
25312,4810,454,2
25313,12788,204,4
25314,7498,173,1
25315,10086,57,1
25316,764,378,4
25317,16509,420,4
25318,19707,400,3
25319,13198,252,2
25320,2856,254,1
25321,1256,377,4
25322,51,230,3
25323,6949,450,1
25324,4915,366,3
25325,3485,158,3
25326,8609,313,2
25327,6265,419,3
25328,17651,306,2
25329,10713,185,3
25330,15962,239,2
25331,8726,494,4
25332,883,484,3
25333,19179,301,2
25334,5940,376,1
25335,19809,131,4
25336,18349,185,1
25337,9645,272,4
25338,17757,321,2
25339,5446,374,1
25340,7136,297,4
25341,8339,362,4
25342,4470,176,2
25343,12470,127,3
25344,17716,349,2
25345,18166,3,2
25346,16864,136,1
25347,6259,239,1
25348,6833,315,3
25349,15581,17,1
25350,14335,170,3
25351,5815,14,2
25352,4039,245,1
25353,12852,56,2
25354,12155,260,2
25355,4361,294,3
25356,11873,249,4
25357,19876,98,1
25358,13291,347,1
25359,12838,179,3
25360,18286,41,1
25361,9965,317,3
25362,11955,27,3
25363,11823,190,3
25364,3184,341,2
25365,17015,44,1
25366,18906,137,4
25367,14579,190,1
25368,3351,204,4
25369,3459,203,2
25370,5328,96,4
25371,15192,319,3
25372,12833,418,3
25373,3988,101,2
25374,10677,439,1
25375,19562,157,4
25376,18074,297,4
25377,16182,119,4
25378,8920,286,4
25379,13439,437,2
25380,16758,30,1
25381,11253,204,1
25382,921,372,4
25383,7234,144,3
25384,12701,488,3
25385,6813,29,4
25386,1133,370,2
25387,11973,366,4
25388,11871,42,4
25389,2589,391,2
25390,17443,174,3
25391,17288,116,3
25392,11159,129,1
25393,4925,148,2
25394,8205,172,4
25395,4700,120,2
25396,9484,258,3
25397,6476,371,1
25398,18731,332,1
25399,18125,323,4
25400,15613,457,1
25401,7555,193,1
25402,17544,292,1
25403,16747,311,3
25404,6378,377,2
25405,11975,414,3
25406,5376,248,1
25407,1428,414,1
25408,16533,369,1
25409,18661,14,4
25410,2937,432,2
25411,13721,160,2
25412,2879,33,4
25413,8812,224,4
25414,17224,460,2
25415,12990,57,2
25416,15380,274,4
25417,12338,215,1
25418,203,119,3
25419,18179,312,1
25420,332,79,1
25421,12732,99,3
25422,2089,252,3
25423,901,48,1
25424,9970,500,3
25425,825,452,2
25426,14411,360,3
25427,8106,203,3
25428,19186,30,1
25429,18661,353,1
25430,2359,47,2
25431,16462,40,4
25432,14455,320,3
25433,9793,310,2
25434,4288,188,3
25435,1765,385,2
25436,17671,277,4
25437,5827,156,4
25438,18854,295,3
25439,10082,393,1
25440,5299,466,3
25441,18003,417,2
25442,13023,158,2
25443,9065,82,1
25444,4782,320,4
25445,7427,360,2
25446,19543,298,3
25447,6236,380,4
25448,18895,16,3
25449,908,276,2
25450,8976,48,3
25451,6605,75,4
25452,17149,180,2
25453,3608,210,3
25454,1061,337,3
25455,13317,243,4
25456,2026,118,2
25457,3524,199,4
25458,10458,48,3
25459,11819,158,3
25460,11446,282,1
25461,6269,155,3
25462,19882,4,1
25463,3742,84,3
25464,10755,421,1
25465,2429,478,2
25466,2720,287,2
25467,3209,337,4
25468,17832,93,4
25469,3755,29,4
25470,15565,338,3
25471,13432,70,1
25472,2999,378,3
25473,18718,231,1
25474,5055,42,3
25475,10157,468,4
25476,1388,418,2
25477,19852,429,1
25478,10543,277,4
25479,7727,366,4
25480,5329,204,1
25481,2249,44,3
25482,12808,278,4
25483,10433,110,1
25484,5191,311,4
25485,1363,261,4
25486,6363,477,4
25487,87,76,4
25488,8036,258,4
25489,11048,95,3
25490,17421,469,2
25491,2372,345,2
25492,12455,435,2
25493,18661,476,4
25494,18574,307,1
25495,2052,393,2
25496,4893,165,2
25497,12173,110,3
25498,15832,435,2
25499,9522,323,3
25500,18640,424,2
25501,4834,108,4
25502,1700,180,4
25503,11078,202,2
25504,9167,497,2
25505,19694,379,2
25506,12448,350,4
25507,7767,212,4
25508,14253,17,4
25509,7000,161,2
25510,15308,156,1
25511,10940,304,4
25512,18782,46,3
25513,16426,423,3
25514,17284,262,1
25515,1673,372,2
25516,16463,119,2
25517,15589,432,3
25518,2890,132,2
25519,11781,138,2
25520,13691,388,2
25521,509,385,2
25522,3960,89,1
25523,5227,489,2
25524,7673,428,1
25525,14353,309,4
25526,7212,385,3
25527,2121,429,1
25528,17482,17,3
25529,5339,257,1
25530,15691,266,3
25531,6274,20,1
25532,5250,480,2
25533,7108,491,2
25534,15025,390,2
25535,7163,60,2
25536,16716,77,2
25537,9555,147,2
25538,16683,292,1
25539,5306,356,4
25540,9874,217,2
25541,9442,194,3
25542,12048,317,1
25543,9755,398,2
25544,14367,45,1
25545,10524,397,1
25546,6729,163,4
25547,17918,411,2
25548,15717,222,4
25549,17410,454,1
25550,10754,32,4
25551,3856,61,3
25552,3457,362,3
25553,19970,279,2
25554,265,409,3
25555,13123,337,1
25556,17768,99,3
25557,8632,70,1
25558,17979,204,4
25559,4072,320,3
25560,14176,324,3
25561,14677,440,2
25562,9441,468,1
25563,7741,136,1
25564,8348,272,3
25565,9471,294,4
25566,13878,226,3
25567,3476,165,1
25568,13928,149,2
25569,12188,311,1
25570,19973,355,4
25571,4626,22,2
25572,10438,384,3
25573,16894,491,1
25574,11627,26,1
25575,18561,115,4
25576,16071,183,2
25577,16224,6,3
25578,14504,75,4
25579,4444,479,4
25580,19373,64,2
25581,1731,79,2
25582,11832,341,1
25583,11689,189,1
25584,184,493,3
25585,3738,450,1
25586,11934,363,4
25587,14850,361,3
25588,10962,50,1
25589,11751,2,2
25590,1441,327,1
25591,1911,416,4
25592,19899,258,2
25593,15273,5,1
25594,17824,367,3
25595,10578,35,3
25596,19552,104,4
25597,1730,276,2
25598,8606,37,4
25599,18109,399,2
25600,13070,257,4
25601,17130,88,2
25602,2442,121,2
25603,9926,81,1
25604,7100,135,3
25605,8802,307,4
25606,16462,127,1
25607,4743,387,1
25608,9773,122,3
25609,2599,309,4
25610,15928,485,1
25611,6203,301,1
25612,2453,337,2
25613,1310,350,4
25614,3681,371,3
25615,12773,79,3
25616,8929,242,1
25617,2538,226,1
25618,13430,407,4
25619,7847,142,2
25620,10709,93,4
25621,4470,313,3
25622,14770,154,2
25623,7563,335,2
25624,7745,54,2
25625,8868,109,2
25626,13383,224,1
25627,13814,99,1
25628,6558,24,2
25629,11503,207,4
25630,1993,382,2
25631,11353,53,3
25632,15407,253,3
25633,15539,182,4
25634,1421,145,2
25635,15066,403,3
25636,7854,169,1
25637,10698,212,4
25638,1088,450,4
25639,3206,331,3
25640,19596,264,3
25641,7808,211,3
25642,4511,471,1
25643,6191,340,4
25644,16300,161,3
25645,13394,45,4
25646,6116,31,2
25647,9493,257,3
25648,360,253,1
25649,6984,294,1
25650,13162,173,2
25651,8852,498,4
25652,17601,357,3
25653,3836,437,4
25654,12560,108,3
25655,19821,71,4
25656,8332,88,1
25657,3116,407,2
25658,3322,403,3
25659,4256,103,1
25660,7302,319,3
25661,9922,496,4
25662,5536,447,3
25663,4671,196,3
25664,9119,327,1
25665,15904,43,3
25666,1770,88,3
25667,7892,27,2
25668,10183,252,4
25669,8700,5,3
25670,5840,473,4
25671,1471,431,3
25672,4866,444,2
25673,2667,42,2
25674,13209,258,1
25675,4724,457,2
25676,12558,405,4
25677,3556,128,2
25678,4337,268,4
25679,1859,54,1
25680,12732,460,2
25681,5774,468,1
25682,14257,377,2
25683,2300,434,4
25684,14159,218,4
25685,1737,379,4
25686,6160,119,4
25687,17963,183,4
25688,4238,472,3
25689,11225,3,2
25690,9512,412,4
25691,16663,260,3
25692,11535,79,2
25693,7294,289,3
25694,10357,452,1
25695,16141,74,1
25696,2191,460,2
25697,19033,121,3
25698,8064,464,3
25699,19863,143,3
25700,8021,171,3
25701,1239,20,3
25702,13084,429,2
25703,6697,38,2
25704,16526,343,3
25705,17821,55,4
25706,18108,344,2
25707,3044,201,3
25708,18355,163,4
25709,310,66,2
25710,17260,423,3
25711,8213,157,3
25712,19789,220,1
25713,3305,314,4
25714,15119,323,2
25715,19456,427,1
25716,5878,153,3
25717,5461,227,4
25718,8501,486,2
25719,15107,403,2
25720,7288,104,3
25721,17578,229,2
25722,158,448,2
25723,19684,77,2
25724,6094,64,1
25725,12037,472,2
25726,13033,439,1
25727,9792,119,2
25728,15312,8,4
25729,8727,87,2
25730,15348,63,3
25731,17744,51,1
25732,15997,237,4
25733,11849,336,3
25734,1295,152,4
25735,15601,415,3
25736,1792,399,1
25737,2268,472,4
25738,16079,84,2
25739,2587,112,3
25740,13407,247,3
25741,15026,108,3
25742,15075,198,1
25743,9413,63,1
25744,16056,244,2
25745,8795,488,2
25746,4100,332,1
25747,930,185,3
25748,7452,283,2
25749,9495,120,1
25750,16138,299,3
25751,12738,323,4
25752,17285,456,4
25753,3759,348,3
25754,10573,280,2
25755,10516,328,1
25756,17669,372,1
25757,15013,203,4
25758,924,461,1
25759,18686,80,3
25760,1555,111,2
25761,17843,429,3
25762,6280,405,3
25763,13494,290,3
25764,8430,451,3
25765,2990,252,4
25766,14109,116,2
25767,8131,145,2
25768,15993,56,4
25769,16321,270,1
25770,3529,171,3
25771,15443,53,3
25772,3450,474,2
25773,4904,322,3
25774,345,190,4
25775,14246,262,2
25776,9151,259,2
25777,18697,114,4
25778,13936,402,4
25779,7388,367,4
25780,10562,253,2
25781,10914,314,2
25782,11234,25,2
25783,19909,257,1
25784,1217,466,3
25785,15166,363,1
25786,12078,24,4
25787,5408,140,1
25788,11167,127,3
25789,8020,296,1
25790,5499,468,3
25791,9403,236,1
25792,1530,367,4
25793,13794,251,3
25794,4851,238,1
25795,5283,258,4
25796,10169,291,3
25797,1016,178,4
25798,2626,350,4
25799,13360,108,4
25800,13397,126,3
25801,2449,274,3
25802,6034,361,2
25803,6605,373,1
25804,16093,427,2
25805,14927,120,2
25806,3885,414,2
25807,4675,70,3
25808,18687,45,2
25809,16549,390,3
25810,13086,158,3
25811,7572,341,3
25812,10600,303,4
25813,6854,436,3
25814,4810,309,4
25815,3042,74,3
25816,16994,384,3
25817,2889,356,1
25818,6409,101,1
25819,7405,383,1
25820,7474,324,1
25821,2398,62,4
25822,11642,144,3
25823,4529,211,1
25824,19875,352,1
25825,4930,491,3
25826,13908,210,1
25827,2838,120,3
25828,18099,453,2
25829,10730,443,1
25830,6928,298,4
25831,7846,11,3
25832,16419,480,3
25833,15971,86,2
25834,6498,234,2
25835,11844,495,1
25836,8730,15,2
25837,14300,121,4
25838,2274,227,2
25839,11750,427,3
25840,4056,32,3
25841,404,125,4
25842,5792,415,4
25843,9345,359,4
25844,6399,138,3
25845,886,194,3
25846,16212,452,2
25847,16450,244,4
25848,19571,240,2
25849,13948,488,2
25850,6461,48,3
25851,14983,83,4
25852,4107,482,3
25853,5370,13,3
25854,11804,211,4
25855,3736,392,1
25856,11902,70,2
25857,8210,201,3
25858,298,249,1
25859,6322,74,1
25860,10597,364,4
25861,7626,205,1
25862,12779,135,2
25863,305,442,1
25864,2462,232,2
25865,7108,97,3
25866,17197,440,2
25867,17717,314,4
25868,5175,65,4
25869,869,391,2
25870,9963,217,4
25871,11803,187,1
25872,14802,154,3
25873,17846,24,2
25874,7968,346,4
25875,3447,421,2
25876,8106,332,2
25877,14316,318,4
25878,9178,420,2
25879,2505,230,4
25880,9860,44,4
25881,3793,296,1
25882,13597,401,4
25883,7580,78,2
25884,12485,391,2
25885,17731,36,1
25886,261,183,3
25887,9089,322,3
25888,1171,381,1
25889,4942,201,2
25890,13041,453,2
25891,11705,103,1
25892,13693,198,1
25893,17658,358,4
25894,7585,147,2
25895,8942,435,1
25896,17660,471,3
25897,16278,298,2
25898,11063,106,3
25899,5794,48,2
25900,96,452,2
25901,15319,102,3
25902,12120,89,4
25903,8498,457,3
25904,13661,282,4
25905,10382,256,2
25906,17336,422,4
25907,704,281,2
25908,5842,351,1
25909,11280,225,3
25910,19392,162,1
25911,10884,111,4
25912,2284,365,1
25913,7881,301,3
25914,3635,343,1
25915,12326,130,2
25916,14314,402,2
25917,5868,436,4
25918,15836,119,1
25919,19129,62,1
25920,5827,477,1
25921,2392,5,4
25922,8014,56,1
25923,7100,192,4
25924,11516,396,1
25925,18876,410,1
25926,10164,24,4
25927,16814,156,2
25928,13047,85,2
25929,12995,346,2
25930,6280,3,1
25931,7220,417,2
25932,15796,390,4
25933,5558,449,1
25934,8567,371,4
25935,15319,238,4
25936,13935,88,2
25937,5456,296,1
25938,11785,177,1
25939,6487,488,4
25940,16257,121,1
25941,6913,104,1
25942,17728,435,1
25943,8864,80,1
25944,1440,339,1
25945,6717,402,1
25946,12354,330,1
25947,11385,180,2
25948,13,122,2
25949,12913,306,1
25950,2486,425,1
25951,6865,249,3
25952,2935,258,2
25953,1367,132,4
25954,16525,487,4
25955,8008,228,3
25956,2586,115,1
25957,9895,53,3
25958,14488,202,2
25959,11803,72,1
25960,19053,32,1
25961,5473,57,3
25962,16191,41,4
25963,1694,470,2
25964,18149,286,3
25965,3054,383,3
25966,10597,392,3
25967,11590,140,1
25968,1193,472,3
25969,9618,268,3
25970,2750,3,2
25971,6653,142,4
25972,16236,173,1
25973,17055,134,2
25974,9268,219,2
25975,10622,438,4
25976,6778,44,4
25977,3231,14,2
25978,7178,439,2
25979,15346,310,2
25980,16719,446,2
25981,5440,489,2
25982,12567,328,2
25983,16805,359,4
25984,3974,456,1
25985,6640,404,2
25986,9930,332,1
25987,18416,188,2
25988,10917,238,3
25989,2504,456,2
25990,4491,302,4
25991,3461,382,1
25992,11136,497,1
25993,10551,387,2
25994,18071,216,2
25995,13206,11,1
25996,4714,324,1
25997,12218,202,2
25998,1796,446,2
25999,9751,210,4
26000,2181,123,1
26001,15980,449,3
26002,10466,65,1
26003,3520,94,4
26004,5069,215,2
26005,4627,45,2
26006,11656,500,1
26007,4773,224,3
26008,11195,477,3
26009,19266,145,1
26010,2358,333,2
26011,19779,323,2
26012,2502,310,3
26013,8790,251,3
26014,15453,209,2
26015,9129,248,4
26016,13286,47,2
26017,814,204,1
26018,549,302,4
26019,13372,288,3
26020,5385,348,1
26021,9857,450,4
26022,10581,452,1
26023,12926,289,1
26024,16783,474,1
26025,2984,39,1
26026,4623,100,2
26027,16318,100,3
26028,1542,407,4
26029,7394,205,3
26030,11385,458,3
26031,9984,397,2
26032,8683,98,2
26033,12579,253,1
26034,12710,422,3
26035,3162,423,1
26036,9936,383,2
26037,12352,451,3
26038,12157,14,3
26039,15582,148,2
26040,2665,141,3
26041,1429,294,2
26042,5599,108,1
26043,9701,375,2
26044,15329,439,4
26045,13992,271,4
26046,163,260,2
26047,7749,445,4
26048,2853,87,4
26049,3543,385,3
26050,11788,17,1
26051,7207,193,1
26052,11770,233,4
26053,10123,158,3
26054,794,264,2
26055,10643,56,1
26056,18941,152,3
26057,12374,251,1
26058,17425,273,1
26059,106,38,4
26060,17270,122,4
26061,16276,373,3
26062,14020,194,4
26063,476,330,3
26064,11091,35,1
26065,12960,73,3
26066,5870,438,2
26067,1878,113,3
26068,6398,176,2
26069,5703,420,4
26070,13007,469,2
26071,6060,31,1
26072,11905,337,2
26073,3018,209,3
26074,19495,323,4
26075,13537,118,3
26076,1995,374,4
26077,8134,325,1
26078,5944,347,1
26079,1631,174,4
26080,2559,363,1
26081,6475,160,3
26082,3914,373,1
26083,7483,438,3
26084,13632,228,2
26085,17891,177,4
26086,16783,411,4
26087,566,355,3
26088,11479,430,2
26089,8133,236,4
26090,12145,6,4
26091,10500,246,4
26092,12117,273,1
26093,4472,98,2
26094,2442,375,3
26095,11146,104,2
26096,5915,442,4
26097,13890,396,4
26098,6302,99,3
26099,7969,336,4
26100,4490,320,2
26101,6198,393,2
26102,16915,199,3
26103,18473,161,1
26104,7472,174,4
26105,12532,394,4
26106,7131,471,2
26107,4928,277,4
26108,1837,35,4
26109,16087,351,2
26110,2266,499,3
26111,17955,410,1
26112,3861,263,2
26113,18591,49,2
26114,12216,65,4
26115,10059,135,1
26116,12763,315,2
26117,6280,150,4
26118,4517,304,3
26119,2589,157,1
26120,2705,267,4
26121,18740,405,2
26122,7527,65,1
26123,10468,488,1
26124,12532,33,1
26125,8288,59,1
26126,1422,440,2
26127,17318,427,3
26128,18622,378,2
26129,4228,238,2
26130,17437,483,2
26131,19752,39,2
26132,10553,101,2
26133,7387,350,2
26134,15666,48,3
26135,17622,82,1
26136,616,107,2
26137,2423,456,3
26138,733,269,4
26139,11399,448,4
26140,15584,264,1
26141,1187,260,1
26142,3168,89,4
26143,13980,460,4
26144,2556,359,4
26145,15411,483,4
26146,3077,4,1
26147,5594,496,4
26148,19657,351,4
26149,13505,380,2
26150,14684,408,1
26151,2239,341,1
26152,8939,262,2
26153,11146,228,3
26154,15201,100,3
26155,19443,221,2
26156,19778,301,3
26157,7170,351,1
26158,9939,108,3
26159,12682,322,4
26160,7541,353,1
26161,1748,432,2
26162,1716,146,4
26163,3738,475,1
26164,5551,485,1
26165,18480,420,4
26166,2865,343,2
26167,10039,11,4
26168,2742,187,1
26169,966,486,1
26170,13293,433,3
26171,4829,217,1
26172,4094,491,2
26173,10465,478,2
26174,13756,486,3
26175,13488,269,1
26176,2541,100,4
26177,11796,274,3
26178,1175,358,4
26179,19915,344,4
26180,6008,187,3
26181,9567,400,3
26182,6776,385,3
26183,5703,208,3
26184,6631,101,1
26185,13920,104,1
26186,12976,351,3
26187,8400,1,3
26188,13175,136,1
26189,19667,233,4
26190,6652,295,1
26191,11968,193,3
26192,12021,342,2
26193,14713,367,3
26194,18265,337,4
26195,16989,231,4
26196,5478,268,3
26197,9720,296,2
26198,3235,38,1
26199,6880,20,3
26200,12366,287,3
26201,2581,128,4
26202,1231,68,1
26203,15127,122,2
26204,136,233,2
26205,1107,398,2
26206,2255,258,1
26207,2373,483,1
26208,9404,92,2
26209,5307,434,4
26210,1330,163,2
26211,13228,295,3
26212,16685,386,3
26213,6299,300,3
26214,6228,112,4
26215,5931,109,2
26216,4938,77,2
26217,1440,384,3
26218,12515,13,1
26219,17259,421,3
26220,2658,397,3
26221,18459,485,2
26222,933,168,4
26223,17723,158,4
26224,12359,164,2
26225,17277,139,2
26226,19476,291,4
26227,2652,59,2
26228,4340,170,3
26229,17128,275,1
26230,17981,324,1
26231,17123,171,3
26232,11973,196,2
26233,15817,469,3
26234,15293,271,1
26235,6163,283,2
26236,5720,293,4
26237,5616,316,4
26238,9368,71,4
26239,16721,152,4
26240,3734,316,4
26241,4415,338,1
26242,910,311,2
26243,19933,344,1
26244,5047,331,1
26245,18449,289,2
26246,15854,153,4
26247,18142,258,3
26248,15890,371,1
26249,9704,182,2
26250,8356,75,3
26251,18864,31,4
26252,13596,5,2
26253,4689,141,2
26254,19832,357,2
26255,15674,424,4
26256,8117,53,3
26257,14499,477,3
26258,18082,455,1
26259,7977,389,3
26260,8395,234,3
26261,4951,280,2
26262,18121,225,4
26263,5098,176,1
26264,2736,60,3
26265,641,125,3
26266,914,242,4
26267,18337,108,1
26268,8328,302,3
26269,2630,315,1
26270,7319,383,1
26271,840,142,2
26272,17644,191,3
26273,15606,470,4
26274,19777,344,4
26275,14153,396,3
26276,3253,43,2
26277,6732,66,3
26278,4131,449,2
26279,13587,285,2
26280,5514,476,2
26281,9622,364,1
26282,9988,356,2
26283,6030,67,4
26284,12942,152,3
26285,7103,392,4
26286,4479,85,4
26287,17673,314,4
26288,2780,15,2
26289,16181,471,2
26290,12493,57,4
26291,777,183,2
26292,3420,375,3
26293,995,143,2
26294,14741,494,2
26295,4018,19,2
26296,4168,360,4
26297,17002,52,3
26298,3762,128,1
26299,12710,181,2
26300,2492,136,1
26301,2165,483,1
26302,12595,83,2
26303,16496,179,1
26304,16305,453,1
26305,4759,47,1
26306,11718,388,1
26307,792,369,4
26308,12129,121,3
26309,3554,428,3
26310,129,221,3
26311,16626,374,2
26312,18111,349,3
26313,19681,155,4
26314,16263,203,3
26315,18837,208,4
26316,3276,134,4
26317,16987,210,2
26318,8748,234,2
26319,9121,220,2
26320,4541,224,1
26321,484,470,2
26322,8962,433,4
26323,19367,145,4
26324,15107,380,2
26325,15988,290,4
26326,14456,112,3
26327,8129,409,1
26328,15412,159,3
26329,17911,134,3
26330,13821,443,2
26331,5642,420,1
26332,16269,121,1
26333,11147,150,1
26334,2295,254,3
26335,1488,175,3
26336,17827,121,4
26337,1217,103,3
26338,10505,70,1
26339,3710,1,1
26340,10117,479,3
26341,12793,260,1
26342,1984,346,4
26343,6403,238,4
26344,19974,162,4
26345,18541,106,1
26346,494,499,2
26347,7764,447,4
26348,10692,410,4
26349,5794,206,2
26350,19440,5,2
26351,16282,12,1
26352,4316,485,1
26353,17885,310,1
26354,18660,126,1
26355,18408,48,3
26356,18445,280,2
26357,12725,481,4
26358,7153,152,4
26359,3988,149,3
26360,14637,260,1
26361,7595,454,4
26362,4766,413,2
26363,10091,47,1
26364,2128,354,1
26365,12171,459,1
26366,9400,40,3
26367,17729,195,2
26368,18940,316,3
26369,2900,153,1
26370,11840,181,3
26371,17519,173,2
26372,12381,43,4
26373,7631,198,2
26374,7465,283,2
26375,5598,42,3
26376,13483,422,1
26377,4013,489,2
26378,4386,142,4
26379,7545,303,4
26380,16334,312,4
26381,17302,282,3
26382,18314,401,1
26383,1469,228,2
26384,18995,365,3
26385,17750,348,3
26386,12100,194,1
26387,11633,431,2
26388,14867,309,2
26389,2635,310,1
26390,14971,429,1
26391,16479,445,1
26392,17705,49,1
26393,4535,134,3
26394,14886,272,1
26395,3532,153,2
26396,8687,271,3
26397,3109,310,3
26398,5313,431,1
26399,19931,192,1
26400,15267,433,3
26401,19347,330,2
26402,12163,281,1
26403,19313,145,4
26404,6076,143,4
26405,2559,174,3
26406,3680,201,2
26407,4799,123,2
26408,6926,185,3
26409,10921,205,3
26410,3493,471,2
26411,15992,19,4
26412,1849,186,2
26413,11658,402,1
26414,7759,280,2
26415,8927,322,3
26416,2969,433,1
26417,8510,342,3
26418,18015,318,4
26419,7463,389,4
26420,15147,404,3
26421,16790,333,4
26422,5991,241,1
26423,16869,210,3
26424,4574,68,4
26425,3549,395,2
26426,8662,437,2
26427,3162,256,1
26428,9462,68,1
26429,19395,231,2
26430,9298,340,3
26431,7251,439,1
26432,9137,91,1
26433,14119,344,4
26434,9627,369,4
26435,13266,10,4
26436,18880,304,3
26437,5152,247,3
26438,13334,383,2
26439,188,452,3
26440,3160,475,3
26441,9674,59,2
26442,16187,45,2
26443,19298,168,3
26444,18357,486,3
26445,6978,253,1
26446,17768,69,2
26447,18708,52,2
26448,19488,164,1
26449,16772,29,2
26450,17521,234,3
26451,14319,36,2
26452,17194,266,1
26453,6935,491,1
26454,15655,353,4
26455,2285,205,3
26456,11218,441,4
26457,16705,407,2
26458,5089,454,2
26459,15734,355,2
26460,16441,322,1
26461,18057,147,3
26462,14898,256,2
26463,12174,251,1
26464,16879,460,3
26465,3516,417,1
26466,1647,178,1
26467,17088,145,1
26468,1850,127,4
26469,7952,349,1
26470,3309,413,3
26471,12594,275,2
26472,11983,350,4
26473,10720,262,1
26474,16000,339,2
26475,5770,9,3
26476,12865,439,2
26477,18493,190,1
26478,9258,171,4
26479,2284,127,2
26480,18597,275,4
26481,9184,403,3
26482,7951,17,3
26483,13966,29,1
26484,19974,214,1
26485,8037,177,1
26486,6141,177,2
26487,7327,1,2
26488,7304,456,3
26489,10955,216,3
26490,3205,77,1
26491,16207,132,4
26492,18732,159,1
26493,11108,344,3
26494,16271,471,2
26495,2652,139,1
26496,18058,99,3
26497,16683,439,3
26498,381,33,4
26499,12953,82,2
26500,18052,295,3
26501,4669,460,1
26502,12549,335,1
26503,3657,93,2
26504,17833,315,2
26505,4964,417,3
26506,935,246,4
26507,16593,336,3
26508,10992,420,2
26509,5558,10,1
26510,4779,245,4
26511,3310,195,2
26512,10143,415,2
26513,15255,261,2
26514,10745,151,2
26515,14466,75,1
26516,15988,164,3
26517,7994,281,1
26518,13356,138,2
26519,15569,236,1
26520,5977,121,2
26521,12934,442,1
26522,4362,330,2
26523,11641,4,3
26524,11130,69,3
26525,15679,189,4
26526,13617,170,4
26527,17316,134,4
26528,610,6,2
26529,1453,207,1
26530,5997,37,2
26531,6181,288,1
26532,1160,431,3
26533,4488,126,3
26534,12960,467,2
26535,10963,176,4
26536,1504,210,1
26537,3940,38,4
26538,974,7,1
26539,4180,176,2
26540,11542,499,4
26541,12183,34,3
26542,13994,426,1
26543,13983,142,1
26544,15041,251,2
26545,12046,259,2
26546,18212,314,2
26547,11400,101,1
26548,15897,327,1
26549,19983,324,1
26550,13923,244,3
26551,2072,34,3
26552,6183,387,4
26553,6054,227,4
26554,12833,97,2
26555,7828,55,4
26556,517,162,3
26557,1871,423,4
26558,8463,49,3
26559,11785,403,3
26560,609,315,2
26561,16484,449,3
26562,1069,445,4
26563,6783,374,4
26564,8258,61,2
26565,9614,184,2
26566,8983,42,2
26567,17819,255,3
26568,11008,147,3
26569,14136,380,3
26570,16989,449,4
26571,15658,129,1
26572,10987,412,4
26573,18198,186,1
26574,4514,281,4
26575,7891,24,2
26576,13293,294,1
26577,13767,11,3
26578,19839,97,3
26579,1446,48,1
26580,8902,258,1
26581,418,340,4
26582,16235,495,3
26583,13040,151,3
26584,15365,375,3
26585,9418,265,3
26586,12813,353,3
26587,15493,98,4
26588,5711,100,3
26589,8544,299,1
26590,11077,142,3
26591,932,170,2
26592,2263,73,1
26593,1731,364,1
26594,19496,406,4
26595,10687,497,1
26596,16016,230,4
26597,4390,39,2
26598,5920,174,4
26599,6159,499,4
26600,6149,61,4
26601,5239,97,1
26602,6633,456,1
26603,9585,161,4
26604,19449,480,1
26605,5039,245,3
26606,886,375,2
26607,8479,358,3
26608,6232,286,3
26609,5797,139,1
26610,5271,196,4
26611,1760,33,3
26612,2408,331,1
26613,16155,426,4
26614,17959,421,2
26615,12721,368,4
26616,7013,320,2
26617,4405,290,1
26618,19490,8,2
26619,14175,65,2
26620,3990,290,1
26621,171,442,1
26622,11842,279,3
26623,6615,462,3
26624,5150,34,3
26625,2548,436,4
26626,6887,219,1
26627,14109,277,3
26628,10929,15,3
26629,17119,207,1
26630,9668,82,2
26631,541,195,1
26632,7710,463,4
26633,8753,283,2
26634,11754,248,3
26635,17475,497,2
26636,5585,107,1
26637,4805,387,1
26638,11116,459,2
26639,8178,213,1
26640,10838,94,1
26641,8633,434,2
26642,10958,82,2
26643,19349,376,4
26644,7566,295,2
26645,15466,45,3
26646,18608,481,2
26647,1308,266,2
26648,9419,365,4
26649,19019,78,2
26650,3532,456,1
26651,11369,95,2
26652,6165,478,3
26653,7802,372,2
26654,689,197,4
26655,15824,420,2
26656,12389,200,1
26657,13968,367,4
26658,18860,261,1
26659,13998,342,4
26660,5913,284,3
26661,3803,297,1
26662,11758,256,1
26663,19380,270,2
26664,4798,187,4
26665,7948,484,4
26666,8212,89,3
26667,19118,132,2
26668,1600,271,2
26669,15301,494,3
26670,14,382,1
26671,15468,403,1
26672,11343,246,1
26673,9089,121,1
26674,3659,166,3
26675,9075,112,4
26676,986,467,3
26677,12372,225,1
26678,804,71,1
26679,16363,145,1
26680,15498,93,2
26681,10257,388,3
26682,10257,188,1
26683,10371,247,2
26684,12819,208,4
26685,35,146,1
26686,10536,481,3
26687,8780,457,2
26688,18677,30,3
26689,5097,9,3
26690,3756,365,2
26691,15647,278,1
26692,14930,166,4
26693,9587,371,3
26694,14536,296,4
26695,10247,456,4
26696,3200,249,4
26697,3123,278,1
26698,12052,255,4
26699,13080,348,1
26700,7012,331,1
26701,19526,312,3
26702,19785,394,3
26703,6908,256,1
26704,8253,425,3
26705,12177,42,4
26706,15925,285,3
26707,13407,28,4
26708,467,134,3
26709,12203,360,1
26710,17369,190,4
26711,14603,318,1
26712,19704,11,2
26713,17514,123,2
26714,11519,374,4
26715,11065,347,1
26716,9655,134,1
26717,3076,117,3
26718,8791,376,4
26719,5618,419,2
26720,10998,132,4
26721,10160,204,2
26722,4960,353,3
26723,9934,4,1
26724,3562,12,1
26725,8251,430,3
26726,649,333,3
26727,10665,86,1
26728,11600,183,4
26729,14603,211,3
26730,2195,101,4
26731,13998,133,3
26732,11795,64,1
26733,14147,111,1
26734,1065,316,3
26735,4975,160,1
26736,10659,341,3
26737,10613,386,4
26738,10070,227,1
26739,19399,426,1
26740,17510,451,4
26741,11402,17,2
26742,18280,329,3
26743,15051,291,2
26744,10495,286,1
26745,19594,108,3
26746,15902,424,4
26747,7535,134,3
26748,4497,89,4
26749,9480,373,1
26750,3822,216,4
26751,12182,285,2
26752,19371,20,1
26753,4061,204,1
26754,1082,94,3
26755,1060,106,2
26756,10176,333,1
26757,2804,326,1
26758,9020,115,1
26759,18603,234,2
26760,5631,281,4
26761,19955,144,3
26762,17853,264,2
26763,17107,110,3
26764,16494,371,2
26765,15850,248,1
26766,13351,80,1
26767,14479,450,3
26768,19897,468,3
26769,18833,83,2
26770,10401,316,4
26771,13245,177,4
26772,17434,79,2
26773,2350,93,2
26774,3163,144,4
26775,10441,27,2
26776,6200,444,3
26777,16761,317,2
26778,2953,481,1
26779,1825,91,4
26780,11381,427,4
26781,8229,442,3
26782,19972,273,2
26783,1732,149,3
26784,3083,10,4
26785,718,166,1
26786,8189,399,1
26787,3039,250,3
26788,14874,441,4
26789,9207,8,3
26790,13762,185,3
26791,8596,389,4
26792,16620,86,3
26793,17182,248,3
26794,14607,263,4
26795,8885,377,1
26796,8442,275,1
26797,12353,85,1
26798,19098,387,2
26799,4939,293,4
26800,7571,135,1
26801,2733,24,1
26802,15901,422,1
26803,12280,140,2
26804,15560,139,4
26805,19994,21,2
26806,7322,359,1
26807,6192,169,2
26808,19308,54,2
26809,8058,284,4
26810,1270,31,1
26811,564,60,2
26812,19022,243,2
26813,13586,278,3
26814,11712,278,4
26815,8437,326,3
26816,15877,347,2
26817,7563,204,1
26818,16378,259,1
26819,18838,255,2
26820,4500,229,2
26821,10408,32,2
26822,2183,75,4
26823,1500,146,3
26824,4209,424,2
26825,14550,7,2
26826,8206,214,4
26827,19646,390,2
26828,4723,388,3
26829,11097,74,1
26830,8937,320,2
26831,18158,353,4
26832,3507,293,4
26833,4809,237,3
26834,9872,297,2
26835,12751,121,1
26836,5915,66,2
26837,3519,439,2
26838,1393,416,3
26839,19339,415,4
26840,14703,115,1
26841,8346,376,3
26842,12983,435,2
26843,14090,469,2
26844,17218,292,3
26845,14177,74,4
26846,18519,397,3
26847,6844,236,1
26848,1206,94,3
26849,5809,406,1
26850,3526,6,3
26851,13550,5,2
26852,7692,55,4
26853,9642,272,3
26854,8789,367,1
26855,9006,24,4
26856,5966,293,2
26857,2325,399,3
26858,15195,170,4
26859,1088,107,4
26860,1405,296,2
26861,5517,273,2
26862,16846,231,1
26863,5262,245,1
26864,15213,68,2
26865,3608,284,2
26866,9921,114,1
26867,19461,233,2
26868,5700,294,2
26869,11937,36,3
26870,17183,189,3
26871,5332,311,1
26872,16287,409,4
26873,18641,47,2
26874,13518,74,1
26875,1805,101,1
26876,10098,41,3
26877,9170,327,4
26878,18923,133,1
26879,15233,496,4
26880,10757,419,4
26881,6798,426,2
26882,19297,300,1
26883,8666,395,2
26884,692,425,4
26885,17936,358,1
26886,619,496,4
26887,14162,33,1
26888,19131,354,2
26889,10330,197,4
26890,16099,127,4
26891,11713,6,2
26892,10576,105,1
26893,14733,50,1
26894,12853,349,1
26895,3099,361,4
26896,7126,359,4
26897,5146,181,3
26898,1863,42,3
26899,1663,500,3
26900,16767,454,3
26901,11129,98,3
26902,9876,360,4
26903,11915,32,2
26904,14762,33,4
26905,19390,326,4
26906,12961,18,1
26907,18427,218,1
26908,19656,263,4
26909,12667,126,4
26910,8171,268,1
26911,7688,437,2
26912,6524,40,1
26913,7934,64,4
26914,16813,473,4
26915,1911,13,4
26916,3327,458,2
26917,17234,154,1
26918,1089,261,1
26919,8366,55,4
26920,15349,267,1
26921,16077,290,4
26922,4735,172,4
26923,3375,172,3
26924,1376,248,3
26925,1977,350,4
26926,7252,309,2
26927,17145,88,3
26928,7288,23,3
26929,7408,282,1
26930,19044,341,3
26931,10431,96,3
26932,13325,285,3
26933,12885,15,4
26934,9359,397,2
26935,3172,39,2
26936,4032,384,2
26937,6838,314,2
26938,4959,184,1
26939,14346,247,1
26940,7178,309,3
26941,5899,285,3
26942,2414,431,4
26943,7073,275,1
26944,7136,46,3
26945,5766,397,1
26946,19715,308,3
26947,14784,402,4
26948,12754,439,4
26949,8748,224,4
26950,18199,256,2
26951,11589,230,4
26952,9326,95,4
26953,15177,102,2
26954,14069,272,1
26955,8789,285,2
26956,8642,113,1
26957,14973,396,1
26958,803,335,3
26959,12654,400,2
26960,13037,210,4
26961,4698,221,2
26962,12079,240,3
26963,2847,186,3
26964,15085,121,3
26965,19466,306,4
26966,16031,144,1
26967,4536,26,3
26968,11912,310,1
26969,11908,52,1
26970,8909,112,2
26971,6617,453,1
26972,903,424,4
26973,5311,61,4
26974,9113,236,1
26975,4462,98,1
26976,16850,450,2
26977,6309,488,4
26978,2253,224,3
26979,12459,335,2
26980,5239,488,1
26981,11922,483,1
26982,9315,209,1
26983,6208,311,4
26984,15816,297,1
26985,15961,120,4
26986,6704,133,4
26987,13754,158,1
26988,18556,351,4
26989,4062,139,2
26990,1253,293,3
26991,729,56,4
26992,7936,169,3
26993,6665,23,4
26994,9023,236,4
26995,18517,494,3
26996,11282,275,1
26997,10136,227,1
26998,15676,162,2
26999,8470,354,4
27000,17372,219,3
27001,19088,403,4
27002,16806,138,1
27003,16807,168,4
27004,13728,362,4
27005,18337,304,3
27006,9564,57,1
27007,7410,271,3
27008,19379,219,4
27009,4823,179,4
27010,10763,267,2
27011,18045,493,1
27012,3493,397,1
27013,2520,199,2
27014,8324,275,2
27015,1559,329,4
27016,2760,219,4
27017,10867,414,2
27018,4946,68,4
27019,18929,387,2
27020,2286,399,1
27021,6983,496,1
27022,1074,401,4
27023,19807,452,3
27024,3581,104,1
27025,17834,309,2
27026,18549,69,4
27027,5084,352,3
27028,5082,363,2
27029,14472,452,4
27030,6453,276,1
27031,7859,215,4
27032,8967,387,2
27033,10772,57,3
27034,7233,82,3
27035,12870,53,1
27036,2367,92,3
27037,9549,465,4
27038,17764,13,4
27039,12504,440,2
27040,12877,361,4
27041,13814,200,1
27042,13691,262,4
27043,18718,372,4
27044,15935,257,3
27045,6764,494,3
27046,11190,412,2
27047,8554,324,2
27048,8103,344,1
27049,19728,312,3
27050,8561,333,3
27051,6409,171,2
27052,4901,391,2
27053,8200,455,3
27054,2148,361,3
27055,4015,181,3
27056,16212,113,2
27057,18281,232,3
27058,13763,403,1
27059,5674,77,2
27060,9759,158,2
27061,15002,96,1
27062,6370,113,4
27063,6819,26,3
27064,1489,454,3
27065,16904,205,3
27066,16147,339,3
27067,919,500,2
27068,12713,479,4
27069,9246,451,4
27070,8734,52,4
27071,9259,117,3
27072,19717,460,1
27073,18389,85,2
27074,18553,428,1
27075,14191,397,1
27076,8662,2,2
27077,3761,94,1
27078,3914,245,4
27079,14270,450,1
27080,3506,88,1
27081,15418,96,3
27082,19827,279,2
27083,2458,11,3
27084,5728,113,3
27085,16031,192,4
27086,13994,348,3
27087,8562,472,1
27088,3786,204,3
27089,3475,311,2
27090,14907,247,2
27091,6296,150,4
27092,13991,284,3
27093,1156,366,4
27094,14780,156,3
27095,17503,303,1
27096,3324,48,3
27097,347,356,4
27098,15664,87,1
27099,5528,8,2
27100,4137,239,3
27101,18687,147,2
27102,8637,332,3
27103,16402,299,4
27104,2383,15,2
27105,2022,96,4
27106,5595,401,3
27107,16792,431,4
27108,17331,167,4
27109,14684,172,3
27110,7186,88,4
27111,13005,378,2
27112,3641,272,2
27113,5804,142,1
27114,18403,286,2
27115,7575,141,1
27116,6252,252,1
27117,5708,245,4
27118,5399,51,3
27119,17141,102,2
27120,10710,286,4
27121,14277,370,2
27122,14351,362,3
27123,6903,31,3
27124,692,189,2
27125,15649,337,3
27126,6631,430,3
27127,15117,371,4
27128,19695,288,2
27129,15150,262,3
27130,9598,233,4
27131,89,424,3
27132,14028,134,2
27133,12459,79,2
27134,4602,277,2
27135,37,228,1
27136,17973,340,1
27137,14275,464,2
27138,17572,205,3
27139,18793,226,2
27140,12408,488,4
27141,13558,67,4
27142,4597,268,1
27143,12473,355,3
27144,7323,475,2
27145,9525,139,4
27146,11923,177,3
27147,588,246,1
27148,18761,310,2
27149,17473,123,1
27150,15155,401,3
27151,2700,160,3
27152,12265,99,2
27153,4819,181,2
27154,1312,20,3
27155,16791,19,2
27156,201,133,1
27157,18453,213,4
27158,17389,465,4
27159,5811,294,4
27160,17345,363,4
27161,14614,7,4
27162,19354,90,4
27163,10645,357,2
27164,16976,453,4
27165,13216,245,3
27166,10396,26,4
27167,3530,111,3
27168,15090,260,2
27169,12418,309,4
27170,19647,69,2
27171,16030,44,4
27172,8201,117,2
27173,5473,433,1
27174,3299,482,4
27175,5970,237,1
27176,6860,203,4
27177,347,272,4
27178,4810,466,4
27179,11404,465,2
27180,3804,484,3
27181,13634,210,3
27182,19486,235,3
27183,8671,44,1
27184,14598,318,3
27185,13794,177,3
27186,11078,272,2
27187,15814,162,2
27188,823,57,3
27189,16309,88,1
27190,7664,257,1
27191,10627,231,1
27192,6014,134,4
27193,13851,309,2
27194,10756,340,4
27195,7037,168,2
27196,9996,355,2
27197,19128,87,4
27198,14256,302,2
27199,15672,243,1
27200,17429,325,3
27201,5764,419,1
27202,5770,321,1
27203,17597,353,1
27204,10475,186,2
27205,15677,489,3
27206,1574,161,2
27207,18443,269,1
27208,6251,177,1
27209,5209,72,1
27210,18754,468,3
27211,15273,82,2
27212,7278,441,4
27213,15841,347,3
27214,3929,397,3
27215,1002,270,2
27216,3128,375,3
27217,19172,422,2
27218,8405,309,2
27219,7204,132,4
27220,11748,23,4
27221,10760,204,3
27222,1925,217,1
27223,16133,69,3
27224,19162,405,1
27225,2510,168,1
27226,10779,80,1
27227,5982,483,2
27228,19914,108,3
27229,8483,485,3
27230,10450,197,3
27231,12361,331,4
27232,6016,469,3
27233,19357,46,1
27234,2559,100,3
27235,15725,383,4
27236,9361,245,1
27237,17498,305,2
27238,12406,482,3
27239,10799,419,1
27240,17130,298,1
27241,783,35,3
27242,7649,249,2
27243,6829,437,2
27244,13477,241,2
27245,8710,495,3
27246,15937,235,4
27247,11020,292,4
27248,11089,235,2
27249,13802,321,3
27250,7083,426,1
27251,15932,394,4
27252,14638,227,3
27253,17094,319,2
27254,18487,260,4
27255,17428,27,3
27256,14595,174,1
27257,7388,245,2
27258,16834,150,4
27259,17214,168,1
27260,10368,82,2
27261,11481,190,3
27262,9398,28,1
27263,17816,289,3
27264,11659,217,1
27265,640,22,3
27266,4382,4,4
27267,19943,229,1
27268,15123,66,2
27269,9251,355,2
27270,18236,301,3
27271,14965,71,1
27272,12649,3,4
27273,11992,343,2
27274,8586,253,3
27275,9034,334,3
27276,18545,324,2
27277,7625,137,1
27278,3304,148,1
27279,9709,372,3
27280,6899,186,4
27281,18142,98,3
27282,17273,38,3
27283,17872,370,2
27284,364,259,4
27285,10103,121,4
27286,6869,315,2
27287,9920,267,1
27288,5100,365,1
27289,14002,157,1
27290,1424,201,2
27291,10390,116,4
27292,15911,409,3
27293,8117,360,3
27294,2773,164,3
27295,8953,286,2
27296,43,83,2
27297,6349,256,1
27298,3964,431,1
27299,3358,70,2
27300,19754,308,2
27301,10263,55,2
27302,6850,230,3
27303,15916,278,4
27304,3001,297,3
27305,855,259,3
27306,12499,264,3
27307,14229,273,2
27308,5903,412,3
27309,3113,378,3
27310,7215,267,4
27311,14373,212,1
27312,7987,10,4
27313,3935,55,2
27314,6771,137,2
27315,9879,187,2
27316,17123,102,2
27317,2359,282,4
27318,17567,124,1
27319,8835,216,1
27320,2830,200,1
27321,12320,235,1
27322,4841,106,3
27323,15825,387,1
27324,14549,72,1
27325,14918,2,3
27326,15552,220,4
27327,2637,452,4
27328,3717,158,1
27329,18120,458,3
27330,1275,430,2
27331,8883,315,1
27332,12279,298,2
27333,10184,237,4
27334,12541,40,1
27335,8457,11,3
27336,16118,48,2
27337,8452,242,4
27338,16619,436,1
27339,11307,73,2
27340,16062,106,3
27341,17272,34,2
27342,3789,422,4
27343,5515,286,2
27344,6163,133,4
27345,16211,28,3
27346,2150,271,1
27347,17998,6,2
27348,11353,495,4
27349,5627,486,2
27350,16582,109,1
27351,3640,144,3
27352,8974,188,3
27353,19440,482,2
27354,11148,63,4
27355,8514,138,2
27356,1717,192,1
27357,15194,161,4
27358,6820,385,2
27359,7222,312,3
27360,1888,346,3
27361,476,205,4
27362,18238,68,1
27363,103,19,3
27364,4335,391,2
27365,9877,288,3
27366,19008,352,3
27367,17564,3,2
27368,10155,42,4
27369,14585,119,1
27370,8190,81,3
27371,18373,437,4
27372,13820,258,4
27373,7423,393,4
27374,11461,51,4
27375,17277,118,2
27376,1515,241,4
27377,14040,5,4
27378,13599,79,3
27379,1307,499,2
27380,18007,51,4
27381,13,60,1
27382,8443,313,1
27383,13361,265,3
27384,7792,261,3
27385,11033,458,3
27386,19153,291,2
27387,2726,228,1
27388,1964,464,3
27389,3741,339,4
27390,6348,259,3
27391,8073,491,1
27392,13174,286,3
27393,15753,354,4
27394,12329,396,4
27395,10249,17,2
27396,18383,311,4
27397,829,99,1
27398,137,7,4
27399,11843,25,4
27400,10938,196,3
27401,6222,330,3
27402,1338,478,4
27403,11774,73,3
27404,11758,343,2
27405,495,266,1
27406,15034,278,1
27407,14119,144,3
27408,9877,265,2
27409,14918,167,2
27410,2672,483,4
27411,15774,267,2
27412,5083,377,1
27413,4432,3,2
27414,113,388,1
27415,11532,92,4
27416,8988,9,4
27417,10533,80,3
27418,17284,241,1
27419,14532,400,3
27420,8666,147,2
27421,15382,167,3
27422,10469,65,1
27423,17047,421,3
27424,13234,474,3
27425,5662,452,1
27426,12106,256,4
27427,19607,412,1
27428,34,286,4
27429,10614,166,2
27430,13123,190,2
27431,1858,396,3
27432,9332,496,4
27433,7798,489,2
27434,11406,97,2
27435,18271,167,3
27436,16335,439,2
27437,11943,54,4
27438,14316,448,2
27439,16707,325,3
27440,13627,44,4
27441,17809,121,2
27442,12916,241,3
27443,4175,452,4
27444,16614,150,4
27445,9690,393,3
27446,11006,114,4
27447,11328,87,3
27448,1507,342,2
27449,14076,445,2
27450,9679,247,3
27451,14638,291,4
27452,11735,408,2
27453,12716,163,2
27454,10427,177,3
27455,5451,351,2
27456,19359,60,3
27457,2478,171,1
27458,15634,403,3
27459,8421,304,4
27460,5477,140,3
27461,6367,457,2
27462,4211,452,3
27463,9396,246,2
27464,3792,157,3
27465,10396,145,2
27466,5006,212,1
27467,6044,192,4
27468,16811,219,3
27469,5624,45,1
27470,12594,123,3
27471,281,237,3
27472,7072,311,3
27473,19561,259,1
27474,6416,240,1
27475,2429,499,1
27476,7260,300,2
27477,11942,177,1
27478,15496,87,1
27479,19705,329,1
27480,3597,325,3
27481,8352,460,1
27482,19874,134,2
27483,18707,382,4
27484,10088,452,4
27485,537,480,3
27486,8420,194,1
27487,8095,160,3
27488,14562,467,1
27489,12585,118,2
27490,12777,156,1
27491,4027,309,3
27492,895,255,1
27493,17035,245,3
27494,472,52,4
27495,17659,275,4
27496,18163,174,4
27497,7297,46,4
27498,14769,119,3
27499,6575,339,2
27500,12095,457,1
27501,19810,6,1
27502,8219,303,1
27503,10950,239,3
27504,2120,82,4
27505,6305,19,4
27506,17865,270,2
27507,16334,223,2
27508,16967,104,2
27509,15674,307,4
27510,650,455,3
27511,8875,325,4
27512,9492,235,4
27513,314,415,3
27514,86,471,1
27515,9787,214,4
27516,15417,48,4
27517,1934,136,2
27518,9500,294,1
27519,12624,54,1
27520,1603,112,2
27521,6859,455,4
27522,1924,132,1
27523,8327,208,1
27524,6293,238,3
27525,12184,167,1
27526,12468,268,2
27527,9528,140,4
27528,11490,70,4
27529,10366,395,3
27530,8852,361,2
27531,10364,30,1
27532,7112,121,1
27533,4680,301,2
27534,16207,398,2
27535,7912,317,1
27536,15611,158,3
27537,14243,59,4
27538,9250,44,1
27539,2563,205,4
27540,12009,194,4
27541,10316,384,3
27542,8971,44,1
27543,1588,228,2
27544,17864,27,4
27545,6984,208,2
27546,9672,466,1
27547,17902,416,2
27548,10156,388,4
27549,5606,246,1
27550,13103,249,2
27551,14593,379,1
27552,3393,291,1
27553,2715,461,4
27554,6035,409,1
27555,12417,132,4
27556,1484,330,2
27557,1645,304,3
27558,9584,337,4
27559,17985,366,2
27560,14697,382,1
27561,18180,355,4
27562,18900,456,2
27563,4877,470,3
27564,4375,212,2
27565,6941,312,1
27566,13184,119,4
27567,5718,461,1
27568,6790,198,3
27569,1659,372,4
27570,19342,472,4
27571,8084,395,1
27572,2015,287,3
27573,531,387,4
27574,17364,39,4
27575,6694,480,3
27576,5557,121,1
27577,12389,10,3
27578,13389,296,3
27579,17277,201,1
27580,18372,441,1
27581,5625,283,1
27582,10247,139,4
27583,9647,177,4
27584,19033,455,2
27585,1150,364,1
27586,3121,442,4
27587,7084,185,1
27588,16852,491,3
27589,11329,327,3
27590,9450,359,1
27591,13334,48,3
27592,6410,231,2
27593,5086,52,3
27594,15651,357,4
27595,11557,119,4
27596,16027,317,3
27597,10427,331,1
27598,6720,98,3
27599,12458,229,4
27600,14983,171,2
27601,4105,386,1
27602,13907,407,3
27603,5659,265,3
27604,6303,164,3
27605,16773,59,4
27606,16874,3,3
27607,13436,253,2
27608,6256,197,4
27609,5597,499,4
27610,144,463,1
27611,19493,298,4
27612,8773,292,2
27613,19992,391,3
27614,15848,248,4
27615,2498,386,4
27616,7996,77,1
27617,9168,258,2
27618,16761,337,3
27619,16031,367,2
27620,8749,91,4
27621,4122,229,3
27622,6845,396,3
27623,10102,235,3
27624,5906,324,3
27625,10994,128,4
27626,13001,277,4
27627,3274,333,2
27628,6964,457,1
27629,6972,41,3
27630,16143,349,4
27631,17184,205,1
27632,4487,158,1
27633,18751,252,3
27634,17901,324,1
27635,19718,212,2
27636,13849,323,2
27637,6326,30,4
27638,10272,95,4
27639,16766,166,1
27640,2961,280,1
27641,9809,434,3
27642,17505,179,4
27643,7851,71,2
27644,9390,381,4
27645,4777,392,3
27646,4653,93,2
27647,17948,320,2
27648,6297,235,3
27649,1718,157,4
27650,7134,448,2
27651,8643,235,2
27652,2751,254,2
27653,15006,315,4
27654,5628,423,1
27655,15291,287,2
27656,18829,127,1
27657,18735,214,1
27658,14196,263,2
27659,2006,435,1
27660,14962,393,2
27661,17320,89,3
27662,14269,386,4
27663,10677,408,4
27664,12371,351,2
27665,15732,368,3
27666,17468,194,4
27667,1408,136,1
27668,18985,387,2
27669,19029,420,1
27670,8234,263,1
27671,3352,390,4
27672,598,472,2
27673,10890,159,1
27674,3648,210,2
27675,12877,183,2
27676,19368,212,1
27677,8303,105,3
27678,13215,58,3
27679,1432,133,4
27680,10278,377,4
27681,10196,155,3
27682,5117,91,1
27683,9802,140,3
27684,11190,382,2
27685,15778,21,4
27686,1365,314,2
27687,15367,275,3
27688,8687,423,4
27689,111,32,1
27690,11250,93,1
27691,5619,205,1
27692,12846,155,1
27693,8509,341,4
27694,19273,98,1
27695,17404,279,1
27696,2940,275,2
27697,3748,41,2
27698,348,149,4
27699,10663,340,3
27700,14721,216,4
27701,14620,370,3
27702,41,412,4
27703,4979,266,4
27704,13517,366,2
27705,7932,84,1
27706,6013,64,4
27707,10736,355,2
27708,2756,285,3
27709,6167,72,1
27710,6458,165,1
27711,1139,413,1
27712,5585,50,3
27713,8485,167,2
27714,18568,492,4
27715,12817,425,1
27716,5281,211,1
27717,44,479,4
27718,6250,439,2
27719,11537,124,3
27720,8159,237,1
27721,3951,304,3
27722,16491,235,3
27723,14871,275,4
27724,9556,223,1
27725,5300,361,2
27726,9367,218,1
27727,17759,230,1
27728,19605,237,4
27729,11749,471,4
27730,509,474,4
27731,5551,189,1
27732,884,368,3
27733,3219,496,4
27734,17136,221,2
27735,15870,232,2
27736,6836,406,4
27737,18792,60,4
27738,10625,86,1
27739,15395,256,4
27740,10192,3,3
27741,10222,44,4
27742,14366,18,4
27743,14866,250,4
27744,17721,456,1
27745,4790,28,1
27746,18161,129,3
27747,18598,461,3
27748,10038,180,4
27749,184,149,2
27750,3925,362,3
27751,5252,336,3
27752,11136,287,3
27753,4064,156,3
27754,10635,9,3
27755,10390,430,4
27756,3820,51,4
27757,14883,277,1
27758,11069,101,4
27759,16404,35,3
27760,12304,349,1
27761,14663,83,4
27762,18240,413,1
27763,1524,223,1
27764,14149,196,4
27765,11187,316,2
27766,19093,343,2
27767,14350,260,4
27768,19159,144,4
27769,4908,371,3
27770,11195,213,2
27771,12476,268,1
27772,19746,68,3
27773,12351,103,1
27774,19550,126,1
27775,8374,431,2
27776,12481,36,3
27777,4361,216,2
27778,8070,477,2
27779,6026,242,3
27780,19467,365,2
27781,4257,448,1
27782,10523,11,3
27783,13816,361,4
27784,11043,316,2
27785,16152,38,1
27786,17129,376,2
27787,16858,231,2
27788,12771,324,2
27789,13196,134,4
27790,7582,199,1
27791,5547,218,2
27792,11687,363,2
27793,6003,408,2
27794,14839,422,2
27795,19034,317,2
27796,14508,450,4
27797,4417,188,4
27798,13876,83,3
27799,17146,304,4
27800,610,25,1
27801,16879,358,2
27802,8133,332,1
27803,14654,298,3
27804,16606,203,2
27805,6314,469,2
27806,13413,38,2
27807,1722,324,1
27808,3055,449,4
27809,15781,325,3
27810,14368,4,1
27811,18429,436,4
27812,3900,81,3
27813,10855,187,2
27814,19288,245,2
27815,15700,482,4
27816,10736,54,2
27817,5241,119,2
27818,3335,427,4
27819,3998,250,4
27820,10994,390,3
27821,16132,170,1
27822,4207,41,2
27823,7014,128,2
27824,5442,486,2
27825,8545,361,4
27826,14892,282,4
27827,6449,132,2
27828,18597,67,3
27829,6681,306,2
27830,14611,338,3
27831,16396,198,1
27832,8257,94,4
27833,16964,417,3
27834,3582,328,2
27835,18847,416,1
27836,8969,207,4
27837,6217,343,2
27838,3987,70,4
27839,13796,315,4
27840,5722,312,3
27841,11196,226,4
27842,12937,258,1
27843,3085,445,4
27844,4042,188,2
27845,13802,55,1
27846,8169,227,1
27847,17587,156,2
27848,10030,482,1
27849,7899,402,1
27850,2765,240,2
27851,16170,421,3
27852,6039,498,2
27853,5313,109,4
27854,7971,349,4
27855,13844,466,1
27856,9905,374,1
27857,16960,155,2
27858,16544,72,2
27859,17109,211,2
27860,9036,412,2
27861,12225,447,3
27862,19622,500,1
27863,9115,183,1
27864,7972,362,1
27865,790,120,1
27866,14009,139,1
27867,17417,230,3
27868,15298,434,3
27869,2859,367,4
27870,3915,48,4
27871,7017,487,1
27872,15228,278,1
27873,3616,167,2
27874,15601,349,1
27875,7411,257,1
27876,14106,467,4
27877,494,34,3
27878,4123,37,2
27879,1785,500,2
27880,12989,144,3
27881,615,239,1
27882,18677,236,2
27883,11859,361,2
27884,13637,266,1
27885,8697,4,3
27886,4716,136,4
27887,4041,363,2
27888,16890,166,3
27889,13419,345,3
27890,5160,393,3
27891,15618,31,1
27892,15627,413,3
27893,8690,118,4
27894,9644,453,3
27895,12378,414,1
27896,6508,32,4
27897,12045,100,1
27898,10953,493,4
27899,3262,63,1
27900,846,169,3
27901,7127,232,3
27902,2574,98,3
27903,16035,16,1
27904,19344,267,1
27905,16884,88,4
27906,18292,43,1
27907,16750,283,2
27908,1002,18,3
27909,4469,322,2
27910,5042,104,2
27911,12216,470,2
27912,15562,483,3
27913,18966,298,1
27914,616,464,3
27915,9182,74,4
27916,17538,116,1
27917,11650,96,2
27918,16483,288,2
27919,11326,123,3
27920,17024,430,4
27921,6328,183,1
27922,1763,15,1
27923,5866,113,1
27924,15823,247,4
27925,16242,371,2
27926,7620,446,1
27927,12262,334,4
27928,16508,398,1
27929,12514,292,1
27930,118,220,1
27931,18256,250,4
27932,17158,392,3
27933,14412,123,2
27934,39,401,3
27935,538,305,1
27936,7316,309,2
27937,10174,104,3
27938,49,487,2
27939,4962,90,1
27940,406,240,1
27941,17026,384,2
27942,14944,491,1
27943,4140,168,2
27944,17435,129,3
27945,17764,334,2
27946,18048,356,2
27947,1625,424,1
27948,18612,321,4
27949,3187,366,1
27950,73,418,2
27951,1356,335,1
27952,9792,369,3
27953,2694,74,4
27954,13234,259,1
27955,1694,191,3
27956,14189,74,4
27957,17127,41,4
27958,7902,220,3
27959,19146,61,1
27960,3683,188,3
27961,15742,432,3
27962,7521,25,2
27963,17241,133,3
27964,6711,107,2
27965,17655,432,3
27966,2255,201,1
27967,16649,197,1
27968,15193,274,2
27969,16501,231,1
27970,6364,203,4
27971,296,109,1
27972,19182,260,3
27973,1227,313,4
27974,10368,205,3
27975,7357,266,4
27976,11216,271,1
27977,17269,332,2
27978,12141,103,3
27979,200,271,2
27980,19692,211,4
27981,9576,16,3
27982,3977,490,2
27983,11223,299,1
27984,10946,393,3
27985,17287,242,3
27986,15365,488,3
27987,12297,228,1
27988,16837,307,4
27989,13960,62,1
27990,16221,408,3
27991,6247,459,3
27992,13707,68,4
27993,6177,345,4
27994,19482,155,1
27995,4381,96,3
27996,14379,300,4
27997,13648,242,1
27998,18693,63,1
27999,7831,3,1
28000,19658,448,1
28001,10341,141,3
28002,5074,241,1
28003,2915,10,4
28004,3103,434,1
28005,13226,67,1
28006,16489,19,3
28007,11882,58,1
28008,3937,311,2
28009,17419,248,1
28010,12333,240,3
28011,12582,411,3
28012,18749,248,1
28013,1144,350,3
28014,11614,354,1
28015,6508,278,4
28016,6498,68,3
28017,13334,154,4
28018,829,269,1
28019,7035,468,3
28020,10709,125,2
28021,9672,98,3
28022,14117,61,2
28023,12576,272,1
28024,3490,20,1
28025,9372,259,1
28026,15162,445,1
28027,18849,322,4
28028,7096,240,2
28029,5936,79,4
28030,15609,298,4
28031,7065,489,4
28032,18454,310,4
28033,8852,375,2
28034,7245,295,3
28035,5847,334,4
28036,4149,122,4
28037,19284,135,1
28038,7672,204,4
28039,8468,277,1
28040,3660,13,4
28041,6212,48,3
28042,2654,161,4
28043,9909,187,3
28044,2810,87,2
28045,12250,443,3
28046,5992,459,4
28047,1705,223,2
28048,11158,465,3
28049,14613,236,1
28050,8830,16,4
28051,18897,186,1
28052,12078,335,4
28053,18445,303,1
28054,16046,203,4
28055,10056,52,2
28056,8398,165,3
28057,1873,216,4
28058,15445,26,1
28059,10336,310,2
28060,208,458,1
28061,1429,486,4
28062,19899,456,1
28063,15576,471,2
28064,10067,111,2
28065,13379,318,3
28066,1662,135,1
28067,3085,497,3
28068,10521,240,3
28069,1955,65,3
28070,19298,124,1
28071,6132,76,4
28072,9638,110,1
28073,10960,468,2
28074,669,447,3
28075,6250,51,2
28076,4030,94,2
28077,11278,177,3
28078,14258,156,1
28079,1925,100,3
28080,6486,105,4
28081,5789,322,4
28082,9584,412,1
28083,14525,31,3
28084,4650,333,4
28085,19160,9,4
28086,14161,424,3
28087,5195,268,3
28088,15943,414,2
28089,8837,170,3
28090,748,120,2
28091,17993,2,2
28092,7678,481,4
28093,18452,67,1
28094,15387,141,3
28095,10674,342,1
28096,2886,119,3
28097,7022,457,1
28098,12664,71,3
28099,11932,77,1
28100,1612,322,2
28101,15805,313,4
28102,2246,5,3
28103,15932,92,1
28104,18347,157,2
28105,167,216,1
28106,18781,100,4
28107,15067,87,4
28108,13980,167,3
28109,18721,13,2
28110,12811,163,2
28111,15932,438,2
28112,6133,237,2
28113,6187,196,2
28114,7642,429,2
28115,16636,294,2
28116,13986,381,4
28117,1002,371,4
28118,17546,406,4
28119,5698,198,4
28120,13491,381,1
28121,16089,266,3
28122,9838,432,3
28123,12688,384,3
28124,13898,153,1
28125,18080,385,1
28126,15073,101,4
28127,8104,214,1
28128,18339,384,3
28129,5538,385,4
28130,9424,42,4
28131,3737,126,3
28132,362,401,1
28133,4349,449,1
28134,1511,154,2
28135,16652,452,3
28136,7852,349,2
28137,1578,273,4
28138,11595,218,1
28139,1372,249,2
28140,12732,180,4
28141,19979,171,3
28142,9548,457,4
28143,17986,393,2
28144,3162,201,3
28145,3462,467,3
28146,11069,499,4
28147,510,494,1
28148,15859,257,3
28149,19213,283,3
28150,13121,22,4
28151,13045,394,1
28152,15084,298,3
28153,401,56,1
28154,4057,459,1
28155,10971,125,4
28156,19574,211,4
28157,16419,68,2
28158,13751,277,3
28159,13815,202,4
28160,18172,398,3
28161,8645,52,4
28162,12408,481,1
28163,9153,495,1
28164,18284,219,2
28165,9253,294,3
28166,1572,147,4
28167,8457,99,3
28168,3156,182,4
28169,305,198,3
28170,3826,441,1
28171,12173,471,4
28172,15621,112,1
28173,19576,132,1
28174,10302,245,1
28175,3454,476,2
28176,8069,24,2
28177,15069,467,3
28178,10327,176,4
28179,11693,51,1
28180,395,26,3
28181,12517,76,1
28182,10202,211,4
28183,7704,125,2
28184,18224,74,2
28185,922,262,2
28186,14525,274,2
28187,3300,352,2
28188,13237,98,4
28189,807,31,4
28190,332,148,2
28191,17998,458,3
28192,6577,10,3
28193,12296,22,2
28194,4402,121,3
28195,3585,90,1
28196,10997,54,3
28197,17555,116,1
28198,12614,71,1
28199,4323,96,2
28200,10291,214,2
28201,19617,280,1
28202,11084,64,3
28203,14607,495,4
28204,10701,487,3
28205,647,198,3
28206,2150,3,2
28207,16879,45,1
28208,305,488,3
28209,7071,414,2
28210,13862,410,1
28211,12591,150,3
28212,4703,313,2
28213,4876,346,4
28214,13445,10,2
28215,3539,258,4
28216,19456,224,4
28217,10155,223,3
28218,18649,461,2
28219,12596,257,3
28220,9361,101,1
28221,12625,447,4
28222,11490,467,1
28223,17660,418,3
28224,5882,302,1
28225,7776,262,3
28226,18143,112,1
28227,1561,262,4
28228,19942,318,1
28229,11801,287,1
28230,16068,134,2
28231,13985,121,4
28232,10764,157,4
28233,19075,202,2
28234,4801,131,4
28235,12783,377,1
28236,3448,282,4
28237,1392,197,3
28238,1151,112,3
28239,8870,165,2
28240,4183,335,1
28241,1735,173,4
28242,15129,393,4
28243,5627,397,4
28244,12036,400,1
28245,13237,1,1
28246,3894,59,1
28247,371,318,1
28248,4342,180,3
28249,825,270,3
28250,1074,433,3
28251,5803,190,4
28252,12587,289,2
28253,17882,327,4
28254,19370,118,4
28255,14937,426,4
28256,15115,99,2
28257,9130,445,4
28258,8054,222,1
28259,9927,396,2
28260,13091,434,3
28261,7076,18,1
28262,4012,249,1
28263,15225,494,1
28264,8972,237,3
28265,19249,340,2
28266,1556,286,3
28267,18349,5,4
28268,15869,218,1
28269,824,55,4
28270,19446,255,1
28271,6829,404,4
28272,11022,362,2
28273,18552,204,4
28274,12600,474,3
28275,13866,345,4
28276,17431,359,2
28277,3066,108,1
28278,6353,124,4
28279,2705,222,2
28280,703,308,1
28281,10800,227,3
28282,18604,447,3
28283,18899,128,2
28284,3499,171,2
28285,18289,461,2
28286,7100,492,3
28287,14746,482,4
28288,15333,394,4
28289,16420,80,2
28290,18872,112,2
28291,14514,295,4
28292,11042,168,2
28293,7208,367,1
28294,7908,160,2
28295,14860,210,3
28296,9284,19,1
28297,3153,347,2
28298,19489,490,2
28299,7883,250,3
28300,252,167,2
28301,4695,61,3
28302,17001,486,3
28303,4059,149,1
28304,1731,189,4
28305,2734,438,2
28306,19855,401,3
28307,16965,214,2
28308,16072,450,1
28309,4829,156,2
28310,3773,309,1
28311,14938,181,3
28312,5315,75,1
28313,19517,300,1
28314,19564,454,4
28315,19147,419,4
28316,12028,402,4
28317,9143,204,1
28318,17151,431,3
28319,19370,159,4
28320,3632,119,2
28321,3367,248,2
28322,1555,34,3
28323,4132,251,1
28324,376,263,4
28325,9845,99,3
28326,18209,457,4
28327,10463,3,3
28328,390,98,4
28329,13456,437,1
28330,9715,183,1
28331,19409,325,3
28332,5717,11,3
28333,5502,233,2
28334,6605,306,1
28335,13597,492,3
28336,16913,232,1
28337,16518,280,3
28338,3410,315,4
28339,7371,22,1
28340,9519,420,3
28341,9912,383,2
28342,13544,131,1
28343,4090,390,4
28344,18421,53,1
28345,12457,21,3
28346,4676,239,3
28347,5052,127,3
28348,18783,71,3
28349,12834,283,1
28350,18848,192,1
28351,1706,308,1
28352,2854,53,1
28353,16340,324,1
28354,5091,482,3
28355,17110,107,2
28356,13526,92,4
28357,16233,392,3
28358,7462,349,1
28359,14144,390,2
28360,4100,199,1
28361,8910,103,4
28362,10106,304,1
28363,19702,172,2
28364,14714,295,3
28365,5054,316,2
28366,15408,61,2
28367,2689,494,2
28368,19176,237,3
28369,367,450,1
28370,3281,242,1
28371,17663,95,2
28372,4194,232,3
28373,4982,388,2
28374,12077,96,2
28375,18402,6,2
28376,17812,340,4
28377,17103,165,3
28378,15882,137,2
28379,15180,275,4
28380,3947,112,1
28381,7758,56,2
28382,2382,389,3
28383,11924,321,1
28384,15564,342,3
28385,5281,460,1
28386,3335,316,3
28387,2962,264,1
28388,7540,329,3
28389,9573,205,1
28390,7610,398,3
28391,8099,312,2
28392,10872,112,3
28393,11241,361,1
28394,7024,78,2
28395,10372,7,4
28396,733,112,2
28397,9093,468,4
28398,9225,427,1
28399,12715,429,2
28400,5676,120,2
28401,14758,280,2
28402,19166,107,2
28403,6962,472,1
28404,11666,95,2
28405,19788,299,2
28406,2269,472,3
28407,1389,125,4
28408,6819,125,3
28409,9593,46,2
28410,3009,211,1
28411,2907,266,2
28412,5876,228,2
28413,17179,126,4
28414,7823,6,2
28415,3063,327,2
28416,10380,43,2
28417,3344,366,2
28418,2050,163,3
28419,17760,212,4
28420,11520,469,4
28421,13750,270,1
28422,7913,417,2
28423,5266,115,2
28424,9343,109,2
28425,3570,257,2
28426,3724,91,4
28427,8161,319,3
28428,3227,221,4
28429,4401,19,3
28430,18761,182,2
28431,15681,41,4
28432,8462,327,2
28433,7867,257,2
28434,16435,131,2
28435,19618,125,3
28436,16862,352,1
28437,13240,478,1
28438,15245,180,2
28439,11407,222,2
28440,9128,375,4
28441,11515,237,2
28442,3350,357,2
28443,9400,378,1
28444,13272,11,4
28445,11628,174,3
28446,1477,37,1
28447,15123,58,2
28448,19127,432,2
28449,8476,329,4
28450,10314,422,1
28451,15388,51,4
28452,4258,415,4
28453,19980,492,4
28454,18859,35,3
28455,19664,436,1
28456,12433,12,3
28457,19597,193,3
28458,8721,236,2
28459,12988,112,4
28460,2634,67,4
28461,16146,269,1
28462,2768,144,4
28463,10168,396,3
28464,16060,223,4
28465,18371,345,2
28466,5262,377,1
28467,7887,314,2
28468,2657,394,3
28469,2436,76,4
28470,2998,59,2
28471,13844,389,4
28472,6621,199,1
28473,11080,116,4
28474,12565,466,3
28475,1022,63,2
28476,17795,453,2
28477,19867,175,1
28478,5654,208,2
28479,16526,46,3
28480,19716,222,1
28481,12559,475,4
28482,9694,270,4
28483,908,234,3
28484,17318,219,2
28485,18887,243,1
28486,17725,6,2
28487,11360,193,2
28488,13404,473,1
28489,680,236,3
28490,310,66,3
28491,9807,246,4
28492,11292,267,1
28493,6439,215,1
28494,10893,435,3
28495,310,220,4
28496,3309,239,1
28497,9108,140,1
28498,18845,58,4
28499,12814,33,1
28500,18033,84,2
28501,17092,99,4
28502,5933,451,3
28503,11920,470,1
28504,7820,325,3
28505,1036,411,4
28506,9929,150,2
28507,11830,93,2
28508,3348,21,2
28509,8812,133,2
28510,16681,25,1
28511,5998,272,3
28512,2035,8,4
28513,8209,395,4
28514,13928,173,3
28515,16215,142,2
28516,8754,76,3
28517,18974,77,3
28518,1174,14,1
28519,7558,58,4
28520,1942,61,2
28521,19537,319,3
28522,19616,4,2
28523,11407,466,4
28524,10630,72,3
28525,17988,363,4
28526,12899,412,1
28527,14981,290,3
28528,14340,78,3
28529,4147,413,2
28530,1609,89,2
28531,11509,282,4
28532,7102,450,4
28533,11414,127,3
28534,13205,410,2
28535,2334,46,2
28536,14710,57,4
28537,18581,256,2
28538,6652,202,3
28539,12822,51,2
28540,3329,18,2
28541,8746,467,1
28542,2586,180,4
28543,1950,144,3
28544,10989,474,2
28545,196,492,3
28546,11941,3,2
28547,5003,16,3
28548,12483,307,2
28549,10787,334,1
28550,3790,496,4
28551,8919,95,3
28552,12086,249,4
28553,15564,22,4
28554,19582,500,4
28555,10641,99,1
28556,19345,50,3
28557,10140,247,2
28558,17518,325,1
28559,11485,197,3
28560,7778,322,1
28561,7451,229,2
28562,13850,94,2
28563,8674,486,2
28564,12545,408,1
28565,1822,184,1
28566,16016,473,3
28567,6242,121,1
28568,14979,80,2
28569,566,486,1
28570,6188,161,4
28571,9271,127,3
28572,9783,47,3
28573,1414,335,1
28574,14556,440,1
28575,10701,452,4
28576,18419,314,2
28577,3608,233,3
28578,12795,57,2
28579,19689,16,1
28580,9976,251,2
28581,16508,10,4
28582,19273,297,3
28583,12164,11,1
28584,13499,207,4
28585,1973,199,4
28586,15998,377,4
28587,16046,135,1
28588,14395,371,1
28589,16269,245,3
28590,135,38,1
28591,6909,344,1
28592,5651,448,4
28593,7549,32,3
28594,7848,381,1
28595,6918,363,2
28596,14720,459,4
28597,16526,15,3
28598,19027,83,2
28599,9564,300,4
28600,17628,409,1
28601,5910,136,3
28602,17336,28,3
28603,2871,390,1
28604,17975,453,4
28605,15611,181,4
28606,12378,378,3
28607,1510,17,3
28608,14294,288,1
28609,8468,447,4
28610,8357,35,3
28611,13204,401,4
28612,3587,408,3
28613,15767,482,4
28614,3189,50,1
28615,8916,328,1
28616,3257,129,2
28617,8111,459,2
28618,18214,156,2
28619,5019,223,2
28620,12034,439,4
28621,3696,256,1
28622,15000,364,2
28623,16022,433,1
28624,8888,116,1
28625,14950,359,2
28626,7216,464,1
28627,9247,61,1
28628,9397,131,4
28629,18875,60,1
28630,6551,130,4
28631,8025,72,3
28632,10184,46,4
28633,2513,8,4
28634,6666,384,3
28635,5647,349,4
28636,18331,110,2
28637,7106,405,4
28638,11325,332,3
28639,10091,461,3
28640,3983,206,3
28641,11090,247,4
28642,7086,320,4
28643,1642,172,4
28644,112,380,4
28645,15101,262,4
28646,13553,187,1
28647,843,391,2
28648,1322,433,3
28649,10463,489,3
28650,18273,39,1
28651,18755,5,4
28652,2122,313,4
28653,1138,52,2
28654,3603,7,3
28655,16545,312,3
28656,8777,365,2
28657,14286,453,1
28658,11883,388,2
28659,8782,60,2
28660,3111,64,2
28661,8347,476,4
28662,6594,385,2
28663,19207,415,2
28664,10606,401,3
28665,9457,172,3
28666,9666,200,3
28667,17037,411,3
28668,16537,46,1
28669,2607,490,4
28670,14812,430,3
28671,492,146,3
28672,7082,47,3
28673,10763,443,3
28674,1205,40,1
28675,16833,294,1
28676,5702,365,3
28677,597,485,1
28678,19527,289,4
28679,659,323,1
28680,8885,158,4
28681,7855,247,1
28682,4602,33,2
28683,17050,421,4
28684,5422,250,4
28685,5136,71,3
28686,9272,55,1
28687,10308,232,1
28688,4779,333,1
28689,7884,150,3
28690,8406,98,4
28691,19274,483,2
28692,19490,365,4
28693,2024,282,3
28694,3061,100,3
28695,3508,481,1
28696,4819,119,1
28697,19661,255,1
28698,15807,460,3
28699,9201,249,4
28700,15743,381,4
28701,12954,397,4
28702,13713,247,3
28703,2860,489,1
28704,4940,30,1
28705,4238,403,3
28706,4855,59,1
28707,6892,2,1
28708,416,169,1
28709,15948,459,4
28710,1470,24,2
28711,4613,377,2
28712,1412,17,2
28713,12064,450,2
28714,12146,147,1
28715,8404,430,4
28716,6649,221,1
28717,2264,80,3
28718,10586,476,2
28719,8679,10,2
28720,12193,30,4
28721,4931,364,1
28722,11179,4,2
28723,14140,390,4
28724,1996,181,3
28725,14883,301,4
28726,868,114,3
28727,240,489,4
28728,19423,235,2
28729,9443,55,1
28730,13919,452,2
28731,5015,323,2
28732,14917,236,3
28733,4835,147,2
28734,16556,165,4
28735,8467,16,2
28736,10694,321,3
28737,6966,26,2
28738,11704,417,1
28739,4652,322,3
28740,13700,374,1
28741,10004,205,4
28742,11646,406,4
28743,16566,118,3
28744,11136,413,3
28745,14928,111,3
28746,12919,96,1
28747,19262,310,4
28748,12485,303,1
28749,5701,124,4
28750,15710,437,2
28751,14755,72,4
28752,18719,359,3
28753,19446,399,2
28754,17058,171,1
28755,16042,103,2
28756,8196,496,4
28757,15819,105,1
28758,3555,495,4
28759,12265,409,3
28760,7736,496,2
28761,14116,164,4
28762,15505,309,1
28763,10706,431,1
28764,4538,197,4
28765,7516,410,3
28766,2063,328,3
28767,18253,197,2
28768,12590,356,3
28769,4851,264,4
28770,847,155,4
28771,4497,400,2
28772,12026,61,2
28773,18995,162,2
28774,5487,240,3
28775,8019,40,4
28776,17266,385,2
28777,4391,498,4
28778,18830,188,3
28779,13782,396,3
28780,17261,91,3
28781,7277,277,2
28782,19344,4,1
28783,17926,471,3
28784,6846,232,4
28785,14122,313,3
28786,6672,148,4
28787,6868,356,4
28788,11999,299,3
28789,7761,79,3
28790,19086,172,2
28791,10020,226,4
28792,8715,371,2
28793,6009,56,3
28794,4902,204,1
28795,3165,344,1
28796,6013,293,1
28797,11029,434,4
28798,11560,9,4
28799,18080,500,1
28800,12686,314,3
28801,10303,307,3
28802,10497,339,4
28803,9974,316,1
28804,3648,386,2
28805,17238,385,3
28806,13114,366,3
28807,8781,219,4
28808,4709,75,1
28809,17261,77,3
28810,4545,470,4
28811,19468,210,4
28812,17491,152,1
28813,6393,129,3
28814,2155,452,2
28815,19519,135,2
28816,14684,71,3
28817,16887,302,1
28818,12362,309,3
28819,17368,494,2
28820,1755,6,2
28821,14713,157,4
28822,7678,86,4
28823,7046,493,1
28824,1586,392,4
28825,10345,204,2
28826,9735,146,2
28827,17857,108,3
28828,17055,164,1
28829,7466,484,4
28830,5445,495,2
28831,1104,295,3
28832,2493,109,3
28833,8055,134,4
28834,2679,306,4
28835,1717,439,1
28836,10811,491,3
28837,11668,397,3
28838,3828,281,3
28839,9307,323,2
28840,14091,445,2
28841,7408,57,1
28842,15653,106,3
28843,7487,263,4
28844,18425,233,2
28845,194,97,2
28846,10433,147,3
28847,14244,393,2
28848,9306,228,2
28849,19204,376,1
28850,19314,96,4
28851,19546,128,4
28852,10517,172,3
28853,6416,497,1
28854,17227,409,1
28855,15558,171,1
28856,613,453,3
28857,12529,275,3
28858,18503,322,4
28859,6597,463,3
28860,7972,171,1
28861,2384,2,4
28862,13755,388,4
28863,2850,272,4
28864,17861,47,1
28865,7783,145,4
28866,10559,150,1
28867,2779,269,2
28868,4712,179,1
28869,8937,206,3
28870,19354,294,1
28871,5094,39,4
28872,3564,109,1
28873,15266,371,1
28874,18239,135,2
28875,6501,229,2
28876,14627,67,4
28877,10948,234,4
28878,7422,153,4
28879,9372,172,1
28880,11972,95,3
28881,10447,232,1
28882,11291,57,2
28883,18633,114,3
28884,18708,379,4
28885,3179,296,4
28886,4361,212,3
28887,6516,473,2
28888,10636,192,1
28889,14486,127,1
28890,8587,493,1
28891,6044,434,2
28892,11622,230,1
28893,17723,284,2
28894,11966,149,3
28895,4727,5,3
28896,15924,271,3
28897,1763,238,2
28898,14657,266,4
28899,9250,491,2
28900,1239,135,4
28901,10300,231,2
28902,1027,54,1
28903,7282,239,3
28904,18334,17,4
28905,15118,272,3
28906,15283,294,3
28907,10620,321,4
28908,6163,216,4
28909,6312,27,1
28910,202,239,4
28911,18704,117,3
28912,4736,452,3
28913,14664,396,1
28914,3727,177,1
28915,13190,197,4
28916,14118,224,2
28917,9524,1,2
28918,10452,284,4
28919,18138,5,2
28920,14984,480,2
28921,9253,167,1
28922,10073,445,1
28923,10720,444,2
28924,371,415,4
28925,14382,128,4
28926,15594,31,1
28927,8316,88,1
28928,4325,297,2
28929,17285,101,4
28930,2658,463,2
28931,2486,174,3
28932,10481,1,3
28933,4165,206,1
28934,3000,401,1
28935,13263,167,3
28936,4406,83,4
28937,6557,168,4
28938,14276,125,3
28939,7959,38,4
28940,10671,20,4
28941,1112,214,1
28942,7458,35,2
28943,18659,138,4
28944,4880,103,1
28945,7074,283,3
28946,8506,74,3
28947,13466,155,4
28948,11227,333,3
28949,8637,135,4
28950,401,428,2
28951,15105,228,1
28952,7721,47,3
28953,1209,410,2
28954,6753,366,3
28955,3460,267,4
28956,9045,264,1
28957,945,3,4
28958,13848,403,3
28959,17559,178,1
28960,1142,278,1
28961,15226,337,4
28962,7669,420,3
28963,4881,241,2
28964,13186,145,3
28965,1281,292,2
28966,13103,362,1
28967,14021,251,1
28968,19134,419,1
28969,8496,274,2
28970,6310,43,1
28971,15758,250,1
28972,18693,233,1
28973,11423,320,2
28974,1765,12,2
28975,16396,52,4
28976,1948,478,3
28977,9367,90,2
28978,7769,376,1
28979,11625,187,3
28980,18201,359,2
28981,15540,355,2
28982,5867,238,4
28983,6779,347,1
28984,16875,338,1
28985,13805,209,2
28986,11884,322,3
28987,3404,342,4
28988,9331,456,1
28989,1813,165,3
28990,1156,445,3
28991,18172,211,4
28992,14039,269,1
28993,18559,91,2
28994,12440,67,4
28995,4225,97,1
28996,2571,24,2
28997,10923,53,4
28998,3398,97,1
28999,13530,4,1
29000,11782,397,2
29001,16101,222,4
29002,4701,2,3
29003,18523,329,1
29004,8206,4,3
29005,7734,219,1
29006,10843,305,3
29007,294,483,1
29008,2697,486,2
29009,3141,292,4
29010,11644,248,4
29011,11633,306,3
29012,7676,24,4
29013,11712,196,4
29014,9748,382,4
29015,1429,473,4
29016,19221,80,4
29017,19504,321,2
29018,427,127,3
29019,19175,198,3
29020,4029,263,3
29021,1734,158,1
29022,8906,452,1
29023,17153,479,1
29024,15769,309,4
29025,17380,175,2
29026,17537,404,3
29027,8234,242,2
29028,16833,328,3
29029,5319,254,3
29030,10956,194,2
29031,8570,79,4
29032,2554,32,2
29033,2661,284,4
29034,13723,266,3
29035,17355,258,2
29036,5102,266,2
29037,11834,41,2
29038,15985,212,3
29039,19756,217,4
29040,19232,53,4
29041,13961,472,1
29042,11522,95,3
29043,6001,404,2
29044,19269,304,2
29045,19785,34,4
29046,15450,364,4
29047,11846,476,3
29048,18008,86,1
29049,13761,321,1
29050,17836,240,1
29051,14297,404,1
29052,16700,473,2
29053,16841,393,3
29054,15853,380,3
29055,12947,335,1
29056,14273,331,3
29057,4513,445,4
29058,11693,10,2
29059,12920,210,3
29060,15221,325,2
29061,11523,225,1
29062,16408,341,3
29063,10782,462,4
29064,7915,414,3
29065,8769,408,3
29066,14432,333,4
29067,4175,82,1
29068,17495,180,4
29069,9467,477,2
29070,9296,51,3
29071,13600,152,4
29072,18133,389,4
29073,3073,457,2
29074,17975,118,3
29075,5398,315,3
29076,16356,430,3
29077,15112,290,1
29078,2806,105,4
29079,13890,204,1
29080,7733,428,3
29081,9160,255,1
29082,13134,390,2
29083,2905,98,2
29084,4950,197,3
29085,4881,315,2
29086,14815,198,2
29087,5081,81,3
29088,2266,328,1
29089,19478,346,2
29090,15370,97,2
29091,19870,382,2
29092,16546,198,3
29093,18050,288,2
29094,13905,376,4
29095,5520,130,2
29096,18067,48,1
29097,10862,482,2
29098,18250,328,4
29099,14465,365,3
29100,3228,411,3
29101,2969,267,4
29102,366,129,1
29103,7920,407,2
29104,4870,374,1
29105,11361,160,1
29106,20000,14,4
29107,7949,180,1
29108,15747,21,4
29109,4534,500,1
29110,2583,374,3
29111,7262,119,2
29112,5321,406,1
29113,459,425,1
29114,16985,400,1
29115,15668,414,3
29116,1516,126,2
29117,10601,94,1
29118,18323,448,4
29119,16747,259,4
29120,18989,138,4
29121,6369,71,1
29122,13434,456,2
29123,1081,182,2
29124,11062,275,3
29125,14825,57,4
29126,6475,460,3
29127,19329,384,4
29128,8953,367,4
29129,19958,283,4
29130,15719,494,1
29131,17938,66,1
29132,12405,465,2
29133,3936,380,3
29134,16368,149,2
29135,13322,257,1
29136,16076,253,1
29137,3939,278,1
29138,19382,8,2
29139,7163,13,3
29140,6266,363,4
29141,12874,439,1
29142,12585,75,1
29143,6466,440,1
29144,14176,425,4
29145,15317,398,1
29146,19973,475,3
29147,10158,111,1
29148,13722,389,3
29149,4299,372,3
29150,14834,321,1
29151,3992,386,1
29152,9913,316,2
29153,1287,254,1
29154,11349,36,1
29155,4043,314,2
29156,452,467,3
29157,4547,399,1
29158,7381,254,1
29159,8615,440,2
29160,15391,39,2
29161,9571,234,3
29162,2932,173,4
29163,4540,261,3
29164,16671,302,1
29165,5147,31,2
29166,2664,159,2
29167,14596,29,3
29168,5711,31,4
29169,19325,122,2
29170,7308,470,1
29171,13534,448,4
29172,13332,258,4
29173,11145,47,2
29174,12262,428,3
29175,5637,430,2
29176,16861,263,3
29177,13459,226,1
29178,18870,464,3
29179,12157,370,3
29180,12236,24,1
29181,15617,34,1
29182,16427,169,3
29183,10694,170,2
29184,12298,76,3
29185,6226,257,4
29186,17721,227,3
29187,11965,431,3
29188,19285,346,4
29189,441,288,1
29190,14905,182,4
29191,13857,482,3
29192,164,57,1
29193,4624,70,1
29194,7333,455,1
29195,17184,376,1
29196,7408,16,4
29197,2981,436,2
29198,13191,398,1
29199,1128,84,4
29200,2708,238,1
29201,2753,291,3
29202,2290,68,1
29203,5771,368,2
29204,5786,320,1
29205,5914,47,4
29206,16492,309,2
29207,919,55,1
29208,9831,79,2
29209,1350,427,4
29210,1591,385,3
29211,8932,219,4
29212,17803,409,2
29213,17840,331,1
29214,14069,140,2
29215,4002,64,2
29216,4151,117,3
29217,11337,312,4
29218,14095,472,2
29219,1391,123,2
29220,14409,105,4
29221,2695,189,3
29222,2062,425,1
29223,5822,286,4
29224,16048,192,4
29225,1384,431,1
29226,5300,317,2
29227,7011,379,2
29228,6127,166,2
29229,7173,352,4
29230,8379,70,4
29231,4263,115,3
29232,18037,148,3
29233,11738,58,2
29234,13730,97,3
29235,8962,398,3
29236,18322,402,2
29237,7288,243,4
29238,3592,101,2
29239,7781,360,4
29240,11551,152,4
29241,5560,338,1
29242,3834,171,1
29243,12617,7,3
29244,5895,413,2
29245,3793,164,2
29246,16958,480,1
29247,15498,423,4
29248,5777,393,2
29249,17269,363,3
29250,5845,276,1
29251,15111,489,1
29252,8873,333,3
29253,10994,255,1
29254,4463,336,3
29255,4579,106,2
29256,1577,438,1
29257,19238,12,4
29258,13262,375,3
29259,16521,66,3
29260,15386,358,2
29261,12066,326,3
29262,4093,442,2
29263,3399,69,3
29264,8153,10,3
29265,7909,198,2
29266,1427,218,2
29267,3952,299,1
29268,10288,350,1
29269,19040,179,2
29270,11615,24,4
29271,16347,137,3
29272,8863,269,3
29273,2162,10,2
29274,1269,56,4
29275,15265,280,1
29276,6288,171,1
29277,8902,307,2
29278,1899,14,2
29279,6923,147,1
29280,6744,339,2
29281,7014,413,4
29282,4224,204,4
29283,11165,136,3
29284,3991,208,2
29285,3200,426,3
29286,19341,426,2
29287,18435,420,1
29288,15725,168,4
29289,15062,358,2
29290,15513,249,1
29291,16162,188,4
29292,1501,414,3
29293,2418,222,3
29294,18812,19,2
29295,6586,102,4
29296,16473,365,3
29297,5032,51,1
29298,18782,314,4
29299,7193,467,4
29300,8156,47,4
29301,14406,134,4
29302,12807,210,1
29303,5707,188,1
29304,7069,68,4
29305,8725,76,1
29306,1359,132,4
29307,12476,284,1
29308,19831,364,3
29309,14017,42,3
29310,11003,147,2
29311,12628,292,2
29312,13234,153,4
29313,6813,112,3
29314,149,41,1
29315,10443,457,3
29316,15448,146,4
29317,12063,86,3
29318,2171,209,1
29319,5367,261,2
29320,19043,217,2
29321,10007,345,2
29322,9802,459,4
29323,9053,152,3
29324,857,55,1
29325,17371,347,3
29326,4301,399,2
29327,19196,368,2
29328,8054,229,3
29329,9400,234,2
29330,6836,296,1
29331,18035,452,1
29332,10331,434,1
29333,3120,377,2
29334,7993,116,4
29335,18165,207,3
29336,17017,143,3
29337,11708,399,2
29338,9086,95,3
29339,9670,156,1
29340,13062,412,4
29341,17896,182,3
29342,5552,341,2
29343,16554,97,4
29344,15432,89,2
29345,12520,99,2
29346,6813,63,2
29347,14230,375,2
29348,4221,340,4
29349,5104,457,4
29350,2150,185,2
29351,183,463,1
29352,19823,264,4
29353,9633,338,2
29354,14806,27,3
29355,12104,170,3
29356,890,300,3
29357,2367,276,1
29358,659,208,2
29359,11581,271,4
29360,4231,83,3
29361,11016,225,2
29362,17217,193,3
29363,19092,357,3
29364,12952,173,4
29365,394,213,4
29366,18288,296,3
29367,9975,436,3
29368,5011,347,3
29369,13430,67,1
29370,145,211,3
29371,15153,202,4
29372,15461,44,1
29373,11758,470,1
29374,4487,147,1
29375,19975,259,2
29376,5885,183,1
29377,10760,318,1
29378,4955,215,4
29379,16289,81,4
29380,17425,60,4
29381,7464,323,1
29382,18061,385,1
29383,17906,498,3
29384,9843,168,1
29385,8579,135,3
29386,3175,26,2
29387,17739,473,2
29388,7331,407,2
29389,11446,162,4
29390,3775,257,1
29391,10475,40,1
29392,14340,133,4
29393,11174,357,3
29394,7700,322,1
29395,19528,120,4
29396,7658,15,2
29397,4991,160,3
29398,10335,60,3
29399,17743,322,4
29400,4960,324,4
29401,4876,285,1
29402,4246,394,3
29403,2888,112,3
29404,5302,110,4
29405,14374,453,3
29406,1822,201,1
29407,11911,5,1
29408,16356,285,2
29409,18482,486,4
29410,18319,201,3
29411,16139,173,3
29412,19381,212,2
29413,7375,170,4
29414,15724,277,3
29415,18024,290,3
29416,17411,92,3
29417,2022,429,1
29418,13637,235,4
29419,2130,462,4
29420,10701,126,2
29421,306,423,3
29422,2998,287,2
29423,5222,61,4
29424,5756,58,4
29425,14247,289,4
29426,2364,336,4
29427,8529,397,1
29428,19479,267,1
29429,9870,331,4
29430,3572,219,2
29431,19047,344,3
29432,742,482,3
29433,11668,427,4
29434,818,92,1
29435,3017,440,3
29436,15789,377,4
29437,4462,483,4
29438,11397,270,1
29439,13662,29,1
29440,6206,344,2
29441,8676,262,2
29442,12088,74,2
29443,18730,99,4
29444,10619,91,4
29445,2677,486,2
29446,3839,499,4
29447,17693,405,2
29448,12652,211,1
29449,7787,125,2
29450,6182,478,1
29451,18101,12,2
29452,13308,249,2
29453,17087,165,1
29454,3839,90,1
29455,17847,8,4
29456,1672,412,3
29457,5648,8,1
29458,4567,347,3
29459,12047,262,1
29460,9700,175,4
29461,13331,208,3
29462,4621,447,2
29463,7823,101,4
29464,11101,101,2
29465,12464,448,3
29466,689,254,4
29467,814,189,3
29468,13275,41,3
29469,14013,293,4
29470,18701,355,3
29471,7090,406,1
29472,3322,471,1
29473,6474,106,1
29474,17234,152,1
29475,8130,27,4
29476,18243,106,1
29477,15965,208,3
29478,10760,243,1
29479,2238,446,4
29480,12528,61,1
29481,3994,391,1
29482,18480,175,2
29483,18431,141,4
29484,15395,167,3
29485,8854,162,1
29486,8062,321,1
29487,16396,331,1
29488,16160,380,2
29489,18703,52,4
29490,7102,245,3
29491,16697,377,1
29492,9180,377,1
29493,18262,175,1
29494,9910,326,2
29495,15358,127,1
29496,2211,59,1
29497,2443,472,1
29498,13527,244,2
29499,31,215,2
29500,16843,407,3
29501,6669,374,1
29502,18748,498,4
29503,16682,162,4
29504,10639,286,3
29505,2882,437,1
29506,938,58,3
29507,3941,37,4
29508,15242,338,4
29509,15609,124,3
29510,17330,444,1
29511,1179,450,2
29512,11386,37,3
29513,10767,376,2
29514,12850,126,2
29515,5557,80,3
29516,16924,227,4
29517,7587,394,3
29518,2935,165,4
29519,9268,415,1
29520,6451,367,3
29521,4197,150,4
29522,13514,374,2
29523,6294,412,4
29524,13949,280,1
29525,1522,311,3
29526,4074,460,1
29527,15214,177,4
29528,307,80,2
29529,8726,314,3
29530,6809,477,1
29531,7524,72,1
29532,3242,253,2
29533,12161,480,4
29534,6329,197,2
29535,12681,465,2
29536,9847,3,1
29537,3496,273,1
29538,4603,138,1
29539,7774,86,3
29540,5938,97,3
29541,11363,49,4
29542,6873,247,1
29543,6671,199,4
29544,4551,173,2
29545,11523,271,1
29546,7015,493,3
29547,8387,33,2
29548,16953,9,1
29549,19327,265,4
29550,4036,371,2
29551,9747,213,3
29552,1047,115,2
29553,15028,298,2
29554,8377,128,2
29555,4180,363,3
29556,17680,426,4
29557,2507,147,2
29558,4439,368,1
29559,10804,283,3
29560,1906,477,1
29561,1065,104,4
29562,9024,169,3
29563,1198,281,3
29564,10954,387,1
29565,12530,417,4
29566,4372,118,4
29567,1820,51,4
29568,8669,216,2
29569,15993,55,4
29570,6154,150,3
29571,6271,352,4
29572,9339,199,4
29573,15826,46,4
29574,3716,423,1
29575,309,137,1
29576,8440,381,4
29577,11007,479,1
29578,19615,205,1
29579,17574,318,4
29580,14184,230,2
29581,1879,9,2
29582,4640,161,1
29583,9770,192,2
29584,12333,460,1
29585,9244,357,4
29586,3255,406,2
29587,14124,268,3
29588,5340,375,1
29589,16209,24,4
29590,7556,262,1
29591,6021,356,4
29592,2509,429,2
29593,8214,189,2
29594,14731,67,2
29595,5353,417,4
29596,6391,434,2
29597,16205,199,1
29598,16970,98,1
29599,1556,462,2
29600,14349,35,4
29601,9603,221,1
29602,17932,350,3
29603,16652,355,4
29604,6598,60,4
29605,3814,271,2
29606,3025,360,4
29607,19137,94,3
29608,4049,249,1
29609,12879,132,4
29610,11970,48,1
29611,14718,89,2
29612,6818,128,4
29613,14162,104,1
29614,16119,271,1
29615,16533,274,4
29616,7448,343,1
29617,10870,197,3
29618,13963,478,1
29619,14682,141,4
29620,793,215,4
29621,3338,31,3
29622,5200,320,3
29623,7588,267,1
29624,17308,390,1
29625,6512,68,2
29626,17936,73,1
29627,8931,437,3
29628,5398,144,3
29629,17500,94,3
29630,14105,251,3
29631,9318,205,2
29632,18423,363,2
29633,9137,486,2
29634,16170,318,4
29635,6819,87,1
29636,7549,395,3
29637,3901,17,4
29638,9121,150,2
29639,13837,411,3
29640,15690,240,3
29641,7095,125,4
29642,8046,133,1
29643,1043,338,2
29644,444,246,4
29645,2264,117,2
29646,16684,342,4
29647,8946,298,1
29648,14378,64,4
29649,2338,400,4
29650,17717,303,4
29651,17013,388,2
29652,10025,466,1
29653,18929,212,3
29654,11284,76,3
29655,11423,403,3
29656,3604,311,2
29657,15545,294,3
29658,14903,90,1
29659,13066,438,3
29660,14491,341,1
29661,6019,279,4
29662,259,120,4
29663,2788,374,4
29664,6280,418,2
29665,14660,467,1
29666,3950,45,4
29667,5806,188,2
29668,5603,100,1
29669,1171,498,3
29670,14113,140,3
29671,13918,404,4
29672,3757,375,4
29673,17685,208,4
29674,17439,401,2
29675,13560,475,4
29676,1491,4,1
29677,6654,126,3
29678,9811,437,4
29679,16809,30,3
29680,4674,332,3
29681,1141,57,4
29682,608,76,4
29683,10871,459,4
29684,15715,66,3
29685,15831,360,3
29686,17271,64,3
29687,18324,214,2
29688,9511,414,4
29689,3904,330,1
29690,9161,129,2
29691,12237,377,3
29692,12871,39,3
29693,4930,85,4
29694,18423,54,1
29695,5487,93,3
29696,19076,250,2
29697,17449,129,3
29698,13788,22,1
29699,3593,22,3
29700,5921,446,4
29701,15125,424,3
29702,9279,385,1
29703,9887,372,2
29704,4785,373,1
29705,15452,115,2
29706,13782,209,3
29707,1805,83,4
29708,16587,368,2
29709,16275,221,4
29710,18186,351,4
29711,18446,183,4
29712,14512,316,4
29713,2927,242,1
29714,2560,308,3
29715,11453,249,3
29716,8436,295,2
29717,11458,214,2
29718,2318,70,1
29719,15590,369,1
29720,11467,348,4
29721,2616,323,3
29722,36,141,1
29723,2628,107,2
29724,12256,90,3
29725,10577,262,1
29726,19321,394,3
29727,7594,398,2
29728,18118,299,4
29729,7124,210,1
29730,6920,334,3
29731,17782,20,4
29732,13184,137,3
29733,5712,255,1
29734,3428,422,3
29735,6032,218,3
29736,10523,110,2
29737,4126,216,4
29738,4491,215,4
29739,19691,206,2
29740,16524,134,1
29741,14286,445,2
29742,16978,140,2
29743,9829,198,2
29744,5386,346,2
29745,14396,453,1
29746,6828,271,3
29747,5923,89,4
29748,4407,150,3
29749,18334,314,4
29750,10081,81,1
29751,13362,125,3
29752,12670,236,1
29753,16926,64,2
29754,19373,134,4
29755,16198,98,4
29756,18481,298,3
29757,19448,387,1
29758,17737,200,4
29759,18144,395,4
29760,5747,477,3
29761,16128,449,1
29762,2174,83,2
29763,7135,345,4
29764,10362,188,1
29765,17418,199,3
29766,7498,284,4
29767,362,275,2
29768,14339,293,2
29769,8729,220,1
29770,1810,311,3
29771,18565,349,2
29772,18885,329,1
29773,18331,440,1
29774,19789,260,4
29775,19981,214,1
29776,214,239,2
29777,12770,493,1
29778,11421,333,3
29779,7260,73,2
29780,11482,59,3
29781,12727,187,4
29782,11060,310,3
29783,10151,55,1
29784,4634,204,3
29785,11246,143,4
29786,10494,70,1
29787,9634,372,1
29788,4995,203,1
29789,10675,88,4
29790,10050,479,4
29791,858,56,4
29792,742,469,4
29793,11373,67,3
29794,3092,22,1
29795,14364,500,3
29796,2820,61,3
29797,15957,308,3
29798,14065,193,3
29799,18379,142,4
29800,13455,461,4
29801,5481,261,1
29802,7773,24,3
29803,18484,410,4
29804,13871,214,3
29805,10309,466,1
29806,12674,407,4
29807,6011,451,4
29808,16983,220,2
29809,286,233,1
29810,1702,148,4
29811,4148,197,1
29812,16688,140,3
29813,659,15,1
29814,14932,253,4
29815,5419,186,4
29816,11633,494,2
29817,3743,467,2
29818,7004,385,4
29819,929,440,4
29820,163,380,2
29821,7757,93,3
29822,1397,493,4
29823,17639,86,3
29824,14691,496,1
29825,4377,491,1
29826,9710,282,4
29827,10472,488,3
29828,7177,69,4
29829,1055,1,3
29830,12991,227,4
29831,11625,332,4
29832,9879,61,4
29833,4430,193,4
29834,1235,190,4
29835,5445,324,1
29836,3886,499,1
29837,9390,224,4
29838,5930,295,2
29839,3808,124,4
29840,4977,359,1
29841,19807,137,4
29842,19470,60,4
29843,19093,379,1
29844,11051,251,3
29845,13237,478,1
29846,16862,483,3
29847,8994,327,2
29848,307,66,2
29849,15225,46,1
29850,13532,147,2
29851,4240,364,3
29852,4514,453,4
29853,18031,384,4
29854,10433,127,4
29855,14094,380,2
29856,5710,272,3
29857,6846,140,3
29858,9590,49,3
29859,17442,66,1
29860,13651,228,4
29861,844,17,2
29862,6632,290,3
29863,16679,422,4
29864,7809,153,2
29865,18063,41,2
29866,263,270,2
29867,3512,376,2
29868,10555,61,3
29869,11041,77,4
29870,12675,349,2
29871,11321,468,1
29872,863,397,4
29873,1844,416,4
29874,1148,334,3
29875,19345,141,3
29876,6251,151,4
29877,17950,475,4
29878,4959,462,4
29879,16931,378,1
29880,9993,58,4
29881,16752,134,3
29882,4073,220,2
29883,2374,228,3
29884,8274,339,1
29885,8964,336,4
29886,14430,486,3
29887,11181,167,4
29888,16630,373,4
29889,18252,297,3
29890,5135,162,4
29891,4986,258,4
29892,14812,83,4
29893,17245,477,1
29894,19221,413,2
29895,8150,8,2
29896,5750,335,2
29897,9614,467,3
29898,3564,166,2
29899,1123,33,1
29900,6384,361,4
29901,6782,133,4
29902,10623,110,3
29903,13347,446,4
29904,15354,495,1
29905,15075,101,1
29906,2395,464,2
29907,1464,85,4
29908,4533,232,4
29909,9232,450,2
29910,9658,457,3
29911,6086,440,2
29912,9659,355,3
29913,11401,378,2
29914,1118,393,4
29915,16716,315,3
29916,10289,281,1
29917,12966,296,2
29918,1467,277,1
29919,12351,351,1
29920,16272,64,3
29921,3895,146,4
29922,8122,228,4
29923,14259,278,3
29924,12334,441,4
29925,4984,338,4
29926,7275,211,1
29927,11914,56,3
29928,6376,106,1
29929,6925,155,1
29930,12851,206,2
29931,15532,470,1
29932,14609,232,3
29933,18736,223,1
29934,7957,36,3
29935,7653,359,4
29936,5069,161,3
29937,2009,133,4
29938,955,404,3
29939,18179,490,2
29940,12804,326,1
29941,3113,366,3
29942,3371,12,4
29943,9898,62,2
29944,19211,145,4
29945,10715,65,2
29946,16538,111,2
29947,4508,357,2
29948,18910,263,1
29949,7422,353,2
29950,16080,469,3
29951,9032,362,3
29952,7385,286,4
29953,18746,91,2
29954,10291,471,2
29955,10750,341,3
29956,10891,168,2
29957,468,128,4
29958,490,399,1
29959,17680,459,4
29960,11637,49,3
29961,4411,37,3
29962,13733,205,4
29963,10421,127,1
29964,10403,448,4
29965,10592,169,1
29966,15151,81,1
29967,9616,77,2
29968,6082,88,3
29969,9177,418,1
29970,10031,235,4
29971,13941,350,3
29972,10172,315,4
29973,8590,84,3
29974,2823,26,2
29975,17286,60,2
29976,16876,294,3
29977,13142,123,2
29978,8155,406,2
29979,16013,227,3
29980,18990,417,1
29981,2478,220,4
29982,11794,169,2
29983,16432,312,1
29984,9648,47,1
29985,9368,304,4
29986,9998,241,3
29987,10049,217,3
29988,12456,151,4
29989,4048,140,2
29990,3020,138,2
29991,11820,274,2
29992,14502,427,3
29993,7792,398,1
29994,14994,343,4
29995,18122,143,4
29996,1290,354,4
29997,9612,473,2
29998,11429,231,1
29999,2485,419,3
30000,11012,201,3
30001,9603,354,2
30002,9793,130,2
30003,13579,46,3
30004,25,200,1
30005,18876,281,3
30006,1512,93,3
30007,9096,380,2
30008,12114,171,3
30009,18668,148,2
30010,1239,265,2
30011,14112,288,4
30012,16484,1,1
30013,8237,229,4
30014,15051,294,3
30015,2262,475,4
30016,13676,16,1
30017,7546,202,1
30018,1139,295,2
30019,12395,477,3
30020,2599,458,1
30021,7569,416,1
30022,10986,453,1
30023,15898,307,2
30024,14272,365,1
30025,13676,68,2
30026,2515,407,2
30027,16911,318,3
30028,2005,107,2
30029,14193,329,1
30030,3128,69,4
30031,2363,250,4
30032,4066,309,1
30033,12031,237,2
30034,2279,28,4
30035,1895,131,2
30036,18079,253,1
30037,13803,33,3
30038,11046,446,3
30039,2175,240,2
30040,7233,415,4
30041,17703,434,3
30042,1317,166,3
30043,2635,219,1
30044,11568,411,1
30045,13098,305,3
30046,955,261,4
30047,12829,215,3
30048,10738,191,1
30049,7976,264,2
30050,13625,297,4
30051,9693,364,2
30052,17516,444,2
30053,12242,173,2
30054,16500,164,4
30055,18391,329,2
30056,16323,184,4
30057,4471,334,4
30058,9915,254,4
30059,3376,341,4
30060,17602,60,4
30061,15515,472,1
30062,18279,73,4
30063,7744,192,1
30064,2173,116,1
30065,18018,38,3
30066,16469,124,2
30067,3692,443,1
30068,17540,78,2
30069,3135,230,3
30070,482,437,4
30071,3153,498,4
30072,14393,156,4
30073,8937,245,1
30074,18835,302,1
30075,8015,237,4
30076,14799,108,3
30077,11592,225,4
30078,12079,494,4
30079,7879,457,1
30080,13660,158,4
30081,19214,270,3
30082,7788,104,2
30083,3467,197,1
30084,1950,22,1
30085,9125,171,3
30086,13135,50,3
30087,13684,402,2
30088,6217,286,1
30089,13003,368,2
30090,8070,217,2
30091,17633,285,1
30092,18278,79,3
30093,14380,280,2
30094,10739,298,3
30095,15730,248,3
30096,10043,182,1
30097,1879,230,4
30098,15812,399,3
30099,12243,19,4
30100,4553,339,3
30101,14421,263,1
30102,18230,263,3
30103,16799,20,4
30104,7391,256,2
30105,2383,211,3
30106,16786,293,2
30107,15046,234,3
30108,10825,276,3
30109,19473,130,1
30110,13667,303,2
30111,3529,107,4
30112,18931,216,4
30113,1818,374,4
30114,14700,450,1
30115,19797,409,2
30116,4413,92,3
30117,2968,497,1
30118,7024,444,1
30119,5368,305,1
30120,18015,81,1
30121,569,132,3
30122,4723,172,1
30123,18800,282,4
30124,13511,271,2
30125,6708,405,2
30126,80,28,3
30127,11517,212,3
30128,10724,272,3
30129,8752,33,2
30130,14634,148,2
30131,17980,361,3
30132,5931,237,1
30133,4485,497,2
30134,18480,129,3
30135,11719,201,4
30136,17684,23,3
30137,15429,482,4
30138,10357,368,1
30139,16277,294,4
30140,16860,334,1
30141,454,395,2
30142,13771,189,3
30143,9679,178,4
30144,18108,133,1
30145,19417,257,4
30146,17946,59,4
30147,17281,281,1
30148,17242,425,3
30149,2263,189,3
30150,5847,410,4
30151,2751,386,3
30152,5356,468,1
30153,1100,361,3
30154,16621,129,1
30155,8289,70,2
30156,485,201,4
30157,3249,148,1
30158,13582,139,3
30159,19807,114,4
30160,18955,199,4
30161,12559,71,2
30162,6234,86,1
30163,1242,278,2
30164,6507,300,3
30165,417,339,3
30166,2755,164,1
30167,11550,435,2
30168,3337,142,2
30169,1226,205,4
30170,8052,85,4
30171,1385,59,1
30172,5071,2,4
30173,6563,94,3
30174,14687,255,3
30175,11245,153,1
30176,10310,219,3
30177,14895,217,4
30178,1268,339,1
30179,7738,472,1
30180,10446,357,3
30181,13165,452,3
30182,3055,336,2
30183,17851,41,1
30184,1064,335,4
30185,19450,234,3
30186,13956,128,1
30187,1262,97,4
30188,13642,425,4
30189,2650,51,3
30190,14548,63,4
30191,9296,483,2
30192,3181,2,4
30193,1989,4,2
30194,16445,263,1
30195,12530,245,4
30196,7265,105,3
30197,17989,154,1
30198,4334,156,3
30199,6382,357,1
30200,14797,106,4
30201,5030,484,1
30202,1132,442,4
30203,10956,338,4
30204,6252,223,1
30205,8519,273,2
30206,13446,268,1
30207,13159,356,1
30208,614,412,1
30209,17252,204,1
30210,16245,36,1
30211,19631,280,1
30212,18651,153,1
30213,14389,208,4
30214,13387,485,1
30215,10000,254,2
30216,19708,3,2
30217,12177,270,3
30218,19455,455,1
30219,15222,350,1
30220,3297,402,4
30221,13186,326,1
30222,19627,375,2
30223,13645,18,1
30224,17262,444,2
30225,7965,110,1
30226,1493,158,1
30227,11212,264,3
30228,18448,27,2
30229,639,18,2
30230,5476,315,3
30231,2749,253,2
30232,322,208,4
30233,12352,217,4
30234,4034,224,1
30235,12019,62,2
30236,16494,61,2
30237,5520,139,3
30238,8131,236,3
30239,9618,95,1
30240,14812,282,1
30241,19771,56,1
30242,10148,264,2
30243,1929,154,4
30244,17066,119,3
30245,7770,239,1
30246,18279,349,1
30247,7935,372,3
30248,7946,344,4
30249,19484,479,4
30250,3007,36,1
30251,5691,431,4
30252,5445,222,2
30253,15452,308,3
30254,15259,171,3
30255,6056,193,1
30256,12015,312,3
30257,14574,86,2
30258,15339,381,2
30259,5055,442,1
30260,9297,78,3
30261,3429,178,1
30262,3760,325,2
30263,473,192,4
30264,2497,351,4
30265,14459,436,2
30266,15943,277,3
30267,3439,259,4
30268,1272,224,3
30269,17349,405,2
30270,14684,329,1
30271,9342,22,1
30272,18220,371,3
30273,4717,465,3
30274,18484,295,3
30275,3098,430,2
30276,17848,359,4
30277,9908,447,4
30278,17544,384,3
30279,10181,205,4
30280,7392,340,4
30281,10826,354,4
30282,7128,164,1
30283,4877,192,3
30284,4661,252,4
30285,15219,283,3
30286,19695,211,2
30287,18789,306,2
30288,14501,258,2
30289,13330,437,2
30290,5292,83,3
30291,11130,336,4
30292,16394,436,3
30293,16553,380,3
30294,19858,106,4
30295,9588,410,1
30296,18840,41,1
30297,13364,431,2
30298,14281,168,3
30299,16421,21,2
30300,18728,109,1
30301,14652,372,3
30302,7360,409,4
30303,10043,201,3
30304,14625,272,4
30305,3773,113,1
30306,3745,413,4
30307,17269,4,3
30308,13554,280,4
30309,18819,221,2
30310,11427,494,3
30311,4403,334,4
30312,13122,135,4
30313,3303,108,4
30314,16631,34,2
30315,18974,465,4
30316,2848,27,2
30317,15120,201,3
30318,9777,288,3
30319,18927,335,2
30320,5241,277,1
30321,1919,240,1
30322,10044,367,3
30323,6803,57,4
30324,18990,439,4
30325,4854,163,1
30326,6599,295,4
30327,16455,198,4
30328,12386,260,1
30329,14955,63,3
30330,9772,246,1
30331,916,355,2
30332,15559,233,2
30333,5277,176,3
30334,14086,165,4
30335,15570,313,1
30336,6301,482,4
30337,5713,126,2
30338,13497,217,1
30339,7225,309,2
30340,15758,341,4
30341,11484,409,2
30342,7919,11,2
30343,18979,450,1
30344,7759,496,1
30345,1100,340,2
30346,6442,315,2
30347,10338,87,1
30348,8160,150,4
30349,10233,152,4
30350,12186,475,2
30351,7661,395,2
30352,17654,437,1
30353,10045,126,1
30354,5822,80,4
30355,14515,240,1
30356,4809,99,2
30357,877,204,1
30358,13485,427,4
30359,366,246,2
30360,6280,451,4
30361,1411,194,1
30362,19789,150,4
30363,13133,175,4
30364,7140,38,3
30365,10256,303,4
30366,6633,100,4
30367,19455,211,2
30368,19533,55,2
30369,9784,246,1
30370,12978,447,4
30371,3894,367,4
30372,12474,479,2
30373,320,196,2
30374,18891,171,2
30375,16915,405,4
30376,9316,110,1
30377,16972,67,2
30378,15832,260,4
30379,15402,362,3
30380,10495,106,3
30381,12885,92,3
30382,18627,176,1
30383,10284,130,3
30384,17109,290,3
30385,7148,450,2
30386,3931,17,2
30387,8694,185,4
30388,9944,344,4
30389,951,481,2
30390,16530,362,1
30391,3717,400,4
30392,7009,353,4
30393,1134,494,2
30394,4773,132,2
30395,2504,162,3
30396,5529,211,3
30397,3710,366,3
30398,4833,244,4
30399,13330,432,4
30400,17302,67,1
30401,9306,346,1
30402,11001,391,1
30403,7947,21,4
30404,10486,430,2
30405,15699,207,1
30406,2930,54,1
30407,4889,226,2
30408,3065,296,4
30409,5841,448,2
30410,11106,54,2
30411,13693,227,3
30412,4421,114,4
30413,4265,500,3
30414,2669,59,1
30415,13940,26,1
30416,13042,221,2
30417,13529,260,4
30418,10503,336,1
30419,14776,6,3
30420,15776,28,3
30421,12889,164,3
30422,5850,184,3
30423,247,247,4
30424,13683,104,1
30425,11841,142,1
30426,3489,429,2
30427,6714,193,3
30428,14636,159,4
30429,5829,162,3
30430,6910,123,1
30431,790,358,2
30432,18104,422,1
30433,805,162,4
30434,10586,480,3
30435,16788,359,4
30436,2842,343,2
30437,6610,389,3
30438,10437,27,1
30439,63,327,2
30440,4121,414,2
30441,13574,429,2
30442,8308,312,2
30443,12388,187,3
30444,11161,237,2
30445,9463,416,2
30446,15506,427,3
30447,8859,354,4
30448,6355,427,1
30449,3233,343,2
30450,4935,411,1
30451,17233,3,3
30452,737,459,3
30453,9065,427,3
30454,3695,15,4
30455,5636,477,3
30456,11683,71,2
30457,10829,206,4
30458,7327,408,4
30459,9234,440,2
30460,1768,441,2
30461,17896,147,3
30462,16665,272,3
30463,3058,19,4
30464,14727,386,2
30465,15948,13,1
30466,7184,58,4
30467,12367,258,1
30468,7624,211,2
30469,13363,4,4
30470,11683,30,1
30471,1960,145,1
30472,4729,377,3
30473,7912,345,3
30474,13634,291,4
30475,14913,166,3
30476,1142,40,1
30477,14177,50,2
30478,9823,192,2
30479,14571,138,1
30480,1313,425,1
30481,6262,394,4
30482,371,474,2
30483,17598,62,4
30484,9568,62,1
30485,17149,344,2
30486,13527,263,1
30487,15442,55,2
30488,14323,370,2
30489,8218,175,1
30490,10923,109,4
30491,4727,293,3
30492,19572,34,4
30493,6385,38,3
30494,3751,223,4
30495,2428,267,4
30496,16207,272,1
30497,15591,436,3
30498,19075,479,2
30499,12361,330,1
30500,973,337,3
30501,13710,11,4
30502,11056,451,4
30503,14394,71,1
30504,6673,482,1
30505,13205,151,2
30506,4508,47,1
30507,3248,14,4
30508,11347,129,4
30509,4816,484,4
30510,13647,181,4
30511,9831,157,4
30512,11988,26,3
30513,7219,245,1
30514,19865,487,3
30515,4893,267,1
30516,14605,427,3
30517,9138,17,4
30518,14401,408,1
30519,8832,46,4
30520,17726,465,4
30521,12587,82,1
30522,3035,495,4
30523,4861,482,1
30524,11997,196,1
30525,18602,362,2
30526,15330,166,4
30527,11339,279,1
30528,7984,166,4
30529,1824,7,1
30530,15405,471,2
30531,4635,326,2
30532,11853,37,3
30533,5388,332,2
30534,8399,352,2
30535,10369,301,4
30536,5142,333,1
30537,8177,118,2
30538,9755,464,2
30539,18846,224,3
30540,14505,162,1
30541,6623,312,1
30542,7587,101,2
30543,8036,185,2
30544,7335,452,2
30545,15495,492,3
30546,6110,354,4
30547,14891,159,3
30548,11661,370,1
30549,7981,268,3
30550,94,101,4
30551,8524,447,1
30552,3100,316,2
30553,4331,325,2
30554,8998,35,3
30555,17696,244,1
30556,14383,445,2
30557,15026,499,3
30558,7469,195,2
30559,12732,360,1
30560,12879,78,2
30561,19766,194,4
30562,14444,388,3
30563,18996,43,2
30564,7530,489,4
30565,15031,82,1
30566,147,32,2
30567,7766,206,2
30568,3638,220,1
30569,9626,145,2
30570,17193,353,4
30571,6186,442,1
30572,18836,149,4
30573,2033,349,3
30574,10464,240,1
30575,6826,152,2
30576,12725,468,3
30577,4365,393,4
30578,7477,493,4
30579,14520,218,2
30580,3458,175,3
30581,8577,248,1
30582,1047,175,4
30583,15377,112,4
30584,8627,22,2
30585,5407,260,4
30586,1238,194,1
30587,6774,326,1
30588,13744,369,2
30589,77,455,4
30590,3125,468,1
30591,11667,285,1
30592,9073,244,1
30593,845,444,2
30594,13004,368,2
30595,842,393,3
30596,16656,55,1
30597,15166,59,3
30598,4480,246,2
30599,14497,34,3
30600,2314,118,2
30601,4359,153,2
30602,7923,89,2
30603,14982,200,1
30604,2745,437,4
30605,17035,401,2
30606,10897,377,2
30607,14462,33,2
30608,1201,423,2
30609,13007,316,3
30610,17267,32,2
30611,2471,79,3
30612,323,482,2
30613,3398,309,2
30614,7010,498,1
30615,1789,360,4
30616,7106,281,1
30617,8551,341,3
30618,19032,52,2
30619,7602,105,4
30620,17372,215,2
30621,16759,185,2
30622,2151,88,4
30623,18198,29,4
30624,17678,153,3
30625,15209,209,3
30626,277,297,2
30627,6394,143,1
30628,11799,297,1
30629,2241,86,4
30630,12467,152,3
30631,18317,241,1
30632,4249,232,3
30633,18946,380,3
30634,15907,458,4
30635,7736,363,4
30636,5596,367,4
30637,10587,355,1
30638,1953,75,4
30639,594,76,1
30640,3998,373,3
30641,17802,324,3
30642,19657,153,2
30643,13469,285,4
30644,12086,190,4
30645,19443,33,3
30646,3381,1,1
30647,14467,384,3
30648,8535,450,2
30649,1104,453,2
30650,19551,148,2
30651,16130,304,2
30652,1798,238,3
30653,5358,409,4
30654,14149,50,2
30655,6610,487,1
30656,4204,104,4
30657,10247,174,4
30658,18145,41,2
30659,8626,16,3
30660,2416,71,4
30661,7507,299,4
30662,17943,139,4
30663,10177,140,1
30664,12775,350,1
30665,2163,354,1
30666,1332,282,4
30667,5609,223,1
30668,10241,172,4
30669,9933,223,4
30670,9610,106,3
30671,17468,159,3
30672,11550,267,3
30673,11561,241,1
30674,6224,87,1
30675,15433,365,1
30676,14466,89,1
30677,17070,400,3
30678,3713,267,4
30679,8451,468,2
30680,3813,135,3
30681,15143,446,3
30682,2478,401,3
30683,7444,385,2
30684,15941,288,4
30685,19673,455,3
30686,6591,282,4
30687,10992,326,2
30688,13619,405,2
30689,3210,77,2
30690,1954,317,4
30691,7007,93,2
30692,2532,193,1
30693,19748,96,4
30694,11147,140,2
30695,19604,491,4
30696,19124,29,4
30697,15588,272,2
30698,4637,49,2
30699,2750,412,2
30700,806,119,1
30701,13203,182,2
30702,2179,393,2
30703,19922,448,4
30704,10335,251,4
30705,13709,36,2
30706,13295,140,4
30707,860,313,4
30708,10220,444,1
30709,16135,105,2
30710,13960,497,2
30711,11375,235,1
30712,463,453,4
30713,12235,198,2
30714,14723,133,3
30715,11094,288,2
30716,10906,107,2
30717,4583,4,2
30718,13711,108,3
30719,4396,465,4
30720,3141,487,3
30721,1485,15,3
30722,10262,470,1
30723,11757,3,1
30724,14598,475,2
30725,13296,53,4
30726,4779,149,3
30727,16896,143,3
30728,11578,66,3
30729,402,163,2
30730,1530,90,1
30731,9495,352,4
30732,12747,323,1
30733,12178,115,3
30734,18108,303,3
30735,1116,51,1
30736,3729,62,2
30737,6756,271,1
30738,17326,494,4
30739,8833,418,3
30740,3495,427,2
30741,17035,307,4
30742,15944,377,2
30743,10803,232,3
30744,5392,270,4
30745,5108,109,2
30746,3871,46,3
30747,7387,56,2
30748,13266,213,1
30749,1720,414,1
30750,16390,403,4
30751,3540,339,1
30752,1531,161,4
30753,19263,34,1
30754,15918,463,3
30755,1689,266,3
30756,5195,354,2
30757,8479,350,1
30758,14,74,2
30759,12859,300,2
30760,1323,96,3
30761,15857,368,1
30762,5453,19,4
30763,16532,316,3
30764,12775,404,3
30765,5411,322,3
30766,18656,152,1
30767,17382,116,4
30768,18177,25,4
30769,4753,442,3
30770,18332,67,4
30771,139,132,2
30772,18046,310,1
30773,6693,248,4
30774,2065,321,2
30775,11922,134,4
30776,15477,59,3
30777,8109,197,2
30778,18242,291,4
30779,5664,74,4
30780,2146,138,2
30781,7760,183,2
30782,4628,29,1
30783,15757,107,4
30784,9356,152,1
30785,5705,487,1
30786,8732,294,3
30787,10684,80,3
30788,10172,424,3
30789,14329,211,4
30790,843,460,2
30791,11990,268,2
30792,19748,337,3
30793,13248,200,4
30794,10880,162,2
30795,1588,161,1
30796,10122,103,3
30797,329,101,1
30798,557,124,3
30799,19466,314,1
30800,14826,335,2
30801,2091,318,2
30802,16863,261,3
30803,11655,385,2
30804,5731,154,4
30805,9863,325,3
30806,18710,107,1
30807,16531,139,3
30808,16476,293,2
30809,7676,291,1
30810,15206,322,2
30811,13872,93,4
30812,3782,72,3
30813,3990,481,2
30814,7539,71,3
30815,17617,475,2
30816,18450,310,4
30817,7212,300,1
30818,14664,57,3
30819,4895,474,4
30820,4105,291,2
30821,18084,155,3
30822,19233,294,2
30823,17889,362,1
30824,6019,152,2
30825,6253,41,4
30826,5801,387,3
30827,13420,387,3
30828,7839,378,4
30829,13488,368,2
30830,657,15,3
30831,9482,382,1
30832,17623,227,3
30833,7556,415,2
30834,13767,189,3
30835,12375,34,1
30836,7356,337,1
30837,16547,399,4
30838,19233,483,3
30839,93,372,1
30840,15953,283,3
30841,903,96,4
30842,10428,217,1
30843,13563,108,1
30844,18179,223,2
30845,9155,20,2
30846,7333,316,2
30847,12561,14,1
30848,15938,416,3
30849,13539,127,3
30850,10886,230,1
30851,15326,5,2
30852,11475,341,1
30853,4882,345,3
30854,9721,28,3
30855,6125,365,1
30856,8609,315,1
30857,127,54,4
30858,7857,487,1
30859,7826,258,4
30860,8640,61,3
30861,19871,103,1
30862,19673,421,3
30863,4708,54,1
30864,13981,134,2
30865,1516,387,4
30866,19909,113,3
30867,13551,370,3
30868,16653,279,3
30869,19757,416,4
30870,4839,430,1
30871,8580,25,3
30872,187,157,2
30873,17171,447,3
30874,12725,136,1
30875,12000,219,4
30876,1221,218,1
30877,8304,33,3
30878,13618,475,2
30879,6160,394,4
30880,3017,465,2
30881,1280,26,4
30882,15370,215,2
30883,10661,118,2
30884,8578,471,4
30885,8745,407,1
30886,14101,395,1
30887,16041,370,3
30888,9175,460,3
30889,18583,214,2
30890,8225,343,1
30891,13612,477,1
30892,5942,235,1
30893,7594,388,1
30894,9583,255,1
30895,17364,76,4
30896,19667,163,4
30897,18902,312,4
30898,188,486,3
30899,14806,287,1
30900,834,55,3
30901,10660,223,1
30902,10314,146,1
30903,10995,264,1
30904,3113,259,3
30905,5769,401,3
30906,11679,397,2
30907,387,21,1
30908,2094,229,4
30909,12079,83,4
30910,11748,36,4
30911,16091,451,3
30912,2825,167,4
30913,18455,56,4
30914,17939,345,4
30915,12121,192,2
30916,1870,459,2
30917,1237,466,1
30918,12926,406,3
30919,1719,272,1
30920,19460,338,3
30921,1901,102,2
30922,11101,479,2
30923,1100,200,1
30924,19094,188,4
30925,15982,294,1
30926,14904,459,2
30927,19158,347,3
30928,12717,93,3
30929,19004,289,2
30930,5531,200,2
30931,4779,381,3
30932,13478,451,1
30933,4356,74,3
30934,11017,49,1
30935,7269,150,1
30936,14860,452,4
30937,14596,284,1
30938,9118,459,1
30939,7739,165,4
30940,727,359,3
30941,9729,339,2
30942,2782,172,3
30943,15081,41,2
30944,99,163,2
30945,16983,167,2
30946,4047,291,4
30947,7702,455,3
30948,328,480,2
30949,19603,441,3
30950,185,326,1
30951,5628,306,2
30952,1814,491,3
30953,19313,271,1
30954,13264,372,2
30955,9395,358,4
30956,16507,318,4
30957,15884,296,4
30958,15405,393,3
30959,11890,196,4
30960,7301,249,4
30961,10012,100,4
30962,17200,291,2
30963,3823,5,2
30964,19721,71,1
30965,4296,224,2
30966,15637,179,1
30967,8954,185,1
30968,14293,494,4
30969,8892,131,4
30970,4121,306,3
30971,10401,241,3
30972,6336,449,3
30973,17886,380,2
30974,14275,223,4
30975,4053,204,3
30976,3590,482,3
30977,9293,159,1
30978,12375,469,1
30979,1024,281,4
30980,4922,226,3
30981,849,114,1
30982,15542,202,1
30983,12429,403,1
30984,7503,316,1
30985,3262,112,2
30986,12844,261,3
30987,13820,252,4
30988,17342,276,2
30989,8555,419,3
30990,1085,273,4
30991,17873,83,3
30992,11922,327,2
30993,13337,385,1
30994,16690,372,2
30995,17244,298,2
30996,18448,59,2
30997,15952,46,2
30998,14903,3,4
30999,9789,256,2
31000,13062,367,4
31001,7448,480,1
31002,8288,221,4
31003,19700,333,1
31004,19076,459,2
31005,2640,393,2
31006,9182,346,3
31007,19501,284,2
31008,4978,303,2
31009,6823,496,3
31010,19736,457,2
31011,18180,249,1
31012,6716,348,3
31013,6093,77,2
31014,9078,302,2
31015,7310,492,2
31016,342,135,1
31017,17253,407,3
31018,10669,142,2
31019,4295,1,4
31020,6221,480,4
31021,15784,246,3
31022,16810,205,1
31023,14358,414,4
31024,788,348,3
31025,17403,76,4
31026,12810,324,3
31027,15589,433,2
31028,13905,331,4
31029,8683,297,4
31030,13896,406,3
31031,3666,210,3
31032,9348,364,1
31033,1725,278,3
31034,8232,343,1
31035,8870,440,3
31036,17414,356,3
31037,9678,153,3
31038,10717,410,3
31039,10604,45,1
31040,19743,493,4
31041,18812,302,1
31042,15329,329,2
31043,11656,395,3
31044,2533,456,4
31045,6656,348,4
31046,17142,362,1
31047,3871,269,3
31048,303,446,3
31049,2118,89,2
31050,11510,329,2
31051,887,92,2
31052,17495,266,1
31053,220,118,3
31054,854,78,3
31055,16456,45,2
31056,7128,172,1
31057,16370,472,4
31058,18305,380,2
31059,6187,285,1
31060,17473,486,3
31061,3837,421,1
31062,14654,174,4
31063,4644,216,1
31064,18787,66,4
31065,9254,20,3
31066,549,447,3
31067,10253,62,1
31068,10297,489,2
31069,12846,196,1
31070,19447,207,3
31071,11853,224,2
31072,10429,29,2
31073,4543,304,3
31074,547,484,4
31075,15045,205,1
31076,5695,54,4
31077,16426,234,2
31078,19170,71,4
31079,763,187,3
31080,910,387,4
31081,14192,402,4
31082,10603,63,4
31083,16780,66,1
31084,3017,467,4
31085,3344,374,1
31086,14853,349,1
31087,19261,242,2
31088,2025,48,2
31089,15467,145,2
31090,18625,382,1
31091,2054,364,2
31092,13376,66,1
31093,10220,251,2
31094,15833,439,4
31095,16663,28,2
31096,16281,145,1
31097,5564,183,4
31098,9843,322,3
31099,2170,56,3
31100,6835,164,1
31101,6165,463,4
31102,16869,71,1
31103,13681,434,3
31104,14822,403,1
31105,11788,451,4
31106,1855,27,1
31107,10742,79,3
31108,11286,89,2
31109,4333,261,1
31110,8840,145,3
31111,11899,275,2
31112,18084,360,3
31113,11024,448,1
31114,26,112,2
31115,121,311,1
31116,8579,333,2
31117,17490,283,3
31118,1250,462,4
31119,5419,355,4
31120,18737,435,1
31121,360,250,4
31122,7958,15,1
31123,7853,121,2
31124,6804,369,2
31125,11503,60,2
31126,3071,166,2
31127,5411,265,1
31128,5629,473,4
31129,11707,276,4
31130,436,353,4
31131,11237,177,4
31132,5583,473,3
31133,10816,481,3
31134,3121,102,4
31135,700,57,1
31136,4266,91,3
31137,15403,479,2
31138,10904,127,3
31139,14530,158,4
31140,6774,164,2
31141,8113,262,4
31142,5047,316,4
31143,5630,334,1
31144,9857,240,4
31145,5014,466,3
31146,14042,369,4
31147,12542,442,3
31148,1829,444,2
31149,1042,427,4
31150,14323,300,2
31151,16081,265,4
31152,1437,449,2
31153,4244,345,2
31154,19125,71,1
31155,18551,104,1
31156,3545,416,4
31157,427,473,4
31158,4755,77,3
31159,2690,177,4
31160,970,252,1
31161,18613,248,2
31162,18268,55,4
31163,19756,293,2
31164,4908,16,1
31165,7050,253,3
31166,14943,287,2
31167,15011,408,3
31168,17688,366,4
31169,18795,126,4
31170,15234,448,4
31171,2430,97,3
31172,15943,175,3
31173,13491,350,1
31174,4335,337,3
31175,17670,118,2
31176,14997,432,1
31177,5459,304,4
31178,16163,59,2
31179,1293,101,3
31180,14499,277,4
31181,13274,139,2
31182,13836,230,2
31183,372,77,1
31184,5826,254,3
31185,16201,108,2
31186,9398,64,3
31187,18537,14,2
31188,11095,132,4
31189,18308,32,1
31190,15545,250,4
31191,14422,179,1
31192,3818,76,4
31193,8427,73,4
31194,15212,190,1
31195,18049,253,2
31196,6830,189,2
31197,9093,478,2
31198,18388,306,1
31199,10195,236,1
31200,10396,311,1
31201,7636,166,1
31202,11735,394,1
31203,5319,479,1
31204,19258,98,1
31205,12433,22,4
31206,7205,135,4
31207,6958,351,4
31208,1221,460,4
31209,16662,77,3
31210,15988,265,2
31211,17947,89,1
31212,18700,173,2
31213,14052,263,1
31214,16555,240,1
31215,14848,495,1
31216,11814,137,1
31217,10799,13,1
31218,6486,171,3
31219,7550,364,1
31220,19056,139,3
31221,1142,259,2
31222,10993,118,2
31223,5921,77,3
31224,1205,458,4
31225,82,22,3
31226,4494,342,3
31227,11551,431,4
31228,6965,248,4
31229,1261,9,3
31230,14112,254,1
31231,11216,212,2
31232,17251,219,3
31233,18064,478,1
31234,13457,333,3
31235,14709,278,1
31236,194,289,4
31237,11856,268,4
31238,15482,88,4
31239,13742,328,1
31240,2260,312,4
31241,10330,137,1
31242,5483,169,4
31243,727,327,4
31244,5344,343,3
31245,3099,13,4
31246,5089,247,4
31247,3175,289,1
31248,9202,491,1
31249,17013,293,4
31250,5030,319,2
31251,17776,109,3
31252,7377,42,3
31253,3495,14,2
31254,11703,460,1
31255,2709,188,1
31256,4409,259,2
31257,6126,375,1
31258,11168,242,3
31259,2202,252,1
31260,1565,6,4
31261,10241,255,4
31262,9427,16,4
31263,11279,491,1
31264,7271,98,3
31265,16178,350,3
31266,7380,313,4
31267,3975,42,2
31268,12873,206,1
31269,15281,235,4
31270,11407,133,1
31271,15643,95,2
31272,12570,395,4
31273,14743,366,3
31274,8835,148,1
31275,7510,222,1
31276,6536,264,1
31277,15215,427,3
31278,3818,187,2
31279,4463,341,2
31280,2903,147,2
31281,7071,61,3
31282,7766,285,2
31283,15608,436,4
31284,14289,404,4
31285,1821,414,1
31286,4811,289,1
31287,16887,400,2
31288,1049,147,2
31289,2872,315,1
31290,11406,48,4
31291,2713,457,2
31292,8265,50,4
31293,11014,353,4
31294,5977,72,2
31295,18865,363,1
31296,14492,293,4
31297,4850,92,2
31298,7670,12,4
31299,3999,445,3
31300,254,474,4
31301,17220,497,4
31302,6632,438,2
31303,5721,336,3
31304,12711,121,3
31305,18346,159,3
31306,17052,273,2
31307,7958,77,2
31308,10832,201,3
31309,9848,75,2
31310,9527,249,4
31311,11936,493,4
31312,7828,217,2
31313,19463,213,2
31314,4735,229,1
31315,14791,157,4
31316,19072,274,3
31317,9084,430,1
31318,11765,166,1
31319,4081,463,4
31320,11687,256,2
31321,4951,104,1
31322,4024,207,4
31323,19467,402,4
31324,9937,430,1
31325,17654,427,3
31326,16167,96,3
31327,14114,408,3
31328,17611,150,2
31329,9552,95,4
31330,10494,115,1
31331,16814,206,2
31332,15453,16,3
31333,19336,150,1
31334,1802,318,4
31335,17716,321,3
31336,2834,323,1
31337,2974,332,1
31338,13186,189,2
31339,15005,51,1
31340,18,299,2
31341,17413,251,2
31342,18216,406,1
31343,4277,485,1
31344,5773,296,2
31345,10613,284,3
31346,304,60,2
31347,10030,410,2
31348,10075,403,1
31349,13186,189,2
31350,3324,321,2
31351,5117,73,1
31352,3597,9,2
31353,7676,423,1
31354,5887,90,2
31355,12063,255,3
31356,928,431,4
31357,18073,125,3
31358,5237,89,1
31359,5525,425,2
31360,369,2,3
31361,7308,368,3
31362,15167,368,1
31363,8101,79,3
31364,1657,387,1
31365,12642,264,3
31366,6427,290,1
31367,6747,451,1
31368,16385,406,4
31369,12666,373,3
31370,16626,335,4
31371,11112,430,3
31372,5927,235,2
31373,3335,310,2
31374,17186,405,3
31375,579,353,2
31376,19784,305,2
31377,8431,22,3
31378,4646,157,3
31379,7151,206,1
31380,3832,153,4
31381,13380,420,4
31382,5238,482,2
31383,12430,216,2
31384,5074,107,1
31385,12213,147,4
31386,3971,128,4
31387,1896,172,3
31388,8035,28,1
31389,14573,200,2
31390,6955,336,1
31391,1247,327,3
31392,7052,43,2
31393,19825,202,2
31394,4578,300,3
31395,12733,437,2
31396,1216,317,2
31397,18910,292,3
31398,6653,48,1
31399,11019,472,4
31400,3456,171,1
31401,11811,125,2
31402,7180,200,3
31403,11465,424,3
31404,653,425,4
31405,11452,14,1
31406,19610,399,2
31407,4404,454,3
31408,15122,358,2
31409,6311,88,2
31410,4895,262,1
31411,3399,59,3
31412,10085,167,3
31413,10737,17,4
31414,3825,456,3
31415,18449,330,2
31416,18858,205,2
31417,11246,161,3
31418,10346,216,3
31419,5919,287,4
31420,18825,458,3
31421,15069,480,1
31422,6605,490,1
31423,19216,95,1
31424,7289,204,3
31425,2590,361,4
31426,7440,264,1
31427,2355,133,2
31428,11451,350,4
31429,6966,115,2
31430,11086,165,1
31431,19392,400,4
31432,9824,469,2
31433,6346,310,1
31434,3775,126,1
31435,17415,6,4
31436,13440,332,1
31437,6004,168,3
31438,12834,500,1
31439,91,469,3
31440,18025,202,3
31441,5167,193,3
31442,11786,207,2
31443,7462,44,2
31444,4016,346,2
31445,11213,137,2
31446,19292,39,2
31447,7834,230,4
31448,6728,55,4
31449,8995,275,2
31450,11510,491,4
31451,8303,314,3
31452,9062,229,1
31453,13655,481,1
31454,8846,195,1
31455,9340,55,1
31456,5344,58,2
31457,5030,500,3
31458,14240,458,2
31459,15799,102,3
31460,18481,367,3
31461,3050,361,1
31462,13989,209,1
31463,5598,60,3
31464,10310,292,1
31465,9812,183,2
31466,3074,305,1
31467,10148,160,1
31468,7372,257,3
31469,8410,489,3
31470,7604,50,3
31471,14601,295,3
31472,12617,459,3
31473,13118,259,1
31474,19588,418,1
31475,13924,329,1
31476,10203,496,4
31477,13432,209,3
31478,1136,169,1
31479,8140,475,4
31480,14554,403,4
31481,16810,390,1
31482,6221,220,2
31483,11063,325,3
31484,16646,273,2
31485,4181,99,3
31486,7037,407,2
31487,4276,254,1
31488,1088,184,4
31489,12165,313,4
31490,14164,51,4
31491,15900,477,4
31492,13034,112,4
31493,15634,50,1
31494,3875,80,4
31495,18197,93,2
31496,12539,154,2
31497,11897,319,2
31498,748,289,4
31499,5981,428,3
31500,10423,485,1
31501,14580,65,4
31502,8111,152,4
31503,6969,226,3
31504,19965,488,3
31505,9858,139,1
31506,11498,381,3
31507,6475,470,1
31508,16036,184,3
31509,4424,172,4
31510,15712,489,4
31511,6933,289,2
31512,11982,175,2
31513,6975,227,2
31514,16930,130,4
31515,2862,287,4
31516,19499,403,2
31517,2406,111,4
31518,2032,419,4
31519,15487,456,4
31520,10932,387,2
31521,18891,246,4
31522,5311,455,3
31523,19329,118,4
31524,443,223,4
31525,5304,13,4
31526,4075,35,3
31527,80,321,1
31528,5637,374,1
31529,12349,334,4
31530,7199,232,3
31531,19782,130,4
31532,11654,84,3
31533,13241,254,1
31534,11548,171,4
31535,11307,220,1
31536,19235,148,2
31537,10334,254,4
31538,9389,185,4
31539,11744,490,3
31540,4150,105,2
31541,8072,108,2
31542,9195,164,1
31543,11940,312,1
31544,9114,418,4
31545,18748,375,1
31546,6505,78,3
31547,2139,171,1
31548,9125,170,2
31549,2991,63,1
31550,2013,60,4
31551,16909,263,1
31552,2022,389,1
31553,17706,96,3
31554,4777,446,4
31555,12657,317,4
31556,13260,419,3
31557,11224,193,1
31558,19782,151,3
31559,12622,465,1
31560,11894,113,3
31561,11122,494,1
31562,12930,113,4
31563,3047,389,3
31564,7566,79,1
31565,6397,403,4
31566,13400,376,4
31567,9324,154,2
31568,8756,292,1
31569,18332,447,1
31570,12405,167,4
31571,6170,273,3
31572,1327,351,2
31573,16187,34,2
31574,11264,248,1
31575,7828,169,4
31576,7025,245,4
31577,10870,309,4
31578,19815,375,2
31579,8591,132,1
31580,10101,329,4
31581,14193,185,3
31582,4385,474,2
31583,14674,200,2
31584,8148,42,3
31585,14085,5,2
31586,8158,418,3
31587,11482,354,3
31588,8955,406,4
31589,12785,71,4
31590,5030,377,4
31591,3956,300,1
31592,6244,214,3
31593,11009,389,1
31594,2178,220,4
31595,17168,187,1
31596,13707,446,1
31597,15365,104,3
31598,16478,478,3
31599,19846,476,2
31600,8669,197,4
31601,17741,211,4
31602,14329,473,4
31603,10539,79,2
31604,6408,399,2
31605,14398,162,4
31606,14836,34,1
31607,19999,291,3
31608,19300,320,3
31609,14252,137,2
31610,14848,211,3
31611,1059,307,3
31612,11090,340,4
31613,8753,401,3
31614,4981,207,2
31615,13020,413,1
31616,4734,151,2
31617,17269,156,2
31618,4965,236,1
31619,17514,107,4
31620,3138,269,4
31621,19910,253,2
31622,9788,447,1
31623,144,307,3
31624,17502,423,2
31625,7208,126,1
31626,17630,118,4
31627,9682,162,1
31628,18931,355,2
31629,9006,218,2
31630,18102,39,4
31631,8976,257,2
31632,14369,179,2
31633,10504,468,3
31634,6823,184,4
31635,19168,480,3
31636,1491,439,1
31637,2905,110,3
31638,15661,12,3
31639,6776,131,1
31640,7912,29,3
31641,14348,4,4
31642,3544,351,3
31643,17356,307,2
31644,3972,495,1
31645,846,385,2
31646,10387,100,4
31647,4540,42,1
31648,7582,100,1
31649,3433,74,2
31650,1611,323,1
31651,17787,271,4
31652,15403,173,3
31653,12282,4,1
31654,18476,200,4
31655,15955,478,3
31656,2134,65,2
31657,8518,1,1
31658,10595,5,1
31659,18459,281,3
31660,17539,22,2
31661,1194,151,4
31662,16712,423,3
31663,16214,243,1
31664,3961,216,4
31665,6580,492,2
31666,5636,492,2
31667,4184,51,3
31668,7336,258,1
31669,13301,70,3
31670,5223,158,4
31671,16608,383,3
31672,19439,203,1
31673,6833,179,1
31674,1116,24,1
31675,3920,159,2
31676,3995,120,4
31677,5119,122,3
31678,15645,436,3
31679,5766,94,1
31680,19334,233,4
31681,18242,253,4
31682,5156,175,4
31683,9075,269,2
31684,19282,320,4
31685,325,191,2
31686,8854,100,3
31687,16853,479,3
31688,12535,338,3
31689,18604,42,4
31690,14892,398,4
31691,4821,182,2
31692,11883,68,1
31693,13875,355,4
31694,12365,235,3
31695,19597,359,4
31696,5744,96,2
31697,19338,66,3
31698,14626,259,4
31699,19660,175,4
31700,10472,296,1
31701,11823,183,3
31702,12085,272,4
31703,18864,318,4
31704,19601,356,4
31705,7372,245,4
31706,8819,348,4
31707,2519,127,3
31708,14027,345,3
31709,1235,241,1
31710,17796,249,4
31711,15192,451,2
31712,938,423,2
31713,63,145,1
31714,12533,429,4
31715,11929,225,1
31716,16663,67,1
31717,17279,212,3
31718,16814,296,2
31719,16472,340,1
31720,9327,206,2
31721,5370,81,1
31722,4115,173,3
31723,17793,24,2
31724,803,231,3
31725,14315,3,4
31726,3681,385,1
31727,9867,234,4
31728,5280,346,3
31729,882,149,3
31730,4467,467,3
31731,12655,38,4
31732,12231,365,1
31733,108,69,2
31734,987,354,4
31735,8480,234,2
31736,3787,199,2
31737,16380,80,2
31738,16605,241,4
31739,8026,11,4
31740,19239,188,4
31741,8975,338,4
31742,3422,327,4
31743,15958,346,1
31744,6574,251,1
31745,2013,317,3
31746,2931,441,3
31747,15154,150,3
31748,7799,184,1
31749,13902,284,2
31750,7930,402,2
31751,12987,281,2
31752,9771,249,4
31753,13575,483,3
31754,19700,218,1
31755,8864,33,2
31756,6519,9,3
31757,8058,189,2
31758,15091,67,2
31759,5525,339,3
31760,18794,294,2
31761,2985,124,3
31762,19483,311,4
31763,15126,152,2
31764,5377,42,3
31765,4801,26,1
31766,5050,228,4
31767,9078,302,3
31768,5395,436,3
31769,5961,496,4
31770,11630,313,4
31771,7072,180,3
31772,2141,90,4
31773,17200,184,3
31774,99,327,3
31775,11032,56,1
31776,1653,60,1
31777,9192,394,3
31778,19121,287,2
31779,11695,231,3
31780,4216,258,4
31781,1691,112,4
31782,9338,374,1
31783,10045,446,4
31784,6948,325,3
31785,6373,473,2
31786,12571,171,1
31787,1169,303,4
31788,10045,261,4
31789,4107,137,4
31790,2484,274,3
31791,3206,398,2
31792,19645,139,1
31793,12634,246,4
31794,907,142,3
31795,2665,16,4
31796,2316,83,1
31797,2660,265,1
31798,18282,229,3
31799,5959,494,1
31800,7939,444,3
31801,12071,5,3
31802,11264,93,2
31803,2324,123,2
31804,1940,312,2
31805,9098,492,2
31806,11594,332,2
31807,7984,337,2
31808,10959,132,1
31809,16865,38,1
31810,13342,264,3
31811,14260,448,1
31812,200,410,4
31813,16303,438,1
31814,9706,28,2
31815,17040,191,2
31816,16102,439,4
31817,17096,210,4
31818,19552,113,2
31819,18115,297,1
31820,7516,345,2
31821,19097,93,2
31822,15299,345,1
31823,16791,350,1
31824,2895,103,1
31825,13540,70,1
31826,13606,276,2
31827,11915,261,3
31828,8554,463,4
31829,14731,381,3
31830,12879,191,3
31831,18144,167,2
31832,2820,21,1
31833,10530,484,3
31834,1164,405,3
31835,17258,66,4
31836,9995,267,3
31837,12409,65,4
31838,4476,157,3
31839,8674,476,2
31840,10771,204,3
31841,3731,272,4
31842,16472,83,3
31843,7391,10,1
31844,17641,282,3
31845,13536,138,4
31846,7973,262,1
31847,6378,454,4
31848,10481,185,2
31849,10850,492,4
31850,7788,229,4
31851,4668,337,3
31852,17096,119,3
31853,15723,161,1
31854,3779,249,4
31855,15398,117,1
31856,1530,267,3
31857,16352,175,1
31858,4377,59,3
31859,15361,239,1
31860,19368,366,4
31861,8048,495,2
31862,19920,271,2
31863,7191,339,3
31864,18723,243,4
31865,12491,176,4
31866,18854,304,3
31867,2612,132,3
31868,7874,376,1
31869,15523,274,4
31870,13622,63,1
31871,6509,50,4
31872,16244,214,4
31873,3424,387,1
31874,1463,171,2
31875,19320,267,2
31876,2247,146,3
31877,10409,366,1
31878,2425,106,1
31879,6138,151,2
31880,6072,389,2
31881,14325,207,4
31882,5793,259,2
31883,13171,498,3
31884,12422,350,1
31885,8926,487,3
31886,19250,32,2
31887,15704,357,3
31888,8841,420,1
31889,7551,15,1
31890,6869,318,4
31891,17138,11,4
31892,10638,265,2
31893,1365,464,1
31894,1565,397,3
31895,11510,325,4
31896,11862,439,2
31897,6406,221,2
31898,8915,4,1
31899,13214,365,3
31900,15532,139,2
31901,2378,83,1
31902,10145,123,3
31903,16559,450,2
31904,10912,318,2
31905,9156,399,1
31906,8007,333,3
31907,7396,139,1
31908,708,70,2
31909,13434,118,1
31910,379,491,2
31911,9793,313,4
31912,5643,376,3
31913,15839,181,2
31914,5595,172,1
31915,1996,116,4
31916,9621,86,1
31917,1016,22,4
31918,9087,20,4
31919,12593,310,3
31920,8216,487,1
31921,7575,191,2
31922,11217,493,4
31923,18616,430,2
31924,18245,295,4
31925,8096,342,3
31926,2817,130,2
31927,2874,31,4
31928,3497,40,3
31929,16967,124,2
31930,17082,272,1
31931,6935,11,1
31932,3865,402,2
31933,2267,364,2
31934,9708,165,3
31935,5919,152,1
31936,13323,126,3
31937,5147,489,4
31938,1088,80,3
31939,13034,444,3
31940,6730,321,2
31941,14631,442,1
31942,7856,474,1
31943,19561,62,2
31944,17672,328,3
31945,14664,4,2
31946,6480,391,2
31947,9130,464,3
31948,13400,445,1
31949,15460,69,3
31950,14253,466,3
31951,19782,72,1
31952,3215,242,3
31953,11327,170,2
31954,18384,85,1
31955,10027,116,4
31956,16576,179,3
31957,2416,58,3
31958,3788,463,4
31959,3597,168,4
31960,7946,186,3
31961,4823,28,3
31962,8182,460,3
31963,14818,121,2
31964,3230,282,4
31965,13975,359,2
31966,10137,231,3
31967,582,231,1
31968,9899,388,1
31969,6191,435,4
31970,18557,15,1
31971,18554,53,3
31972,8268,157,1
31973,13767,453,1
31974,3573,249,4
31975,4217,206,4
31976,16024,458,1
31977,17763,469,1
31978,7538,294,3
31979,6608,4,3
31980,4507,314,3
31981,4771,183,2
31982,10765,1,2
31983,11848,5,2
31984,8265,480,2
31985,16754,75,3
31986,6902,468,4
31987,3419,182,4
31988,17994,301,2
31989,9462,110,3
31990,18346,333,1
31991,2727,428,3
31992,15683,467,3
31993,7659,192,4
31994,16642,45,2
31995,18788,344,1
31996,8189,303,4
31997,10041,182,4
31998,8034,449,2
31999,16053,344,4
32000,5410,355,4
32001,18412,274,1
32002,447,233,4
32003,7651,85,3
32004,6471,94,3
32005,6202,484,3
32006,12319,400,1
32007,1453,2,4
32008,239,478,2
32009,11468,95,2
32010,6147,452,4
32011,15616,156,1
32012,3043,497,3
32013,9206,151,1
32014,19150,41,1
32015,8115,296,2
32016,12156,324,1
32017,8558,151,2
32018,9490,49,1
32019,9240,64,2
32020,6951,37,1
32021,7282,57,1
32022,8306,347,1
32023,5964,499,2
32024,1599,354,4
32025,14509,279,2
32026,16621,462,2
32027,14049,278,3
32028,10735,500,4
32029,11094,349,3
32030,4124,478,2
32031,3968,332,2
32032,3772,378,3
32033,4002,98,1
32034,5751,127,3
32035,19187,205,3
32036,15151,437,2
32037,6088,156,4
32038,10543,484,1
32039,5460,306,2
32040,9185,390,1
32041,11456,274,4
32042,10497,177,4
32043,19275,362,2
32044,7096,8,2
32045,6845,398,4
32046,58,443,3
32047,2081,212,1
32048,3764,235,2
32049,11696,306,3
32050,7837,325,3
32051,10558,306,1
32052,19144,351,1
32053,13186,346,4
32054,13592,248,1
32055,8441,354,3
32056,3492,480,4
32057,19813,20,4
32058,8863,190,3
32059,10067,387,4
32060,435,304,3
32061,18183,424,4
32062,14651,412,2
32063,6901,366,3
32064,12629,403,4
32065,14779,267,2
32066,16277,216,3
32067,14228,126,1
32068,1409,417,2
32069,5455,226,4
32070,19260,496,3
32071,2509,336,2
32072,3011,45,1
32073,14911,269,3
32074,4043,275,4
32075,9307,23,2
32076,10340,79,4
32077,10297,440,4
32078,16973,145,3
32079,10521,324,1
32080,10459,432,3
32081,14825,493,4
32082,14368,237,3
32083,8276,257,2
32084,7104,457,4
32085,17028,285,4
32086,2139,40,2
32087,13363,128,4
32088,7714,414,1
32089,19987,433,2
32090,13985,147,3
32091,2364,404,4
32092,2059,163,3
32093,12225,116,4
32094,4207,181,3
32095,10231,304,4
32096,17357,132,4
32097,11481,477,4
32098,526,457,2
32099,9913,244,4
32100,19958,477,1
32101,17732,105,2
32102,10657,401,4
32103,719,168,2
32104,5579,304,3
32105,19865,361,4
32106,18542,396,3
32107,16812,212,1
32108,11772,13,2
32109,13834,420,1
32110,16806,446,3
32111,14631,431,1
32112,16777,208,3
32113,14988,436,3
32114,9123,27,4
32115,6101,215,3
32116,17685,413,3
32117,16617,165,3
32118,16303,220,4
32119,15938,219,4
32120,11917,121,3
32121,12059,469,4
32122,1251,407,2
32123,18837,427,4
32124,6560,56,1
32125,12572,415,2
32126,6802,161,4
32127,2842,379,4
32128,11629,213,2
32129,11657,110,3
32130,3584,434,2
32131,18,47,3
32132,3532,419,4
32133,17845,126,2
32134,2383,288,4
32135,10497,333,2
32136,7460,412,4
32137,7678,10,1
32138,6849,480,4
32139,14234,385,2
32140,1270,210,1
32141,8642,278,2
32142,13676,138,3
32143,18950,70,2
32144,19432,399,4
32145,9592,461,1
32146,14998,471,1
32147,129,125,1
32148,11734,248,2
32149,7603,387,1
32150,18148,14,1
32151,15788,119,1
32152,4744,245,1
32153,11445,82,3
32154,16365,343,3
32155,13772,135,2
32156,15266,32,2
32157,18355,458,3
32158,2089,278,1
32159,12972,357,4
32160,1839,153,2
32161,17783,275,4
32162,2697,499,3
32163,18024,11,1
32164,2560,50,1
32165,16269,250,2
32166,938,465,2
32167,10991,135,4
32168,7666,303,1
32169,14297,132,3
32170,15204,106,4
32171,12137,51,2
32172,11433,54,1
32173,5041,183,4
32174,8932,377,1
32175,10565,278,2
32176,1331,305,2
32177,11500,248,1
32178,10128,321,3
32179,19734,77,1
32180,2907,130,1
32181,9185,494,1
32182,4963,442,2
32183,13346,221,2
32184,1350,53,2
32185,16346,467,4
32186,19617,135,3
32187,5918,201,2
32188,9301,188,4
32189,14076,80,3
32190,4560,497,2
32191,2678,479,1
32192,4349,181,1
32193,2251,27,4
32194,3338,284,4
32195,5207,331,4
32196,18286,485,2
32197,13552,42,1
32198,19564,417,2
32199,865,182,3
32200,791,283,3
32201,17619,113,4
32202,6011,337,3
32203,18722,127,2
32204,7991,429,2
32205,9374,308,2
32206,6816,141,2
32207,7319,113,1
32208,12844,255,3
32209,9089,332,2
32210,17447,43,1
32211,2232,219,4
32212,2205,25,2
32213,12360,124,4
32214,11007,376,3
32215,3598,51,3
32216,6708,83,1
32217,16136,230,2
32218,10719,239,1
32219,10284,280,1
32220,16377,252,3
32221,12186,310,4
32222,19292,57,4
32223,19835,54,1
32224,4967,16,4
32225,3694,14,2
32226,2150,82,4
32227,18171,315,3
32228,10913,88,1
32229,19192,461,2
32230,9655,35,4
32231,13365,391,2
32232,13615,366,1
32233,2311,292,1
32234,17125,61,4
32235,18004,384,3
32236,3596,296,1
32237,446,446,4
32238,13805,476,3
32239,18441,170,1
32240,17467,59,3
32241,2062,18,3
32242,12619,308,1
32243,18444,308,3
32244,8511,35,2
32245,13247,74,3
32246,17350,442,2
32247,6874,123,1
32248,10310,491,2
32249,13407,84,2
32250,8298,305,4
32251,19892,154,2
32252,6441,228,3
32253,9297,204,2
32254,16686,85,1
32255,15952,331,1
32256,5192,59,4
32257,11784,317,2
32258,3455,417,3
32259,18148,444,4
32260,6989,117,4
32261,15926,383,2
32262,4699,104,3
32263,526,181,1
32264,2139,178,4
32265,3904,17,1
32266,11889,2,3
32267,4570,362,4
32268,19218,486,1
32269,360,147,4
32270,784,359,4
32271,15202,306,2
32272,15659,300,1
32273,2816,344,4
32274,13677,229,1
32275,1219,236,4
32276,4326,165,3
32277,4344,346,4
32278,17380,183,1
32279,1283,203,2
32280,4481,453,1
32281,10287,456,1
32282,13164,362,4
32283,17330,3,3
32284,7912,111,3
32285,15442,20,2
32286,11279,486,1
32287,10301,476,1
32288,13151,106,2
32289,17389,24,4
32290,3247,156,3
32291,13413,483,3
32292,2998,45,3
32293,7376,286,3
32294,16384,41,2
32295,11914,472,4
32296,537,134,1
32297,18685,58,2
32298,10185,341,4
32299,5565,471,4
32300,5032,94,3
32301,10878,367,1
32302,18059,169,2
32303,832,491,1
32304,9109,466,2
32305,14039,138,4
32306,19917,140,4
32307,4955,106,4
32308,14953,471,4
32309,9301,490,1
32310,10030,144,1
32311,4046,150,4
32312,3825,452,4
32313,11940,200,4
32314,14797,323,1
32315,10135,332,3
32316,9592,404,3
32317,3964,485,2
32318,13283,420,4
32319,6372,302,1
32320,4839,177,4
32321,9019,258,1
32322,11811,399,4
32323,11673,61,4
32324,2384,203,1
32325,3552,86,3
32326,7901,294,3
32327,12869,64,2
32328,4032,15,4
32329,7981,317,2
32330,15569,35,2
32331,11473,35,1
32332,3305,297,3
32333,7213,199,2
32334,16532,12,3
32335,920,182,4
32336,12959,350,4
32337,7373,297,3
32338,18371,301,4
32339,5270,334,3
32340,4088,273,3
32341,8204,233,1
32342,19986,345,3
32343,7104,97,4
32344,2550,105,2
32345,13053,281,2
32346,11367,287,4
32347,12770,36,4
32348,9137,131,1
32349,18673,197,1
32350,19246,198,3
32351,6455,207,2
32352,3681,132,1
32353,16557,149,3
32354,10116,155,3
32355,18421,21,1
32356,14784,390,3
32357,5755,202,3
32358,7138,13,3
32359,13925,469,1
32360,10463,428,3
32361,16084,142,2
32362,19470,123,1
32363,17598,408,3
32364,9581,325,2
32365,2627,126,3
32366,6215,281,2
32367,1560,240,3
32368,11841,417,3
32369,18864,154,1
32370,3618,320,2
32371,7629,393,4
32372,8906,219,4
32373,18490,399,1
32374,3648,59,2
32375,2293,8,1
32376,1356,111,4
32377,12019,173,2
32378,19281,159,4
32379,18254,383,1
32380,3909,92,4
32381,3792,85,1
32382,8743,23,1
32383,6678,41,3
32384,5373,119,3
32385,14756,43,2
32386,16004,343,4
32387,1937,491,4
32388,19260,475,3
32389,14901,186,2
32390,4531,366,3
32391,4813,321,1
32392,16199,417,4
32393,3870,182,4
32394,12633,322,4
32395,2815,341,2
32396,18820,20,4
32397,11211,93,4
32398,12784,283,1
32399,1590,480,2
32400,5856,258,4
32401,16477,160,4
32402,10100,197,1
32403,14341,352,4
32404,16996,392,1
32405,10746,347,3
32406,15787,107,4
32407,19351,200,3
32408,601,188,2
32409,9259,19,4
32410,17180,39,2
32411,16862,480,4
32412,18089,320,2
32413,6018,465,3
32414,9094,398,3
32415,18951,354,1
32416,1976,36,2
32417,6405,68,4
32418,8732,424,4
32419,5577,320,4
32420,18594,337,1
32421,12789,93,1
32422,5262,359,3
32423,1278,209,2
32424,16476,41,4
32425,10253,496,4
32426,6983,366,3
32427,2710,474,2
32428,18706,168,4
32429,1652,154,3
32430,14627,62,3
32431,17360,456,1
32432,18255,269,1
32433,9607,380,4
32434,5049,187,3
32435,6746,342,1
32436,12106,46,2
32437,12964,339,3
32438,6067,144,3
32439,6027,486,4
32440,18066,479,2
32441,18426,118,1
32442,4030,478,2
32443,2373,459,1
32444,11358,192,4
32445,15737,439,4
32446,2589,115,4
32447,13633,57,1
32448,19709,61,2
32449,12220,113,3
32450,4498,169,1
32451,8960,127,3
32452,8940,275,2
32453,8192,217,2
32454,495,76,4
32455,8539,249,2
32456,15406,309,3
32457,8827,311,3
32458,10678,208,3
32459,16333,184,3
32460,3296,403,3
32461,11297,186,3
32462,16888,446,2
32463,1943,67,4
32464,6833,305,1
32465,4923,49,3
32466,12828,367,2
32467,671,46,4
32468,8411,474,2
32469,1234,16,2
32470,19315,55,3
32471,18873,92,3
32472,19274,376,1
32473,2209,238,2
32474,14589,63,3
32475,10933,33,3
32476,4405,225,4
32477,1752,128,4
32478,7000,21,2
32479,14551,407,4
32480,2390,473,3
32481,11592,179,2
32482,17583,257,3
32483,9431,231,4
32484,13346,55,3
32485,15545,94,1
32486,8975,440,4
32487,12241,336,4
32488,226,265,1
32489,12926,498,2
32490,4836,408,3
32491,3611,399,2
32492,5641,422,2
32493,16845,111,1
32494,160,250,4
32495,16169,55,3
32496,12687,479,3
32497,4057,129,2
32498,14596,429,3
32499,1363,421,1
32500,19327,120,1
32501,4352,60,1
32502,10903,386,2
32503,11772,316,2
32504,11355,323,1
32505,5982,328,3
32506,6796,206,4
32507,11902,257,1
32508,8012,152,3
32509,594,16,2
32510,402,380,2
32511,17904,42,4
32512,8074,216,4
32513,19087,255,2
32514,7514,334,2
32515,7032,381,3
32516,2135,196,4
32517,14878,262,3
32518,11489,354,1
32519,5784,71,2
32520,13519,424,4
32521,14058,378,4
32522,14858,359,2
32523,747,113,3
32524,12374,354,2
32525,5075,146,1
32526,14655,247,1
32527,12712,185,3
32528,6808,18,1
32529,2938,89,4
32530,6632,409,1
32531,963,416,1
32532,4186,152,3
32533,9343,119,4
32534,4634,360,2
32535,298,367,2
32536,6197,75,4
32537,7078,271,4
32538,2246,359,4
32539,3010,28,1
32540,15384,211,2
32541,10388,62,2
32542,12842,227,1
32543,481,174,1
32544,18453,349,3
32545,17825,19,2
32546,19649,83,3
32547,15074,315,1
32548,14826,150,3
32549,14237,190,3
32550,11756,136,3
32551,11997,247,3
32552,16924,311,2
32553,16650,36,1
32554,3990,335,4
32555,18485,99,3
32556,19055,152,3
32557,18339,289,3
32558,19274,497,3
32559,807,285,3
32560,2920,294,4
32561,4229,354,3
32562,19754,449,4
32563,490,447,1
32564,14487,123,1
32565,8765,32,3
32566,9502,334,1
32567,6192,156,1
32568,12714,149,3
32569,323,476,4
32570,787,22,4
32571,4395,211,1
32572,4474,34,2
32573,12510,218,1
32574,14442,202,4
32575,9894,318,3
32576,8470,494,1
32577,5141,418,2
32578,3566,258,1
32579,8860,283,4
32580,8203,485,4
32581,17635,126,1
32582,8395,481,3
32583,462,302,3
32584,7971,432,3
32585,10345,368,3
32586,16761,53,3
32587,14248,328,1
32588,14246,2,2
32589,10231,63,3
32590,6981,483,3
32591,9199,91,1
32592,10618,94,3
32593,1235,230,1
32594,12405,28,2
32595,562,59,4
32596,17213,99,4
32597,10030,450,4
32598,6378,134,2
32599,15408,293,3
32600,12752,442,1
32601,15249,428,4
32602,7315,406,3
32603,5491,372,4
32604,18318,272,1
32605,1643,25,3
32606,9050,50,4
32607,14046,82,4
32608,1443,239,3
32609,9490,56,3
32610,17744,450,2
32611,9455,287,2
32612,16014,242,3
32613,13646,357,1
32614,12050,338,3
32615,11967,413,1
32616,15297,182,3
32617,1258,153,1
32618,19030,123,4
32619,14360,22,2
32620,17564,103,2
32621,17558,129,4
32622,15187,51,1
32623,15092,446,2
32624,10783,329,3
32625,10120,159,2
32626,13424,423,1
32627,7047,329,1
32628,10264,102,4
32629,3617,137,4
32630,12026,205,1
32631,5690,342,4
32632,8876,56,3
32633,15652,433,4
32634,13292,145,1
32635,5544,372,3
32636,16511,28,2
32637,14542,380,3
32638,2639,455,2
32639,18797,292,2
32640,14594,83,1
32641,5400,235,3
32642,17775,91,1
32643,19171,267,4
32644,15051,289,4
32645,9435,79,4
32646,12574,332,2
32647,15372,228,1
32648,19526,175,2
32649,9906,366,1
32650,2467,161,1
32651,15190,373,4
32652,14240,168,3
32653,16492,316,1
32654,1824,178,4
32655,8411,462,1
32656,14646,392,1
32657,16854,453,2
32658,16072,327,3
32659,4164,123,2
32660,13333,356,1
32661,1501,67,1
32662,13874,336,3
32663,5315,226,3
32664,18339,496,2
32665,12575,174,2
32666,10393,301,4
32667,3363,132,4
32668,9703,398,3
32669,16999,369,2
32670,1679,63,1
32671,19134,133,3
32672,12006,155,2
32673,11160,486,4
32674,15408,98,2
32675,15029,232,3
32676,3498,317,4
32677,15756,243,2
32678,2485,358,2
32679,16871,417,4
32680,13669,346,3
32681,1201,452,4
32682,3844,389,1
32683,17192,269,2
32684,18507,229,4
32685,11990,469,1
32686,392,6,1
32687,2690,477,1
32688,11427,368,2
32689,17734,289,2
32690,4549,61,4
32691,3539,164,4
32692,16437,487,4
32693,16072,43,4
32694,12944,146,2
32695,14145,241,1
32696,506,472,4
32697,5246,183,1
32698,15492,443,4
32699,18361,237,4
32700,17212,130,2
32701,2670,87,3
32702,6566,10,2
32703,15934,303,1
32704,18719,347,1
32705,7977,149,2
32706,1916,264,2
32707,8915,208,2
32708,9255,327,1
32709,8155,169,4
32710,6511,456,3
32711,11173,157,3
32712,5100,92,3
32713,10296,65,3
32714,1819,84,4
32715,15679,104,2
32716,17184,337,1
32717,3006,182,2
32718,12646,196,3
32719,19686,336,4
32720,11861,222,2
32721,2473,249,4
32722,8843,321,2
32723,3831,108,2
32724,9946,291,4
32725,13311,264,4
32726,16010,86,4
32727,463,362,3
32728,3493,311,1
32729,6975,403,2
32730,4202,326,1
32731,8008,337,3
32732,8282,213,2
32733,9491,398,4
32734,3652,381,3
32735,18833,360,3
32736,8505,316,1
32737,13726,148,4
32738,16004,109,4
32739,13827,483,3
32740,6655,201,4
32741,7253,372,3
32742,11076,84,1
32743,7705,294,1
32744,8732,18,2
32745,7438,199,1
32746,14563,480,4
32747,3171,188,2
32748,17906,198,3
32749,16830,431,3
32750,4303,300,2
32751,18551,78,3
32752,2435,93,2
32753,7089,205,2
32754,3464,15,2
32755,13386,122,3
32756,8761,144,2
32757,3817,402,3
32758,4453,48,1
32759,12122,7,1
32760,12565,345,3
32761,1398,213,4
32762,4246,150,1
32763,14256,159,2
32764,13598,439,3
32765,19733,76,1
32766,13035,106,4
32767,5562,378,2
32768,17663,135,4
32769,7135,323,4
32770,10603,462,3
32771,2060,349,2
32772,3655,268,4
32773,18152,57,4
32774,12146,285,1
32775,9770,495,1
32776,3586,48,1
32777,1009,274,1
32778,3150,97,4
32779,9242,236,4
32780,18089,170,4
32781,13050,306,4
32782,2907,357,2
32783,7549,349,3
32784,17994,464,4
32785,18130,313,2
32786,2939,173,3
32787,7338,29,1
32788,5665,339,3
32789,19752,313,4
32790,7116,480,4
32791,16283,313,2
32792,18916,271,2
32793,17836,357,3
32794,41,47,2
32795,13671,85,3
32796,7339,461,3
32797,16906,399,3
32798,3114,190,3
32799,14182,299,2
32800,3632,68,2
32801,2691,456,2
32802,2087,223,4
32803,13540,39,2
32804,4464,189,4
32805,1692,44,3
32806,14869,284,4
32807,15785,329,3
32808,622,454,4
32809,16710,347,3
32810,14997,115,2
32811,2620,215,4
32812,5132,397,2
32813,7261,483,2
32814,429,298,2
32815,11634,397,4
32816,1296,213,4
32817,76,188,4
32818,4369,482,3
32819,15440,45,2
32820,2553,177,4
32821,2491,479,4
32822,11840,334,1
32823,13222,191,1
32824,8135,18,2
32825,17328,60,1
32826,9320,73,1
32827,4330,26,3
32828,15935,407,2
32829,17033,360,1
32830,8921,375,4
32831,7616,307,3
32832,4028,339,3
32833,3677,316,3
32834,2634,239,2
32835,9657,100,1
32836,10727,23,1
32837,15777,417,1
32838,1445,461,2
32839,13707,488,2
32840,3160,303,2
32841,13857,164,3
32842,16837,226,2
32843,7130,316,3
32844,17618,164,3
32845,14013,305,1
32846,5500,355,1
32847,13503,169,2
32848,10519,393,1
32849,6762,218,2
32850,4186,370,3
32851,19113,360,1
32852,10153,100,3
32853,17365,468,3
32854,13598,31,1
32855,19119,121,4
32856,13383,69,3
32857,14294,311,3
32858,4595,358,4
32859,17957,278,4
32860,15934,231,3
32861,9085,482,1
32862,15627,163,2
32863,11041,321,3
32864,14570,83,2
32865,2958,262,3
32866,1306,433,3
32867,693,495,3
32868,6490,379,2
32869,310,301,3
32870,16184,16,3
32871,9469,253,1
32872,18135,78,3
32873,6921,441,3
32874,19116,253,3
32875,18357,468,2
32876,18248,87,4
32877,17532,257,2
32878,19752,22,2
32879,13246,44,1
32880,158,332,3
32881,10310,162,2
32882,2547,25,1
32883,18023,239,1
32884,5527,269,2
32885,7448,294,2
32886,16217,49,3
32887,14527,159,3
32888,12641,330,1
32889,17044,179,4
32890,12980,328,2
32891,7310,134,3
32892,4590,330,2
32893,3203,155,3
32894,5344,142,4
32895,17005,300,4
32896,17422,428,2
32897,10161,324,3
32898,19865,475,3
32899,14447,483,1
32900,3462,376,1
32901,9786,91,3
32902,1718,88,1
32903,6707,119,2
32904,19477,149,2
32905,4819,111,4
32906,17790,242,3
32907,6213,219,1
32908,813,168,4
32909,18346,427,3
32910,3274,401,1
32911,14770,148,1
32912,8027,98,1
32913,7854,87,2
32914,9997,443,4
32915,16430,361,3
32916,14524,456,4
32917,344,193,4
32918,474,485,4
32919,11254,230,4
32920,17918,355,3
32921,5120,291,2
32922,13704,355,3
32923,16707,242,2
32924,1389,43,2
32925,8093,356,2
32926,9804,405,3
32927,3853,125,2
32928,10465,435,4
32929,16091,47,4
32930,5500,314,1
32931,19756,128,3
32932,5142,110,2
32933,7340,360,3
32934,7292,81,3
32935,10348,492,1
32936,2478,99,3
32937,9736,9,1
32938,12772,411,3
32939,14322,171,2
32940,5024,1,4
32941,9928,98,2
32942,19717,280,4
32943,598,200,3
32944,11413,206,4
32945,7991,71,1
32946,3582,35,3
32947,7489,86,1
32948,19661,256,3
32949,1368,422,4
32950,15521,338,2
32951,5059,475,4
32952,3096,433,1
32953,12354,360,2
32954,3830,351,3
32955,11984,174,1
32956,9024,168,1
32957,8707,342,4
32958,16234,177,1
32959,10591,184,1
32960,1985,96,4
32961,3592,183,3
32962,12783,330,2
32963,14872,253,3
32964,12803,446,4
32965,1610,92,2
32966,14707,336,1
32967,6105,337,3
32968,7432,248,3
32969,6358,197,3
32970,1049,231,2
32971,11402,58,4
32972,17444,466,4
32973,447,357,2
32974,4655,448,4
32975,15023,469,3
32976,7224,172,2
32977,8253,30,3
32978,6507,358,1
32979,19982,227,2
32980,1381,350,3
32981,18999,419,1
32982,7704,499,2
32983,5640,437,2
32984,8055,195,3
32985,13111,465,1
32986,1335,426,4
32987,15370,109,1
32988,638,402,4
32989,10930,440,1
32990,18444,228,3
32991,6461,340,3
32992,5976,389,3
32993,18785,346,2
32994,14347,442,4
32995,16492,385,4
32996,3779,478,1
32997,16040,242,3
32998,2550,141,3
32999,12274,367,2
33000,3602,475,1
33001,11074,149,4
33002,2966,318,4
33003,9443,31,2
33004,15539,237,4
33005,7530,266,2
33006,330,461,4
33007,1141,181,3
33008,14863,236,1
33009,172,108,3
33010,11845,133,4
33011,16848,368,2
33012,17529,299,2
33013,2914,292,2
33014,6892,129,3
33015,12828,495,2
33016,9871,91,2
33017,2433,482,2
33018,3703,303,2
33019,12707,470,1
33020,16526,94,2
33021,1769,426,3
33022,4969,462,2
33023,1560,114,4
33024,9349,51,1
33025,6936,492,1
33026,19141,55,1
33027,7553,202,2
33028,10309,491,1
33029,9605,347,2
33030,15583,102,3
33031,7600,410,4
33032,17567,295,4
33033,13015,437,3
33034,5526,58,2
33035,18485,51,2
33036,14462,240,4
33037,10450,282,2
33038,15678,235,2
33039,17486,69,4
33040,4258,470,1
33041,19666,353,2
33042,5494,333,2
33043,6628,87,3
33044,10313,226,2
33045,10321,406,2
33046,13880,410,1
33047,7716,362,3
33048,8340,454,4
33049,13594,427,2
33050,19907,332,4
33051,13150,344,2
33052,2553,70,1
33053,6446,438,4
33054,3927,29,4
33055,15834,339,1
33056,7062,30,1
33057,14674,356,2
33058,17725,410,2
33059,15491,347,2
33060,4232,180,3
33061,7141,344,2
33062,18306,496,3
33063,4089,385,1
33064,304,238,1
33065,6352,337,2
33066,17193,62,2
33067,10699,50,2
33068,12208,65,2
33069,4823,149,3
33070,19285,282,2
33071,19314,317,1
33072,1546,467,2
33073,19839,336,4
33074,4121,28,4
33075,608,84,3
33076,17911,262,2
33077,10312,147,4
33078,2657,52,4
33079,13974,497,4
33080,5848,287,1
33081,13145,466,3
33082,9144,68,3
33083,11744,219,3
33084,15067,426,2
33085,17896,39,2
33086,16564,295,3
33087,8936,263,2
33088,13648,101,3
33089,8186,285,3
33090,10834,209,1
33091,19268,368,4
33092,15222,246,4
33093,7115,88,1
33094,13115,270,4
33095,11633,418,1
33096,2297,417,3
33097,12158,144,1
33098,19457,432,4
33099,7998,430,3
33100,5692,210,3
33101,4168,379,2
33102,18281,283,4
33103,14612,243,3
33104,16056,183,2
33105,9218,190,1
33106,15544,481,3
33107,11775,495,3
33108,8005,120,4
33109,5510,433,3
33110,17201,136,2
33111,7654,496,3
33112,12136,54,1
33113,3843,466,4
33114,4901,219,4
33115,5778,407,1
33116,15955,47,2
33117,17709,463,1
33118,6576,213,2
33119,2918,213,3
33120,5747,104,1
33121,13839,172,3
33122,5600,193,4
33123,556,62,1
33124,14572,299,4
33125,15266,235,3
33126,14941,275,2
33127,11260,160,3
33128,10064,3,4
33129,18315,386,1
33130,12619,136,4
33131,7288,451,2
33132,15752,456,4
33133,8289,322,2
33134,13987,496,1
33135,13164,337,1
33136,16981,132,4
33137,16108,414,3
33138,15616,255,4
33139,12454,255,2
33140,5955,365,2
33141,11351,376,2
33142,270,430,3
33143,2389,65,1
33144,9459,403,4
33145,16404,426,1
33146,18187,424,2
33147,12853,129,4
33148,3260,408,3
33149,13821,143,2
33150,3459,111,4
33151,2428,422,4
33152,10174,209,1
33153,19457,341,2
33154,11246,105,2
33155,586,218,3
33156,6567,140,2
33157,9271,335,2
33158,10267,83,3
33159,13586,221,1
33160,14436,137,1
33161,4428,227,4
33162,16464,89,4
33163,18221,244,4
33164,18218,438,3
33165,9112,309,3
33166,10238,499,4
33167,11835,174,3
33168,11895,178,4
33169,15107,253,3
33170,4992,420,4
33171,6032,464,1
33172,9740,99,4
33173,10992,337,1
33174,951,226,4
33175,19966,412,4
33176,9757,21,4
33177,12880,70,1
33178,9757,449,4
33179,5175,216,4
33180,4615,246,2
33181,17812,104,2
33182,13147,209,3
33183,11936,209,2
33184,14127,145,2
33185,5257,449,3
33186,11071,53,2
33187,3387,8,3
33188,5964,389,2
33189,16671,492,2
33190,7533,60,4
33191,13884,354,1
33192,7908,420,4
33193,8656,358,4
33194,13542,30,3
33195,14845,435,2
33196,316,469,2
33197,7577,126,3
33198,7619,340,3
33199,1874,117,2
33200,13521,392,4
33201,4329,301,4
33202,7860,421,1
33203,5040,453,4
33204,8311,169,3
33205,7364,343,1
33206,17228,492,2
33207,4281,115,2
33208,16003,428,3
33209,13077,59,3
33210,14930,106,1
33211,14659,245,3
33212,16074,496,1
33213,117,283,4
33214,21,54,4
33215,2875,259,1
33216,3933,457,4
33217,2830,352,3
33218,3528,449,1
33219,3117,323,3
33220,14910,143,2
33221,14603,431,1
33222,10159,422,1
33223,15591,138,2
33224,14233,412,4
33225,5403,106,3
33226,14719,5,1
33227,1291,412,4
33228,7314,441,2
33229,5250,169,3
33230,11523,354,3
33231,2697,13,2
33232,14026,189,4
33233,932,189,4
33234,12418,162,2
33235,2010,109,2
33236,13117,389,2
33237,5708,220,3
33238,15419,412,1
33239,19847,85,1
33240,13071,430,3
33241,5124,22,3
33242,16856,7,1
33243,9383,393,4
33244,15530,97,1
33245,11209,480,2
33246,14001,229,2
33247,4170,497,1
33248,329,77,2
33249,6638,270,1
33250,11464,121,3
33251,1158,43,3
33252,1920,483,4
33253,18766,45,4
33254,8005,224,1
33255,15236,62,4
33256,7921,317,4
33257,11741,228,4
33258,528,86,1
33259,1435,152,1
33260,14083,409,1
33261,10757,12,3
33262,7471,422,2
33263,5709,458,2
33264,2156,477,2
33265,19576,118,3
33266,14408,256,1
33267,2556,263,4
33268,15366,181,1
33269,15535,194,1
33270,6001,90,2
33271,390,20,2
33272,7928,86,1
33273,9044,336,3
33274,8170,328,1
33275,8096,413,2
33276,3950,271,1
33277,8736,334,1
33278,10809,70,4
33279,1073,395,3
33280,19697,99,1
33281,15928,131,2
33282,18542,26,3
33283,2416,58,2
33284,9281,207,4
33285,3067,34,1
33286,19932,9,1
33287,17016,109,1
33288,16512,346,2
33289,13821,70,2
33290,4983,193,2
33291,4886,76,3
33292,11162,321,2
33293,838,143,3
33294,17693,217,1
33295,4241,456,1
33296,9682,24,4
33297,10448,140,1
33298,16267,194,4
33299,5192,398,2
33300,12351,395,4
33301,16294,246,4
33302,1894,203,4
33303,11548,154,3
33304,3211,482,3
33305,8136,11,2
33306,8951,273,2
33307,19129,227,1
33308,18908,39,1
33309,7079,146,3
33310,5499,163,2
33311,13473,391,3
33312,18512,281,3
33313,14862,344,4
33314,14315,104,2
33315,13948,172,4
33316,5065,200,1
33317,770,422,2
33318,1227,191,2
33319,6213,121,3
33320,15547,11,2
33321,15000,148,4
33322,5947,454,3
33323,9055,476,4
33324,14530,342,4
33325,7166,276,2
33326,5274,373,3
33327,3374,340,1
33328,389,318,2
33329,17759,308,3
33330,685,9,2
33331,2717,175,3
33332,12554,480,2
33333,11151,466,3
33334,17108,380,4
33335,563,93,2
33336,12633,44,1
33337,6602,336,1
33338,16498,129,2
33339,12994,343,2
33340,5424,208,1
33341,2610,340,4
33342,7586,213,1
33343,19166,402,2
33344,11430,369,1
33345,2999,112,2
33346,2901,70,1
33347,3197,422,1
33348,12938,322,1
33349,2203,458,2
33350,764,61,1
33351,325,107,2
33352,1762,156,1
33353,19461,217,4
33354,1068,134,2
33355,4083,445,2
33356,13515,165,1
33357,8528,23,2
33358,14753,178,4
33359,8336,271,1
33360,6669,410,1
33361,15656,323,4
33362,11326,460,1
33363,14400,354,4
33364,19957,397,1
33365,5424,306,2
33366,13072,135,2
33367,4292,213,3
33368,6017,2,1
33369,12561,294,2
33370,231,110,1
33371,4129,308,4
33372,3487,50,2
33373,17953,164,4
33374,16518,349,2
33375,13533,127,2
33376,624,138,3
33377,6064,84,1
33378,18938,279,1
33379,15048,470,4
33380,7763,9,3
33381,2067,134,2
33382,11065,102,4
33383,6472,312,3
33384,6966,111,4
33385,7056,70,1
33386,17624,121,4
33387,11034,51,4
33388,554,14,1
33389,17281,112,2
33390,19503,130,3
33391,7408,400,4
33392,13801,154,3
33393,16312,35,4
33394,7735,380,4
33395,4027,456,2
33396,4968,391,1
33397,16569,247,4
33398,4080,360,3
33399,8817,315,1
33400,16085,87,2
33401,1077,397,2
33402,17105,59,2
33403,16671,417,2
33404,12551,253,1
33405,18293,98,3
33406,3643,292,4
33407,15506,199,4
33408,10161,371,2
33409,15588,307,3
33410,19685,464,1
33411,1431,296,4
33412,11443,490,1
33413,12823,187,2
33414,3280,160,2
33415,2680,101,4
33416,6201,103,3
33417,4782,289,1
33418,12837,245,3
33419,5987,373,1
33420,2120,131,4
33421,9153,257,2
33422,11833,89,1
33423,19633,153,3
33424,5850,202,3
33425,15774,27,2
33426,5252,377,2
33427,6442,144,1
33428,2662,384,2
33429,10318,243,1
33430,19369,39,2
33431,4196,58,1
33432,14315,261,1
33433,58,486,2
33434,744,215,2
33435,5216,142,4
33436,5143,97,1
33437,13999,486,4
33438,18535,457,1
33439,9834,298,4
33440,5635,72,3
33441,17800,139,1
33442,7906,451,1
33443,8754,229,2
33444,18241,346,1
33445,318,478,4
33446,15917,289,3
33447,19257,163,4
33448,1592,384,2
33449,3293,361,4
33450,4864,217,2
33451,2950,409,1
33452,13186,344,3
33453,8259,470,3
33454,5235,440,1
33455,13085,211,1
33456,5225,208,2
33457,406,241,2
33458,19340,346,2
33459,19795,289,3
33460,17326,207,4
33461,16806,233,1
33462,17214,343,3
33463,12529,462,3
33464,9795,11,2
33465,6485,353,3
33466,18383,430,3
33467,18431,413,2
33468,5216,140,4
33469,4407,365,4
33470,904,498,3
33471,11703,149,2
33472,17658,240,3
33473,3868,287,3
33474,15599,451,3
33475,19819,149,1
33476,11565,493,4
33477,13402,395,1
33478,14094,238,1
33479,2834,147,2
33480,492,433,3
33481,11050,477,4
33482,2713,225,3
33483,12775,164,3
33484,13657,357,1
33485,15119,478,2
33486,19669,103,2
33487,11646,78,1
33488,17802,175,4
33489,6617,106,1
33490,10357,147,3
33491,16327,416,3
33492,12234,389,2
33493,18445,243,3
33494,1673,79,2
33495,3435,357,1
33496,14238,320,4
33497,3565,158,1
33498,17162,7,1
33499,5500,182,2
33500,3877,497,3
33501,11027,395,1
33502,19045,106,1
33503,10536,321,4
33504,10540,459,2
33505,5971,358,2
33506,16213,212,2
33507,17131,373,1
33508,10842,262,4
33509,11549,437,2
33510,3777,52,4
33511,18359,38,2
33512,17268,91,1
33513,18115,205,3
33514,6780,130,1
33515,13762,306,2
33516,9607,9,1
33517,8602,409,1
33518,11759,464,1
33519,13589,464,2
33520,15422,113,2
33521,6092,60,3
33522,4208,169,4
33523,10201,40,1
33524,1959,250,1
33525,13403,360,3
33526,12190,113,4
33527,3942,307,1
33528,16644,455,4
33529,14991,288,4
33530,5060,198,1
33531,8151,58,4
33532,7908,102,1
33533,994,410,3
33534,16785,476,3
33535,3778,493,4
33536,4379,203,1
33537,1372,204,2
33538,4464,469,1
33539,19211,63,1
33540,6904,356,1
33541,13146,87,3
33542,4376,500,2
33543,6338,356,1
33544,1338,265,3
33545,17874,489,2
33546,6450,344,1
33547,16288,279,3
33548,10284,100,1
33549,14786,273,1
33550,6496,128,1
33551,9031,407,3
33552,16463,237,3
33553,17825,250,2
33554,11622,480,3
33555,12903,51,3
33556,19709,41,2
33557,15082,351,4
33558,18520,404,1
33559,13054,329,1
33560,14248,393,2
33561,14758,395,2
33562,13424,1,1
33563,8868,42,3
33564,13009,332,2
33565,15599,433,4
33566,17957,427,4
33567,2528,487,3
33568,12174,444,4
33569,17824,340,3
33570,13523,132,1
33571,2136,59,3
33572,16524,78,3
33573,14297,375,3
33574,15116,359,3
33575,1432,457,3
33576,428,474,1
33577,12168,20,2
33578,10046,106,4
33579,18684,50,2
33580,9748,97,2
33581,7029,3,2
33582,5232,395,2
33583,4553,384,1
33584,4042,228,4
33585,11502,98,2
33586,9846,21,1
33587,6871,49,2
33588,7523,123,2
33589,40,386,4
33590,17871,403,4
33591,11674,52,3
33592,6474,347,2
33593,7818,24,1
33594,709,440,2
33595,4269,26,2
33596,18441,201,3
33597,19861,433,4
33598,19238,397,2
33599,16706,19,2
33600,9526,274,2
33601,6768,450,4
33602,12425,283,4
33603,7288,45,2
33604,15406,213,3
33605,11736,311,2
33606,9767,413,3
33607,9567,205,4
33608,3074,164,2
33609,2041,12,3
33610,16822,13,4
33611,11995,16,3
33612,17052,109,2
33613,2470,139,2
33614,11395,131,2
33615,4496,217,1
33616,10062,46,2
33617,17405,228,4
33618,1040,70,2
33619,10637,376,3
33620,10003,359,2
33621,6597,154,3
33622,1202,32,1
33623,18526,8,1
33624,2055,227,3
33625,19457,29,2
33626,16435,235,4
33627,8897,381,3
33628,13079,413,2
33629,13241,140,1
33630,18055,238,4
33631,5864,219,1
33632,715,283,1
33633,12143,328,2
33634,17592,494,4
33635,8563,440,1
33636,8994,122,3
33637,11816,337,1
33638,12035,186,4
33639,9066,71,1
33640,4448,130,3
33641,3733,153,3
33642,8563,128,1
33643,8636,241,3
33644,9148,391,1
33645,6217,482,2
33646,16181,172,2
33647,5848,440,2
33648,18312,177,3
33649,4890,181,1
33650,18010,278,3
33651,7637,59,1
33652,18020,236,4
33653,6799,70,3
33654,10092,252,4
33655,4182,134,4
33656,3013,364,1
33657,7180,462,4
33658,12955,187,1
33659,17466,132,1
33660,5384,121,2
33661,3608,267,4
33662,5647,149,1
33663,11117,289,3
33664,16802,131,1
33665,15925,62,2
33666,16061,8,4
33667,5943,164,4
33668,13172,169,1
33669,5838,157,2
33670,5216,30,4
33671,10541,267,3
33672,8854,395,1
33673,17694,258,4
33674,8197,445,2
33675,12246,123,1
33676,19612,295,4
33677,3811,342,3
33678,13644,4,2
33679,15291,245,3
33680,1633,489,2
33681,1738,114,4
33682,2940,193,2
33683,9907,462,3
33684,17368,479,4
33685,19011,152,3
33686,17768,370,1
33687,13610,268,1
33688,3382,157,1
33689,8579,224,4
33690,2043,63,1
33691,4261,300,1
33692,11465,353,1
33693,8293,449,3
33694,4075,234,1
33695,1786,326,4
33696,3899,14,4
33697,1927,344,4
33698,7701,350,4
33699,1161,279,3
33700,5023,439,4
33701,11245,268,4
33702,7560,212,3
33703,18518,270,2
33704,10949,125,1
33705,18266,197,1
33706,10002,109,1
33707,13162,42,2
33708,1711,426,1
33709,18619,187,3
33710,717,132,2
33711,931,347,4
33712,4898,18,1
33713,17290,87,4
33714,11850,259,2
33715,6318,293,4
33716,17263,322,4
33717,16634,304,2
33718,10232,79,2
33719,12471,255,2
33720,5511,4,1
33721,878,175,2
33722,18946,275,2
33723,11438,375,3
33724,10910,321,3
33725,3210,100,1
33726,9069,493,4
33727,15737,489,2
33728,4900,71,2
33729,19184,268,4
33730,9067,95,3
33731,6554,178,4
33732,16405,353,4
33733,11357,108,1
33734,4358,82,3
33735,14921,457,1
33736,16288,453,2
33737,13249,84,2
33738,3030,359,4
33739,310,94,3
33740,13924,495,4
33741,10102,154,3
33742,6424,382,1
33743,17533,44,2
33744,2513,491,4
33745,14671,201,2
33746,7487,278,1
33747,9141,33,3
33748,2355,485,4
33749,486,194,3
33750,10177,314,3
33751,11071,84,1
33752,8939,19,2
33753,14438,101,2
33754,6703,303,2
33755,12958,381,4
33756,9910,247,3
33757,468,241,3
33758,5562,323,2
33759,11815,232,4
33760,13738,337,1
33761,6704,242,1
33762,3516,181,2
33763,14838,175,2
33764,17179,253,1
33765,19316,315,2
33766,13261,180,1
33767,9423,309,4
33768,2918,444,2
33769,8961,398,1
33770,9264,296,1
33771,6789,58,4
33772,5035,305,3
33773,15301,364,2
33774,6786,255,2
33775,14260,269,4
33776,16776,400,3
33777,16787,70,1
33778,12676,19,3
33779,8450,215,2
33780,15856,264,4
33781,12225,219,1
33782,9662,18,4
33783,18123,201,3
33784,19011,95,1
33785,11210,275,4
33786,14628,176,2
33787,11231,154,2
33788,2392,373,1
33789,551,271,2
33790,17239,417,4
33791,16277,105,1
33792,10105,103,1
33793,11563,498,1
33794,13916,229,3
33795,1702,358,1
33796,11820,187,3
33797,5314,492,1
33798,16915,487,4
33799,1054,194,2
33800,487,135,4
33801,17493,285,2
33802,4091,493,3
33803,8533,174,2
33804,7608,365,1
33805,10647,109,2
33806,452,63,3
33807,1303,359,2
33808,11819,338,4
33809,11800,165,3
33810,2399,50,4
33811,17545,80,1
33812,1493,347,3
33813,8276,407,4
33814,8282,436,3
33815,17156,471,2
33816,4577,379,4
33817,6448,133,3
33818,8182,422,3
33819,730,135,4
33820,5215,275,1
33821,13025,305,2
33822,17940,110,3
33823,10885,211,2
33824,1972,442,1
33825,6552,134,4
33826,12470,305,4
33827,4839,20,1
33828,6552,130,1
33829,10628,338,4
33830,19995,247,4
33831,9337,228,2
33832,13895,485,3
33833,2720,414,1
33834,12271,482,1
33835,2947,395,3
33836,12581,169,1
33837,3644,309,1
33838,10795,322,2
33839,19946,219,2
33840,1347,298,3
33841,15841,456,4
33842,17123,337,1
33843,18822,256,2
33844,7282,234,4
33845,3324,2,3
33846,6239,88,2
33847,18656,317,2
33848,14991,233,4
33849,1923,194,2
33850,5200,65,4
33851,1414,228,3
33852,11882,159,2
33853,643,346,2
33854,8567,169,2
33855,3751,458,3
33856,15085,96,4
33857,1162,455,1
33858,10968,421,1
33859,8019,464,1
33860,9418,494,2
33861,17463,142,2
33862,14002,477,3
33863,3211,123,4
33864,10600,41,2
33865,8,94,1
33866,3491,440,2
33867,15555,366,3
33868,10193,150,2
33869,7884,141,3
33870,1167,211,3
33871,2707,187,3
33872,18338,185,1
33873,7308,135,3
33874,4185,335,3
33875,18974,36,3
33876,3886,450,1
33877,13426,468,4
33878,173,388,4
33879,8317,289,1
33880,14087,453,2
33881,16068,197,3
33882,11789,232,4
33883,16665,197,1
33884,4382,362,1
33885,17545,270,1
33886,19429,204,3
33887,1502,401,3
33888,15150,245,1
33889,14275,154,1
33890,15131,341,3
33891,9900,171,2
33892,396,26,3
33893,7072,351,3
33894,14721,34,2
33895,8770,290,4
33896,11616,139,2
33897,14200,471,4
33898,12572,464,2
33899,241,18,4
33900,3555,80,2
33901,2198,475,4
33902,1593,8,3
33903,14781,367,4
33904,14712,67,2
33905,3402,66,3
33906,6119,182,1
33907,14652,420,1
33908,9263,12,4
33909,14538,443,1
33910,4662,94,2
33911,12832,331,2
33912,14421,29,2
33913,8716,154,4
33914,16967,497,1
33915,6124,300,4
33916,10326,286,1
33917,6387,465,2
33918,19340,408,3
33919,8105,446,4
33920,1079,2,1
33921,2252,302,3
33922,17650,408,1
33923,8846,76,3
33924,14763,335,2
33925,14651,390,2
33926,13372,224,4
33927,18517,131,1
33928,7174,7,4
33929,13705,40,3
33930,12653,64,2
33931,17847,421,1
33932,541,280,3
33933,19651,208,3
33934,17184,252,4
33935,11235,230,4
33936,15019,74,1
33937,14442,300,1
33938,3162,317,3
33939,14379,420,3
33940,1704,310,4
33941,4460,272,1
33942,4197,112,3
33943,3861,424,1
33944,17361,379,3
33945,8493,137,4
33946,955,134,4
33947,16751,487,2
33948,15189,393,4
33949,483,48,3
33950,5392,31,3
33951,543,417,1
33952,15002,117,2
33953,3122,488,4
33954,8624,384,3
33955,3310,22,3
33956,19112,202,4
33957,15860,278,2
33958,16907,386,1
33959,12544,133,3
33960,3823,218,4
33961,19666,281,4
33962,7792,81,3
33963,17629,216,1
33964,16022,431,2
33965,16684,402,1
33966,12435,338,3
33967,10389,197,3
33968,18501,315,1
33969,19776,292,3
33970,18680,393,4
33971,17047,486,1
33972,13930,460,4
33973,13916,399,2
33974,12542,171,2
33975,9825,342,1
33976,8432,48,3
33977,7613,29,3
33978,11902,494,2
33979,17905,52,1
33980,18648,407,2
33981,9163,233,3
33982,16249,140,4
33983,3787,50,2
33984,13044,211,2
33985,12254,245,4
33986,17841,324,3
33987,4338,373,3
33988,14671,246,2
33989,3858,168,3
33990,4187,374,2
33991,15182,470,2
33992,17627,31,1
33993,10277,32,3
33994,18628,273,2
33995,1012,84,1
33996,13242,385,4
33997,16705,470,1
33998,13626,443,3
33999,892,329,4
34000,544,290,3
34001,4798,51,2
34002,8610,137,4
34003,870,5,1
34004,8337,378,2
34005,15180,191,1
34006,19832,56,1
34007,12925,293,4
34008,14406,484,1
34009,802,494,4
34010,19364,493,2
34011,19489,433,2
34012,5296,384,1
34013,17869,170,4
34014,9626,447,3
34015,11164,165,4
34016,2412,398,1
34017,8139,73,3
34018,5057,163,2
34019,15176,129,2
34020,433,159,4
34021,5550,318,3
34022,17103,179,3
34023,17287,62,1
34024,10460,108,1
34025,7252,206,2
34026,603,219,1
34027,17378,380,1
34028,18663,181,3
34029,3463,488,3
34030,9172,399,1
34031,16906,177,1
34032,19200,305,4
34033,2879,277,3
34034,18641,456,2
34035,1124,20,4
34036,2879,413,1
34037,16187,380,4
34038,4509,361,3
34039,17761,233,1
34040,391,171,4
34041,18214,139,2
34042,14666,125,1
34043,11633,336,2
34044,14503,303,3
34045,18199,11,1
34046,12199,418,3
34047,4852,303,4
34048,7831,207,4
34049,14616,436,2
34050,16487,21,2
34051,11101,320,3
34052,14383,383,3
34053,17684,314,1
34054,11836,253,2
34055,9976,243,1
34056,3300,141,3
34057,508,211,4
34058,3331,327,4
34059,3863,190,4
34060,5813,279,2
34061,5279,160,3
34062,17719,107,3
34063,10202,443,4
34064,3419,392,2
34065,868,158,4
34066,12515,64,3
34067,8551,483,3
34068,12063,39,1
34069,2576,320,4
34070,16396,148,3
34071,10653,26,4
34072,175,238,4
34073,3183,182,4
34074,6173,123,3
34075,17684,346,1
34076,3429,227,4
34077,3962,287,2
34078,1648,61,4
34079,3351,427,2
34080,12445,114,1
34081,5271,71,1
34082,12757,164,4
34083,19018,216,4
34084,18266,91,1
34085,2595,244,2
34086,914,190,2
34087,84,372,4
34088,17814,198,3
34089,5154,354,3
34090,12763,277,1
34091,582,168,2
34092,5331,120,2
34093,9011,463,2
34094,1048,382,1
34095,17833,318,2
34096,19165,114,1
34097,15309,263,3
34098,19380,413,1
34099,4923,139,3
34100,7457,402,2
34101,9627,143,2
34102,9366,243,4
34103,3941,351,3
34104,7894,114,1
34105,8738,16,4
34106,13335,35,2
34107,18626,242,1
34108,8599,247,3
34109,11562,249,2
34110,11409,191,1
34111,7115,492,2
34112,17259,466,3
34113,4730,300,3
34114,10363,298,2
34115,5852,350,2
34116,7742,308,1
34117,13929,373,4
34118,10372,182,1
34119,9455,112,1
34120,15404,220,2
34121,3512,372,2
34122,15993,337,1
34123,2849,415,4
34124,1474,171,2
34125,4376,1,4
34126,2985,342,2
34127,5472,103,3
34128,14289,186,2
34129,4848,106,4
34130,16764,498,3
34131,19677,187,1
34132,17753,347,1
34133,11413,234,2
34134,19297,158,3
34135,12903,322,1
34136,17092,440,2
34137,4341,164,4
34138,1026,445,1
34139,4514,224,2
34140,13755,73,3
34141,10543,148,1
34142,1606,500,1
34143,3827,436,1
34144,12469,211,1
34145,18166,354,2
34146,11086,249,2
34147,19956,371,4
34148,13180,43,2
34149,10128,32,3
34150,12121,324,2
34151,1823,88,2
34152,18973,351,1
34153,6709,180,2
34154,17194,345,3
34155,3989,253,1
34156,12148,352,4
34157,8325,302,2
34158,4986,401,1
34159,17503,30,3
34160,6064,231,4
34161,2293,367,2
34162,9521,93,4
34163,12385,479,3
34164,10050,496,4
34165,4451,110,2
34166,9040,448,3
34167,438,162,4
34168,6946,468,1
34169,8349,74,3
34170,14286,257,3
34171,15140,72,1
34172,11711,217,1
34173,3689,22,4
34174,7524,284,3
34175,6679,93,2
34176,13952,285,1
34177,1241,107,3
34178,17435,116,3
34179,491,1,3
34180,15046,112,2
34181,4388,195,1
34182,8585,239,1
34183,226,410,1
34184,13954,225,1
34185,11102,322,1
34186,9110,78,1
34187,1105,440,2
34188,16233,149,4
34189,14442,497,3
34190,6857,79,1
34191,18730,48,3
34192,10366,312,4
34193,12166,390,4
34194,8577,331,2
34195,3284,438,2
34196,17480,193,1
34197,3706,212,1
34198,14927,497,3
34199,10456,16,4
34200,12450,417,4
34201,7910,110,3
34202,6985,328,1
34203,5541,108,1
34204,19180,74,3
34205,5434,271,3
34206,4304,458,3
34207,14058,174,2
34208,8884,221,3
34209,12836,49,1
34210,11775,149,4
34211,1523,449,1
34212,12871,338,3
34213,16985,139,3
34214,16129,314,1
34215,18078,329,3
34216,17183,349,2
34217,13924,387,2
34218,11374,361,4
34219,7002,274,3
34220,13445,161,2
34221,6645,291,1
34222,1264,254,2
34223,17417,217,1
34224,9263,124,2
34225,1514,471,3
34226,16249,250,3
34227,4396,383,1
34228,12632,224,2
34229,3751,377,3
34230,16787,371,2
34231,7708,496,3
34232,17993,192,2
34233,8035,87,2
34234,4643,121,4
34235,18619,58,1
34236,9220,343,2
34237,1348,170,4
34238,2328,258,1
34239,13742,31,3
34240,18748,210,2
34241,2111,9,1
34242,11191,202,2
34243,8503,296,2
34244,5122,357,3
34245,17689,204,1
34246,12133,35,1
34247,11748,85,3
34248,16092,69,4
34249,9653,335,3
34250,3159,219,1
34251,6705,30,2
34252,7172,121,2
34253,5613,76,1
34254,7943,46,3
34255,1942,11,2
34256,3178,181,1
34257,2645,468,4
34258,9243,318,1
34259,9506,444,2
34260,2380,26,1
34261,15149,43,4
34262,10064,382,3
34263,5272,67,4
34264,11122,437,2
34265,12790,473,2
34266,5939,127,1
34267,5370,292,3
34268,16376,289,4
34269,7096,345,2
34270,3462,465,4
34271,15155,331,4
34272,2072,494,4
34273,186,291,2
34274,7674,201,2
34275,18928,178,2
34276,7313,44,4
34277,13001,197,3
34278,333,347,1
34279,12394,146,3
34280,6459,483,3
34281,5183,250,1
34282,10760,390,3
34283,6749,154,2
34284,10798,358,1
34285,12564,117,4
34286,12876,432,2
34287,5930,411,3
34288,11379,306,1
34289,6849,358,3
34290,6113,272,4
34291,12484,234,2
34292,18249,276,1
34293,6544,79,2
34294,3746,259,1
34295,16177,363,1
34296,15739,43,1
34297,7766,58,2
34298,11446,397,2
34299,11806,469,4
34300,7461,229,2
34301,5529,436,1
34302,13427,418,4
34303,11686,185,4
34304,866,329,1
34305,14103,329,4
34306,15380,87,3
34307,10878,388,4
34308,4439,82,2
34309,13712,24,1
34310,19898,378,2
34311,9401,51,2
34312,2768,186,1
34313,11701,391,1
34314,1692,227,3
34315,3702,424,2
34316,4675,369,1
34317,13825,173,4
34318,19391,76,1
34319,12101,248,3
34320,4923,321,2
34321,8771,314,3
34322,8186,313,4
34323,6890,473,3
34324,15769,121,1
34325,7483,363,2
34326,3043,487,4
34327,11708,368,3
34328,7330,67,4
34329,7008,83,2
34330,8612,473,1
34331,13534,199,3
34332,2065,319,4
34333,19825,136,1
34334,17456,88,4
34335,17606,289,4
34336,9619,323,4
34337,3694,355,4
34338,3897,144,1
34339,18374,258,3
34340,17174,279,3
34341,6994,81,4
34342,11239,465,3
34343,19342,185,3
34344,11518,404,4
34345,8782,380,1
34346,4578,89,4
34347,15874,482,4
34348,671,106,4
34349,10425,199,3
34350,8815,66,1
34351,6089,181,4
34352,9660,120,1
34353,8833,404,4
34354,8757,49,3
34355,16013,123,1
34356,6798,284,3
34357,19462,16,1
34358,5470,356,4
34359,17500,228,2
34360,9279,324,2
34361,7518,419,3
34362,13984,413,2
34363,11603,294,1
34364,7283,191,1
34365,4986,137,1
34366,1495,286,1
34367,1510,44,2
34368,7468,489,4
34369,5686,284,2
34370,12683,399,3
34371,1862,70,4
34372,18876,61,3
34373,4552,499,4
34374,10777,482,2
34375,9775,186,1
34376,19236,6,2
34377,3209,487,2
34378,2747,145,2
34379,16534,223,1
34380,3359,140,4
34381,18571,354,1
34382,16093,144,2
34383,531,490,3
34384,16483,53,4
34385,16570,160,4
34386,10018,244,1
34387,15550,243,4
34388,857,311,3
34389,17892,52,3
34390,6083,301,1
34391,10994,431,1
34392,534,213,4
34393,3236,445,2
34394,8987,329,1
34395,10974,152,4
34396,2846,217,3
34397,9397,130,1
34398,10087,206,4
34399,17406,234,3
34400,328,481,1
34401,5447,119,3
34402,7513,109,1
34403,6788,109,1
34404,2951,54,2
34405,10132,322,1
34406,4368,339,4
34407,5185,112,1
34408,12555,340,2
34409,13529,292,2
34410,9811,49,1
34411,5523,305,3
34412,17198,291,3
34413,12374,38,4
34414,17427,378,2
34415,8066,310,3
34416,18602,408,2
34417,18047,373,2
34418,11195,223,4
34419,9741,78,4
34420,11150,421,2
34421,5829,271,1
34422,15966,387,4
34423,12248,500,2
34424,19960,32,2
34425,5923,462,2
34426,16939,114,2
34427,11168,233,3
34428,16518,214,4
34429,17481,396,1
34430,9591,104,4
34431,10015,189,3
34432,10852,383,3
34433,4354,89,1
34434,9290,157,4
34435,1945,321,4
34436,10504,384,1
34437,17541,279,3
34438,19580,27,1
34439,2151,447,1
34440,8575,394,3
34441,10253,462,3
34442,6769,233,3
34443,5171,131,1
34444,6918,321,2
34445,7230,431,2
34446,19242,15,3
34447,270,500,1
34448,12488,378,1
34449,753,392,4
34450,1047,458,3
34451,369,271,1
34452,16066,290,2
34453,17259,78,1
34454,16070,437,2
34455,18225,8,3
34456,18821,113,4
34457,9537,135,1
34458,1733,99,4
34459,13183,83,3
34460,1035,70,3
34461,4438,118,3
34462,16196,344,2
34463,10437,150,3
34464,13546,323,1
34465,1798,2,2
34466,5013,265,3
34467,13983,299,3
34468,9593,126,4
34469,10365,219,4
34470,12519,34,4
34471,10832,199,2
34472,13148,183,1
34473,16657,313,3
34474,1392,310,4
34475,17753,254,1
34476,14955,289,1
34477,6792,218,1
34478,15242,319,1
34479,19451,445,3
34480,8869,308,4
34481,17248,343,2
34482,19326,223,3
34483,8759,189,4
34484,5729,321,2
34485,14746,134,3
34486,9576,65,2
34487,10865,151,2
34488,284,131,2
34489,18988,143,1
34490,13935,90,4
34491,13516,213,1
34492,2182,91,3
34493,8230,344,1
34494,18711,209,4
34495,12840,118,2
34496,3502,94,3
34497,16026,332,3
34498,2135,112,4
34499,14424,132,4
34500,15960,207,3
34501,2700,142,3
34502,11781,395,3
34503,15502,397,2
34504,17912,65,2
34505,6140,427,4
34506,13232,465,2
34507,17102,161,1
34508,1771,400,1
34509,11171,137,1
34510,5186,91,3
34511,10743,379,2
34512,12292,249,4
34513,13824,33,1
34514,871,419,1
34515,4476,108,2
34516,16223,83,4
34517,11559,288,2
34518,6029,249,3
34519,4134,114,3
34520,3348,90,2
34521,4317,173,3
34522,18986,147,1
34523,4469,176,1
34524,2503,137,1
34525,1258,137,2
34526,17741,227,3
34527,8902,216,2
34528,18182,197,2
34529,12408,277,2
34530,3840,250,4
34531,1198,476,1
34532,17618,92,4
34533,10543,207,1
34534,1241,8,2
34535,6357,474,4
34536,3973,45,3
34537,14441,164,1
34538,651,65,3
34539,11765,412,1
34540,12248,443,2
34541,6321,452,1
34542,7708,13,3
34543,9205,297,4
34544,17927,379,3
34545,2409,318,2
34546,9271,351,1
34547,3879,133,3
34548,2159,63,2
34549,2673,307,4
34550,14432,344,3
34551,12238,12,2
34552,5575,116,1
34553,3909,496,4
34554,6694,198,4
34555,7039,173,1
34556,16059,246,1
34557,6562,118,2
34558,8165,241,2
34559,6476,53,2
34560,2916,281,2
34561,16090,317,4
34562,14119,395,1
34563,3613,379,2
34564,8064,5,3
34565,754,32,1
34566,14232,297,3
34567,13126,266,1
34568,290,433,2
34569,1580,382,2
34570,1777,295,3
34571,7506,155,3
34572,5717,309,4
34573,17064,425,4
34574,19903,300,2
34575,17369,93,4
34576,8220,184,4
34577,17386,374,3
34578,7514,303,1
34579,4530,53,4
34580,7610,469,1
34581,10580,403,2
34582,6441,162,1
34583,1980,282,3
34584,15678,391,1
34585,6888,106,4
34586,14383,440,2
34587,14056,78,2
34588,3832,420,1
34589,4478,290,4
34590,7159,209,3
34591,19190,414,4
34592,18126,321,1
34593,17343,371,3
34594,10621,43,4
34595,3332,174,4
34596,13098,187,2
34597,121,467,3
34598,6244,370,4
34599,6814,341,4
34600,16442,36,3
34601,4384,418,3
34602,1904,98,2
34603,19202,139,3
34604,19680,97,3
34605,12327,197,3
34606,6110,21,2
34607,1945,255,1
34608,2195,145,3
34609,14422,16,4
34610,9292,280,2
34611,16540,277,2
34612,16199,44,2
34613,12556,69,1
34614,3495,261,4
34615,19371,410,3
34616,10278,373,1
34617,1088,82,4
34618,16099,156,1
34619,2281,440,3
34620,12400,262,3
34621,14659,5,2
34622,16586,315,3
34623,16197,229,4
34624,6820,27,2
34625,7107,318,1
34626,17709,136,1
34627,798,106,4
34628,19797,410,2
34629,13685,420,4
34630,10233,439,3
34631,16080,294,3
34632,18156,440,2
34633,14823,397,3
34634,14381,134,2
34635,19875,88,2
34636,17520,353,3
34637,1932,135,3
34638,9934,203,4
34639,3098,136,4
34640,7443,190,4
34641,14645,226,1
34642,18793,200,1
34643,12597,176,3
34644,15307,414,3
34645,3729,313,2
34646,18528,444,1
34647,5018,417,4
34648,1173,264,3
34649,11428,144,4
34650,12936,70,3
34651,11389,71,4
34652,13542,333,2
34653,11437,377,4
34654,18950,159,2
34655,12981,247,2
34656,14433,13,2
34657,18036,322,2
34658,2755,450,2
34659,2439,191,1
34660,4698,370,2
34661,11203,6,2
34662,13110,429,3
34663,18290,175,1
34664,18888,115,3
34665,8434,180,2
34666,1627,312,2
34667,5020,168,3
34668,17313,190,2
34669,2557,113,1
34670,11496,476,4
34671,13659,358,2
34672,9120,489,3
34673,10280,154,2
34674,12785,380,3
34675,13148,200,3
34676,16200,258,2
34677,19527,102,2
34678,791,400,4
34679,13085,344,3
34680,16111,101,2
34681,4072,309,4
34682,1638,240,1
34683,5734,244,3
34684,19876,13,1
34685,16801,242,3
34686,3009,286,4
34687,13013,57,4
34688,8840,200,4
34689,19035,464,4
34690,11974,328,2
34691,14358,35,1
34692,10053,334,1
34693,9611,391,2
34694,18606,80,4
34695,326,79,1
34696,1945,275,3
34697,4840,141,2
34698,13243,155,3
34699,11407,52,2
34700,16524,190,3
34701,6132,373,3
34702,12132,292,3
34703,8440,229,1
34704,3746,380,1
34705,4500,469,2
34706,11709,26,2
34707,12828,375,1
34708,14612,284,1
34709,11073,435,2
34710,676,412,1
34711,3701,44,2
34712,17638,249,4
34713,8724,287,2
34714,15959,20,2
34715,2754,59,2
34716,9781,443,2
34717,7574,378,2
34718,14747,76,3
34719,12928,490,4
34720,12637,63,2
34721,10266,489,4
34722,14763,342,3
34723,11444,181,1
34724,19568,337,1
34725,9747,485,2
34726,9351,383,2
34727,6768,114,2
34728,1139,105,2
34729,13076,362,3
34730,3476,451,4
34731,10557,271,4
34732,11910,201,3
34733,9068,98,3
34734,9585,193,2
34735,18394,233,3
34736,1213,352,4
34737,18236,339,4
34738,16091,71,2
34739,13043,40,4
34740,12697,355,1
34741,5862,300,4
34742,13129,195,3
34743,16013,464,3
34744,13466,83,2
34745,8372,361,2
34746,3415,246,4
34747,3433,191,2
34748,7035,299,4
34749,26,332,1
34750,12454,194,3
34751,12416,26,2
34752,8542,152,3
34753,18493,119,4
34754,13768,162,1
34755,6180,494,1
34756,10432,150,4
34757,19770,236,4
34758,18181,430,3
34759,13333,360,1
34760,4716,221,3
34761,14971,145,2
34762,19855,446,2
34763,2487,192,2
34764,12983,388,3
34765,2792,185,4
34766,18707,398,3
34767,12528,260,2
34768,8656,167,4
34769,5820,336,3
34770,17266,372,2
34771,15577,399,2
34772,17605,45,2
34773,16091,364,2
34774,2455,307,3
34775,15204,39,3
34776,18008,117,2
34777,6725,115,4
34778,7499,376,3
34779,7521,147,2
34780,12589,177,4
34781,11043,152,1
34782,2918,429,3
34783,11724,347,3
34784,2644,232,4
34785,1680,489,2
34786,14111,182,3
34787,1446,108,4
34788,15410,143,3
34789,11734,482,2
34790,5113,145,4
34791,5880,223,2
34792,16059,213,3
34793,586,380,1
34794,15389,92,4
34795,17843,389,2
34796,10194,181,1
34797,18813,384,1
34798,23,385,3
34799,12746,236,2
34800,6457,46,3
34801,19529,337,1
34802,19329,272,1
34803,1719,148,2
34804,1945,281,4
34805,10763,59,2
34806,9301,49,4
34807,10361,427,4
34808,9932,247,3
34809,18586,489,3
34810,2985,95,2
34811,18812,495,1
34812,8242,197,3
34813,434,68,2
34814,11293,340,2
34815,19914,45,1
34816,9426,262,4
34817,5130,355,3
34818,8374,328,2
34819,1317,410,4
34820,11052,307,1
34821,19671,405,2
34822,2360,373,2
34823,10901,342,2
34824,5173,75,1
34825,7135,406,3
34826,10282,264,2
34827,6725,38,4
34828,4808,370,1
34829,10967,144,3
34830,6398,209,3
34831,10284,197,3
34832,18018,230,4
34833,4903,114,1
34834,161,132,4
34835,9571,325,1
34836,6417,362,2
34837,1507,484,1
34838,18245,440,1
34839,5539,122,2
34840,2213,269,2
34841,18067,238,4
34842,17408,419,1
34843,124,82,4
34844,2367,172,4
34845,18167,445,2
34846,7108,399,2
34847,2165,446,2
34848,10397,7,1
34849,15768,283,2
34850,13257,39,1
34851,10166,273,3
34852,12824,214,3
34853,1165,470,4
34854,19935,81,3
34855,18480,25,3
34856,5558,315,2
34857,19089,283,2
34858,16657,339,1
34859,4973,49,4
34860,12085,391,2
34861,17369,332,2
34862,6072,55,3
34863,15093,259,3
34864,11649,263,3
34865,2738,146,3
34866,1900,480,2
34867,5261,422,4
34868,458,316,1
34869,13,495,3
34870,8665,179,1
34871,8515,383,1
34872,766,429,2
34873,16855,489,2
34874,1609,372,1
34875,3962,1,1
34876,11077,155,3
34877,16190,286,4
34878,725,224,1
34879,787,315,1
34880,484,356,1
34881,6402,100,4
34882,11977,401,1
34883,1178,330,1
34884,18369,59,1
34885,6454,282,3
34886,5907,181,1
34887,10522,214,1
34888,17243,262,2
34889,16447,141,3
34890,1023,396,2
34891,2507,246,4
34892,5189,9,1
34893,19935,479,2
34894,19774,414,1
34895,3587,63,4
34896,19076,143,3
34897,16142,94,2
34898,15377,369,2
34899,6555,305,2
34900,14728,297,4
34901,18826,46,4
34902,10614,132,4
34903,931,17,3
34904,1374,385,2
34905,10872,312,2
34906,5156,483,1
34907,14048,290,1
34908,11197,327,1
34909,5318,468,3
34910,14224,261,4
34911,2003,190,1
34912,13498,82,3
34913,16643,15,1
34914,9308,166,4
34915,18819,281,4
34916,18093,422,1
34917,7806,350,3
34918,15826,398,1
34919,5581,178,1
34920,4964,238,2
34921,8772,1,1
34922,5167,17,3
34923,10200,16,2
34924,11621,340,2
34925,2171,182,4
34926,9107,228,4
34927,8292,382,3
34928,5520,119,3
34929,400,362,2
34930,1236,433,3
34931,10674,405,4
34932,19058,138,1
34933,8136,385,1
34934,15580,298,1
34935,10150,89,3
34936,11684,485,2
34937,14468,220,3
34938,1985,424,3
34939,19383,76,2
34940,12414,456,4
34941,14278,112,3
34942,18814,118,3
34943,16749,400,2
34944,13453,375,2
34945,2583,283,2
34946,13192,384,2
34947,16054,484,4
34948,12077,194,4
34949,5228,382,1
34950,1434,425,2
34951,17915,344,4
34952,18457,459,1
34953,12751,480,4
34954,16065,343,3
34955,18212,104,1
34956,17307,265,2
34957,1178,439,4
34958,3407,58,3
34959,636,488,3
34960,16047,215,3
34961,12014,386,1
34962,4683,361,2
34963,13313,278,3
34964,477,457,1
34965,12805,67,2
34966,13849,205,2
34967,16209,451,2
34968,16957,61,2
34969,8408,117,1
34970,13701,36,2
34971,14873,257,1
34972,14999,389,2
34973,12734,87,3
34974,4420,33,1
34975,12511,197,3
34976,12022,176,1
34977,9400,311,4
34978,17706,45,4
34979,15938,482,2
34980,10309,112,2
34981,6446,217,4
34982,1482,310,1
34983,9054,12,2
34984,18914,61,2
34985,3896,475,2
34986,14821,255,1
34987,11925,375,2
34988,2835,350,4
34989,17505,8,1
34990,18850,339,4
34991,3034,255,1
34992,10713,466,4
34993,17710,372,2
34994,9152,42,2
34995,1629,112,4
34996,14681,432,2
34997,14598,344,2
34998,14330,205,1
34999,16311,498,2
35000,12405,486,1
35001,8977,339,2
35002,4990,491,3
35003,3698,62,4
35004,11740,448,4
35005,12033,436,2
35006,3528,262,3
35007,15733,298,3
35008,8214,175,4
35009,19384,68,3
35010,4686,256,3
35011,1683,240,4
35012,12817,111,3
35013,8844,156,2
35014,19959,378,4
35015,6586,90,2
35016,11695,410,1
35017,6170,322,3
35018,13041,88,3
35019,14091,28,4
35020,4358,9,4
35021,8225,315,4
35022,14405,343,1
35023,13595,492,1
35024,11285,49,4
35025,17416,79,4
35026,13993,375,4
35027,14558,218,2
35028,15712,204,4
35029,12357,190,3
35030,18125,137,2
35031,17569,20,4
35032,7163,78,3
35033,16773,307,4
35034,14100,189,2
35035,5481,403,4
35036,15251,293,2
35037,4550,145,3
35038,4186,333,1
35039,999,129,2
35040,15892,283,1
35041,19786,474,3
35042,12687,187,4
35043,6770,70,1
35044,2506,306,2
35045,4121,143,4
35046,6374,12,1
35047,1943,317,3
35048,4069,286,4
35049,13958,110,3
35050,13038,101,1
35051,10226,264,2
35052,11858,124,4
35053,11400,447,1
35054,4952,180,3
35055,16724,58,2
35056,8567,305,4
35057,12720,421,2
35058,4626,478,3
35059,18002,499,2
35060,13629,162,2
35061,15232,226,2
35062,9200,296,1
35063,13451,58,2
35064,10459,272,1
35065,7141,102,4
35066,10183,384,1
35067,13376,155,2
35068,18636,30,4
35069,16216,23,2
35070,674,190,4
35071,1102,357,4
35072,7055,48,3
35073,12996,122,4
35074,16337,55,3
35075,13001,131,3
35076,2753,440,4
35077,17274,431,2
35078,16553,297,1
35079,4734,54,1
35080,19530,76,3
35081,17147,22,4
35082,10548,210,4
35083,8898,294,4
35084,1294,369,3
35085,13325,142,2
35086,8786,423,1
35087,19802,367,3
35088,18137,367,2
35089,3210,19,1
35090,2799,414,1
35091,17586,88,4
35092,13565,292,4
35093,1511,195,4
35094,5680,265,1
35095,9682,414,2
35096,5436,378,3
35097,8231,224,4
35098,19238,348,3
35099,10593,90,2
35100,11688,97,1
35101,5908,61,4
35102,15161,115,4
35103,4674,31,4
35104,15954,252,4
35105,13208,164,4
35106,1706,359,1
35107,2780,364,3
35108,12010,308,3
35109,17705,57,1
35110,9479,457,3
35111,7578,411,1
35112,10111,77,2
35113,18748,339,1
35114,8802,389,2
35115,9186,339,1
35116,16685,476,4
35117,16209,498,1
35118,10742,433,4
35119,8064,310,2
35120,10639,155,2
35121,648,124,3
35122,5927,179,4
35123,2144,407,2
35124,9435,15,2
35125,13466,227,2
35126,3915,44,4
35127,3638,493,4
35128,4192,403,4
35129,267,498,4
35130,3649,23,4
35131,11277,112,4
35132,11251,438,3
35133,18765,51,2
35134,18282,382,2
35135,1840,141,4
35136,1946,309,3
35137,6840,387,1
35138,4941,161,3
35139,3467,324,2
35140,11885,179,3
35141,19557,87,3
35142,1076,434,3
35143,9628,287,1
35144,1456,72,1
35145,11388,64,3
35146,10490,104,1
35147,12124,97,1
35148,13029,449,4
35149,8975,245,4
35150,7715,329,3
35151,8579,249,1
35152,19606,18,1
35153,8742,219,1
35154,1506,112,4
35155,6789,256,3
35156,2538,390,3
35157,17882,88,3
35158,5563,350,1
35159,9774,298,2
35160,6962,456,3
35161,10248,163,3
35162,3624,209,1
35163,18914,153,1
35164,17453,318,2
35165,10021,233,3
35166,6979,161,4
35167,8793,223,2
35168,6961,331,4
35169,15861,18,1
35170,9114,172,2
35171,3838,268,1
35172,290,94,4
35173,7078,43,1
35174,7102,344,4
35175,12884,409,1
35176,14894,106,1
35177,927,381,1
35178,8492,143,4
35179,6014,247,4
35180,7086,400,3
35181,17189,234,3
35182,4788,3,4
35183,16592,203,2
35184,12391,500,1
35185,19080,417,4
35186,3294,127,2
35187,19196,248,3
35188,10265,384,4
35189,7389,444,4
35190,1566,146,3
35191,19552,13,1
35192,4854,149,1
35193,4464,55,1
35194,12041,88,4
35195,3775,169,3
35196,1078,203,4
35197,6170,314,2
35198,14471,134,2
35199,16088,65,4
35200,2081,363,4
35201,15839,189,1
35202,1064,199,1
35203,6313,389,2
35204,13919,438,2
35205,4455,453,3
35206,12809,76,1
35207,9734,114,1
35208,730,230,3
35209,4951,177,1
35210,3261,138,1
35211,12660,324,1
35212,8208,141,4
35213,5550,86,2
35214,8255,355,4
35215,11802,192,4
35216,3567,138,2
35217,17382,451,2
35218,8952,62,1
35219,18376,281,3
35220,12537,442,3
35221,18184,476,2
35222,4178,319,2
35223,13743,153,2
35224,15431,134,4
35225,12240,170,3
35226,12212,286,3
35227,3027,308,2
35228,17099,169,4
35229,14456,7,4
35230,17685,96,4
35231,19079,255,3
35232,7985,233,2
35233,12362,352,2
35234,18129,410,3
35235,3776,126,4
35236,2562,16,2
35237,8494,207,4
35238,18620,339,3
35239,12729,119,2
35240,6476,164,4
35241,4373,334,2
35242,7823,335,3
35243,7662,414,3
35244,11143,225,2
35245,8562,30,4
35246,4130,484,1
35247,386,64,3
35248,10229,188,2
35249,9442,474,3
35250,7725,185,1
35251,4373,85,1
35252,16056,232,4
35253,2121,48,1
35254,5932,104,1
35255,2498,62,4
35256,6609,116,4
35257,17561,352,4
35258,6035,101,4
35259,3372,42,3
35260,1748,241,3
35261,2179,255,1
35262,8222,188,2
35263,4459,79,3
35264,6384,326,2
35265,1574,16,2
35266,5869,273,4
35267,10564,329,4
35268,7643,80,3
35269,16649,391,1
35270,14928,453,4
35271,4715,19,2
35272,6535,341,1
35273,17798,404,2
35274,3645,19,1
35275,13173,126,4
35276,11078,41,1
35277,6371,428,2
35278,16815,203,3
35279,9309,49,2
35280,15182,366,2
35281,14619,372,1
35282,8049,475,2
35283,14331,205,2
35284,11977,57,4
35285,15070,171,1
35286,12069,464,2
35287,7404,28,3
35288,12700,468,3
35289,5250,181,4
35290,2134,114,4
35291,11258,260,3
35292,7891,97,1
35293,11087,108,2
35294,9577,370,4
35295,14892,202,1
35296,7505,434,1
35297,1414,227,1
35298,11718,241,3
35299,19163,445,4
35300,10584,221,3
35301,15652,30,3
35302,7868,139,3
35303,6969,48,1
35304,9998,397,4
35305,7350,164,3
35306,5167,312,4
35307,9809,171,1
35308,15802,255,4
35309,14948,458,2
35310,17113,418,3
35311,900,39,4
35312,8585,337,2
35313,3589,75,4
35314,1066,399,4
35315,13630,436,3
35316,15061,374,3
35317,7178,280,2
35318,13482,448,1
35319,10857,479,2
35320,6645,371,4
35321,10496,31,4
35322,3722,449,1
35323,19208,117,3
35324,9932,406,1
35325,7753,357,2
35326,19186,383,4
35327,629,17,1
35328,17233,424,4
35329,1980,95,3
35330,6135,484,1
35331,1981,264,3
35332,8473,159,2
35333,2650,319,4
35334,753,122,3
35335,13936,297,4
35336,153,60,1
35337,16037,128,3
35338,1337,479,3
35339,3565,145,2
35340,2741,141,4
35341,5205,114,1
35342,8400,93,1
35343,7207,481,4
35344,5789,127,2
35345,12517,441,2
35346,14637,494,4
35347,13744,450,4
35348,5263,401,4
35349,3715,111,1
35350,11419,313,4
35351,10851,442,1
35352,6431,497,4
35353,5139,307,1
35354,17405,346,1
35355,19902,39,2
35356,5434,350,2
35357,17370,14,1
35358,5167,195,3
35359,17205,423,4
35360,11756,476,4
35361,10158,180,3
35362,7692,189,3
35363,5955,135,2
35364,13770,415,3
35365,6477,167,3
35366,1068,25,3
35367,7190,47,2
35368,3820,258,4
35369,4906,331,3
35370,18724,212,2
35371,1412,471,1
35372,9474,312,2
35373,18142,118,4
35374,5679,231,3
35375,13318,253,4
35376,5693,60,3
35377,14027,462,2
35378,11944,304,1
35379,13521,364,1
35380,12675,137,1
35381,6966,358,2
35382,4382,249,4
35383,9977,296,1
35384,6090,107,4
35385,7570,480,3
35386,5566,459,4
35387,5330,41,3
35388,11196,352,2
35389,17925,223,2
35390,1578,498,1
35391,382,173,1
35392,9004,496,4
35393,8133,477,4
35394,448,84,3
35395,12116,462,2
35396,14143,491,4
35397,17180,44,4
35398,15475,44,3
35399,13685,151,2
35400,13917,51,3
35401,14756,45,3
35402,17894,215,3
35403,2246,213,2
35404,8852,90,2
35405,5876,136,3
35406,8983,99,2
35407,8993,21,3
35408,8493,193,4
35409,12409,315,3
35410,18811,275,3
35411,12352,59,1
35412,18794,129,2
35413,4385,168,1
35414,12305,366,1
35415,9244,457,3
35416,11794,402,2
35417,2530,495,3
35418,14103,127,1
35419,4829,319,3
35420,7724,205,4
35421,11728,299,1
35422,10153,9,2
35423,9547,238,2
35424,10507,103,4
35425,2122,105,3
35426,17610,120,1
35427,16737,315,4
35428,10166,425,4
35429,6169,291,3
35430,8232,3,1
35431,3042,320,1
35432,6850,137,2
35433,1750,57,1
35434,1302,169,2
35435,13807,287,1
35436,3446,164,3
35437,12567,376,2
35438,18372,59,4
35439,6789,327,2
35440,9457,289,4
35441,11550,82,2
35442,4509,425,1
35443,3947,495,2
35444,10038,400,2
35445,12681,493,2
35446,8147,406,4
35447,1179,294,1
35448,2212,373,1
35449,6134,240,4
35450,5874,193,3
35451,9327,354,2
35452,18652,60,2
35453,2888,2,1
35454,8706,63,1
35455,18195,414,4
35456,4668,76,1
35457,538,156,2
35458,223,59,3
35459,8075,156,4
35460,1498,266,1
35461,18620,86,3
35462,19276,304,2
35463,6833,144,2
35464,3327,254,3
35465,16783,233,1
35466,18620,328,3
35467,19457,412,4
35468,10378,36,3
35469,11344,106,1
35470,19677,276,2
35471,8636,83,1
35472,12335,197,4
35473,1790,287,1
35474,15355,387,2
35475,5725,397,4
35476,5709,32,4
35477,3043,464,2
35478,6291,389,2
35479,7216,446,2
35480,10782,409,1
35481,8744,302,1
35482,367,219,3
35483,15813,416,2
35484,11277,406,4
35485,5158,13,4
35486,5551,402,3
35487,7561,275,3
35488,16515,410,3
35489,9930,75,1
35490,2205,47,4
35491,17260,32,4
35492,14313,41,3
35493,14719,210,4
35494,19511,430,4
35495,10830,354,2
35496,14608,132,3
35497,8415,487,2
35498,10490,77,4
35499,6656,353,3
35500,9395,220,3
35501,9236,86,2
35502,14609,314,3
35503,11075,135,1
35504,1245,437,1
35505,4042,473,2
35506,11034,425,4
35507,13950,470,4
35508,6663,20,2
35509,5409,421,2
35510,221,178,3
35511,18668,416,1
35512,11061,281,4
35513,9391,498,4
35514,10959,36,2
35515,3478,217,2
35516,5644,400,2
35517,10061,140,4
35518,18821,24,4
35519,18794,68,3
35520,5278,264,2
35521,6248,223,1
35522,14183,111,4
35523,9325,497,2
35524,8600,293,4
35525,17271,238,3
35526,17097,34,2
35527,6985,302,3
35528,10217,108,2
35529,5191,37,1
35530,1918,408,3
35531,5425,405,2
35532,14541,12,2
35533,1978,213,3
35534,5608,465,2
35535,7394,235,1
35536,808,128,4
35537,1582,155,3
35538,5144,88,2
35539,11399,4,2
35540,15664,452,4
35541,8032,390,4
35542,14271,19,1
35543,13338,209,3
35544,18123,217,1
35545,17731,316,3
35546,17740,430,3
35547,611,59,4
35548,14894,19,3
35549,5435,398,1
35550,388,192,1
35551,1237,230,1
35552,7075,194,3
35553,2724,210,3
35554,12037,486,4
35555,512,37,2
35556,6538,71,1
35557,12404,457,1
35558,18916,427,4
35559,15999,169,3
35560,17484,154,4
35561,2244,257,2
35562,15028,254,4
35563,14810,328,3
35564,14201,467,3
35565,1260,326,2
35566,17012,467,2
35567,6690,406,1
35568,3453,12,1
35569,14559,390,2
35570,1547,348,2
35571,17774,16,4
35572,16474,62,1
35573,18641,208,1
35574,13286,394,2
35575,8565,416,3
35576,16158,67,2
35577,10385,470,2
35578,6897,235,3
35579,7175,212,4
35580,8856,447,1
35581,16669,395,4
35582,9254,137,2
35583,9155,279,4
35584,18229,453,4
35585,14752,479,3
35586,807,15,1
35587,13441,168,1
35588,12707,228,3
35589,9451,366,1
35590,14110,83,2
35591,17787,283,4
35592,18670,460,4
35593,17125,164,4
35594,12293,47,3
35595,16689,290,2
35596,17740,485,3
35597,6354,326,2
35598,8707,369,4
35599,10848,440,2
35600,7767,110,1
35601,15194,315,2
35602,12204,116,2
35603,4858,464,4
35604,5865,56,1
35605,5287,162,3
35606,19167,222,1
35607,894,236,3
35608,4268,192,2
35609,9631,109,4
35610,3764,325,4
35611,6053,309,4
35612,14733,221,3
35613,8102,82,1
35614,9079,171,4
35615,16290,42,4
35616,1770,272,2
35617,3664,278,2
35618,15217,434,1
35619,15805,355,3
35620,10248,470,3
35621,15961,50,2
35622,157,263,4
35623,4719,356,1
35624,17229,180,3
35625,1185,49,4
35626,17701,169,4
35627,930,29,1
35628,2549,290,2
35629,19037,316,3
35630,13253,383,1
35631,16728,18,4
35632,14065,405,3
35633,620,297,1
35634,15541,221,4
35635,5971,438,2
35636,6620,72,1
35637,722,288,4
35638,12957,251,3
35639,6214,143,1
35640,15852,11,4
35641,15960,96,2
35642,13204,443,2
35643,13862,5,1
35644,2096,454,2
35645,2350,452,3
35646,19104,274,3
35647,13689,444,1
35648,4845,265,2
35649,3226,242,3
35650,4421,364,4
35651,1364,282,1
35652,1858,460,4
35653,12621,484,1
35654,3652,70,2
35655,3732,229,1
35656,7661,426,2
35657,10368,280,4
35658,5111,19,2
35659,17772,182,3
35660,15137,323,1
35661,13575,295,2
35662,11960,189,2
35663,10280,224,2
35664,6224,126,2
35665,9182,221,2
35666,10785,495,4
35667,8463,445,2
35668,9306,11,1
35669,2462,358,1
35670,13464,488,1
35671,6238,256,1
35672,2094,300,2
35673,17350,49,1
35674,11726,74,1
35675,12523,238,1
35676,10505,107,4
35677,2685,281,3
35678,17398,462,4
35679,13783,99,2
35680,17756,254,3
35681,10722,389,2
35682,5552,156,2
35683,12462,392,2
35684,15623,178,3
35685,8645,475,4
35686,9713,307,2
35687,17105,188,3
35688,17789,481,1
35689,6372,296,4
35690,10340,285,3
35691,535,449,2
35692,6036,251,4
35693,7001,447,1
35694,11077,432,2
35695,4437,286,4
35696,19853,192,2
35697,5907,254,2
35698,3347,247,4
35699,6508,348,3
35700,822,268,2
35701,788,434,3
35702,11352,204,4
35703,4598,74,4
35704,205,296,2
35705,8960,416,3
35706,1614,317,2
35707,11305,98,2
35708,10730,67,1
35709,4185,197,4
35710,15383,446,4
35711,11069,354,1
35712,2137,223,1
35713,3140,197,3
35714,9789,263,4
35715,13481,475,1
35716,8601,434,1
35717,7795,160,1
35718,13076,47,2
35719,14038,48,4
35720,16464,165,3
35721,19592,404,2
35722,7785,160,3
35723,5269,61,2
35724,628,212,3
35725,11438,342,1
35726,8250,368,4
35727,7370,262,4
35728,142,46,4
35729,10400,62,3
35730,19089,448,4
35731,12501,288,1
35732,14033,94,1
35733,13065,358,2
35734,19254,391,3
35735,13971,302,2
35736,18142,16,4
35737,17348,82,4
35738,15351,106,1
35739,10348,77,4
35740,17894,278,4
35741,11921,101,1
35742,5059,94,3
35743,18899,244,1
35744,10906,304,3
35745,13445,193,3
35746,10581,198,1
35747,11726,81,1
35748,10267,228,1
35749,13542,227,1
35750,101,402,4
35751,1360,187,2
35752,17224,204,4
35753,905,137,3
35754,5751,63,2
35755,11134,445,3
35756,14135,125,1
35757,13438,431,2
35758,13331,299,3
35759,18070,227,1
35760,4297,493,3
35761,11204,133,1
35762,18641,256,4
35763,8097,50,1
35764,3779,58,2
35765,12101,130,1
35766,3977,314,1
35767,3295,326,4
35768,18748,201,3
35769,13054,489,1
35770,2940,410,4
35771,11338,338,4
35772,12984,162,4
35773,658,265,4
35774,7815,103,3
35775,4560,432,2
35776,18942,223,1
35777,6528,239,2
35778,11524,154,4
35779,11771,463,4
35780,11017,494,3
35781,8035,314,3
35782,11618,86,3
35783,6738,153,1
35784,2549,271,1
35785,16229,433,3
35786,18972,234,1
35787,9674,174,3
35788,10778,189,3
35789,10634,456,4
35790,19093,219,3
35791,13458,253,1
35792,16703,378,1
35793,36,275,3
35794,16839,276,2
35795,7578,444,2
35796,5553,21,1
35797,16827,304,4
35798,12117,132,3
35799,8628,340,2
35800,14376,432,4
35801,12673,492,2
35802,487,47,3
35803,18944,93,3
35804,1176,184,1
35805,4478,160,1
35806,15607,126,1
35807,15666,33,2
35808,3999,310,1
35809,13281,128,4
35810,5800,2,2
35811,1254,147,2
35812,17598,202,3
35813,4020,328,1
35814,6699,174,3
35815,16114,333,1
35816,816,278,4
35817,15290,380,3
35818,12888,44,1
35819,15220,35,1
35820,14097,342,2
35821,2202,103,4
35822,18570,200,3
35823,1475,103,1
35824,17903,340,1
35825,14421,461,1
35826,16080,218,1
35827,13765,405,1
35828,10405,11,1
35829,8333,9,3
35830,1895,389,4
35831,15051,372,2
35832,14963,174,4
35833,11703,248,4
35834,10081,388,1
35835,17874,109,4
35836,8959,125,1
35837,18232,320,2
35838,1282,494,3
35839,15101,58,4
35840,853,49,4
35841,6568,488,2
35842,793,256,3
35843,14438,499,4
35844,637,311,2
35845,19957,132,3
35846,996,476,3
35847,12988,273,4
35848,5101,128,4
35849,4229,127,2
35850,2546,214,2
35851,5016,389,2
35852,7803,352,4
35853,9648,415,3
35854,18816,420,3
35855,14005,251,4
35856,18409,144,2
35857,411,116,3
35858,19628,73,4
35859,7472,222,2
35860,1697,284,1
35861,19018,365,4
35862,13330,81,2
35863,8216,330,1
35864,5662,341,3
35865,16878,268,1
35866,7602,220,2
35867,978,2,3
35868,6392,295,2
35869,15502,83,3
35870,18941,275,2
35871,4523,22,2
35872,8902,12,3
35873,18399,130,3
35874,1540,267,1
35875,9731,146,1
35876,18271,263,2
35877,5349,174,4
35878,95,52,2
35879,12898,127,4
35880,14492,144,1
35881,3380,290,4
35882,7592,298,3
35883,9456,445,1
35884,5910,43,4
35885,13742,189,2
35886,2614,128,4
35887,12717,306,2
35888,10567,196,2
35889,6967,184,1
35890,2740,297,4
35891,10402,286,4
35892,7903,172,3
35893,958,67,1
35894,9964,147,4
35895,17802,91,1
35896,3076,333,2
35897,19924,495,4
35898,10052,188,3
35899,9666,276,4
35900,4073,215,1
35901,7381,32,2
35902,12792,79,3
35903,8041,120,1
35904,9720,440,3
35905,7365,131,3
35906,16215,411,3
35907,7932,472,3
35908,132,436,2
35909,19656,381,2
35910,12369,61,3
35911,4559,67,4
35912,16989,412,2
35913,19652,263,3
35914,17204,104,2
35915,6563,332,1
35916,45,245,3
35917,13672,385,4
35918,13298,82,4
35919,2956,363,1
35920,8495,74,3
35921,6023,500,2
35922,4188,462,3
35923,6115,79,2
35924,2887,387,3
35925,585,68,4
35926,3046,220,4
35927,6139,251,4
35928,7839,306,4
35929,14916,113,2
35930,19244,494,3
35931,13463,130,2
35932,2109,500,3
35933,1365,411,3
35934,183,196,4
35935,12054,410,2
35936,2069,39,1
35937,586,495,1
35938,7178,42,3
35939,8287,39,3
35940,3046,200,1
35941,3036,380,4
35942,3385,154,4
35943,16739,177,2
35944,11980,22,2
35945,15953,264,3
35946,8411,313,1
35947,8939,104,1
35948,9374,479,4
35949,4242,442,1
35950,13450,256,2
35951,3907,383,1
35952,12290,278,1
35953,4282,158,3
35954,4471,170,2
35955,6386,487,4
35956,19944,385,1
35957,13991,370,3
35958,17085,191,2
35959,9080,161,3
35960,3450,267,4
35961,7912,466,3
35962,10867,360,1
35963,19547,259,4
35964,9357,86,3
35965,18806,37,4
35966,849,72,2
35967,16039,246,2
35968,1942,317,4
35969,2350,84,4
35970,11137,201,4
35971,16778,381,2
35972,11061,339,2
35973,13512,131,4
35974,1546,255,4
35975,12326,288,2
35976,16818,362,4
35977,1762,49,4
35978,477,184,1
35979,4715,370,1
35980,14495,294,1
35981,2296,150,2
35982,17486,441,4
35983,18984,245,2
35984,16790,173,2
35985,8385,210,2
35986,4163,220,3
35987,14859,467,2
35988,8210,373,4
35989,294,498,1
35990,5299,112,2
35991,53,264,4
35992,9922,341,1
35993,130,461,2
35994,6542,268,3
35995,3782,45,4
35996,10886,429,3
35997,1245,430,3
35998,7109,194,4
35999,5729,101,1
36000,1018,73,3
36001,12951,181,3
36002,12247,181,2
36003,19424,103,1
36004,12881,399,3
36005,18073,93,1
36006,4901,364,3
36007,11909,173,2
36008,165,402,1
36009,8029,167,2
36010,19849,205,3
36011,14686,370,4
36012,14803,87,1
36013,2963,263,4
36014,7988,278,1
36015,15371,368,3
36016,18702,481,3
36017,7792,426,4
36018,12376,330,3
36019,7861,366,1
36020,1127,178,3
36021,7976,61,2
36022,13801,420,4
36023,1406,393,4
36024,15936,290,1
36025,16255,181,4
36026,9964,59,2
36027,8716,187,4
36028,10750,267,2
36029,6206,267,3
36030,18343,477,3
36031,8410,368,4
36032,15661,120,4
36033,4149,328,4
36034,12496,13,4
36035,12259,240,3
36036,9264,495,1
36037,12178,210,4
36038,13683,413,3
36039,1964,114,3
36040,7244,201,4
36041,17874,278,2
36042,9096,392,4
36043,17556,350,1
36044,13087,432,3
36045,10,77,4
36046,17485,257,2
36047,5342,117,3
36048,7646,425,4
36049,17004,285,3
36050,1980,40,1
36051,7435,127,4
36052,8053,35,4
36053,11136,490,4
36054,16121,210,3
36055,19976,139,1
36056,15647,192,1
36057,13408,22,2
36058,12205,174,4
36059,18919,245,4
36060,18463,493,4
36061,6579,71,2
36062,1114,425,4
36063,17242,435,3
36064,8951,276,1
36065,13725,442,1
36066,794,314,4
36067,2161,93,1
36068,7458,266,2
36069,988,179,2
36070,7836,10,2
36071,15539,477,2
36072,2371,201,4
36073,15742,373,1
36074,11421,468,1
36075,19110,353,2
36076,11719,104,1
36077,16534,87,4
36078,5359,246,2
36079,5532,339,2
36080,5232,393,1
36081,12186,104,1
36082,13343,167,4
36083,6828,219,4
36084,12365,432,4
36085,940,103,1
36086,18982,11,3
36087,5470,187,3
36088,11837,499,4
36089,6544,361,3
36090,2201,458,3
36091,4844,449,4
36092,17191,240,2
36093,16338,298,4
36094,2471,155,4
36095,3712,230,1
36096,3130,377,2
36097,5997,284,3
36098,18537,216,4
36099,2908,236,1
36100,16465,70,2
36101,9944,248,3
36102,2113,70,4
36103,1351,176,1
36104,16403,185,1
36105,4525,15,2
36106,13908,283,2
36107,4900,74,1
36108,11181,385,2
36109,3752,56,2
36110,6488,452,4
36111,15805,135,2
36112,19248,85,1
36113,7304,122,1
36114,13251,1,2
36115,19908,117,3
36116,13339,264,2
36117,3736,150,2
36118,457,352,1
36119,13814,376,2
36120,11107,180,1
36121,2766,63,3
36122,18842,284,2
36123,18017,180,2
36124,15109,380,3
36125,13612,267,2
36126,10272,495,4
36127,17004,489,3
36128,14279,246,1
36129,14095,170,2
36130,3433,204,4
36131,12065,216,3
36132,12442,97,3
36133,2864,281,4
36134,2951,427,4
36135,16830,298,4
36136,1178,319,1
36137,18315,222,4
36138,11975,415,3
36139,9443,141,1
36140,14700,365,2
36141,7712,1,1
36142,18058,474,2
36143,9095,384,3
36144,11230,220,4
36145,16329,205,4
36146,2318,123,4
36147,6004,156,3
36148,16635,183,1
36149,17331,257,4
36150,14395,346,2
36151,5143,365,1
36152,7357,1,4
36153,13097,497,4
36154,936,401,1
36155,9123,57,2
36156,1205,70,4
36157,11404,137,1
36158,5249,426,1
36159,11699,6,1
36160,14432,442,3
36161,4049,300,3
36162,1019,326,4
36163,5471,344,4
36164,1617,318,2
36165,1300,132,3
36166,5192,446,2
36167,5657,446,3
36168,5389,152,3
36169,1856,210,2
36170,18530,282,4
36171,1478,407,1
36172,10892,344,4
36173,19964,114,2
36174,13990,42,2
36175,729,420,1
36176,7171,85,2
36177,3111,244,2
36178,18351,309,4
36179,4264,344,4
36180,18027,336,2
36181,6551,347,1
36182,14911,417,1
36183,13299,400,3
36184,6168,392,3
36185,18828,303,1
36186,16859,351,3
36187,10856,207,1
36188,11931,162,3
36189,10163,457,2
36190,13946,98,2
36191,1886,279,3
36192,15114,430,3
36193,5487,441,3
36194,13152,438,3
36195,7309,454,1
36196,13355,201,1
36197,5547,444,4
36198,18005,345,4
36199,14063,349,2
36200,19624,15,1
36201,11366,341,3
36202,12503,234,2
36203,11469,250,3
36204,19174,200,3
36205,2090,86,2
36206,3847,47,1
36207,18305,13,4
36208,7494,193,2
36209,13807,286,4
36210,3767,89,3
36211,7556,293,4
36212,15142,358,1
36213,15394,291,1
36214,13678,187,2
36215,5345,4,1
36216,18713,389,4
36217,12092,418,4
36218,983,9,1
36219,16233,189,4
36220,19267,325,4
36221,5166,498,4
36222,12424,394,1
36223,13117,74,3
36224,14457,154,1
36225,6399,238,4
36226,16182,105,3
36227,6321,69,4
36228,1443,479,2
36229,12209,355,2
36230,4109,490,2
36231,12123,104,4
36232,11715,101,1
36233,13973,167,4
36234,11072,315,3
36235,14098,96,2
36236,12868,169,1
36237,3535,446,1
36238,3198,414,3
36239,10774,237,3
36240,15595,318,1
36241,16540,24,2
36242,7147,100,2
36243,4810,14,1
36244,5768,168,4
36245,19380,428,2
36246,19430,175,2
36247,19684,379,4
36248,11895,141,1
36249,19800,386,4
36250,5970,35,2
36251,15307,244,3
36252,10042,451,2
36253,17604,328,3
36254,13875,481,4
36255,9928,76,2
36256,11651,60,3
36257,16303,499,1
36258,18127,362,3
36259,6455,106,1
36260,18711,33,3
36261,14366,63,1
36262,8425,175,1
36263,9145,148,4
36264,4775,388,2
36265,14112,158,1
36266,8512,439,2
36267,2654,311,2
36268,2078,412,2
36269,6376,479,4
36270,6514,498,2
36271,11792,431,1
36272,18870,140,3
36273,6322,358,3
36274,9947,452,4
36275,2196,346,4
36276,14219,60,3
36277,1395,406,1
36278,6632,66,4
36279,13508,22,3
36280,15035,24,4
36281,6218,170,3
36282,8230,199,3
36283,15963,71,1
36284,13615,430,3
36285,15952,289,2
36286,2562,6,1
36287,5703,17,2
36288,17866,483,2
36289,1824,448,3
36290,4544,81,1
36291,2956,323,4
36292,1002,443,3
36293,16715,68,1
36294,15923,157,2
36295,11175,275,4
36296,3590,425,2
36297,17268,403,1
36298,12097,489,4
36299,17566,443,4
36300,499,75,1
36301,2694,289,1
36302,18509,226,1
36303,12762,157,1
36304,3903,121,3
36305,12018,235,3
36306,9408,427,1
36307,4818,104,3
36308,1851,45,1
36309,7691,399,2
36310,13750,260,4
36311,9624,3,1
36312,13637,73,1
36313,14698,7,4
36314,13765,103,4
36315,602,159,3
36316,3908,462,4
36317,209,85,2
36318,6123,343,2
36319,4715,316,4
36320,14904,72,3
36321,1583,224,3
36322,10277,95,2
36323,17823,190,1
36324,18494,368,1
36325,18318,433,1
36326,10893,284,2
36327,7643,400,3
36328,1548,9,4
36329,12147,344,2
36330,9944,111,2
36331,1731,432,1
36332,16489,78,4
36333,678,342,2
36334,8681,327,4
36335,11505,106,3
36336,18283,233,2
36337,14445,49,1
36338,11165,485,2
36339,9471,64,1
36340,14237,332,1
36341,9745,32,3
36342,3077,46,4
36343,968,375,2
36344,1191,126,2
36345,14400,357,1
36346,12161,226,1
36347,3338,159,1
36348,4685,219,3
36349,11124,78,2
36350,1881,90,1
36351,11655,350,2
36352,13615,119,2
36353,14305,67,1
36354,11646,1,2
36355,666,404,3
36356,12215,310,1
36357,5129,373,1
36358,12854,181,2
36359,8939,413,2
36360,6920,407,3
36361,17142,472,1
36362,15705,30,1
36363,9165,42,2
36364,6188,68,4
36365,16164,324,2
36366,5581,39,1
36367,4664,60,4
36368,13036,473,2
36369,4990,429,2
36370,14152,488,1
36371,6927,144,3
36372,15247,139,4
36373,14207,352,4
36374,9119,104,3
36375,16477,347,2
36376,19526,220,2
36377,4933,28,3
36378,16758,195,2
36379,11218,313,4
36380,661,59,3
36381,12398,32,4
36382,19723,342,2
36383,2371,374,1
36384,14606,15,1
36385,3379,121,1
36386,1118,54,1
36387,7220,404,4
36388,14035,385,3
36389,14447,266,4
36390,14452,115,1
36391,17657,204,3
36392,11385,485,4
36393,18482,358,2
36394,1150,5,2
36395,6001,153,4
36396,4028,10,2
36397,2099,472,2
36398,13103,132,1
36399,4084,351,4
36400,1331,232,2
36401,15559,269,2
36402,8294,149,4
36403,6689,65,1
36404,499,32,2
36405,7834,40,4
36406,6787,493,1
36407,5237,260,3
36408,10570,335,3
36409,8731,244,1
36410,8310,194,3
36411,13993,358,1
36412,5569,5,4
36413,4588,245,4
36414,9411,480,3
36415,13870,289,4
36416,9359,77,3
36417,16687,435,1
36418,10276,311,3
36419,6658,15,2
36420,2762,453,1
36421,294,376,4
36422,3120,349,4
36423,74,402,1
36424,14066,465,4
36425,19280,146,4
36426,12502,48,4
36427,13115,354,4
36428,3715,159,3
36429,7771,379,4
36430,6399,463,2
36431,283,362,2
36432,248,300,1
36433,10224,129,3
36434,7675,250,4
36435,10398,158,4
36436,2322,285,4
36437,10664,483,4
36438,9738,68,4
36439,19684,331,2
36440,6951,406,3
36441,7986,411,1
36442,14102,55,4
36443,10905,18,1
36444,977,293,1
36445,174,64,4
36446,5779,306,1
36447,9510,407,2
36448,8235,213,1
36449,3212,291,1
36450,7260,15,2
36451,14425,109,4
36452,4898,205,1
36453,5112,111,3
36454,14332,500,1
36455,5069,385,1
36456,10837,66,2
36457,17923,138,2
36458,6806,268,3
36459,1814,189,1
36460,11956,373,2
36461,15737,43,1
36462,6559,114,4
36463,11036,71,2
36464,11955,164,3
36465,2931,134,1
36466,7609,254,2
36467,8445,377,4
36468,9911,154,4
36469,16316,443,1
36470,18512,307,3
36471,17431,138,3
36472,13388,457,4
36473,12771,477,4
36474,12612,274,1
36475,8294,359,2
36476,9424,357,3
36477,484,82,1
36478,4282,357,4
36479,2314,92,2
36480,19036,270,2
36481,2637,275,1
36482,5306,176,4
36483,11317,88,4
36484,16377,204,2
36485,7619,121,3
36486,7429,10,1
36487,2044,30,3
36488,14500,277,4
36489,10334,266,4
36490,7569,177,1
36491,14229,367,3
36492,6385,470,4
36493,10865,96,1
36494,6021,395,3
36495,1401,357,3
36496,1127,5,4
36497,13104,202,2
36498,10506,327,1
36499,10703,248,3
36500,12563,415,2
36501,17376,353,1
36502,174,406,2
36503,6575,34,4
36504,12222,110,4
36505,17545,190,1
36506,13609,211,4
36507,10051,264,4
36508,9716,136,3
36509,1325,371,1
36510,19499,217,4
36511,6066,289,4
36512,14421,438,2
36513,12757,163,3
36514,14544,330,4
36515,13452,79,3
36516,3489,46,2
36517,3239,250,3
36518,14214,160,1
36519,13369,425,3
36520,12553,285,3
36521,3829,366,2
36522,7625,290,3
36523,4454,135,2
36524,5443,426,3
36525,324,117,3
36526,13622,64,4
36527,9789,222,3
36528,6574,433,2
36529,11084,465,2
36530,16864,365,1
36531,18729,47,2
36532,9195,254,3
36533,13255,8,2
36534,14296,219,2
36535,12510,467,3
36536,8387,154,3
36537,9061,464,2
36538,8528,439,1
36539,16625,134,4
36540,12458,157,3
36541,11502,145,2
36542,19040,478,1
36543,5965,495,1
36544,7403,1,2
36545,7193,289,3
36546,3555,389,4
36547,13459,306,2
36548,5227,196,2
36549,10600,461,1
36550,19751,103,2
36551,6380,214,3
36552,17945,223,4
36553,19355,397,2
36554,11233,216,2
36555,8838,12,3
36556,18097,273,2
36557,19134,489,4
36558,5545,474,2
36559,185,356,1
36560,17913,65,1
36561,3172,299,4
36562,14902,285,3
36563,17293,381,4
36564,19535,143,2
36565,4038,316,3
36566,19641,341,3
36567,16380,440,3
36568,11685,117,3
36569,14331,91,2
36570,10403,165,3
36571,16120,451,1
36572,19829,472,1
36573,16818,374,3
36574,7424,460,2
36575,1781,90,3
36576,11948,245,3
36577,18929,363,4
36578,12765,333,2
36579,3239,434,4
36580,2327,455,1
36581,4668,252,3
36582,1652,211,4
36583,9213,393,2
36584,611,41,1
36585,2733,417,2
36586,10839,497,2
36587,9983,225,4
36588,15270,174,3
36589,18952,337,3
36590,11736,331,3
36591,8220,280,4
36592,6709,330,4
36593,11739,409,4
36594,5893,96,1
36595,685,225,3
36596,14534,48,1
36597,5895,192,1
36598,18176,276,1
36599,10565,316,4
36600,17384,297,3
36601,1034,88,1
36602,1586,454,3
36603,4046,423,3
36604,17423,101,4
36605,14372,493,3
36606,9639,362,3
36607,14180,257,4
36608,7530,383,3
36609,15910,140,2
36610,14775,204,1
36611,4972,374,3
36612,4495,434,3
36613,9183,427,4
36614,17451,495,1
36615,14452,446,2
36616,11822,302,1
36617,897,87,1
36618,14977,476,2
36619,18465,309,3
36620,13474,300,2
36621,3025,453,3
36622,16929,15,2
36623,2305,499,3
36624,19771,235,4
36625,2873,332,2
36626,6545,204,4
36627,7004,117,2
36628,18387,33,1
36629,5956,268,1
36630,18624,429,1
36631,12400,85,3
36632,13854,172,1
36633,9144,355,4
36634,1119,398,4
36635,15792,472,3
36636,11262,268,1
36637,14460,123,2
36638,15995,439,3
36639,5308,375,2
36640,18875,470,3
36641,7097,463,3
36642,9356,270,3
36643,228,500,2
36644,15749,17,3
36645,19764,291,4
36646,7556,61,1
36647,8058,278,1
36648,13424,34,4
36649,3602,127,2
36650,5661,436,1
36651,10191,185,4
36652,7537,408,3
36653,8057,262,1
36654,80,363,4
36655,6892,264,2
36656,11326,219,4
36657,10830,3,1
36658,6103,193,1
36659,2651,470,1
36660,14904,426,2
36661,7654,80,2
36662,8828,371,3
36663,2256,131,3
36664,12059,97,3
36665,14255,458,3
36666,3320,30,1
36667,18972,214,1
36668,16604,313,1
36669,3979,43,1
36670,9848,157,3
36671,2173,347,1
36672,6674,425,2
36673,16116,334,4
36674,10046,423,3
36675,8810,342,1
36676,2883,117,4
36677,17781,352,3
36678,9196,216,4
36679,14494,181,2
36680,13827,132,4
36681,16379,475,3
36682,5528,362,2
36683,19883,155,2
36684,2488,126,4
36685,6578,358,4
36686,14779,184,3
36687,6706,361,2
36688,5459,487,2
36689,2393,207,4
36690,4104,42,4
36691,1204,104,1
36692,16814,321,1
36693,8801,113,2
36694,939,386,3
36695,16644,25,4
36696,13159,37,2
36697,2812,73,2
36698,10301,109,1
36699,187,85,1
36700,19584,99,2
36701,3745,305,3
36702,9674,214,4
36703,13,427,1
36704,10602,346,3
36705,1236,24,2
36706,17832,165,4
36707,212,248,2
36708,7920,205,2
36709,4069,277,4
36710,3926,262,2
36711,19153,169,4
36712,3691,88,1
36713,7583,432,1
36714,13376,258,3
36715,19885,69,3
36716,9439,378,2
36717,10489,355,3
36718,7881,117,3
36719,14144,424,2
36720,17797,9,2
36721,180,183,2
36722,9984,431,1
36723,7735,267,4
36724,18059,455,4
36725,17048,346,4
36726,13580,338,2
36727,19875,166,2
36728,1207,122,1
36729,5072,329,1
36730,2315,267,3
36731,1948,465,1
36732,2293,212,2
36733,8918,490,1
36734,7726,14,3
36735,4647,481,4
36736,18193,277,3
36737,1708,79,4
36738,19333,448,4
36739,4714,114,4
36740,210,367,4
36741,7071,288,4
36742,16540,141,1
36743,11009,207,1
36744,3354,497,4
36745,9948,18,2
36746,17217,76,3
36747,7867,246,1
36748,564,469,2
36749,16668,433,1
36750,5951,462,2
36751,16130,428,3
36752,5426,331,1
36753,371,401,4
36754,1509,334,4
36755,18867,446,1
36756,9062,117,1
36757,12334,498,4
36758,10691,43,1
36759,1052,314,4
36760,15911,482,1
36761,6386,464,1
36762,18958,198,4
36763,12966,297,2
36764,14308,238,4
36765,449,147,1
36766,11533,289,1
36767,1981,332,4
36768,16212,194,4
36769,1158,364,2
36770,10873,55,4
36771,11536,215,1
36772,15933,464,1
36773,10830,56,2
36774,65,335,4
36775,7537,141,1
36776,19842,487,3
36777,14121,496,4
36778,11364,120,1
36779,7883,339,1
36780,4991,156,3
36781,10734,488,2
36782,14960,377,2
36783,6570,122,2
36784,607,377,2
36785,12580,61,1
36786,12987,330,4
36787,479,164,1
36788,16189,198,2
36789,6727,302,2
36790,1889,95,2
36791,15697,201,2
36792,13922,232,3
36793,6458,160,4
36794,2274,273,4
36795,11950,433,4
36796,13631,62,4
36797,18881,403,3
36798,18515,219,2
36799,3749,248,2
36800,11031,432,4
36801,7499,317,2
36802,10717,371,3
36803,6926,56,1
36804,3879,4,1
36805,17501,161,1
36806,6694,120,3
36807,5178,346,1
36808,10413,333,1
36809,14298,411,2
36810,1074,283,4
36811,14961,148,3
36812,10319,286,1
36813,15389,104,4
36814,2958,129,4
36815,3375,261,3
36816,6314,249,4
36817,14334,141,1
36818,12676,234,1
36819,12394,180,1
36820,10322,316,3
36821,17447,35,1
36822,17714,236,4
36823,17643,11,2
36824,4387,11,2
36825,1924,270,4
36826,4568,357,2
36827,9569,240,3
36828,1980,160,1
36829,17502,225,2
36830,2062,366,2
36831,11629,286,2
36832,16107,492,1
36833,9070,158,3
36834,1756,334,4
36835,6631,309,2
36836,18631,442,2
36837,4478,354,1
36838,19324,162,1
36839,18635,497,4
36840,1469,398,4
36841,15451,82,1
36842,6785,278,2
36843,3215,1,3
36844,14284,456,4
36845,8580,248,2
36846,4938,427,1
36847,8745,136,4
36848,18404,306,3
36849,6116,118,3
36850,1412,206,2
36851,3177,391,1
36852,17534,72,4
36853,19265,396,4
36854,18799,263,3
36855,8178,440,2
36856,15407,88,3
36857,10735,280,2
36858,13467,429,4
36859,1805,493,1
36860,2883,369,3
36861,6035,115,1
36862,15558,236,4
36863,19114,178,4
36864,7137,18,4
36865,4861,250,4
36866,12593,446,3
36867,10510,353,3
36868,13202,416,3
36869,11387,241,1
36870,6225,351,2
36871,5786,345,2
36872,7692,270,3
36873,10545,48,2
36874,3611,294,1
36875,505,240,3
36876,7695,168,1
36877,10286,316,4
36878,19026,307,1
36879,6926,266,2
36880,6703,242,4
36881,12453,441,1
36882,818,340,3
36883,10816,289,4
36884,14213,137,4
36885,16126,210,1
36886,19449,457,1
36887,14424,263,2
36888,9781,105,2
36889,1164,490,3
36890,19148,172,4
36891,14396,357,3
36892,332,277,3
36893,4465,285,3
36894,6190,318,1
36895,12785,1,1
36896,13603,54,3
36897,15952,60,1
36898,10019,88,4
36899,5682,266,4
36900,14761,13,1
36901,19687,139,1
36902,8627,54,3
36903,6601,102,2
36904,8378,466,3
36905,13320,25,2
36906,5729,162,2
36907,7603,424,4
36908,5073,391,3
36909,8271,87,2
36910,19179,429,2
36911,11323,396,2
36912,1041,116,2
36913,18330,279,4
36914,12997,255,2
36915,12434,339,2
36916,7379,162,3
36917,4769,480,2
36918,18619,234,4
36919,2915,496,4
36920,7416,69,1
36921,19273,465,3
36922,5632,214,1
36923,16421,13,2
36924,5918,45,1
36925,17626,141,4
36926,1511,484,1
36927,1998,338,1
36928,13887,346,3
36929,10173,210,4
36930,7616,45,2
36931,17716,340,4
36932,2830,210,3
36933,13220,402,3
36934,7359,83,4
36935,8426,222,2
36936,6328,424,2
36937,6451,162,3
36938,25,111,3
36939,3588,163,3
36940,14689,477,3
36941,6972,150,4
36942,2174,190,2
36943,11610,283,4
36944,12403,495,4
36945,9837,144,1
36946,14703,415,2
36947,19809,299,2
36948,8371,95,4
36949,2976,138,2
36950,2896,254,2
36951,12873,460,3
36952,4482,461,3
36953,13992,53,4
36954,17005,286,2
36955,6169,102,4
36956,17418,59,1
36957,3081,213,3
36958,10857,270,3
36959,10302,96,2
36960,16128,245,4
36961,16870,427,3
36962,5267,107,2
36963,3822,478,1
36964,8828,59,3
36965,11325,210,1
36966,8933,388,2
36967,3951,13,2
36968,6306,47,2
36969,2063,134,2
36970,11627,186,4
36971,16271,135,1
36972,8136,422,4
36973,16581,249,3
36974,209,40,2
36975,8316,371,4
36976,1591,321,1
36977,8546,390,4
36978,1591,334,4
36979,11606,300,1
36980,4148,196,3
36981,1354,310,3
36982,14913,184,4
36983,8938,474,2
36984,1415,140,2
36985,3722,210,1
36986,2899,441,4
36987,8410,382,2
36988,7012,408,2
36989,15871,171,1
36990,12179,486,2
36991,19110,236,3
36992,5963,344,2
36993,14619,107,2
36994,14146,217,1
36995,17998,337,4
36996,2450,196,3
36997,15471,461,2
36998,16111,115,2
36999,616,165,2
37000,2880,311,2
37001,1410,291,1
37002,6032,480,1
37003,11919,394,3
37004,19155,390,4
37005,10453,117,4
37006,14033,194,1
37007,1512,16,3
37008,16555,115,1
37009,14541,403,1
37010,19808,132,1
37011,13427,105,4
37012,10428,86,4
37013,10644,483,2
37014,13513,451,4
37015,14551,235,3
37016,17564,135,1
37017,18070,151,2
37018,17201,491,4
37019,2620,172,3
37020,18934,223,2
37021,18257,148,2
37022,14192,203,1
37023,14634,96,1
37024,10421,77,2
37025,10882,359,4
37026,15526,495,3
37027,8447,40,3
37028,18027,189,2
37029,17640,379,1
37030,8173,54,4
37031,6525,271,4
37032,4986,435,3
37033,6457,362,1
37034,17252,391,2
37035,5370,239,2
37036,14727,184,4
37037,12413,249,1
37038,2158,380,3
37039,3452,143,3
37040,3140,375,2
37041,1169,37,4
37042,8506,47,2
37043,8777,241,2
37044,10312,49,3
37045,7495,143,2
37046,7526,77,3
37047,8794,370,4
37048,11044,344,3
37049,7187,466,2
37050,11761,159,1
37051,4771,202,3
37052,9189,278,2
37053,19982,389,4
37054,6899,118,1
37055,11,194,3
37056,15399,298,1
37057,2253,496,1
37058,18706,103,3
37059,7731,368,3
37060,3299,377,2
37061,7148,495,1
37062,2029,264,3
37063,9142,500,2
37064,14207,30,2
37065,6227,265,2
37066,8359,49,4
37067,4769,72,1
37068,12597,337,2
37069,1880,356,4
37070,14233,300,3
37071,7679,459,4
37072,13496,404,3
37073,4370,294,4
37074,4343,474,1
37075,17796,448,4
37076,13685,22,1
37077,3133,273,3
37078,17482,4,3
37079,9888,46,1
37080,19951,337,1
37081,13305,16,1
37082,11951,451,3
37083,1862,340,3
37084,9636,331,1
37085,9300,433,2
37086,3165,195,3
37087,138,458,1
37088,19265,443,4
37089,8320,360,2
37090,19377,48,2
37091,5160,57,1
37092,176,321,1
37093,18237,227,4
37094,11523,125,3
37095,7834,198,2
37096,10051,75,3
37097,1819,9,1
37098,10839,363,3
37099,10665,414,3
37100,8005,477,4
37101,9029,194,1
37102,19335,201,2
37103,17105,73,4
37104,228,165,1
37105,6160,138,3
37106,13338,343,3
37107,2635,277,4
37108,8278,287,4
37109,5307,111,2
37110,1862,166,2
37111,4870,392,4
37112,9797,449,4
37113,17510,10,3
37114,9494,10,1
37115,5473,414,3
37116,5040,71,4
37117,13048,490,2
37118,12402,168,2
37119,5389,286,3
37120,12235,110,1
37121,14814,364,3
37122,1435,415,3
37123,15071,307,3
37124,8014,191,2
37125,4547,253,1
37126,1256,44,4
37127,16505,257,2
37128,15238,178,4
37129,16056,252,2
37130,16616,86,1
37131,4550,439,2
37132,10246,309,1
37133,2877,97,4
37134,527,73,4
37135,15687,259,3
37136,2981,158,3
37137,10434,450,3
37138,2502,306,4
37139,2320,99,2
37140,11057,157,3
37141,19631,374,2
37142,17478,71,2
37143,17504,427,4
37144,908,381,3
37145,11757,480,4
37146,3154,284,1
37147,4418,451,4
37148,19948,69,2
37149,7742,197,2
37150,6642,349,1
37151,11470,333,4
37152,17735,471,2
37153,9754,152,1
37154,10147,174,1
37155,6919,302,3
37156,18799,442,1
37157,11654,390,4
37158,2986,264,4
37159,7787,44,4
37160,9685,22,1
37161,18686,460,1
37162,4811,159,2
37163,9454,459,4
37164,16425,63,4
37165,5872,480,3
37166,15707,394,2
37167,8027,417,2
37168,3628,128,4
37169,16719,418,3
37170,18089,156,1
37171,854,479,3
37172,3357,290,2
37173,6407,180,1
37174,11315,462,2
37175,18676,484,4
37176,15010,83,3
37177,13337,212,3
37178,7755,270,2
37179,17744,125,2
37180,8060,305,4
37181,12371,208,3
37182,875,497,1
37183,8327,405,4
37184,2190,97,2
37185,698,17,4
37186,15802,229,1
37187,807,352,1
37188,14181,194,1
37189,4589,85,1
37190,5483,436,4
37191,12101,78,1
37192,15040,247,2
37193,15994,493,4
37194,13678,134,1
37195,4510,362,4
37196,6192,70,2
37197,12463,410,1
37198,14617,356,3
37199,10333,255,4
37200,8056,156,4
37201,12898,99,2
37202,6515,146,3
37203,15617,107,2
37204,12377,380,4
37205,2632,90,3
37206,15175,97,3
37207,3372,126,4
37208,7756,486,1
37209,4629,314,1
37210,4884,315,1
37211,17862,23,1
37212,7936,184,3
37213,11097,198,4
37214,19201,446,4
37215,18486,93,4
37216,9819,489,2
37217,13523,16,2
37218,15937,372,3
37219,5550,262,2
37220,15139,57,3
37221,17916,136,1
37222,2878,478,1
37223,6871,334,1
37224,16760,117,2
37225,15150,257,1
37226,12685,316,3
37227,1032,64,2
37228,14046,367,3
37229,5998,478,4
37230,1761,449,1
37231,13306,178,1
37232,10648,147,2
37233,5899,405,1
37234,7377,486,2
37235,15598,412,1
37236,7171,442,1
37237,18520,345,3
37238,6480,302,2
37239,3200,445,1
37240,13251,436,4
37241,18591,89,4
37242,9713,494,1
37243,19425,304,3
37244,16815,357,2
37245,19001,459,1
37246,1369,463,3
37247,8995,273,1
37248,8087,69,2
37249,4012,112,1
37250,19133,415,4
37251,6810,362,1
37252,13000,13,1
37253,17765,464,1
37254,9045,176,4
37255,6885,414,3
37256,1642,147,3
37257,15622,100,1
37258,6101,318,2
37259,1347,185,2
37260,18109,19,1
37261,1802,13,2
37262,6991,45,2
37263,17534,470,2
37264,11573,34,2
37265,19405,418,4
37266,12840,110,4
37267,1491,447,3
37268,13578,475,4
37269,18675,315,3
37270,4395,139,1
37271,16263,174,3
37272,17344,26,4
37273,5808,377,2
37274,1908,412,1
37275,16269,273,4
37276,4051,201,3
37277,15294,346,1
37278,7414,106,3
37279,4864,218,4
37280,18777,78,4
37281,11968,34,3
37282,1222,462,2
37283,15144,418,3
37284,8164,399,2
37285,18422,408,1
37286,14860,368,2
37287,248,235,2
37288,5578,472,4
37289,2860,403,2
37290,13819,377,3
37291,13881,27,1
37292,11084,81,2
37293,17671,345,2
37294,10608,424,2
37295,19430,481,2
37296,15361,86,1
37297,2010,176,2
37298,19313,407,4
37299,9140,177,1
37300,15863,377,4
37301,15990,214,4
37302,17201,221,1
37303,17401,206,2
37304,675,222,3
37305,17591,48,2
37306,3519,1,2
37307,12099,448,2
37308,7163,237,2
37309,3006,433,2
37310,7128,66,3
37311,19453,42,2
37312,4290,458,4
37313,3052,373,1
37314,16541,159,1
37315,815,374,4
37316,4961,58,2
37317,1394,406,4
37318,8842,218,1
37319,1651,139,3
37320,526,486,4
37321,1760,352,3
37322,12705,498,4
37323,15696,273,4
37324,11793,270,1
37325,5675,278,3
37326,5617,478,3
37327,4700,39,1
37328,12595,307,1
37329,19179,473,3
37330,8284,339,3
37331,2144,186,3
37332,14302,155,3
37333,17428,378,4
37334,15412,62,3
37335,3047,151,1
37336,3707,167,3
37337,6712,494,4
37338,2623,397,1
37339,2331,228,1
37340,15388,194,4
37341,2673,68,3
37342,14333,201,3
37343,17042,135,1
37344,7902,22,1
37345,616,240,4
37346,14380,320,4
37347,4213,313,2
37348,17749,452,2
37349,13690,397,4
37350,10194,142,2
37351,8130,28,2
37352,3062,356,4
37353,19009,452,2
37354,8146,337,1
37355,805,479,1
37356,12082,336,1
37357,14136,262,1
37358,19852,134,2
37359,191,221,3
37360,6620,119,4
37361,1701,338,2
37362,2944,348,3
37363,3706,162,4
37364,7599,424,1
37365,17616,148,2
37366,18537,402,2
37367,4224,330,2
37368,18284,353,2
37369,6884,461,1
37370,13814,309,3
37371,680,72,4
37372,6242,458,1
37373,15821,180,3
37374,9718,103,2
37375,5150,177,3
37376,17144,332,4
37377,15578,341,3
37378,13733,238,1
37379,19499,227,1
37380,10044,285,4
37381,7456,83,4
37382,19371,50,1
37383,4842,247,4
37384,104,267,4
37385,9304,283,1
37386,18142,355,2
37387,9171,329,4
37388,1427,241,3
37389,14516,333,4
37390,4269,99,4
37391,9150,317,1
37392,13704,125,2
37393,11279,73,1
37394,1326,178,4
37395,16332,273,1
37396,7540,380,2
37397,11098,8,4
37398,15835,484,4
37399,8914,104,3
37400,1350,486,4
37401,15115,108,1
37402,3316,372,3
37403,17080,294,4
37404,11092,449,3
37405,1584,273,1
37406,13075,30,3
37407,5751,217,2
37408,18843,432,4
37409,5065,303,1
37410,7216,16,3
37411,6992,358,2
37412,9556,2,1
37413,10406,270,1
37414,2666,440,2
37415,10805,461,3
37416,9122,351,3
37417,16294,83,2
37418,5985,20,1
37419,19396,269,1
37420,3256,320,2
37421,11053,500,3
37422,16574,107,2
37423,2395,247,1
37424,13930,139,4
37425,12551,384,3
37426,19126,476,3
37427,8962,9,1
37428,4796,378,1
37429,17432,369,4
37430,18991,23,1
37431,6584,234,2
37432,2332,233,3
37433,9133,85,4
37434,2628,160,3
37435,12197,398,3
37436,15791,242,1
37437,10315,136,2
37438,15498,362,1
37439,4291,94,2
37440,10966,409,3
37441,8434,124,2
37442,13669,279,4
37443,15435,361,1
37444,13751,403,2
37445,212,429,1
37446,2038,197,2
37447,11693,239,2
37448,15901,95,4
37449,5924,144,3
37450,10811,13,4
37451,1993,272,2
37452,4495,264,2
37453,17825,470,2
37454,7313,424,3
37455,8138,94,1
37456,7306,92,1
37457,10249,336,1
37458,11474,288,4
37459,11076,147,2
37460,16505,156,3
37461,14813,188,3
37462,3876,353,1
37463,2749,392,2
37464,5980,415,2
37465,2451,98,4
37466,6577,284,3
37467,11970,400,1
37468,11573,371,2
37469,16812,282,4
37470,13697,365,1
37471,17993,398,3
37472,337,176,4
37473,13022,496,4
37474,5152,227,2
37475,14055,347,3
37476,17588,40,2
37477,12942,83,3
37478,16897,260,4
37479,16732,388,4
37480,15648,471,1
37481,318,70,4
37482,3567,300,1
37483,4402,392,2
37484,9821,96,1
37485,3503,362,2
37486,12874,495,4
37487,8716,176,4
37488,9108,422,2
37489,16780,128,1
37490,3732,443,3
37491,7396,415,2
37492,12111,475,1
37493,19634,402,3
37494,12098,382,4
37495,3774,461,1
37496,8944,110,4
37497,7120,332,2
37498,15897,342,4
37499,3719,223,1
37500,1602,261,4
37501,14635,113,2
37502,10422,373,4
37503,5700,104,2
37504,19072,465,3
37505,13016,426,2
37506,11805,197,4
37507,17885,211,1
37508,13867,182,2
37509,14389,47,1
37510,14395,143,2
37511,16761,421,4
37512,8361,441,1
37513,16737,278,2
37514,4621,500,4
37515,2928,153,2
37516,7131,375,3
37517,17946,295,2
37518,13517,412,2
37519,4008,349,4
37520,15792,205,2
37521,19252,96,4
37522,358,493,2
37523,12151,384,2
37524,8715,175,1
37525,15190,199,2
37526,12570,292,2
37527,12110,13,3
37528,18254,153,3
37529,19460,258,3
37530,8214,387,1
37531,18595,34,3
37532,18197,245,3
37533,12808,241,2
37534,13079,99,4
37535,2895,498,4
37536,2664,361,4
37537,8317,324,3
37538,8964,121,1
37539,4437,255,1
37540,127,18,1
37541,6181,217,4
37542,10672,263,4
37543,1403,342,3
37544,17578,469,2
37545,17301,454,4
37546,13308,352,4
37547,3943,461,1
37548,7278,492,1
37549,5219,39,2
37550,3283,97,4
37551,16221,249,1
37552,12698,481,4
37553,15352,376,4
37554,12874,433,1
37555,11955,496,2
37556,3385,145,2
37557,12988,378,1
37558,18855,237,3
37559,8988,497,2
37560,9631,451,3
37561,18290,320,4
37562,15882,174,3
37563,7116,284,1
37564,9638,84,2
37565,18173,488,1
37566,986,45,2
37567,16070,498,3
37568,13087,232,1
37569,3546,13,3
37570,8370,169,3
37571,7474,79,4
37572,3614,234,2
37573,8117,133,4
37574,11317,127,4
37575,10505,178,3
37576,18389,97,4
37577,12316,186,3
37578,12863,259,1
37579,14766,374,4
37580,13767,497,3
37581,4379,436,4
37582,1416,102,2
37583,18067,256,1
37584,9464,382,1
37585,19753,370,1
37586,1863,468,1
37587,9337,45,2
37588,18940,316,3
37589,6959,18,4
37590,6709,314,3
37591,6788,465,1
37592,5418,137,1
37593,13558,3,3
37594,9394,291,1
37595,14993,229,1
37596,6146,16,3
37597,7076,360,3
37598,1629,460,1
37599,2953,446,2
37600,13888,135,4
37601,11272,6,3
37602,3881,333,4
37603,7981,250,4
37604,8211,340,3
37605,11161,143,4
37606,869,483,3
37607,19384,305,3
37608,7762,373,4
37609,12517,11,3
37610,12031,339,1
37611,15569,313,2
37612,10249,92,1
37613,4547,291,1
37614,9964,174,1
37615,12890,61,3
37616,6017,239,2
37617,19887,112,4
37618,2380,163,1
37619,1649,274,2
37620,12820,2,3
37621,12864,200,3
37622,16762,419,4
37623,14387,336,3
37624,9321,332,2
37625,11461,188,1
37626,5,160,4
37627,340,211,2
37628,3301,243,1
37629,2038,457,1
37630,8221,65,3
37631,3228,178,2
37632,16566,142,4
37633,9948,121,1
37634,3650,151,2
37635,16709,123,3
37636,17022,492,4
37637,19411,317,2
37638,3396,154,2
37639,1587,467,1
37640,12140,207,1
37641,8291,22,3
37642,7965,365,2
37643,7362,218,2
37644,12945,312,1
37645,5708,117,3
37646,4260,99,1
37647,19873,102,4
37648,9266,35,2
37649,10082,343,1
37650,17994,275,4
37651,7597,53,4
37652,8980,107,1
37653,12174,315,2
37654,6833,26,4
37655,9453,436,4
37656,359,136,4
37657,18130,325,2
37658,8407,15,2
37659,19181,75,4
37660,13173,330,1
37661,5650,274,2
37662,8606,321,3
37663,813,1,4
37664,2320,25,2
37665,3882,184,1
37666,17213,346,1
37667,4301,304,1
37668,17417,121,4
37669,12570,403,2
37670,5894,386,1
37671,7286,146,4
37672,3206,215,3
37673,7014,463,1
37674,12374,454,2
37675,17246,123,3
37676,8873,156,1
37677,2079,113,2
37678,15006,63,4
37679,5985,286,2
37680,12893,155,1
37681,13887,178,1
37682,11659,466,2
37683,17174,218,1
37684,3296,257,4
37685,9539,227,4
37686,264,297,2
37687,18915,430,3
37688,11256,416,1
37689,10292,16,1
37690,19407,414,4
37691,4298,161,3
37692,1359,188,3
37693,582,100,1
37694,340,119,1
37695,18530,112,3
37696,3370,196,3
37697,2169,417,2
37698,6509,360,1
37699,7058,329,3
37700,6649,431,3
37701,17448,197,4
37702,13037,262,3
37703,17043,479,2
37704,13300,124,3
37705,1208,377,4
37706,5377,388,4
37707,2241,198,3
37708,12899,105,2
37709,5649,60,4
37710,12958,172,2
37711,13571,58,2
37712,16610,486,3
37713,10447,189,1
37714,6780,190,4
37715,2898,455,3
37716,2044,258,4
37717,4996,95,2
37718,14314,39,1
37719,11507,79,2
37720,19210,306,3
37721,5445,354,1
37722,15462,204,2
37723,4104,95,1
37724,2504,374,4
37725,7221,467,1
37726,19596,292,3
37727,1481,66,4
37728,5849,57,2
37729,2362,245,3
37730,18331,476,1
37731,15898,75,2
37732,19687,219,2
37733,7766,5,4
37734,18720,45,1
37735,16940,144,4
37736,2621,454,1
37737,18285,253,1
37738,18476,180,2
37739,2540,118,1
37740,12035,206,2
37741,15131,154,3
37742,15812,92,1
37743,12101,308,4
37744,950,137,1
37745,15225,417,4
37746,2840,272,2
37747,17130,405,2
37748,1525,53,3
37749,4120,178,2
37750,11625,6,2
37751,7442,182,2
37752,17832,467,3
37753,13,113,1
37754,11380,195,2
37755,1289,260,2
37756,818,500,1
37757,4218,145,2
37758,11491,23,3
37759,461,241,2
37760,12979,81,1
37761,5064,22,4
37762,17059,308,2
37763,13677,69,1
37764,15029,194,3
37765,12460,197,2
37766,16212,275,1
37767,371,141,1
37768,18505,200,3
37769,19115,225,4
37770,11329,37,3
37771,7641,397,1
37772,4216,231,4
37773,18414,448,1
37774,13040,303,3
37775,10443,267,2
37776,9704,406,3
37777,15625,37,4
37778,5576,463,2
37779,3903,252,1
37780,2488,369,3
37781,5405,484,3
37782,1007,483,2
37783,12921,137,4
37784,17883,468,1
37785,2583,141,2
37786,17080,460,2
37787,6963,167,1
37788,11183,64,3
37789,17453,104,3
37790,10855,223,1
37791,15293,66,2
37792,1581,141,2
37793,7274,96,4
37794,10176,143,4
37795,16131,47,3
37796,16887,439,4
37797,6847,258,4
37798,12028,292,4
37799,3744,219,1
37800,4887,466,3
37801,6865,17,2
37802,8180,1,1
37803,14035,108,1
37804,6294,140,2
37805,15489,347,3
37806,6440,145,2
37807,18243,358,3
37808,14987,469,2
37809,16110,293,2
37810,16919,279,3
37811,5369,426,3
37812,3237,227,3
37813,18061,199,4
37814,1490,69,3
37815,14548,9,4
37816,8650,275,4
37817,11789,297,3
37818,5829,343,2
37819,12767,266,4
37820,1857,394,3
37821,8429,329,3
37822,3765,467,3
37823,1215,163,1
37824,7331,491,2
37825,4737,90,3
37826,14419,371,3
37827,1880,15,2
37828,3398,328,4
37829,7182,48,4
37830,17426,402,2
37831,461,8,1
37832,8241,23,3
37833,3275,214,2
37834,13174,288,3
37835,11406,31,4
37836,5984,472,3
37837,18315,436,1
37838,10843,155,4
37839,7163,62,1
37840,19417,342,2
37841,10088,77,4
37842,18790,64,2
37843,18244,479,4
37844,6552,325,2
37845,1514,324,2
37846,5003,312,2
37847,6335,429,4
37848,16172,404,1
37849,8331,296,3
37850,2664,194,4
37851,1589,404,2
37852,6434,347,2
37853,2952,465,1
37854,11080,300,4
37855,4275,465,4
37856,12268,214,3
37857,6716,402,1
37858,5973,253,1
37859,9956,13,2
37860,17926,247,1
37861,9788,178,4
37862,10946,372,3
37863,379,29,3
37864,13503,202,4
37865,16219,387,4
37866,2847,465,1
37867,8360,454,4
37868,6657,162,3
37869,8157,120,4
37870,1292,2,3
37871,14908,234,4
37872,2235,258,3
37873,13943,254,3
37874,17642,484,4
37875,3183,333,4
37876,6999,217,4
37877,13609,495,4
37878,12912,469,1
37879,12579,73,2
37880,1134,437,1
37881,19215,418,2
37882,5056,274,2
37883,16722,138,3
37884,8866,305,4
37885,6417,191,4
37886,13701,261,1
37887,14340,45,4
37888,13535,285,4
37889,12803,391,4
37890,19079,99,4
37891,13213,366,3
37892,14902,280,4
37893,16392,379,3
37894,19748,78,3
37895,13301,481,3
37896,15541,176,3
37897,7769,388,3
37898,14722,80,2
37899,627,116,4
37900,15709,486,4
37901,7978,449,1
37902,17624,333,4
37903,267,138,1
37904,7876,321,1
37905,6353,455,3
37906,4357,418,3
37907,19489,169,4
37908,17636,258,3
37909,637,223,3
37910,5898,77,3
37911,11003,493,3
37912,9406,215,1
37913,9364,455,4
37914,3051,57,1
37915,1677,109,4
37916,4942,24,4
37917,18046,4,1
37918,13667,425,1
37919,2198,75,1
37920,17044,246,3
37921,9905,368,2
37922,284,287,4
37923,13037,410,2
37924,1702,235,4
37925,3546,180,2
37926,17764,148,3
37927,7571,383,4
37928,15805,239,1
37929,3178,252,4
37930,11033,34,3
37931,11821,484,2
37932,4943,120,1
37933,1748,172,1
37934,17194,31,4
37935,6760,206,4
37936,17650,482,2
37937,6680,288,1
37938,4567,443,2
37939,82,201,3
37940,16711,22,3
37941,17717,99,3
37942,4375,330,2
37943,2507,329,1
37944,5980,395,1
37945,17177,234,3
37946,4646,434,3
37947,1706,339,3
37948,19631,126,2
37949,12180,413,3
37950,6480,205,3
37951,14724,464,2
37952,1102,66,2
37953,19757,126,2
37954,17478,228,1
37955,13506,39,4
37956,4873,445,3
37957,14512,101,3
37958,17770,212,3
37959,15596,16,4
37960,13964,489,3
37961,19042,81,2
37962,365,260,2
37963,5114,315,4
37964,14970,219,2
37965,17160,368,3
37966,12423,69,4
37967,4534,481,3
37968,16940,460,4
37969,17807,144,1
37970,1223,314,2
37971,15851,264,4
37972,4204,103,1
37973,9463,317,1
37974,11249,298,4
37975,3142,341,3
37976,16874,271,2
37977,18994,40,4
37978,372,341,1
37979,18317,182,1
37980,14606,186,2
37981,11552,110,1
37982,13042,259,4
37983,14491,375,3
37984,15886,115,3
37985,6438,494,3
37986,4782,143,1
37987,8327,319,3
37988,13051,6,1
37989,3887,145,2
37990,18198,77,1
37991,17369,181,4
37992,10899,81,3
37993,4285,329,1
37994,877,8,2
37995,16182,410,1
37996,2614,33,2
37997,4970,69,2
37998,8951,331,3
37999,2987,148,4
38000,11576,116,2
38001,15958,162,2
38002,5674,5,3
38003,11306,439,1
38004,2248,65,2
38005,19193,29,3
38006,1615,3,1
38007,18190,485,2
38008,17147,284,3
38009,15751,452,4
38010,19838,172,4
38011,3990,351,1
38012,1898,141,3
38013,15780,46,3
38014,1195,388,2
38015,16492,386,2
38016,62,371,4
38017,14532,28,4
38018,389,298,2
38019,15570,36,2
38020,15862,196,2
38021,13647,278,3
38022,9999,382,1
38023,1937,87,2
38024,9169,235,1
38025,874,394,1
38026,2569,59,3
38027,15975,311,2
38028,12107,324,4
38029,12510,450,2
38030,919,270,2
38031,13237,339,4
38032,15592,216,2
38033,3456,277,2
38034,17747,45,3
38035,13716,157,3
38036,1867,350,1
38037,206,157,3
38038,8424,406,1
38039,18198,479,2
38040,11372,461,4
38041,5151,483,2
38042,6736,171,1
38043,7146,302,2
38044,916,139,4
38045,14215,176,1
38046,1743,124,4
38047,1582,90,1
38048,1788,482,3
38049,8824,6,1
38050,12288,389,4
38051,5507,154,1
38052,12313,420,4
38053,314,202,4
38054,3952,150,2
38055,15158,50,4
38056,5126,138,4
38057,9269,42,2
38058,1369,68,1
38059,2836,223,4
38060,4203,156,2
38061,13339,4,1
38062,12387,168,1
38063,16633,23,2
38064,17674,489,2
38065,2775,288,3
38066,12913,77,1
38067,15645,29,2
38068,17734,75,3
38069,14777,191,2
38070,756,327,2
38071,14628,7,3
38072,3395,193,3
38073,234,156,3
38074,1819,259,1
38075,8408,6,1
38076,3110,137,3
38077,5739,393,2
38078,9010,336,4
38079,10206,246,3
38080,4223,233,1
38081,794,463,3
38082,5372,135,1
38083,17981,329,1
38084,4339,319,1
38085,5509,89,3
38086,2734,465,1
38087,18525,373,4
38088,14067,382,1
38089,10679,406,3
38090,12228,244,3
38091,1613,133,3
38092,15904,3,3
38093,789,422,1
38094,16793,330,3
38095,15284,51,2
38096,14031,301,1
38097,12754,294,3
38098,11695,234,1
38099,8328,215,2
38100,3418,351,3
38101,10328,253,4
38102,8390,373,4
38103,8826,32,1
38104,15502,157,2
38105,400,85,4
38106,8007,77,2
38107,12259,361,2
38108,12403,169,1
38109,259,129,4
38110,2778,441,1
38111,11600,22,3
38112,16937,4,3
38113,6165,86,3
38114,19727,5,4
38115,11031,41,4
38116,17594,83,1
38117,15808,276,1
38118,4033,294,1
38119,8254,351,2
38120,9577,212,3
38121,12330,436,1
38122,17987,321,3
38123,7816,459,4
38124,13715,11,4
38125,10211,71,1
38126,19344,287,3
38127,3679,71,3
38128,7893,173,3
38129,4307,49,4
38130,14885,307,3
38131,8947,108,2
38132,11236,495,2
38133,19612,91,1
38134,5076,411,1
38135,17646,221,2
38136,11535,24,4
38137,17198,205,2
38138,3291,484,2
38139,18379,167,4
38140,2647,430,1
38141,245,210,1
38142,822,494,3
38143,11522,333,2
38144,14470,284,2
38145,2039,380,1
38146,8631,80,4
38147,17749,197,1
38148,3343,43,1
38149,1617,384,2
38150,10083,160,2
38151,15681,329,4
38152,5131,353,1
38153,16955,411,1
38154,9360,372,1
38155,1742,272,4
38156,18978,386,4
38157,5697,96,4
38158,11961,69,2
38159,18571,487,1
38160,1229,87,3
38161,9883,86,4
38162,10144,401,2
38163,17984,299,2
38164,7473,56,3
38165,12551,381,4
38166,4111,313,2
38167,4329,159,1
38168,15812,372,4
38169,19201,203,3
38170,8562,489,4
38171,4336,408,4
38172,18184,373,2
38173,7412,59,3
38174,19430,320,4
38175,12149,350,3
38176,3234,322,4
38177,11840,333,3
38178,18335,60,3
38179,18634,451,3
38180,1611,128,1
38181,17942,166,2
38182,12074,276,4
38183,10204,81,4
38184,9949,119,4
38185,8463,453,2
38186,16702,92,1
38187,17480,38,3
38188,8530,422,4
38189,87,138,3
38190,15025,295,3
38191,17061,321,1
38192,16609,424,2
38193,9077,111,3
38194,11548,419,2
38195,12686,348,2
38196,15062,482,4
38197,12844,110,1
38198,2290,266,1
38199,2878,462,1
38200,9640,235,3
38201,8927,499,4
38202,4950,338,4
38203,3728,491,1
38204,2726,280,3
38205,19677,475,2
38206,11578,317,4
38207,14706,424,3
38208,19354,376,3
38209,6411,26,4
38210,11736,496,1
38211,3088,458,2
38212,11877,455,1
38213,14039,282,2
38214,2005,186,1
38215,11276,262,2
38216,1196,95,2
38217,1290,493,2
38218,8032,432,2
38219,5516,239,1
38220,3285,10,1
38221,4186,312,3
38222,12630,322,4
38223,2976,358,1
38224,13596,266,4
38225,4561,229,4
38226,13609,100,2
38227,8615,262,4
38228,2549,258,2
38229,15163,248,2
38230,12562,384,3
38231,5104,67,1
38232,6173,8,1
38233,17181,83,3
38234,19264,292,3
38235,19926,47,4
38236,5339,76,1
38237,6621,205,1
38238,10965,239,1
38239,9044,493,1
38240,4091,175,3
38241,15261,208,4
38242,11140,245,1
38243,18987,316,1
38244,19588,248,3
38245,7242,336,3
38246,3977,482,4
38247,4190,23,4
38248,8816,10,1
38249,13605,139,4
38250,777,370,1
38251,7738,469,1
38252,295,208,2
38253,1989,322,1
38254,7013,299,2
38255,3704,464,3
38256,8596,221,3
38257,12140,190,3
38258,16227,130,1
38259,1652,371,1
38260,18523,405,2
38261,9760,97,3
38262,18205,429,4
38263,5744,326,4
38264,2329,462,3
38265,19735,423,2
38266,4635,184,3
38267,4708,12,2
38268,13151,25,2
38269,467,354,1
38270,18043,186,1
38271,14124,56,3
38272,7890,466,2
38273,19370,122,2
38274,11847,341,1
38275,4470,317,2
38276,7235,294,3
38277,16646,224,3
38278,6665,275,1
38279,18623,44,3
38280,13480,142,1
38281,10290,73,2
38282,605,55,2
38283,13389,373,1
38284,4345,437,4
38285,18393,53,2
38286,3686,332,1
38287,18811,105,3
38288,11558,471,3
38289,6443,111,1
38290,5300,316,4
38291,2625,481,2
38292,610,70,4
38293,16312,445,4
38294,12315,115,2
38295,14619,149,2
38296,1795,450,2
38297,7100,51,2
38298,8693,347,3
38299,2392,429,4
38300,19115,226,1
38301,8990,304,1
38302,14090,202,2
38303,15287,207,1
38304,10002,363,3
38305,13522,450,2
38306,16093,144,3
38307,11731,273,1
38308,19727,42,3
38309,14623,408,3
38310,15024,437,3
38311,19838,397,2
38312,15970,434,1
38313,13562,33,3
38314,11108,146,3
38315,1753,278,3
38316,2111,483,2
38317,17606,83,4
38318,643,5,2
38319,9395,362,4
38320,17211,463,1
38321,16550,486,1
38322,5002,466,2
38323,14895,53,1
38324,19269,372,1
38325,503,316,2
38326,6254,320,4
38327,5050,217,4
38328,10452,175,1
38329,1447,321,2
38330,12466,251,4
38331,18667,40,3
38332,16777,26,3
38333,10599,162,3
38334,17054,470,1
38335,16424,289,3
38336,10009,407,2
38337,5748,4,3
38338,6669,268,3
38339,19970,73,1
38340,19555,334,4
38341,16344,181,1
38342,12027,21,2
38343,1392,378,1
38344,19132,118,1
38345,13340,401,4
38346,9761,404,3
38347,17151,273,1
38348,16477,395,4
38349,985,360,4
38350,786,267,3
38351,6918,131,2
38352,13293,43,3
38353,8853,369,1
38354,17356,256,1
38355,11148,25,2
38356,18077,420,2
38357,11596,54,1
38358,9854,339,1
38359,17435,42,2
38360,5675,223,2
38361,17075,307,1
38362,18523,43,2
38363,10062,480,3
38364,19776,412,4
38365,17338,336,2
38366,19785,175,1
38367,7190,89,4
38368,16745,99,2
38369,3492,401,1
38370,9085,425,3
38371,10968,414,1
38372,15382,76,3
38373,15223,224,3
38374,10315,349,3
38375,19987,256,3
38376,18429,74,3
38377,8098,164,2
38378,6290,325,1
38379,13334,232,1
38380,1576,429,3
38381,18768,280,1
38382,6476,217,2
38383,15929,107,2
38384,18571,434,3
38385,15911,137,4
38386,17036,153,2
38387,5557,177,2
38388,19284,277,3
38389,14738,246,2
38390,15718,156,2
38391,18968,67,2
38392,3936,337,4
38393,9438,355,1
38394,12236,161,4
38395,19070,415,4
38396,9391,3,1
38397,5371,456,1
38398,9223,275,1
38399,17360,49,1
38400,13920,420,2
38401,11590,98,4
38402,9815,257,2
38403,12838,222,3
38404,11660,290,2
38405,16031,16,3
38406,18424,130,1
38407,8573,43,4
38408,2667,490,3
38409,1837,451,4
38410,10080,423,2
38411,17948,181,1
38412,17769,387,4
38413,6440,169,3
38414,9203,470,2
38415,4520,422,4
38416,16504,147,4
38417,233,17,3
38418,3726,54,4
38419,2471,258,2
38420,13820,8,2
38421,12059,400,2
38422,14381,229,3
38423,4689,3,4
38424,1458,227,1
38425,19791,322,1
38426,233,114,2
38427,6313,120,4
38428,6767,393,4
38429,19312,221,2
38430,11081,302,3
38431,131,134,4
38432,13907,27,2
38433,15723,155,4
38434,10254,307,1
38435,19505,67,3
38436,4711,316,4
38437,6862,211,2
38438,6922,234,2
38439,2462,239,4
38440,13842,43,2
38441,4417,417,2
38442,3116,310,3
38443,6136,34,2
38444,9088,391,2
38445,17289,324,3
38446,14753,290,1
38447,6962,257,4
38448,14036,457,2
38449,13835,43,1
38450,13631,281,3
38451,6211,238,1
38452,12745,381,1
38453,10615,292,2
38454,12045,389,3
38455,1981,92,2
38456,12563,153,4
38457,2405,344,4
38458,6445,221,3
38459,4234,317,1
38460,6016,395,3
38461,2005,495,3
38462,3944,247,4
38463,13316,218,2
38464,14093,500,2
38465,13161,445,2
38466,9391,357,1
38467,5465,249,2
38468,19862,52,1
38469,16243,361,2
38470,4410,426,2
38471,15695,146,4
38472,323,67,2
38473,19196,348,4
38474,19336,248,2
38475,9504,233,2
38476,16553,435,1
38477,16024,177,2
38478,10608,398,2
38479,14859,170,1
38480,2403,186,3
38481,2374,4,3
38482,733,266,4
38483,15488,482,1
38484,3784,299,3
38485,11802,126,2
38486,5173,124,4
38487,18248,205,2
38488,13928,337,2
38489,4770,327,1
38490,14353,75,3
38491,8326,250,3
38492,19090,241,2
38493,4679,281,3
38494,10290,122,4
38495,17783,56,1
38496,13493,464,2
38497,14994,164,1
38498,8782,175,1
38499,15632,310,4
38500,10977,495,2
38501,12069,198,4
38502,12179,380,1
38503,14841,229,1
38504,4491,104,4
38505,2280,312,2
38506,9775,24,2
38507,9489,263,2
38508,10871,202,1
38509,7335,288,1
38510,5890,5,4
38511,17972,437,2
38512,14880,155,4
38513,6032,75,4
38514,15569,76,2
38515,15001,163,2
38516,14508,322,4
38517,4621,354,2
38518,18942,375,4
38519,10875,493,3
38520,45,362,3
38521,17245,349,3
38522,2226,66,2
38523,10050,469,1
38524,17531,279,3
38525,7613,103,2
38526,7125,451,3
38527,5645,346,2
38528,18328,224,3
38529,13027,191,4
38530,7561,486,1
38531,12900,284,2
38532,18277,260,1
38533,19904,317,4
38534,2655,118,1
38535,13198,43,1
38536,7854,42,2
38537,1713,379,2
38538,12809,441,2
38539,14944,246,1
38540,777,276,1
38541,15616,266,1
38542,10811,41,4
38543,6685,9,1
38544,17676,123,1
38545,1929,252,3
38546,18314,333,2
38547,1524,492,3
38548,14049,487,4
38549,9076,47,3
38550,1622,419,3
38551,15407,267,2
38552,6196,159,2
38553,190,202,2
38554,16338,380,4
38555,19596,153,4
38556,7078,478,2
38557,10027,410,1
38558,12836,133,3
38559,19569,174,4
38560,2166,85,1
38561,16575,206,4
38562,1836,47,1
38563,16850,19,1
38564,18314,443,2
38565,14286,500,2
38566,2554,391,4
38567,6593,458,2
38568,19991,123,3
38569,109,486,1
38570,15188,259,4
38571,9869,340,3
38572,11921,136,4
38573,18330,93,3
38574,13315,323,2
38575,11242,293,3
38576,3048,50,1
38577,3941,368,1
38578,8187,185,4
38579,12589,85,2
38580,1178,21,2
38581,13574,137,3
38582,2102,426,1
38583,2176,115,2
38584,18938,229,1
38585,8095,383,2
38586,15154,259,1
38587,11209,343,4
38588,15475,463,1
38589,2200,280,1
38590,12583,206,1
38591,17502,444,3
38592,8510,223,3
38593,10548,97,2
38594,13666,264,4
38595,14694,213,1
38596,18695,34,3
38597,8150,464,4
38598,16473,103,1
38599,14364,348,1
38600,14939,453,4
38601,17469,68,1
38602,5078,499,1
38603,19409,168,4
38604,13079,81,2
38605,17153,415,4
38606,18473,491,4
38607,2135,367,4
38608,19974,262,2
38609,17124,447,2
38610,7248,71,1
38611,14462,392,2
38612,13681,238,1
38613,4078,229,3
38614,4756,31,2
38615,8270,176,1
38616,11687,475,1
38617,1421,369,4
38618,8258,125,4
38619,13678,17,2
38620,11395,36,2
38621,12911,420,3
38622,11651,38,1
38623,14903,98,1
38624,3454,107,3
38625,14160,349,2
38626,13999,84,4
38627,2639,470,2
38628,18562,272,3
38629,17324,350,4
38630,19113,486,3
38631,12371,476,3
38632,5162,46,1
38633,11524,37,1
38634,9820,394,4
38635,18329,141,2
38636,6733,223,2
38637,10997,240,4
38638,19899,489,4
38639,14824,228,1
38640,6723,221,4
38641,14071,230,2
38642,18196,431,3
38643,12232,402,2
38644,14538,477,3
38645,14201,404,1
38646,5607,47,1
38647,10762,76,4
38648,7721,206,3
38649,10962,297,1
38650,18130,188,4
38651,11421,211,4
38652,16741,325,3
38653,10796,315,2
38654,1290,104,4
38655,4639,452,2
38656,16461,336,3
38657,616,365,1
38658,16501,499,2
38659,13893,135,4
38660,2416,412,4
38661,11079,114,2
38662,17606,335,3
38663,3987,383,3
38664,7749,26,2
38665,14879,132,1
38666,13713,245,2
38667,19982,267,1
38668,13832,409,1
38669,19825,471,1
38670,8753,410,1
38671,19075,437,4
38672,6260,26,4
38673,15368,445,1
38674,8007,446,3
38675,19125,311,2
38676,9794,468,4
38677,6771,301,2
38678,1281,448,2
38679,803,66,3
38680,7789,105,4
38681,2998,292,1
38682,14555,241,1
38683,15473,495,4
38684,1105,493,3
38685,15461,467,3
38686,16503,275,2
38687,11060,342,1
38688,4351,126,2
38689,14931,208,3
38690,17300,272,4
38691,7527,73,3
38692,7331,389,2
38693,10324,14,1
38694,1690,156,1
38695,7818,259,1
38696,16021,159,1
38697,394,44,2
38698,16140,200,4
38699,17964,414,3
38700,4523,310,3
38701,3878,76,2
38702,9063,486,2
38703,13151,375,1
38704,15961,367,3
38705,13468,244,4
38706,16036,243,4
38707,10546,29,4
38708,3635,159,2
38709,10735,7,2
38710,14880,242,1
38711,12736,452,1
38712,709,201,4
38713,9265,10,3
38714,14027,259,4
38715,14330,371,1
38716,17990,354,3
38717,4718,44,3
38718,17894,199,2
38719,4506,398,2
38720,3963,177,4
38721,2007,297,3
38722,12323,189,2
38723,14913,446,1
38724,3423,80,2
38725,10581,56,1
38726,9184,458,1
38727,6512,272,1
38728,6388,168,2
38729,17245,235,1
38730,12366,333,4
38731,304,191,4
38732,14115,337,3
38733,14189,232,3
38734,14737,481,2
38735,5493,275,2
38736,1753,462,1
38737,19493,40,2
38738,12573,305,3
38739,18810,351,1
38740,1315,414,4
38741,999,89,3
38742,15773,39,3
38743,872,354,4
38744,17075,333,2
38745,2409,150,3
38746,2088,288,1
38747,16404,37,1
38748,7607,154,4
38749,3795,32,3
38750,16938,11,2
38751,15150,366,2
38752,16565,338,2
38753,13662,437,2
38754,9249,125,4
38755,1183,252,3
38756,10809,397,4
38757,14720,459,2
38758,13155,175,2
38759,15030,486,4
38760,13862,90,2
38761,13631,56,2
38762,10534,99,2
38763,7266,308,2
38764,1283,195,2
38765,1673,459,2
38766,1080,69,3
38767,4837,228,4
38768,8364,160,2
38769,4252,236,2
38770,4508,269,4
38771,10235,282,1
38772,15141,227,4
38773,5190,230,4
38774,4528,351,2
38775,7133,318,1
38776,15778,462,4
38777,7328,33,1
38778,19777,487,1
38779,9208,246,3
38780,10667,152,4
38781,8532,432,3
38782,6368,176,2
38783,5630,355,1
38784,12781,308,4
38785,12924,479,1
38786,16708,41,3
38787,16865,333,4
38788,3788,296,1
38789,4643,384,4
38790,7635,274,1
38791,3846,27,4
38792,10095,489,1
38793,16507,283,1
38794,454,482,3
38795,12586,273,2
38796,16751,186,2
38797,1583,149,4
38798,9880,92,3
38799,15886,433,4
38800,1929,93,3
38801,18123,217,2
38802,4883,260,1
38803,19862,18,3
38804,10030,323,1
38805,11163,429,1
38806,18536,201,1
38807,10352,317,3
38808,18654,270,2
38809,13215,258,1
38810,2375,212,3
38811,3856,272,4
38812,3768,91,4
38813,7020,181,2
38814,5442,419,4
38815,19422,138,1
38816,3554,162,1
38817,7368,153,4
38818,8936,90,4
38819,13191,123,2
38820,11519,155,3
38821,9055,198,3
38822,6576,326,3
38823,8921,291,3
38824,19936,287,1
38825,13383,170,2
38826,11189,19,2
38827,12803,314,4
38828,13059,402,4
38829,9310,175,3
38830,2443,194,2
38831,3888,426,4
38832,14563,317,1
38833,16642,471,4
38834,4408,24,2
38835,15468,472,4
38836,1663,243,3
38837,4264,58,3
38838,13538,369,1
38839,10467,362,2
38840,15020,228,2
38841,6018,266,4
38842,13053,389,4
38843,1027,24,2
38844,3446,201,3
38845,12697,270,1
38846,1342,486,4
38847,8634,34,3
38848,1877,296,3
38849,1508,356,4
38850,2824,160,2
38851,2953,234,4
38852,9299,42,1
38853,19233,386,3
38854,14382,291,3
38855,8402,43,2
38856,87,19,4
38857,8020,271,4
38858,2978,269,4
38859,9641,20,3
38860,13429,10,1
38861,12322,87,3
38862,19932,185,2
38863,1029,39,2
38864,17042,149,2
38865,10133,116,2
38866,9693,45,1
38867,1017,355,3
38868,4848,458,3
38869,1133,492,1
38870,6809,473,2
38871,12289,247,4
38872,15760,270,1
38873,13507,302,2
38874,11891,297,1
38875,12012,126,3
38876,4063,431,3
38877,1350,28,2
38878,18904,1,4
38879,18247,29,4
38880,15297,353,2
38881,2761,171,3
38882,7010,378,3
38883,9036,128,2
38884,12657,435,2
38885,5313,368,4
38886,7270,183,2
38887,15487,360,2
38888,2938,128,3
38889,2188,195,2
38890,15624,488,2
38891,7053,490,1
38892,7139,497,1
38893,3073,169,4
38894,3570,142,2
38895,7707,477,3
38896,5985,224,1
38897,12556,360,3
38898,9640,467,1
38899,14908,119,1
38900,6171,199,1
38901,19436,115,3
38902,8997,167,1
38903,9219,311,2
38904,12995,378,1
38905,18019,373,4
38906,12193,92,3
38907,19547,289,1
38908,17433,498,4
38909,1150,137,2
38910,17806,432,1
38911,6624,354,3
38912,9312,474,3
38913,3092,273,2
38914,14309,31,2
38915,16115,242,2
38916,17475,143,4
38917,12204,146,4
38918,12183,8,4
38919,9159,315,4
38920,6346,14,4
38921,4738,9,4
38922,8202,261,3
38923,7245,337,4
38924,3401,207,3
38925,9517,289,2
38926,14098,289,3
38927,1168,445,4
38928,19531,275,1
38929,1618,270,3
38930,13952,327,2
38931,5754,380,3
38932,7334,429,4
38933,238,269,1
38934,6626,211,1
38935,3158,152,3
38936,1038,220,1
38937,6633,438,4
38938,13936,252,2
38939,2190,139,1
38940,8609,329,1
38941,15485,291,2
38942,7327,265,2
38943,11612,497,2
38944,18699,367,2
38945,1190,369,3
38946,12712,435,2
38947,5260,487,2
38948,4034,215,4
38949,3675,22,4
38950,14957,248,4
38951,18033,321,4
38952,579,103,2
38953,2916,35,1
38954,8984,186,3
38955,710,146,3
38956,16416,484,2
38957,19400,212,4
38958,11615,440,2
38959,17925,246,2
38960,17451,175,4
38961,17280,5,4
38962,3087,338,4
38963,6129,228,3
38964,18612,317,2
38965,9954,195,4
38966,17637,495,4
38967,5777,333,2
38968,15054,281,2
38969,4028,228,2
38970,14988,71,2
38971,10717,151,1
38972,12290,395,4
38973,19643,264,4
38974,15448,33,1
38975,19769,277,3
38976,18100,478,1
38977,977,165,2
38978,13341,500,2
38979,1370,246,2
38980,10725,50,3
38981,2597,427,4
38982,10303,254,2
38983,8711,126,1
38984,4188,350,1
38985,17086,323,2
38986,17927,119,1
38987,14198,84,1
38988,17201,22,3
38989,3817,262,4
38990,8215,7,2
38991,18124,29,2
38992,19930,435,1
38993,602,335,1
38994,5116,51,1
38995,15329,165,2
38996,8775,314,4
38997,19817,423,1
38998,13863,270,2
38999,688,55,2
39000,13267,128,4
39001,7636,285,3
39002,9743,7,3
39003,11682,294,2
39004,2281,40,2
39005,8684,67,1
39006,3722,497,2
39007,7383,257,1
39008,2310,400,3
39009,7691,74,2
39010,6790,349,4
39011,10505,417,4
39012,472,441,2
39013,17765,264,2
39014,18075,403,4
39015,9906,364,2
39016,17792,423,4
39017,6603,373,3
39018,11851,260,2
39019,2691,102,1
39020,3716,203,2
39021,3748,182,3
39022,19306,106,2
39023,19615,438,1
39024,15984,422,3
39025,10441,293,2
39026,17463,196,1
39027,587,65,4
39028,17984,226,1
39029,16051,68,1
39030,19076,454,4
39031,2285,122,3
39032,11931,351,2
39033,19055,121,2
39034,993,337,1
39035,2934,140,2
39036,4889,75,1
39037,16658,69,1
39038,1359,296,4
39039,13398,187,2
39040,12805,1,2
39041,4496,65,1
39042,11037,428,4
39043,13626,297,2
39044,11626,8,3
39045,12836,451,4
39046,9058,49,3
39047,14256,424,4
39048,10537,169,1
39049,3920,16,2
39050,5811,248,2
39051,10941,301,3
39052,18451,426,3
39053,5446,332,1
39054,13190,276,3
39055,18970,434,3
39056,12219,233,4
39057,10669,322,4
39058,18798,214,3
39059,17582,79,4
39060,13918,244,3
39061,15684,114,2
39062,16367,63,3
39063,8742,68,4
39064,8629,359,4
39065,11187,298,3
39066,14091,16,4
39067,4223,306,3
39068,3897,411,1
39069,55,143,4
39070,9018,360,2
39071,16472,87,3
39072,9757,60,3
39073,8230,55,2
39074,17251,192,1
39075,18616,5,3
39076,11156,107,1
39077,12040,413,2
39078,15185,263,3
39079,951,99,1
39080,13197,168,1
39081,7975,410,1
39082,576,170,2
39083,8796,218,4
39084,14713,39,2
39085,6125,151,2
39086,5294,187,2
39087,3374,123,1
39088,16719,306,2
39089,12549,209,4
39090,378,285,4
39091,8187,225,4
39092,3402,456,2
39093,4502,43,2
39094,11550,263,3
39095,4716,78,1
39096,19893,497,1
39097,17879,475,4
39098,10113,422,3
39099,14714,102,3
39100,19880,5,4
39101,8309,202,1
39102,5701,324,4
39103,19699,444,4
39104,16616,212,4
39105,9396,165,1
39106,3402,81,4
39107,11298,386,4
39108,7815,350,3
39109,6656,85,2
39110,19442,365,1
39111,14201,348,1
39112,3539,13,3
39113,14433,356,2
39114,16204,239,3
39115,15655,488,3
39116,9008,144,4
39117,8136,289,3
39118,2263,324,2
39119,6484,430,2
39120,1384,106,2
39121,7974,366,3
39122,10125,60,4
39123,13823,36,3
39124,6750,339,4
39125,12626,250,3
39126,2228,109,1
39127,3610,126,4
39128,15380,40,3
39129,10085,286,2
39130,7235,371,2
39131,19140,288,3
39132,17227,455,2
39133,2022,445,4
39134,132,134,3
39135,13671,427,3
39136,13982,221,3
39137,2354,258,1
39138,2783,312,1
39139,9314,458,4
39140,2355,81,4
39141,2791,292,4
39142,19559,29,3
39143,9103,42,4
39144,10448,368,1
39145,2490,344,2
39146,1748,170,1
39147,5124,426,1
39148,16157,210,1
39149,16805,491,2
39150,9267,444,3
39151,18432,250,1
39152,11086,194,2
39153,4505,18,2
39154,18162,272,4
39155,5829,367,4
39156,16913,262,4
39157,13580,160,1
39158,12768,280,2
39159,17739,399,4
39160,18442,358,4
39161,6794,213,1
39162,19127,12,2
39163,15397,461,3
39164,5505,182,1
39165,743,476,2
39166,15659,483,2
39167,6015,463,2
39168,4493,187,4
39169,9471,78,4
39170,9696,201,1
39171,5481,48,2
39172,9090,163,3
39173,15314,266,3
39174,10467,314,3
39175,14563,159,2
39176,11303,77,1
39177,15857,318,1
39178,7674,321,3
39179,2118,29,2
39180,12986,463,4
39181,2578,317,1
39182,5974,128,1
39183,9509,424,1
39184,15109,377,3
39185,1883,222,1
39186,4825,228,4
39187,17109,33,3
39188,13932,318,3
39189,14959,162,1
39190,17997,169,1
39191,16241,201,2
39192,9907,242,3
39193,13701,73,1
39194,10386,54,4
39195,7255,410,3
39196,7894,346,4
39197,9854,360,1
39198,16564,491,3
39199,5496,302,1
39200,5031,242,2
39201,1171,298,4
39202,10182,412,2
39203,17775,246,4
39204,2910,285,4
39205,12031,172,4
39206,12024,11,4
39207,6183,34,2
39208,6976,332,2
39209,12028,260,3
39210,16753,316,1
39211,19737,126,3
39212,916,287,1
39213,13772,466,2
39214,17473,455,2
39215,18665,403,4
39216,11644,183,4
39217,8225,490,2
39218,18098,123,2
39219,7631,417,2
39220,11783,133,3
39221,7252,165,4
39222,1046,251,3
39223,1128,404,1
39224,7053,206,3
39225,4763,442,1
39226,12030,179,2
39227,11185,489,4
39228,7091,136,2
39229,16685,139,3
39230,18734,38,2
39231,15280,255,2
39232,2550,230,3
39233,10638,258,2
39234,4772,218,1
39235,5211,10,2
39236,18165,332,1
39237,11042,417,2
39238,9868,149,4
39239,10263,13,2
39240,11191,18,2
39241,9529,494,4
39242,7352,435,2
39243,15221,307,4
39244,2388,464,2
39245,13556,288,4
39246,16011,74,4
39247,7712,390,2
39248,19185,259,1
39249,10983,189,1
39250,5408,359,2
39251,5687,108,1
39252,7450,460,1
39253,7724,356,3
39254,1248,157,2
39255,19724,211,3
39256,9362,406,2
39257,1635,153,1
39258,10664,474,3
39259,1619,336,2
39260,9913,466,4
39261,567,158,3
39262,6660,104,2
39263,3336,66,2
39264,18347,499,4
39265,6805,223,3
39266,4020,79,3
39267,14323,430,1
39268,5216,219,2
39269,16503,109,4
39270,3074,222,4
39271,16073,320,3
39272,15778,201,1
39273,14714,453,1
39274,1180,98,4
39275,7144,381,1
39276,12238,343,1
39277,13648,329,1
39278,1904,498,3
39279,17553,347,1
39280,16200,485,3
39281,8328,72,3
39282,9771,37,1
39283,7752,120,2
39284,3865,454,4
39285,9253,317,1
39286,16833,94,3
39287,8450,334,4
39288,12727,206,3
39289,12684,168,2
39290,17583,302,4
39291,11022,145,3
39292,5184,406,1
39293,1380,218,1
39294,16026,39,2
39295,17249,358,1
39296,14372,74,4
39297,13439,406,4
39298,16115,9,2
39299,7282,244,4
39300,7924,132,3
39301,15180,9,1
39302,4593,106,1
39303,6080,215,2
39304,6811,392,3
39305,13348,196,2
39306,19245,352,4
39307,4859,86,2
39308,10829,94,1
39309,16703,356,2
39310,12999,113,4
39311,8859,210,1
39312,15318,158,1
39313,2259,481,2
39314,11947,391,1
39315,8936,26,2
39316,1113,66,2
39317,14903,212,4
39318,9197,402,3
39319,822,220,4
39320,16645,452,1
39321,11200,329,2
39322,13532,155,1
39323,5137,212,1
39324,10617,248,1
39325,2007,138,4
39326,1651,416,3
39327,14848,376,3
39328,16490,429,4
39329,6558,7,1
39330,293,50,3
39331,2154,445,3
39332,273,288,2
39333,9608,115,4
39334,7693,227,3
39335,10500,158,3
39336,12479,350,3
39337,7151,253,3
39338,9611,22,4
39339,13403,160,4
39340,4850,253,1
39341,17930,263,2
39342,6229,53,1
39343,17470,162,3
39344,1086,420,2
39345,19184,183,3
39346,18032,13,4
39347,19704,162,3
39348,10736,410,2
39349,3187,420,2
39350,7268,479,3
39351,11727,311,2
39352,3305,405,1
39353,7982,367,4
39354,2349,181,3
39355,8871,440,2
39356,5329,189,2
39357,9741,324,4
39358,3437,190,1
39359,7764,104,2
39360,8023,112,1
39361,4935,422,2
39362,12326,260,1
39363,17771,432,2
39364,670,464,2
39365,13194,343,1
39366,928,487,2
39367,4145,198,3
39368,16336,180,4
39369,12962,239,2
39370,7862,360,4
39371,12557,98,2
39372,7653,93,2
39373,14029,474,2
39374,18665,95,2
39375,16702,437,3
39376,11925,211,1
39377,19325,472,3
39378,1541,218,4
39379,19259,236,3
39380,12692,283,3
39381,3951,367,2
39382,5800,397,2
39383,3381,421,3
39384,8657,471,3
39385,774,66,4
39386,8504,460,2
39387,12159,93,4
39388,2054,180,4
39389,3050,370,2
39390,488,70,2
39391,11387,500,1
39392,13222,255,1
39393,2172,68,1
39394,13451,289,3
39395,1220,266,4
39396,17884,75,4
39397,9637,286,3
39398,3918,78,1
39399,8504,471,3
39400,5079,267,2
39401,11609,39,2
39402,1690,114,4
39403,12355,253,1
39404,9276,232,1
39405,19104,211,2
39406,17354,205,3
39407,15150,250,2
39408,425,488,3
39409,9116,412,2
39410,7043,251,4
39411,13101,177,4
39412,1435,140,3
39413,4428,300,2
39414,5004,239,2
39415,4844,274,2
39416,2769,48,2
39417,7429,473,2
39418,18515,280,1
39419,17426,347,4
39420,17363,98,2
39421,16777,16,4
39422,3259,399,3
39423,5727,199,3
39424,8468,149,4
39425,13586,494,1
39426,10673,271,2
39427,8352,75,3
39428,9917,408,4
39429,3253,37,4
39430,1220,96,3
39431,4279,431,3
39432,4936,161,4
39433,12287,31,1
39434,3676,308,1
39435,2270,157,1
39436,4250,154,3
39437,3882,45,2
39438,8352,301,4
39439,792,167,3
39440,7239,7,3
39441,18887,459,1
39442,2587,232,3
39443,19552,315,3
39444,1423,31,1
39445,6355,155,3
39446,19212,114,4
39447,1356,184,2
39448,12,96,3
39449,5322,449,2
39450,14879,127,3
39451,6346,475,2
39452,9818,254,1
39453,5400,444,4
39454,15870,114,2
39455,2034,213,2
39456,6910,447,2
39457,14387,407,2
39458,856,137,2
39459,3033,321,4
39460,3102,34,3
39461,6177,151,4
39462,15434,351,1
39463,13642,267,2
39464,15988,368,2
39465,13785,10,3
39466,5715,309,1
39467,7560,66,3
39468,10043,383,2
39469,9984,291,3
39470,10246,4,1
39471,10700,117,1
39472,5849,40,3
39473,6597,50,4
39474,19740,182,3
39475,16479,411,2
39476,7509,471,1
39477,8110,253,3
39478,18417,236,2
39479,4018,163,3
39480,6157,92,4
39481,3121,235,3
39482,14658,263,1
39483,4577,268,3
39484,17503,414,2
39485,3461,405,3
39486,15799,78,2
39487,16367,388,4
39488,9230,164,4
39489,3104,458,4
39490,13191,413,2
39491,1325,455,2
39492,18492,101,2
39493,1147,156,2
39494,10761,145,3
39495,9979,62,2
39496,5482,369,2
39497,14260,280,1
39498,1035,387,1
39499,759,121,2
39500,62,483,4
39501,11411,239,4
39502,18584,200,2
39503,13627,126,4
39504,3671,500,2
39505,10197,417,1
39506,12553,118,3
39507,8781,156,1
39508,17361,390,1
39509,9841,414,2
39510,7312,140,3
39511,3789,75,1
39512,6448,55,4
39513,1387,161,2
39514,7719,270,3
39515,7695,411,3
39516,4861,154,1
39517,5880,431,1
39518,17957,70,2
39519,17175,122,2
39520,4261,315,4
39521,4518,74,2
39522,7305,282,2
39523,13839,58,3
39524,11061,345,3
39525,16337,163,1
39526,17825,351,4
39527,5881,16,3
39528,3734,356,1
39529,19077,113,4
39530,10934,144,3
39531,13403,309,2
39532,5371,396,4
39533,19319,101,2
39534,17829,243,1
39535,17304,412,3
39536,16964,281,1
39537,3823,147,4
39538,5479,72,2
39539,16147,467,2
39540,8606,17,2
39541,6325,477,4
39542,11127,59,4
39543,16079,263,4
39544,2116,15,3
39545,7035,340,1
39546,9276,289,4
39547,695,55,4
39548,11408,264,3
39549,10260,464,3
39550,1222,198,2
39551,7585,496,4
39552,9542,214,1
39553,16791,140,3
39554,6104,413,4
39555,7823,230,1
39556,13460,5,3
39557,5687,394,3
39558,8222,186,3
39559,629,147,1
39560,9762,203,2
39561,13048,378,2
39562,19817,71,1
39563,19862,246,2
39564,14034,23,2
39565,8612,206,2
39566,3173,151,2
39567,12928,197,3
39568,13612,350,3
39569,11980,415,3
39570,9734,78,3
39571,16408,428,4
39572,5499,211,1
39573,17770,462,3
39574,1814,196,3
39575,9250,301,1
39576,11806,288,4
39577,9172,218,1
39578,14602,49,3
39579,19355,432,1
39580,18727,56,1
39581,13484,204,3
39582,16524,348,1
39583,17487,431,1
39584,12620,59,3
39585,19080,116,4
39586,10618,292,3
39587,6112,84,2
39588,18145,405,1
39589,13858,38,4
39590,6589,380,3
39591,5167,334,1
39592,19334,240,2
39593,10194,161,3
39594,17344,157,2
39595,16321,135,3
39596,18801,289,3
39597,1995,39,4
39598,19488,127,3
39599,10236,205,2
39600,4588,498,1
39601,6723,433,4
39602,18072,174,3
39603,18798,27,1
39604,17887,147,2
39605,9596,31,2
39606,12518,144,2
39607,15658,351,4
39608,17296,311,4
39609,10145,102,3
39610,11190,12,3
39611,14661,235,3
39612,16070,85,1
39613,14743,121,4
39614,14129,423,4
39615,15561,107,3
39616,4498,343,4
39617,16627,465,2
39618,19106,83,2
39619,4090,304,1
39620,1333,322,4
39621,12788,323,2
39622,6201,52,2
39623,5178,257,2
39624,1170,58,4
39625,1396,22,3
39626,15535,423,4
39627,13658,249,2
39628,16214,274,4
39629,8063,226,1
39630,14987,153,4
39631,12466,409,4
39632,14223,448,4
39633,11136,275,4
39634,5131,434,3
39635,17809,245,2
39636,10961,78,1
39637,4928,106,4
39638,14030,244,1
39639,1497,192,3
39640,1215,377,1
39641,12230,40,3
39642,4716,271,1
39643,94,316,3
39644,13802,100,2
39645,14941,196,3
39646,16848,409,2
39647,8677,243,1
39648,19967,75,1
39649,11685,410,3
39650,19036,225,1
39651,6642,143,4
39652,6356,121,2
39653,19688,201,3
39654,19433,82,1
39655,15078,349,4
39656,15665,464,2
39657,12034,300,1
39658,10887,148,2
39659,3393,7,3
39660,10296,309,4
39661,5036,130,2
39662,7872,417,1
39663,5120,112,2
39664,11255,460,2
39665,10454,24,3
39666,14069,120,4
39667,9446,365,3
39668,16574,440,4
39669,14779,367,2
39670,456,406,2
39671,18962,478,1
39672,6387,490,2
39673,11391,53,3
39674,18556,365,3
39675,18853,47,2
39676,767,293,3
39677,9830,281,2
39678,5285,429,2
39679,13418,93,2
39680,1576,297,3
39681,18127,2,3
39682,1998,173,3
39683,10110,226,3
39684,3300,269,3
39685,598,479,4
39686,7221,429,3
39687,16022,450,1
39688,6103,48,4
39689,9962,458,3
39690,6114,151,4
39691,11114,490,4
39692,13475,392,3
39693,17934,319,2
39694,5627,293,3
39695,5737,233,2
39696,9608,488,3
39697,2567,300,1
39698,3606,169,3
39699,18339,367,4
39700,4850,269,4
39701,11541,345,2
39702,16585,61,4
39703,14637,46,3
39704,12622,201,2
39705,2544,27,1
39706,10856,362,3
39707,5606,302,1
39708,550,202,3
39709,7038,250,3
39710,17738,149,3
39711,12792,31,3
39712,19756,364,1
39713,6394,214,1
39714,6798,198,3
39715,147,427,3
39716,16754,232,1
39717,10263,262,1
39718,1760,159,1
39719,13167,216,3
39720,18023,182,2
39721,9502,92,4
39722,12594,158,2
39723,3193,9,3
39724,13907,53,4
39725,5725,335,3
39726,5826,154,2
39727,14819,480,2
39728,10403,143,3
39729,19842,306,4
39730,18724,429,3
39731,8413,313,1
39732,19635,321,3
39733,7286,184,3
39734,13358,205,2
39735,14478,278,2
39736,8534,493,2
39737,5534,288,1
39738,9646,315,4
39739,15028,100,2
39740,15210,423,2
39741,3381,388,2
39742,4539,201,1
39743,5795,30,1
39744,15100,377,3
39745,2599,402,4
39746,15889,492,4
39747,3386,114,2
39748,9947,86,2
39749,685,470,1
39750,6494,351,3
39751,15154,271,4
39752,13758,145,3
39753,7006,101,4
39754,17380,221,2
39755,8838,214,2
39756,17723,244,2
39757,5498,316,3
39758,9826,58,4
39759,7434,201,1
39760,8164,178,3
39761,15333,340,4
39762,8161,400,2
39763,11199,407,1
39764,5249,406,3
39765,15777,155,3
39766,16390,129,3
39767,5367,25,4
39768,6251,347,3
39769,7316,69,2
39770,11763,12,4
39771,15419,314,3
39772,8818,350,1
39773,17981,437,3
39774,19431,62,1
39775,4511,64,3
39776,1864,318,2
39777,6458,414,1
39778,15112,38,2
39779,15186,301,4
39780,3155,125,1
39781,13000,370,2
39782,11002,353,3
39783,623,260,4
39784,2872,306,3
39785,12413,3,3
39786,9186,135,3
39787,7142,261,4
39788,17165,304,1
39789,19779,308,2
39790,2951,18,4
39791,14691,378,3
39792,5591,384,2
39793,13304,491,4
39794,14022,244,1
39795,18023,388,1
39796,17621,331,3
39797,4888,16,4
39798,14581,124,2
39799,7959,415,1
39800,15460,383,4
39801,5413,110,3
39802,5634,172,2
39803,13680,193,2
39804,3078,183,1
39805,655,36,2
39806,2321,60,4
39807,10189,204,1
39808,5553,55,1
39809,15120,381,1
39810,2015,12,1
39811,13991,289,1
39812,6785,153,4
39813,18713,20,4
39814,18588,116,3
39815,3229,265,2
39816,12789,127,4
39817,13222,59,4
39818,1987,123,3
39819,6096,26,3
39820,3458,187,4
39821,1586,250,2
39822,213,323,1
39823,4550,178,1
39824,12713,171,4
39825,514,201,1
39826,15662,53,4
39827,17441,237,1
39828,17942,181,4
39829,10404,93,2
39830,10234,19,2
39831,283,388,2
39832,10227,414,4
39833,8617,341,2
39834,17732,15,3
39835,11749,224,1
39836,10919,32,1
39837,16311,127,3
39838,8122,182,3
39839,14826,203,4
39840,2449,150,1
39841,14618,211,1
39842,10244,79,1
39843,6319,429,3
39844,13586,285,2
39845,12060,325,4
39846,10598,118,2
39847,6061,97,4
39848,12819,280,2
39849,18323,125,3
39850,11731,280,3
39851,3806,476,3
39852,327,9,2
39853,12879,297,2
39854,13804,184,1
39855,17243,410,2
39856,12669,274,2
39857,6947,84,1
39858,1348,325,2
39859,8301,32,2
39860,18725,339,1
39861,5683,78,4
39862,1983,247,4
39863,522,188,1
39864,11844,79,3
39865,18713,175,1
39866,19366,393,4
39867,8098,153,3
39868,14299,416,1
39869,11282,317,4
39870,16363,388,1
39871,11462,332,4
39872,18467,216,1
39873,13781,95,1
39874,14126,493,1
39875,13083,122,3
39876,3031,4,3
39877,1423,60,4
39878,10009,379,2
39879,18693,27,2
39880,17808,135,3
39881,8770,354,2
39882,18822,192,1
39883,7987,365,1
39884,568,293,2
39885,18369,309,1
39886,17630,220,2
39887,15369,333,3
39888,13247,143,2
39889,17269,403,1
39890,5794,298,4
39891,1791,312,2
39892,4692,132,4
39893,17320,440,2
39894,5778,174,3
39895,8218,59,1
39896,8872,141,1
39897,17767,167,1
39898,5351,239,1
39899,9830,11,4
39900,8817,399,2
39901,977,163,1
39902,13756,274,2
39903,2690,390,2
39904,848,300,2
39905,9127,217,3
39906,5849,326,2
39907,16656,472,1
39908,17997,399,3
39909,6788,351,1
39910,16552,389,4
39911,12752,446,3
39912,15088,20,4
39913,5660,35,3
39914,19866,315,4
39915,1864,189,2
39916,15479,130,3
39917,6986,284,3
39918,8808,264,2
39919,15509,317,4
39920,16503,293,4
39921,14802,329,1
39922,2907,55,2
39923,9366,443,4
39924,5588,430,4
39925,779,42,4
39926,14333,144,4
39927,13911,210,2
39928,19079,272,3
39929,11899,277,2
39930,958,9,2
39931,5528,423,1
39932,13637,350,1
39933,119,91,4
39934,14242,435,1
39935,7278,154,1
39936,13776,107,3
39937,18711,279,4
39938,271,282,1
39939,16328,48,2
39940,8918,409,4
39941,9901,184,2
39942,4676,148,1
39943,14494,250,1
39944,2797,169,2
39945,6039,269,3
39946,4751,332,4
39947,4288,144,2
39948,4804,33,3
39949,3771,21,2
39950,7887,488,3
39951,13716,176,2
39952,14772,111,4
39953,1061,251,2
39954,15910,247,1
39955,7751,40,3
39956,15367,440,4
39957,5409,39,4
39958,4747,128,1
39959,12987,425,4
39960,12045,6,1
39961,3845,193,1
39962,2193,236,3
39963,5098,303,2
39964,19778,463,3
39965,134,443,4
39966,11650,326,1
39967,7924,272,2
39968,9999,336,3
39969,19007,349,1
39970,4662,358,4
39971,3889,381,4
39972,4015,49,2
39973,12449,500,1
39974,15821,193,2
39975,8738,51,2
39976,13833,89,4
39977,7830,227,1
39978,2637,170,3
39979,14396,469,1
39980,4637,477,2
39981,5251,418,4
39982,1187,344,3
39983,3671,451,2
39984,11396,91,2
39985,11365,61,2
39986,14219,59,3
39987,7741,6,2
39988,12021,386,3
39989,13354,78,1
39990,4725,185,1
39991,13923,255,4
39992,2969,136,4
39993,4602,48,3
39994,7857,386,1
39995,14703,153,4
39996,18685,386,4
39997,2618,148,1
39998,10059,139,1
39999,3933,143,3
40000,11993,446,3
40001,14112,300,1
40002,7588,479,3
40003,7768,261,1
40004,782,243,2
40005,8938,408,1
40006,4164,64,3
40007,6292,105,2
40008,7336,377,4
40009,14971,478,4
40010,14435,165,2
40011,7380,372,1
40012,3053,490,3
40013,8890,222,3
40014,15809,318,2
40015,10494,213,1
40016,14075,21,4
40017,15906,144,2
40018,7082,357,3
40019,15061,106,4
40020,2358,390,2
40021,19057,329,4
40022,13763,113,2
40023,15110,437,2
40024,18154,303,3
40025,4945,372,4
40026,12021,79,3
40027,11836,62,1
40028,5967,174,3
40029,5785,404,1
40030,8853,21,3
40031,11698,100,4
40032,13004,272,2
40033,5326,84,1
40034,18267,456,2
40035,13370,292,3
40036,9903,425,2
40037,19992,92,4
40038,18100,186,3
40039,8050,131,1
40040,5164,277,2
40041,4076,120,4
40042,2322,395,2
40043,11783,492,4
40044,14909,495,3
40045,4284,58,2
40046,12302,88,3
40047,14505,293,2
40048,17486,45,3
40049,3118,363,1
40050,3972,95,2
40051,14831,145,1
40052,15574,183,1
40053,17767,285,3
40054,2501,196,2
40055,16985,262,1
40056,13140,164,2
40057,18992,58,3
40058,4726,211,1
40059,19142,37,1
40060,15955,36,1
40061,9036,218,3
40062,14595,475,1
40063,18371,124,2
40064,15507,426,3
40065,4969,156,1
40066,11865,468,1
40067,9785,387,3
40068,11930,374,4
40069,12346,42,3
40070,17531,471,3
40071,2232,194,4
40072,15017,466,4
40073,11688,457,4
40074,18468,50,2
40075,16694,462,4
40076,15126,14,4
40077,18176,92,1
40078,13636,398,1
40079,17038,85,4
40080,1264,193,1
40081,13499,305,1
40082,16955,227,2
40083,11710,368,2
40084,829,216,3
40085,12583,271,3
40086,16342,111,4
40087,13248,329,3
40088,14575,433,4
40089,7687,189,1
40090,17535,437,3
40091,11098,284,1
40092,14948,240,2
40093,1109,450,2
40094,17388,493,2
40095,19017,404,1
40096,14264,451,2
40097,18090,466,3
40098,17358,30,3
40099,11685,112,3
40100,12409,89,2
40101,16702,73,1
40102,16436,145,1
40103,2660,85,3
40104,15155,435,3
40105,4547,108,2
40106,3914,373,2
40107,14190,172,3
40108,4104,13,4
40109,4132,455,4
40110,7091,78,1
40111,8230,87,3
40112,13578,79,3
40113,6079,180,3
40114,3647,197,1
40115,14047,468,2
40116,408,68,1
40117,16525,69,2
40118,12470,182,4
40119,9024,80,3
40120,6065,4,4
40121,14397,396,4
40122,18016,100,4
40123,19446,408,3
40124,2010,261,3
40125,8605,349,2
40126,905,441,3
40127,6741,313,3
40128,8611,212,3
40129,8550,44,2
40130,19035,231,2
40131,18317,149,2
40132,863,14,3
40133,8573,85,4
40134,13018,389,1
40135,19365,380,2
40136,15482,113,4
40137,12423,188,4
40138,2721,152,3
40139,4893,398,1
40140,14115,303,1
40141,3120,228,3
40142,19207,316,2
40143,1216,430,2
40144,7140,397,4
40145,6417,413,2
40146,694,331,3
40147,19531,407,2
40148,16988,3,4
40149,17234,317,4
40150,6321,416,4
40151,12210,433,3
40152,1502,103,1
40153,17647,159,3
40154,16791,339,3
40155,15156,494,4
40156,5856,235,3
40157,18480,42,1
40158,18154,367,1
40159,8225,138,2
40160,16442,365,2
40161,11596,95,2
40162,5818,155,4
40163,8471,315,4
40164,7083,15,3
40165,17817,109,1
40166,12235,215,1
40167,15043,306,1
40168,15812,379,4
40169,4278,434,4
40170,5613,292,4
40171,13751,248,1
40172,7861,39,4
40173,3538,250,2
40174,12041,463,2
40175,16056,223,2
40176,1012,245,2
40177,14236,374,2
40178,3206,270,3
40179,4089,464,3
40180,19486,48,4
40181,9419,193,4
40182,1664,432,3
40183,11897,245,1
40184,7333,487,1
40185,8437,263,4
40186,6873,451,4
40187,14893,476,2
40188,11761,232,4
40189,19823,288,1
40190,9681,138,2
40191,16126,361,2
40192,13862,210,3
40193,6153,432,4
40194,2145,423,2
40195,18172,425,2
40196,18602,296,4
40197,5078,182,2
40198,18669,301,1
40199,19808,150,1
40200,3762,275,1
40201,11912,228,2
40202,6854,127,1
40203,12154,359,2
40204,2252,58,1
40205,9127,485,2
40206,11744,410,3
40207,12703,285,3
40208,947,120,2
40209,7205,298,4
40210,2166,75,3
40211,16216,363,4
40212,3744,344,1
40213,14455,425,1
40214,7530,408,2
40215,93,103,1
40216,428,341,1
40217,8547,178,3
40218,9671,11,3
40219,17590,287,2
40220,16218,65,4
40221,9058,271,3
40222,16361,111,4
40223,15216,16,3
40224,12674,426,4
40225,10781,473,2
40226,11575,123,1
40227,10794,477,1
40228,13320,86,4
40229,18278,275,3
40230,2091,106,2
40231,16530,105,2
40232,19742,166,3
40233,7329,12,4
40234,15386,129,3
40235,9618,121,2
40236,18440,151,4
40237,18702,248,2
40238,1694,66,3
40239,12262,93,1
40240,8111,79,2
40241,14451,158,4
40242,2197,247,2
40243,17953,84,3
40244,17155,350,4
40245,1287,115,4
40246,19884,437,3
40247,8704,397,2
40248,6448,305,3
40249,13381,345,3
40250,15743,189,1
40251,13505,33,2
40252,4469,319,2
40253,19640,110,2
40254,2878,384,4
40255,9141,491,4
40256,12040,484,2
40257,1802,205,3
40258,9028,416,1
40259,13966,276,4
40260,9345,321,2
40261,1081,212,3
40262,15963,143,2
40263,8876,137,2
40264,8924,11,1
40265,9868,81,4
40266,7487,310,2
40267,10874,445,1
40268,7970,344,2
40269,13034,18,2
40270,18564,355,3
40271,6143,335,2
40272,2749,320,1
40273,3859,318,3
40274,6586,149,2
40275,11115,195,4
40276,11291,353,1
40277,18715,379,2
40278,468,343,2
40279,7459,499,4
40280,9532,251,3
40281,7550,207,4
40282,4538,291,4
40283,15609,237,2
40284,15926,349,2
40285,7942,239,2
40286,11965,71,2
40287,7717,420,2
40288,11491,224,2
40289,1946,110,4
40290,6641,420,3
40291,18896,413,1
40292,17246,462,2
40293,5548,451,1
40294,18753,480,2
40295,19954,257,2
40296,11837,153,1
40297,9390,298,4
40298,1221,44,3
40299,4787,480,3
40300,5385,68,3
40301,8062,422,2
40302,8542,418,2
40303,1617,231,4
40304,16222,250,2
40305,16038,455,2
40306,9954,180,1
40307,18465,245,1
40308,6913,349,3
40309,4945,404,3
40310,13477,426,1
40311,15444,370,2
40312,14469,349,4
40313,9573,351,4
40314,418,176,4
40315,3264,404,3
40316,15815,277,4
40317,7042,63,3
40318,548,360,2
40319,639,261,2
40320,6721,306,4
40321,12883,422,4
40322,16085,426,4
40323,11955,234,2
40324,10109,174,3
40325,17205,363,1
40326,17643,454,3
40327,17410,229,3
40328,12797,462,4
40329,18072,359,1
40330,1953,389,2
40331,8086,464,1
40332,14622,281,4
40333,12208,482,2
40334,14009,222,3
40335,6149,203,1
40336,3981,326,4
40337,13356,40,1
40338,5195,36,1
40339,206,363,4
40340,5100,200,4
40341,11883,317,4
40342,7069,105,4
40343,6616,307,3
40344,9477,8,1
40345,17562,488,2
40346,5300,138,2
40347,8478,376,4
40348,16997,383,2
40349,18520,94,2
40350,2967,87,3
40351,16047,33,3
40352,3331,209,4
40353,13209,155,2
40354,14880,301,3
40355,17477,495,3
40356,7072,227,1
40357,5357,101,1
40358,10431,455,2
40359,4672,492,3
40360,6518,457,2
40361,9823,457,4
40362,749,219,2
40363,1371,66,4
40364,13663,14,2
40365,17628,242,1
40366,18741,387,2
40367,13923,133,1
40368,16491,54,3
40369,15354,226,1
40370,12353,23,1
40371,16380,454,3
40372,17499,425,2
40373,298,76,4
40374,10016,185,3
40375,4954,72,3
40376,11949,415,4
40377,8517,68,2
40378,7708,229,2
40379,9659,479,1
40380,10291,202,3
40381,8044,443,1
40382,16016,332,4
40383,16187,127,2
40384,13163,466,4
40385,7815,95,3
40386,5085,234,4
40387,10545,188,1
40388,16583,254,1
40389,12733,212,1
40390,1741,105,1
40391,4238,136,2
40392,6487,220,1
40393,7952,341,4
40394,3647,96,1
40395,19498,381,2
40396,8851,443,1
40397,18005,331,3
40398,11630,168,2
40399,18526,259,2
40400,9140,369,1
40401,14565,126,3
40402,55,352,4
40403,1026,67,1
40404,11752,444,1
40405,13392,233,4
40406,8904,288,2
40407,9154,124,3
40408,10468,289,1
40409,3578,247,3
40410,841,147,4
40411,16621,202,2
40412,5040,98,2
40413,648,91,3
40414,6389,382,3
40415,2886,377,2
40416,8079,467,3
40417,3092,191,1
40418,16671,397,4
40419,13948,489,1
40420,19798,97,1
40421,16725,375,4
40422,18211,218,4
40423,17289,367,3
40424,14057,470,2
40425,9957,324,2
40426,7227,357,1
40427,2275,472,4
40428,8854,283,3
40429,10741,163,3
40430,1800,191,3
40431,1936,398,1
40432,9630,175,3
40433,13544,213,3
40434,17371,30,2
40435,463,86,4
40436,16455,8,1
40437,5313,226,3
40438,19385,313,2
40439,10081,149,4
40440,9843,239,1
40441,15831,381,4
40442,19461,85,3
40443,15075,336,4
40444,6247,306,1
40445,16719,429,4
40446,15847,240,4
40447,18554,426,1
40448,8506,211,3
40449,4977,489,3
40450,558,13,2
40451,15270,289,1
40452,4451,121,3
40453,9806,282,4
40454,18474,57,2
40455,4218,9,2
40456,19872,3,2
40457,17410,75,1
40458,19424,20,3
40459,4796,286,2
40460,19048,487,2
40461,2421,409,4
40462,8145,58,4
40463,9727,183,2
40464,7014,294,1
40465,14857,244,2
40466,13457,207,3
40467,13599,159,4
40468,11291,481,4
40469,18956,406,1
40470,1167,294,3
40471,3928,14,3
40472,13777,49,2
40473,5067,332,4
40474,4582,369,4
40475,18512,184,1
40476,14004,413,2
40477,11613,282,3
40478,7435,165,1
40479,12635,467,1
40480,18322,238,3
40481,4734,390,2
40482,5750,87,2
40483,4546,303,4
40484,6478,269,2
40485,6639,446,4
40486,18473,156,3
40487,19700,159,1
40488,11141,17,2
40489,13438,265,1
40490,13859,489,4
40491,2729,100,1
40492,2309,241,4
40493,5217,117,2
40494,4261,293,1
40495,9816,354,4
40496,10212,161,1
40497,13394,87,4
40498,1467,462,4
40499,11622,390,3
40500,4688,468,3
40501,11926,37,2
40502,19331,43,1
40503,19308,295,4
40504,1014,81,1
40505,2302,15,1
40506,6421,248,4
40507,19115,165,3
40508,11920,83,2
40509,11863,161,4
40510,17046,50,4
40511,4956,91,2
40512,2442,328,3
40513,2153,11,4
40514,15496,451,2
40515,17215,131,3
40516,12652,468,3
40517,6178,212,3
40518,17760,236,1
40519,226,398,3
40520,14439,83,3
40521,10436,287,2
40522,8794,134,4
40523,7495,416,3
40524,16742,119,2
40525,13259,23,1
40526,13028,125,1
40527,14351,65,3
40528,16128,85,3
40529,3896,139,1
40530,3336,88,3
40531,18872,361,1
40532,10443,407,2
40533,15718,338,4
40534,3872,370,4
40535,2567,480,1
40536,8701,11,3
40537,15681,240,3
40538,189,218,3
40539,1274,165,4
40540,11211,346,3
40541,7281,115,3
40542,14168,480,4
40543,1249,133,2
40544,8363,93,3
40545,1410,454,4
40546,14523,223,3
40547,8036,484,1
40548,8391,439,3
40549,2425,259,3
40550,1570,375,1
40551,3795,207,4
40552,11306,261,3
40553,987,341,1
40554,18230,417,4
40555,10567,273,2
40556,116,348,1
40557,16341,63,4
40558,10044,121,3
40559,6126,325,1
40560,18692,441,3
40561,16703,344,4
40562,16111,90,4
40563,4117,500,4
40564,19490,373,3
40565,19068,402,1
40566,6156,474,3
40567,10076,452,2
40568,16050,65,2
40569,7413,374,1
40570,5269,459,4
40571,9764,362,1
40572,16317,357,2
40573,1370,28,2
40574,5584,79,4
40575,12559,11,1
40576,13544,472,3
40577,7892,495,4
40578,19339,150,3
40579,17015,216,3
40580,11671,204,3
40581,2449,82,3
40582,7271,307,2
40583,8561,423,2
40584,13343,388,4
40585,16649,440,3
40586,16938,183,3
40587,12502,412,3
40588,12286,209,4
40589,11772,6,3
40590,5366,18,1
40591,6763,444,1
40592,10536,90,1
40593,7768,230,3
40594,6744,142,3
40595,1363,219,4
40596,14616,118,3
40597,8240,163,2
40598,13446,327,3
40599,3956,165,3
40600,15291,139,1
40601,19571,452,4
40602,8388,85,4
40603,13320,458,1
40604,14281,193,1
40605,7262,68,1
40606,8005,353,4
40607,8935,417,3
40608,11213,404,1
40609,3912,240,1
40610,8887,11,2
40611,5914,283,4
40612,17443,120,3
40613,16500,315,4
40614,3542,307,2
40615,13590,425,2
40616,12949,283,4
40617,6058,411,2
40618,5579,358,1
40619,8870,41,1
40620,12650,325,2
40621,10811,18,3
40622,5251,183,1
40623,17264,53,4
40624,2278,351,2
40625,7056,494,1
40626,7134,242,1
40627,9946,136,4
40628,10131,55,3
40629,19307,297,3
40630,15450,386,3
40631,7897,53,1
40632,2437,129,1
40633,11107,483,3
40634,783,168,2
40635,8906,57,4
40636,11206,44,3
40637,2796,271,4
40638,5303,201,1
40639,17378,111,1
40640,4613,203,2
40641,8056,465,3
40642,14716,71,4
40643,15805,359,4
40644,7382,192,3
40645,675,13,4
40646,15846,129,4
40647,5188,344,3
40648,6716,121,1
40649,17788,150,4
40650,3751,456,3
40651,3941,174,1
40652,6216,376,3
40653,651,403,3
40654,19385,197,3
40655,12345,447,2
40656,19328,169,1
40657,320,168,3
40658,14447,26,1
40659,3519,256,2
40660,15928,110,3
40661,12947,96,3
40662,19792,38,4
40663,67,229,1
40664,4552,306,3
40665,5178,218,2
40666,14471,396,4
40667,10998,360,2
40668,17902,60,4
40669,14080,482,3
40670,2804,376,1
40671,16227,211,4
40672,13048,104,4
40673,12914,247,1
40674,16089,123,4
40675,11689,463,2
40676,15385,198,2
40677,14714,39,4
40678,16877,101,1
40679,6373,382,3
40680,7931,116,4
40681,16655,296,1
40682,16558,223,4
40683,4526,181,3
40684,3356,210,2
40685,2814,147,3
40686,4784,151,1
40687,3842,418,1
40688,2915,203,1
40689,2423,149,2
40690,10929,27,2
40691,16917,295,2
40692,18624,224,4
40693,8493,441,2
40694,18596,269,3
40695,14142,317,1
40696,9880,35,2
40697,432,82,1
40698,5500,452,2
40699,4347,249,4
40700,13207,93,4
40701,5662,350,1
40702,7724,346,2
40703,9720,209,2
40704,3339,446,2
40705,1789,500,2
40706,11606,227,1
40707,7646,265,2
40708,5555,311,4
40709,18992,491,4
40710,391,434,4
40711,13364,7,2
40712,9275,344,1
40713,16493,89,3
40714,10549,145,1
40715,18013,463,1
40716,554,18,4
40717,12225,413,3
40718,1871,467,1
40719,14069,407,1
40720,15809,475,1
40721,14003,490,4
40722,2781,18,3
40723,695,188,3
40724,229,80,1
40725,6913,176,1
40726,18645,74,2
40727,10534,3,4
40728,10568,339,2
40729,438,86,4
40730,6096,130,1
40731,17667,278,1
40732,3610,210,2
40733,13348,89,2
40734,10751,299,2
40735,10496,50,3
40736,9294,235,2
40737,12744,206,2
40738,8806,94,2
40739,19080,447,2
40740,5419,443,2
40741,14018,29,4
40742,17083,329,1
40743,3924,47,3
40744,2986,53,2
40745,6871,131,4
40746,13566,373,4
40747,8395,157,4
40748,12047,136,3
40749,18971,104,1
40750,92,164,2
40751,18273,140,4
40752,19976,62,3
40753,19154,84,4
40754,13637,498,4
40755,2046,258,3
40756,8498,90,1
40757,7752,174,1
40758,19649,368,3
40759,13983,276,4
40760,14329,475,3
40761,18553,457,3
40762,19644,63,4
40763,16250,27,3
40764,3323,212,2
40765,4679,496,4
40766,17310,488,1
40767,12436,94,2
40768,5958,324,1
40769,550,327,3
40770,10844,240,4
40771,18029,447,3
40772,10410,182,1
40773,16281,127,3
40774,9162,258,3
40775,2448,358,3
40776,16926,473,2
40777,389,10,4
40778,15439,23,1
40779,17956,448,4
40780,17267,116,2
40781,14975,95,2
40782,1379,213,1
40783,11599,377,1
40784,16656,222,1
40785,3768,473,4
40786,14046,167,2
40787,17427,318,1
40788,3619,302,3
40789,7724,313,4
40790,9965,359,2
40791,11032,44,1
40792,4917,107,2
40793,1207,430,1
40794,9639,295,4
40795,1632,374,1
40796,9744,402,2
40797,12757,224,1
40798,7046,131,3
40799,9192,106,3
40800,18275,62,3
40801,7405,279,4
40802,10928,221,1
40803,1989,186,3
40804,13842,202,4
40805,7507,216,3
40806,7530,483,4
40807,3607,73,3
40808,11156,171,4
40809,12543,443,2
40810,6984,397,3
40811,5269,130,3
40812,12014,86,1
40813,1398,458,2
40814,11540,234,4
40815,5375,486,3
40816,7310,256,4
40817,18671,282,2
40818,11801,454,1
40819,14772,352,2
40820,7964,203,1
40821,7379,230,4
40822,14014,69,1
40823,5846,394,4
40824,11117,319,3
40825,15288,282,2
40826,2681,238,1
40827,4,313,4
40828,19346,467,2
40829,18930,162,1
40830,18990,345,2
40831,15503,415,2
40832,18417,200,3
40833,3423,272,1
40834,3466,443,4
40835,9570,450,1
40836,2851,427,3
40837,6717,127,2
40838,10793,432,1
40839,3033,186,3
40840,10794,53,4
40841,13218,181,3
40842,10320,236,2
40843,6039,332,4
40844,16998,476,2
40845,8129,385,3
40846,13721,157,2
40847,16545,500,3
40848,10817,356,1
40849,9885,133,1
40850,8946,407,3
40851,10832,58,4
40852,9077,79,3
40853,3556,231,3
40854,7693,366,2
40855,19860,265,3
40856,13243,446,2
40857,4148,229,4
40858,15692,243,3
40859,15484,29,3
40860,8107,55,4
40861,14403,125,1
40862,17931,359,4
40863,831,391,3
40864,19199,333,4
40865,8379,41,2
40866,12708,170,1
40867,3461,420,2
40868,6793,53,4
40869,1946,42,1
40870,16627,6,2
40871,13390,232,4
40872,13484,9,4
40873,15847,175,1
40874,9627,323,4
40875,10270,259,3
40876,14041,362,1
40877,3175,323,1
40878,13973,124,4
40879,9691,456,4
40880,16385,434,1
40881,15140,365,4
40882,14731,50,1
40883,1240,136,2
40884,16142,41,1
40885,13180,304,1
40886,10703,254,2
40887,4139,222,1
40888,8482,106,2
40889,4554,492,4
40890,8898,495,3
40891,12453,269,1
40892,11525,322,4
40893,12459,395,2
40894,14578,474,1
40895,14268,160,2
40896,13135,171,3
40897,9081,184,3
40898,15086,378,4
40899,3128,314,4
40900,18028,385,3
40901,9386,467,4
40902,12217,242,2
40903,19031,358,3
40904,19464,379,3
40905,6379,1,4
40906,5698,439,1
40907,12981,253,4
40908,1583,391,4
40909,6851,196,2
40910,4753,29,3
40911,9533,57,1
40912,6860,390,3
40913,8334,184,4
40914,10428,430,1
40915,1668,496,3
40916,14033,205,4
40917,5662,128,4
40918,4938,403,2
40919,2045,10,3
40920,2024,336,2
40921,11653,10,4
40922,2744,278,4
40923,18687,227,3
40924,16180,45,2
40925,1753,47,4
40926,1359,173,3
40927,13365,25,2
40928,1490,303,4
40929,7637,476,1
40930,17048,234,1
40931,11590,147,3
40932,10420,219,1
40933,8687,360,3
40934,19073,335,3
40935,8226,158,1
40936,1797,402,1
40937,2514,277,3
40938,19869,1,1
40939,17911,172,3
40940,16436,233,1
40941,5448,324,3
40942,19279,341,2
40943,8372,460,2
40944,8705,141,1
40945,17786,341,3
40946,4173,222,3
40947,18638,393,3
40948,10644,396,3
40949,19089,244,1
40950,5163,78,4
40951,18456,283,2
40952,8303,174,1
40953,8016,261,2
40954,11786,423,4
40955,12799,142,2
40956,9089,58,4
40957,11672,489,3
40958,11790,338,4
40959,19499,400,4
40960,11330,127,4
40961,10062,16,2
40962,1044,470,4
40963,6029,241,1
40964,9974,105,3
40965,18018,300,2
40966,8243,131,2
40967,6872,187,4
40968,6985,15,1
40969,16024,239,3
40970,4640,252,1
40971,5657,185,1
40972,12895,57,3
40973,2848,106,3
40974,6453,21,2
40975,19361,486,4
40976,1869,175,4
40977,16954,362,1
40978,18653,219,4
40979,10286,261,2
40980,18048,174,4
40981,10072,358,3
40982,16746,403,2
40983,8126,339,1
40984,17895,81,2
40985,2516,375,2
40986,964,149,2
40987,874,268,2
40988,3702,192,3
40989,11229,62,2
40990,5888,100,1
40991,17425,352,2
40992,19055,472,1
40993,11603,349,2
40994,13157,401,1
40995,16790,334,4
40996,6882,222,4
40997,8436,53,3
40998,15864,185,4
40999,18110,498,3
41000,6223,297,3
41001,4348,428,3
41002,1376,454,2
41003,16058,367,2
41004,2602,70,2
41005,2377,472,2
41006,4673,437,3
41007,4973,291,2
41008,19026,75,2
41009,9712,161,2
41010,18625,153,2
41011,18538,159,4
41012,13354,209,2
41013,4454,123,3
41014,10644,244,3
41015,12662,249,3
41016,6873,242,4
41017,6356,379,4
41018,14827,175,3
41019,17304,458,4
41020,18153,459,2
41021,13623,90,1
41022,17079,244,4
41023,18610,440,2
41024,3002,468,4
41025,11771,262,3
41026,10724,463,3
41027,3502,149,3
41028,15498,42,3
41029,9896,398,2
41030,8165,294,2
41031,10409,258,2
41032,5764,479,1
41033,10573,350,3
41034,7382,35,3
41035,3742,202,1
41036,8697,438,2
41037,12015,162,2
41038,1789,302,2
41039,19526,161,1
41040,5921,320,4
41041,15581,268,3
41042,4082,485,1
41043,3166,317,2
41044,10452,302,1
41045,4141,20,2
41046,15998,29,3
41047,3424,384,1
41048,8944,196,4
41049,5071,381,4
41050,19144,480,4
41051,9288,59,1
41052,13385,131,3
41053,2597,461,4
41054,5404,393,1
41055,1897,298,2
41056,17323,117,1
41057,3984,171,1
41058,6170,257,1
41059,19696,395,3
41060,931,91,2
41061,7063,401,4
41062,5721,179,1
41063,1190,175,2
41064,19519,109,3
41065,6213,69,1
41066,10804,130,3
41067,3453,210,3
41068,2898,59,3
41069,13525,187,2
41070,10259,151,4
41071,8761,384,1
41072,17167,408,3
41073,11929,437,1
41074,12396,392,2
41075,567,324,4
41076,13661,78,4
41077,19989,328,1
41078,2478,425,1
41079,10501,418,1
41080,4502,432,2
41081,9272,223,4
41082,56,123,3
41083,1378,233,4
41084,7910,345,2
41085,14043,151,4
41086,8783,6,3
41087,12847,392,1
41088,5678,420,3
41089,7013,290,3
41090,2806,177,2
41091,9250,26,2
41092,18815,171,3
41093,6,234,4
41094,13337,6,2
41095,1930,136,4
41096,1295,297,2
41097,9414,90,3
41098,10725,64,1
41099,14109,451,3
41100,16899,191,1
41101,4305,66,1
41102,7649,342,3
41103,16221,233,3
41104,3259,86,3
41105,17049,285,1
41106,8853,61,4
41107,7991,468,3
41108,19873,30,3
41109,16404,301,2
41110,14931,53,2
41111,9260,323,3
41112,8983,465,4
41113,11175,344,3
41114,4973,163,2
41115,9892,276,1
41116,1204,324,3
41117,15276,20,3
41118,2612,482,4
41119,10047,88,2
41120,14287,455,4
41121,15855,428,1
41122,4705,160,1
41123,1733,35,3
41124,19412,129,2
41125,5090,375,2
41126,5690,430,4
41127,16557,1,2
41128,3596,23,3
41129,9403,398,3
41130,2051,195,3
41131,11681,127,3
41132,17338,198,3
41133,8041,250,2
41134,6283,456,1
41135,10281,256,2
41136,9983,346,1
41137,2110,364,1
41138,6836,195,3
41139,2127,360,3
41140,18257,309,1
41141,8386,204,2
41142,17765,494,3
41143,7063,463,3
41144,3470,485,2
41145,8803,473,1
41146,5385,454,1
41147,17703,388,1
41148,1849,494,3
41149,19396,22,4
41150,13568,296,4
41151,19118,112,4
41152,9697,456,2
41153,8155,394,2
41154,1019,218,2
41155,10686,126,3
41156,6460,496,3
41157,5294,341,2
41158,5526,339,4
41159,7722,289,2
41160,5262,445,4
41161,6314,337,2
41162,17062,415,1
41163,5810,241,3
41164,7767,89,3
41165,19946,49,1
41166,4463,205,2
41167,9211,3,3
41168,17727,425,3
41169,7598,298,4
41170,15678,471,3
41171,18772,171,1
41172,5987,473,1
41173,7129,49,1
41174,14709,344,1
41175,14528,328,1
41176,12409,411,1
41177,17086,21,1
41178,13203,394,4
41179,15860,132,4
41180,18622,7,4
41181,7985,419,2
41182,5844,195,4
41183,3980,388,2
41184,7327,392,3
41185,14310,117,3
41186,16293,155,4
41187,4742,199,3
41188,965,80,4
41189,11151,264,3
41190,10162,79,1
41191,15618,209,2
41192,11290,116,4
41193,18729,324,1
41194,4152,486,1
41195,10395,332,4
41196,19642,344,2
41197,5882,156,3
41198,19077,44,1
41199,9732,353,3
41200,1135,2,2
41201,12553,209,3
41202,11585,186,3
41203,15030,368,1
41204,5566,196,1
41205,9243,35,4
41206,6638,147,1
41207,2948,320,4
41208,1320,211,1
41209,12844,331,2
41210,8487,421,1
41211,6304,372,3
41212,17434,27,3
41213,17913,240,3
41214,8632,478,4
41215,5699,381,1
41216,2692,422,1
41217,163,233,1
41218,12244,228,4
41219,411,229,3
41220,2498,278,3
41221,1385,264,4
41222,6168,54,4
41223,147,410,2
41224,10436,318,4
41225,10083,384,4
41226,19093,268,2
41227,19703,275,1
41228,12157,199,1
41229,16750,305,1
41230,18411,22,1
41231,13876,142,1
41232,2867,257,3
41233,5276,230,4
41234,10111,156,2
41235,14847,286,1
41236,17617,297,1
41237,10181,326,3
41238,18649,273,2
41239,12723,443,2
41240,17258,165,4
41241,7370,96,4
41242,16679,395,2
41243,2247,171,1
41244,19487,481,2
41245,14313,321,4
41246,5558,353,2
41247,16169,348,3
41248,2115,449,4
41249,8085,302,4
41250,8670,366,3
41251,6189,130,1
41252,2611,493,3
41253,4125,95,4
41254,15670,26,4
41255,11198,153,3
41256,13046,246,1
41257,9705,400,2
41258,16113,26,4
41259,17858,278,2
41260,8915,216,2
41261,8449,285,1
41262,14555,329,2
41263,2396,67,3
41264,5469,246,3
41265,6460,29,1
41266,19706,427,3
41267,13682,481,1
41268,15308,499,2
41269,18596,285,1
41270,13617,55,1
41271,12949,384,2
41272,15782,396,2
41273,18924,292,1
41274,19024,15,2
41275,10100,95,2
41276,355,27,2
41277,12595,295,1
41278,10978,216,1
41279,5487,133,4
41280,17859,133,3
41281,3841,84,2
41282,18601,148,1
41283,10486,175,2
41284,3382,342,3
41285,5232,341,1
41286,3681,350,2
41287,17403,352,2
41288,12481,418,3
41289,13008,481,3
41290,7873,320,2
41291,14863,335,3
41292,15415,280,4
41293,2496,215,2
41294,18957,384,2
41295,6396,280,4
41296,10436,331,1
41297,8420,85,1
41298,15471,360,2
41299,9727,135,3
41300,144,142,2
41301,3028,238,1
41302,2606,218,1
41303,19628,237,2
41304,8556,156,2
41305,5127,239,4
41306,6740,284,2
41307,16616,486,4
41308,16352,491,4
41309,13527,254,1
41310,3358,423,4
41311,6258,287,1
41312,6063,374,1
41313,2253,200,3
41314,11475,221,1
41315,7493,130,2
41316,4377,130,1
41317,1836,115,3
41318,18363,415,2
41319,13843,46,3
41320,8299,455,1
41321,4526,227,4
41322,15598,142,2
41323,2692,54,3
41324,18349,351,3
41325,12487,31,2
41326,9901,326,2
41327,13082,166,2
41328,12037,137,1
41329,10160,293,3
41330,15083,467,2
41331,8331,144,3
41332,19210,60,1
41333,16781,334,2
41334,6613,155,3
41335,5177,36,3
41336,13052,207,4
41337,17485,302,2
41338,10616,114,2
41339,8712,123,4
41340,2010,130,2
41341,18338,61,2
41342,18368,123,2
41343,4895,76,4
41344,4913,296,1
41345,9937,192,4
41346,16617,384,3
41347,8989,215,1
41348,2958,425,1
41349,18593,437,3
41350,2970,352,1
41351,12515,124,3
41352,6399,254,2
41353,1707,456,4
41354,7306,414,2
41355,14864,326,3
41356,1618,275,1
41357,11620,77,1
41358,19849,56,2
41359,1963,56,2
41360,12446,29,3
41361,13371,469,1
41362,2647,397,1
41363,2842,280,4
41364,15347,416,3
41365,3648,221,4
41366,8702,200,4
41367,18307,244,3
41368,19201,428,4
41369,19836,199,3
41370,880,399,1
41371,9358,396,3
41372,18530,113,1
41373,11749,180,2
41374,14422,322,4
41375,14767,166,3
41376,6055,129,3
41377,11198,151,3
41378,6338,144,2
41379,19172,411,4
41380,4278,152,4
41381,8546,341,2
41382,13176,168,1
41383,7859,88,1
41384,5755,93,1
41385,18925,28,3
41386,2484,23,3
41387,15582,172,2
41388,3354,451,1
41389,9823,173,2
41390,11803,98,4
41391,8138,190,1
41392,11310,410,3
41393,2863,454,3
41394,2177,188,4
41395,5438,163,4
41396,15927,19,3
41397,8027,214,4
41398,9311,195,3
41399,19154,146,3
41400,18505,289,3
41401,17488,206,1
41402,4573,82,2
41403,19428,72,4
41404,7515,419,2
41405,14961,269,3
41406,15493,170,3
41407,2164,430,3
41408,13915,475,4
41409,9051,200,2
41410,6880,61,4
41411,9013,490,2
41412,9232,52,1
41413,16189,224,4
41414,1974,179,4
41415,2550,25,3
41416,2196,411,1
41417,13433,103,3
41418,937,467,2
41419,7955,274,2
41420,965,57,1
41421,2588,194,4
41422,1240,55,4
41423,1376,45,4
41424,15641,108,1
41425,9936,267,2
41426,10860,442,1
41427,8981,413,3
41428,16351,159,1
41429,17557,333,4
41430,6352,144,2
41431,2734,121,3
41432,17041,413,1
41433,2583,454,3
41434,18362,4,4
41435,4730,83,4
41436,19908,468,2
41437,4553,257,2
41438,15903,387,4
41439,18713,378,2
41440,6196,334,4
41441,15891,382,4
41442,857,336,2
41443,14421,137,2
41444,4688,465,2
41445,14562,228,3
41446,16753,48,3
41447,10583,457,4
41448,10857,430,2
41449,4285,152,4
41450,7939,303,4
41451,3171,388,4
41452,5692,368,1
41453,10113,378,4
41454,19819,349,3
41455,17312,361,3
41456,6562,274,2
41457,19357,133,4
41458,12630,443,3
41459,3682,86,4
41460,19270,432,4
41461,19565,67,3
41462,2760,123,2
41463,14593,423,1
41464,15227,37,2
41465,8654,491,4
41466,6287,153,4
41467,6156,243,2
41468,10204,308,1
41469,12227,203,1
41470,19608,125,2
41471,12666,415,4
41472,9111,36,2
41473,18593,13,4
41474,13646,108,2
41475,2581,92,4
41476,7353,358,4
41477,4981,76,4
41478,1418,74,4
41479,16255,235,4
41480,6747,362,4
41481,11521,426,1
41482,13093,93,3
41483,2102,328,4
41484,9323,494,3
41485,11189,68,2
41486,6282,399,4
41487,9377,363,2
41488,8624,270,3
41489,9584,261,2
41490,9685,307,2
41491,3122,13,3
41492,980,413,2
41493,17468,382,3
41494,3634,277,4
41495,19240,471,4
41496,2924,463,1
41497,15699,446,1
41498,18380,429,1
41499,18262,348,2
41500,15727,445,4
41501,10757,242,2
41502,3603,484,1
41503,11125,370,1
41504,4709,349,4
41505,9766,401,2
41506,10533,325,2
41507,17855,284,1
41508,4569,8,1
41509,19551,146,3
41510,11976,288,4
41511,12262,406,2
41512,14380,367,4
41513,8967,434,1
41514,7072,361,3
41515,10821,293,1
41516,3769,168,3
41517,3148,279,3
41518,5748,307,3
41519,5141,373,3
41520,2681,270,1
41521,11669,82,2
41522,14845,390,3
41523,15890,84,4
41524,10761,98,3
41525,9317,130,1
41526,5681,2,3
41527,19916,389,1
41528,12106,191,3
41529,16930,500,4
41530,2497,395,2
41531,3431,198,4
41532,14320,8,2
41533,9427,277,4
41534,9597,138,4
41535,6043,69,3
41536,8731,68,4
41537,13679,301,2
41538,2765,80,4
41539,4661,359,2
41540,8004,454,3
41541,5514,490,2
41542,10657,393,4
41543,19802,50,1
41544,5782,328,1
41545,14909,106,1
41546,9255,369,4
41547,11031,132,4
41548,3424,7,3
41549,12365,428,3
41550,4374,274,3
41551,10086,119,3
41552,1679,176,4
41553,18739,112,2
41554,13646,338,1
41555,6759,124,3
41556,18125,15,1
41557,10084,201,2
41558,18616,367,4
41559,18409,245,2
41560,1453,434,4
41561,4175,296,2
41562,8518,497,2
41563,9591,151,2
41564,11111,161,2
41565,8585,184,3
41566,14752,221,1
41567,15592,391,3
41568,4428,265,3
41569,2155,483,4
41570,16605,340,4
41571,16678,294,1
41572,15197,457,2
41573,10472,300,2
41574,4948,48,1
41575,14530,200,4
41576,17440,26,3
41577,9129,154,2
41578,11502,317,3
41579,2512,170,3
41580,552,13,1
41581,7172,202,3
41582,16983,285,3
41583,19304,236,1
41584,19133,240,3
41585,16281,121,3
41586,17785,69,1
41587,16480,325,4
41588,12953,355,2
41589,6642,58,1
41590,8601,385,1
41591,10008,53,2
41592,14587,145,2
41593,7613,254,3
41594,12255,321,1
41595,8326,18,1
41596,14049,199,4
41597,11373,145,2
41598,12154,150,4
41599,15408,416,4
41600,10892,188,4
41601,14234,292,3
41602,7353,250,1
41603,10480,377,1
41604,18586,212,1
41605,10307,349,3
41606,19179,105,2
41607,18398,481,4
41608,19822,186,4
41609,16958,33,2
41610,13004,477,1
41611,3001,179,1
41612,3266,405,3
41613,1406,261,3
41614,2360,36,1
41615,6774,409,3
41616,491,369,3
41617,13285,39,2
41618,8887,296,2
41619,9944,145,3
41620,12037,390,4
41621,14233,39,3
41622,9651,386,2
41623,17229,347,2
41624,9513,479,2
41625,7189,136,3
41626,6854,413,1
41627,16653,110,2
41628,10129,404,2
41629,13138,235,3
41630,11874,225,1
41631,16502,71,1
41632,4559,149,3
41633,17065,376,1
41634,5274,292,1
41635,14215,375,1
41636,8845,61,2
41637,2716,359,2
41638,19521,438,2
41639,2247,145,4
41640,11546,342,3
41641,10339,85,4
41642,15307,101,1
41643,19745,188,3
41644,12559,60,4
41645,6936,438,2
41646,8066,277,1
41647,5904,467,3
41648,1270,85,1
41649,18746,100,4
41650,6630,150,2
41651,19297,242,3
41652,14224,223,2
41653,17,119,2
41654,5630,476,3
41655,17677,167,3
41656,4659,278,4
41657,8847,277,2
41658,12848,26,2
41659,13381,247,3
41660,2864,300,4
41661,7194,294,2
41662,5005,464,4
41663,17469,345,1
41664,13641,416,2
41665,18095,142,4
41666,2115,88,2
41667,186,334,4
41668,13790,389,4
41669,7931,91,1
41670,6438,113,2
41671,19418,218,1
41672,9416,483,4
41673,11498,238,2
41674,12316,384,4
41675,6827,377,3
41676,18873,76,4
41677,11215,210,3
41678,2537,478,4
41679,12347,457,4
41680,14266,91,1
41681,5085,106,3
41682,18417,12,3
41683,15596,353,3
41684,19699,7,4
41685,15994,465,3
41686,10250,91,4
41687,10814,389,1
41688,12461,185,3
41689,11569,367,4
41690,1638,216,1
41691,8479,230,2
41692,18601,48,2
41693,8238,333,2
41694,452,484,1
41695,19085,42,1
41696,3166,34,1
41697,5434,219,3
41698,18969,466,3
41699,7999,260,1
41700,2264,157,4
41701,6306,485,2
41702,10290,298,3
41703,7211,320,1
41704,18066,160,3
41705,14732,366,4
41706,15172,190,3
41707,9006,421,1
41708,7619,196,1
41709,5693,169,2
41710,6472,348,4
41711,10217,482,2
41712,9400,119,4
41713,1322,347,3
41714,6697,105,3
41715,8750,433,4
41716,11200,480,4
41717,11519,138,3
41718,665,271,4
41719,7176,447,3
41720,15399,279,2
41721,18638,113,2
41722,1918,379,3
41723,3250,112,2
41724,10247,420,4
41725,7651,255,2
41726,13839,197,1
41727,4215,432,2
41728,14810,124,4
41729,6594,49,2
41730,5661,333,3
41731,10554,446,1
41732,1334,393,4
41733,16430,408,4
41734,15947,376,2
41735,11924,164,4
41736,19419,497,2
41737,7226,434,3
41738,443,322,1
41739,13673,185,2
41740,5765,385,3
41741,13502,64,3
41742,10422,217,1
41743,1483,152,2
41744,8959,316,3
41745,18432,288,2
41746,18229,214,4
41747,2437,96,2
41748,7693,422,1
41749,3160,490,2
41750,12481,130,3
41751,7158,112,3
41752,13948,160,4
41753,16358,274,2
41754,7477,197,4
41755,7386,232,1
41756,662,96,1
41757,3496,137,1
41758,1780,107,4
41759,6553,473,2
41760,14817,358,3
41761,15678,304,1
41762,7447,145,4
41763,8486,180,3
41764,7406,495,1
41765,8929,299,2
41766,6233,23,1
41767,17378,365,2
41768,11987,497,1
41769,2072,19,2
41770,15660,89,3
41771,10008,387,4
41772,10004,276,3
41773,18149,223,2
41774,13466,242,2
41775,16592,268,1
41776,12133,12,1
41777,1453,173,1
41778,6467,413,1
41779,3645,493,1
41780,8678,471,2
41781,12971,287,4
41782,7706,340,3
41783,10733,131,2
41784,4777,182,2
41785,1588,451,3
41786,10677,166,3
41787,8365,389,4
41788,6148,471,3
41789,14700,490,4
41790,3661,401,3
41791,104,396,4
41792,14739,166,3
41793,1072,468,2
41794,19289,7,2
41795,11836,246,4
41796,4421,341,2
41797,1216,166,2
41798,11384,262,4
41799,5877,323,2
41800,5612,302,4
41801,9800,420,1
41802,17088,212,2
41803,16529,104,3
41804,13544,14,2
41805,11973,240,1
41806,16005,72,4
41807,18663,282,1
41808,1403,56,4
41809,4425,277,2
41810,2645,15,2
41811,4235,462,3
41812,1259,216,3
41813,6236,498,3
41814,340,63,3
41815,6299,296,3
41816,2842,299,3
41817,1431,144,4
41818,3155,369,2
41819,6315,244,1
41820,7221,168,1
41821,6704,426,4
41822,8073,17,4
41823,14543,92,2
41824,16216,295,2
41825,2920,71,4
41826,14971,307,1
41827,6768,326,4
41828,15365,167,1
41829,18384,360,1
41830,11528,198,1
41831,1518,259,4
41832,15778,55,2
41833,15648,170,3
41834,10990,427,4
41835,6643,369,3
41836,18281,426,1
41837,7473,224,1
41838,10908,374,1
41839,76,236,2
41840,11094,459,1
41841,8850,302,2
41842,7070,112,4
41843,4619,114,3
41844,12,301,1
41845,5235,487,2
41846,5632,37,1
41847,1025,316,2
41848,8109,55,3
41849,2962,271,3
41850,4125,305,4
41851,1289,75,4
41852,9874,263,2
41853,13972,136,3
41854,6797,257,1
41855,8441,242,4
41856,14609,33,2
41857,2990,275,2
41858,9909,307,3
41859,8879,170,4
41860,15413,497,1
41861,17376,183,2
41862,12173,407,2
41863,11611,228,4
41864,12556,9,3
41865,7703,383,1
41866,19038,354,2
41867,1984,223,4
41868,12637,86,4
41869,12345,193,2
41870,2760,217,3
41871,2845,188,1
41872,9367,65,1
41873,4187,258,2
41874,6963,350,2
41875,11076,364,4
41876,3720,304,1
41877,9342,175,1
41878,2484,122,3
41879,14893,460,4
41880,16259,319,3
41881,11971,214,4
41882,15776,3,3
41883,6704,284,2
41884,7668,331,4
41885,9659,79,4
41886,19125,149,2
41887,8394,308,1
41888,16622,183,1
41889,12667,45,3
41890,16118,115,1
41891,16347,316,1
41892,6867,195,2
41893,10832,269,4
41894,2196,402,3
41895,5104,95,4
41896,9218,415,2
41897,11880,398,1
41898,7454,62,4
41899,7579,147,4
41900,13688,284,2
41901,15890,88,1
41902,306,492,3
41903,17317,122,1
41904,8396,472,4
41905,3230,438,2
41906,16323,423,3
41907,10889,34,4
41908,651,371,1
41909,9605,101,4
41910,3740,230,2
41911,10062,276,2
41912,10692,273,2
41913,19629,494,4
41914,9663,279,3
41915,19064,237,2
41916,14533,342,3
41917,2169,482,2
41918,14851,143,4
41919,19939,104,3
41920,13762,131,1
41921,15977,441,2
41922,17800,21,4
41923,13745,56,3
41924,3002,414,2
41925,5837,112,3
41926,4633,259,2
41927,6371,49,3
41928,185,428,4
41929,5652,292,1
41930,12622,390,4
41931,11349,94,1
41932,16316,441,2
41933,7424,349,3
41934,19938,245,4
41935,7022,319,4
41936,17433,418,3
41937,17742,40,1
41938,76,242,2
41939,5978,348,3
41940,19552,40,2
41941,18133,256,3
41942,13481,497,4
41943,853,470,3
41944,11170,311,3
41945,11711,161,2
41946,1916,205,3
41947,13225,350,1
41948,19376,446,4
41949,12992,444,4
41950,12821,122,2
41951,6105,188,2
41952,9869,25,1
41953,7489,141,4
41954,3594,119,4
41955,11787,195,2
41956,11451,381,2
41957,7184,449,2
41958,10606,435,3
41959,19745,1,4
41960,15067,340,3
41961,11055,238,1
41962,3869,257,2
41963,10259,157,4
41964,8840,291,1
41965,15142,499,1
41966,10157,226,4
41967,12196,183,1
41968,18071,67,2
41969,15867,473,1
41970,7987,41,3
41971,14877,360,4
41972,6091,254,2
41973,13276,38,2
41974,124,415,4
41975,3705,383,4
41976,5251,171,4
41977,12327,117,4
41978,524,261,1
41979,13813,292,1
41980,15404,112,4
41981,14573,232,4
41982,18251,216,1
41983,10533,377,2
41984,17433,137,3
41985,14484,453,3
41986,9930,250,4
41987,4509,255,3
41988,13590,113,2
41989,2640,373,2
41990,9627,320,1
41991,2406,326,4
41992,10359,378,3
41993,11725,378,3
41994,6911,81,2
41995,5060,94,2
41996,8659,296,3
41997,94,244,4
41998,18036,378,3
41999,13538,265,3
42000,14420,280,4
42001,1955,32,4
42002,8489,140,4
42003,8419,143,1
42004,8577,205,3
42005,11274,15,4
42006,10804,109,1
42007,16119,171,1
42008,18396,118,3
42009,10180,497,4
42010,2423,247,2
42011,11858,417,3
42012,4720,34,4
42013,7570,64,3
42014,7168,93,2
42015,18925,186,1
42016,18904,182,2
42017,4463,368,1
42018,9028,375,3
42019,16405,466,2
42020,17367,377,1
42021,11061,252,4
42022,6234,273,2
42023,13470,52,1
42024,10388,120,2
42025,17597,190,3
42026,19771,444,1
42027,7845,491,4
42028,4954,339,3
42029,2507,158,2
42030,19876,329,3
42031,13734,267,3
42032,2378,252,3
42033,10726,436,1
42034,6817,186,1
42035,16519,335,2
42036,9265,197,4
42037,2787,394,1
42038,17285,341,1
42039,2364,134,3
42040,18602,111,1
42041,4623,397,2
42042,10083,301,3
42043,4411,31,4
42044,13677,431,2
42045,8022,308,3
42046,5791,377,2
42047,18004,359,2
42048,13776,51,4
42049,16311,216,1
42050,3474,363,1
42051,18961,464,2
42052,5796,160,1
42053,14501,231,3
42054,3555,184,1
42055,15635,433,1
42056,6624,366,1
42057,326,232,3
42058,4752,152,3
42059,13176,240,3
42060,12094,20,1
42061,6766,41,3
42062,13978,171,3
42063,5307,53,3
42064,2112,500,2
42065,6845,413,3
42066,6669,453,4
42067,6718,384,4
42068,13289,399,3
42069,18001,123,1
42070,18852,155,1
42071,18838,338,2
42072,4067,225,4
42073,18858,336,3
42074,14601,487,3
42075,1382,74,4
42076,19727,105,1
42077,4573,500,3
42078,9491,388,2
42079,1052,202,4
42080,8975,427,2
42081,1902,308,1
42082,3907,306,1
42083,6895,398,2
42084,6492,175,2
42085,6156,303,3
42086,12977,261,3
42087,2686,274,3
42088,744,262,3
42089,3670,308,1
42090,7557,473,3
42091,16967,62,4
42092,15899,200,3
42093,9482,273,2
42094,12953,191,2
42095,10622,61,2
42096,9706,274,4
42097,10815,225,1
42098,10503,248,4
42099,9676,2,2
42100,2072,496,2
42101,3422,431,4
42102,2683,302,2
42103,17211,222,1
42104,17085,144,1
42105,2384,443,1
42106,5135,390,4
42107,335,122,2
42108,13129,212,3
42109,14847,386,3
42110,15460,109,4
42111,67,223,2
42112,12235,204,2
42113,13505,232,4
42114,18052,92,1
42115,6940,488,2
42116,4720,52,2
42117,4262,170,4
42118,18462,449,1
42119,13081,189,1
42120,12372,118,1
42121,17088,207,1
42122,15485,400,1
42123,11540,412,1
42124,16613,344,3
42125,371,228,2
42126,18031,33,2
42127,15214,466,1
42128,17319,369,1
42129,1665,190,2
42130,16966,450,4
42131,9807,78,3
42132,14887,490,1
42133,5692,81,3
42134,1623,152,3
42135,6332,258,2
42136,10639,475,4
42137,9493,184,1
42138,19614,310,4
42139,7794,26,1
42140,1003,284,4
42141,11657,35,4
42142,11787,381,2
42143,9487,432,2
42144,6902,355,2
42145,7684,498,2
42146,2918,217,4
42147,3805,363,3
42148,13411,316,2
42149,5344,335,2
42150,13484,337,1
42151,12277,362,1
42152,16590,157,4
42153,14286,78,2
42154,19806,32,1
42155,1546,63,2
42156,6182,187,3
42157,7651,124,4
42158,12879,118,4
42159,10406,140,3
42160,4556,195,3
42161,8270,122,4
42162,15097,467,2
42163,2536,8,1
42164,8635,241,3
42165,17615,184,3
42166,3948,361,4
42167,5648,233,4
42168,14122,321,2
42169,7979,233,3
42170,9772,259,4
42171,4496,88,4
42172,7871,320,1
42173,15401,211,1
42174,4129,151,2
42175,255,86,4
42176,13006,379,2
42177,2453,286,2
42178,15408,397,4
42179,8377,269,1
42180,19442,467,3
42181,19909,132,1
42182,9312,407,4
42183,1707,176,2
42184,14140,395,4
42185,15467,192,4
42186,16476,243,4
42187,8389,80,1
42188,15133,246,1
42189,7381,251,2
42190,18368,405,1
42191,6287,231,1
42192,19502,352,1
42193,2508,148,3
42194,12265,332,4
42195,3627,37,2
42196,17765,473,2
42197,5042,369,4
42198,3874,308,2
42199,12545,54,2
42200,7681,67,3
42201,46,145,2
42202,10554,162,2
42203,18599,60,2
42204,11636,223,3
42205,8048,134,3
42206,17479,100,1
42207,15082,175,2
42208,12656,85,2
42209,16463,246,2
42210,16517,140,3
42211,1902,16,2
42212,15927,239,4
42213,10450,145,4
42214,5584,367,2
42215,17040,101,3
42216,12193,310,1
42217,6353,257,4
42218,3970,355,4
42219,19029,494,1
42220,4078,158,4
42221,7345,423,2
42222,7314,12,1
42223,533,376,3
42224,12340,335,1
42225,10043,74,1
42226,17203,272,4
42227,16174,421,2
42228,18347,440,1
42229,8321,150,3
42230,685,336,1
42231,7958,312,2
42232,17929,1,1
42233,14318,156,2
42234,18469,318,4
42235,17012,257,3
42236,1477,125,1
42237,16020,131,1
42238,11487,302,1
42239,4053,386,2
42240,12636,403,2
42241,6114,305,4
42242,5390,473,2
42243,7470,221,3
42244,13935,416,3
42245,5201,366,2
42246,6520,379,2
42247,19080,373,2
42248,6415,26,1
42249,14104,101,4
42250,11129,385,4
42251,14218,442,2
42252,12093,66,3
42253,17412,143,1
42254,13889,477,1
42255,11968,419,3
42256,8654,39,1
42257,8126,209,4
42258,7444,378,1
42259,3568,328,2
42260,3534,252,4
42261,16470,69,1
42262,1,355,1
42263,16369,6,3
42264,9515,143,1
42265,17694,56,2
42266,14656,404,2
42267,18741,388,4
42268,501,139,4
42269,4948,269,1
42270,3804,153,3
42271,5124,239,2
42272,10713,54,4
42273,15742,39,1
42274,14451,473,4
42275,10646,417,2
42276,6818,198,4
42277,6102,41,3
42278,5139,384,1
42279,2162,417,3
42280,14655,192,3
42281,749,268,1
42282,14241,206,4
42283,18707,62,1
42284,16174,393,3
42285,12920,466,1
42286,13261,458,2
42287,8456,28,2
42288,11420,495,1
42289,405,262,4
42290,6418,236,4
42291,11944,27,1
42292,5936,56,2
42293,5966,161,3
42294,17001,356,4
42295,14563,279,1
42296,8338,72,4
42297,5342,21,4
42298,14956,189,2
42299,2899,158,1
42300,9512,290,4
42301,12374,213,2
42302,18902,120,3
42303,19269,376,2
42304,11097,129,1
42305,4970,178,4
42306,6847,226,3
42307,12854,49,4
42308,2086,198,2
42309,18196,36,4
42310,1604,440,1
42311,1490,377,2
42312,16346,453,4
42313,17496,112,2
42314,10999,309,4
42315,15035,244,3
42316,11836,489,1
42317,6659,408,1
42318,7663,392,4
42319,19976,161,3
42320,2497,342,3
42321,2014,404,2
42322,240,275,4
42323,15406,371,1
42324,6937,157,4
42325,19920,49,2
42326,5628,206,2
42327,2960,210,3
42328,19068,56,2
42329,5164,373,4
42330,12009,254,1
42331,19610,495,3
42332,12694,333,1
42333,14657,169,2
42334,9034,408,4
42335,3385,179,3
42336,12040,467,2
42337,19087,36,3
42338,16718,60,1
42339,9245,136,3
42340,7817,173,4
42341,16809,108,1
42342,12355,376,1
42343,9129,161,3
42344,13406,293,3
42345,2861,81,1
42346,19092,314,3
42347,232,87,2
42348,8306,436,4
42349,8421,68,1
42350,3486,335,4
42351,9853,440,1
42352,6565,117,4
42353,4048,466,2
42354,15312,253,1
42355,16682,244,4
42356,6731,44,3
42357,19886,464,4
42358,9919,468,3
42359,7875,489,4
42360,548,85,4
42361,11561,247,1
42362,7890,149,2
42363,11732,100,4
42364,11548,43,3
42365,10862,360,3
42366,6893,400,4
42367,4031,55,2
42368,12125,472,1
42369,12753,173,1
42370,9264,327,4
42371,1711,157,4
42372,5525,11,2
42373,2601,304,1
42374,16205,346,1
42375,8113,68,3
42376,10225,320,1
42377,17026,31,4
42378,18109,246,3
42379,14475,154,1
42380,17752,85,1
42381,12668,469,2
42382,3432,6,2
42383,8644,491,4
42384,7844,444,2
42385,13026,330,4
42386,7498,498,4
42387,3665,181,4
42388,15629,73,3
42389,11990,71,1
42390,2157,445,2
42391,5956,409,1
42392,19707,439,2
42393,9351,17,3
42394,16565,480,1
42395,19176,181,4
42396,16450,422,2
42397,5828,380,1
42398,5456,223,2
42399,16174,344,4
42400,4348,274,4
42401,17030,177,2
42402,10022,112,2
42403,4299,397,1
42404,4345,23,2
42405,15178,189,3
42406,18600,47,3
42407,15695,6,4
42408,15135,33,4
42409,4876,402,3
42410,11439,253,1
42411,7651,440,4
42412,15772,492,3
42413,10055,229,3
42414,14853,395,1
42415,14353,29,4
42416,11961,417,1
42417,12484,206,2
42418,18725,37,2
42419,14389,405,1
42420,871,55,3
42421,16145,351,1
42422,5497,309,1
42423,5162,280,4
42424,5836,182,4
42425,13545,452,3
42426,14447,162,1
42427,11279,413,4
42428,4860,406,1
42429,9919,20,2
42430,18921,69,2
42431,9658,140,3
42432,19507,413,2
42433,2044,331,1
42434,9453,123,4
42435,9639,143,4
42436,4707,297,1
42437,2566,262,2
42438,4773,254,1
42439,18966,330,2
42440,831,139,1
42441,1679,81,4
42442,17497,439,3
42443,714,249,2
42444,19802,168,1
42445,3628,140,3
42446,7960,239,4
42447,8281,124,1
42448,3602,265,3
42449,10980,174,1
42450,12059,316,4
42451,8432,320,2
42452,7105,237,3
42453,12596,433,2
42454,5331,251,4
42455,11900,192,2
42456,8687,13,3
42457,15803,280,4
42458,578,351,1
42459,9036,186,2
42460,5994,319,2
42461,19095,167,1
42462,7373,191,3
42463,6207,196,2
42464,13219,349,2
42465,19089,162,1
42466,12587,416,4
42467,448,224,1
42468,8374,77,3
42469,1503,167,4
42470,17488,165,4
42471,16884,237,4
42472,13518,480,4
42473,4843,71,4
42474,11186,376,4
42475,5702,495,4
42476,17806,338,4
42477,15032,345,4
42478,13679,494,1
42479,3898,286,3
42480,720,457,2
42481,19447,167,2
42482,18680,433,1
42483,1480,249,1
42484,5488,188,4
42485,16599,332,1
42486,14532,482,4
42487,15891,207,1
42488,10380,258,4
42489,6381,50,3
42490,12247,277,4
42491,5723,120,1
42492,11275,468,1
42493,12128,348,3
42494,19888,217,4
42495,18357,422,4
42496,7273,499,3
42497,7903,282,1
42498,15866,31,4
42499,11232,199,2
42500,12542,58,3
42501,16153,285,3
42502,12074,371,4
42503,19494,363,2
42504,2044,181,2
42505,2242,49,3
42506,18739,19,1
42507,6286,374,4
42508,10488,356,3
42509,12689,164,1
42510,4613,263,3
42511,17674,445,4
42512,5943,54,3
42513,6294,379,1
42514,11323,332,2
42515,13250,13,1
42516,4011,7,3
42517,1892,89,1
42518,2285,81,3
42519,19112,467,3
42520,11882,297,2
42521,2219,178,4
42522,14356,150,4
42523,3954,272,3
42524,17593,164,4
42525,19828,412,3
42526,2584,137,3
42527,19634,327,1
42528,3053,480,3
42529,7709,371,3
42530,10902,228,3
42531,2101,131,4
42532,3570,293,2
42533,546,57,1
42534,9515,337,3
42535,4204,115,4
42536,14955,226,4
42537,13466,284,2
42538,18795,265,4
42539,17084,457,4
42540,5480,11,1
42541,17655,91,4
42542,2853,401,2
42543,1990,230,3
42544,7433,96,2
42545,4635,35,4
42546,16131,338,2
42547,2180,494,1
42548,19326,152,4
42549,11105,427,4
42550,4990,10,1
42551,1665,74,1
42552,5251,322,2
42553,16358,437,4
42554,11350,455,2
42555,7,185,2
42556,11329,231,2
42557,5513,246,3
42558,13729,46,2
42559,4906,178,1
42560,17956,360,2
42561,3194,146,3
42562,7462,367,1
42563,633,416,4
42564,8072,37,1
42565,10636,102,4
42566,399,347,3
42567,4387,30,2
42568,18760,168,2
42569,8064,293,2
42570,17565,186,4
42571,9871,7,3
42572,4869,248,3
42573,5824,292,3
42574,13567,106,3
42575,2180,73,2
42576,16443,325,2
42577,19792,78,2
42578,18056,169,4
42579,19101,306,4
42580,2938,219,4
42581,3709,462,2
42582,17248,428,3
42583,5660,380,1
42584,8122,66,1
42585,10576,239,3
42586,18086,89,1
42587,14861,302,3
42588,15374,144,4
42589,10739,347,4
42590,167,306,4
42591,7878,147,4
42592,6342,157,1
42593,3933,195,2
42594,12103,46,3
42595,6272,282,4
42596,15241,252,3
42597,17716,208,2
42598,8631,389,1
42599,12506,330,4
42600,12405,468,4
42601,12155,309,1
42602,19579,218,4
42603,10030,51,4
42604,12817,314,4
42605,8039,65,1
42606,14321,419,1
42607,11900,82,2
42608,6619,467,2
42609,16761,376,2
42610,15078,100,4
42611,5411,351,4
42612,17709,481,4
42613,10071,306,1
42614,3601,121,2
42615,7846,306,2
42616,15280,224,4
42617,13794,73,3
42618,15924,365,2
42619,4433,286,4
42620,11167,255,4
42621,14769,278,3
42622,17952,157,2
42623,5886,331,4
42624,9470,45,3
42625,9090,494,1
42626,12854,284,4
42627,19671,146,2
42628,14926,137,4
42629,6404,264,2
42630,13023,116,2
42631,8853,328,4
42632,7078,484,2
42633,19000,199,4
42634,11426,274,3
42635,5324,341,2
42636,13392,167,3
42637,7056,414,4
42638,12170,491,4
42639,5552,470,3
42640,9575,186,2
42641,5160,16,1
42642,9195,219,2
42643,18832,332,1
42644,8671,344,1
42645,13770,136,1
42646,9190,293,1
42647,7171,299,1
42648,6774,266,1
42649,16744,464,4
42650,9731,139,4
42651,5550,100,2
42652,15633,384,3
42653,2960,197,4
42654,17106,135,4
42655,5960,277,2
42656,4432,162,1
42657,1970,197,4
42658,12232,105,1
42659,7328,11,4
42660,11289,14,1
42661,19121,245,1
42662,8731,273,4
42663,18736,429,4
42664,2527,426,1
42665,7505,148,2
42666,9010,1,1
42667,3955,151,1
42668,1081,67,4
42669,7378,435,4
42670,5240,492,2
42671,6204,176,3
42672,11286,309,2
42673,1815,331,3
42674,16749,208,4
42675,3559,54,1
42676,9812,205,3
42677,8818,81,1
42678,43,246,1
42679,2493,70,3
42680,16332,302,4
42681,4895,355,2
42682,6793,280,2
42683,2223,100,3
42684,3035,62,1
42685,16242,5,4
42686,12176,380,1
42687,7834,369,1
42688,3568,73,3
42689,6336,297,3
42690,14000,355,3
42691,16737,415,1
42692,14339,280,4
42693,12959,74,4
42694,12550,174,4
42695,5773,467,2
42696,8377,162,3
42697,3007,48,3
42698,8163,333,4
42699,4286,159,2
42700,2953,92,2
42701,13499,186,2
42702,14264,12,4
42703,19151,112,1
42704,3974,218,2
42705,18954,8,1
42706,14250,239,4
42707,5475,17,4
42708,18238,52,1
42709,19780,344,1
42710,6911,35,3
42711,9950,172,4
42712,3883,95,1
42713,8402,2,4
42714,2741,338,3
42715,15193,485,2
42716,13642,97,2
42717,16590,194,2
42718,6875,288,2
42719,10569,461,1
42720,5446,167,1
42721,19828,165,4
42722,12557,215,1
42723,10362,49,4
42724,18670,102,4
42725,10473,395,3
42726,12120,245,2
42727,12090,294,1
42728,193,43,4
42729,16209,408,2
42730,2549,177,4
42731,8723,121,3
42732,7683,367,3
42733,4126,320,4
42734,6151,272,4
42735,19704,192,1
42736,5771,482,2
42737,14042,214,3
42738,16253,331,1
42739,12294,111,4
42740,5864,377,3
42741,8628,137,2
42742,5406,425,1
42743,111,327,1
42744,15347,69,2
42745,12383,174,2
42746,8269,326,3
42747,9044,213,3
42748,3140,86,3
42749,14018,94,1
42750,13529,475,4
42751,10119,245,2
42752,6697,73,2
42753,16565,176,4
42754,2141,91,3
42755,7938,326,1
42756,9050,323,4
42757,675,327,2
42758,7652,444,3
42759,2605,224,2
42760,15982,60,3
42761,18545,393,3
42762,514,487,4
42763,12804,398,2
42764,15848,241,4
42765,14391,163,4
42766,7342,67,3
42767,17052,233,2
42768,1067,285,3
42769,9381,174,2
42770,14802,292,2
42771,1653,231,1
42772,8350,314,1
42773,3540,469,3
42774,10640,195,2
42775,5312,441,2
42776,5786,1,3
42777,9027,125,2
42778,9256,155,3
42779,5304,444,3
42780,15609,410,4
42781,6680,265,4
42782,3288,444,3
42783,14989,183,3
42784,6044,16,1
42785,10818,43,3
42786,16643,134,4
42787,12860,352,4
42788,16989,57,2
42789,9711,113,3
42790,3530,120,4
42791,17592,297,1
42792,591,322,3
42793,15518,364,3
42794,15653,62,3
42795,8755,397,1
42796,6810,5,2
42797,5973,52,3
42798,18638,360,1
42799,1965,24,1
42800,16681,222,3
42801,7267,330,3
42802,2395,491,1
42803,18320,387,1
42804,3638,118,4
42805,19885,424,2
42806,19993,257,1
42807,2033,122,4
42808,17451,168,1
42809,5217,321,4
42810,13228,433,1
42811,2339,202,2
42812,10004,101,4
42813,14968,320,2
42814,5444,421,2
42815,4607,369,2
42816,6293,72,1
42817,19943,360,1
42818,13788,62,2
42819,13407,334,1
42820,6474,286,4
42821,15480,480,3
42822,18876,14,1
42823,5462,261,2
42824,6973,307,4
42825,5847,187,4
42826,21,293,3
42827,9875,454,2
42828,506,314,4
42829,6847,460,1
42830,10869,97,2
42831,13654,193,2
42832,1583,147,4
42833,6580,100,1
42834,11232,205,3
42835,19423,229,1
42836,12930,448,2
42837,10755,321,1
42838,14653,432,1
42839,5254,160,4
42840,3079,141,2
42841,10040,295,4
42842,11059,456,1
42843,14614,158,4
42844,17944,264,4
42845,1008,233,4
42846,15216,349,3
42847,8708,371,4
42848,14228,322,4
42849,722,180,1
42850,8621,66,3
42851,10058,483,4
42852,3505,467,4
42853,9713,332,3
42854,1740,213,3
42855,12347,234,1
42856,19630,346,3
42857,16260,291,4
42858,7059,81,4
42859,3420,370,2
42860,1608,185,1
42861,9890,51,3
42862,2523,476,2
42863,2492,52,1
42864,16255,383,3
42865,6566,248,2
42866,17989,180,2
42867,12205,210,3
42868,15312,307,3
42869,3582,465,4
42870,13360,375,3
42871,19028,315,2
42872,18725,389,1
42873,8474,4,2
42874,5758,83,1
42875,14272,142,4
42876,17583,36,2
42877,2069,238,1
42878,191,233,1
42879,2977,484,1
42880,2788,67,2
42881,17809,363,1
42882,3505,277,3
42883,5111,115,1
42884,12633,159,4
42885,14925,210,4
42886,16778,431,4
42887,3356,486,4
42888,15502,131,1
42889,3853,97,3
42890,5843,84,1
42891,8497,257,4
42892,10380,456,4
42893,9131,450,2
42894,9276,188,3
42895,2242,64,3
42896,10757,212,3
42897,13753,25,3
42898,15899,404,2
42899,16706,482,4
42900,19654,49,1
42901,16628,369,4
42902,18946,2,3
42903,7829,395,3
42904,14788,407,3
42905,12712,92,1
42906,35,58,4
42907,1779,366,1
42908,9148,173,2
42909,16609,116,2
42910,19601,302,2
42911,5931,266,4
42912,12684,5,2
42913,11803,160,3
42914,7853,249,4
42915,9715,69,4
42916,9478,198,1
42917,18850,135,4
42918,6686,30,1
42919,10353,47,2
42920,18105,152,2
42921,2762,141,4
42922,1114,364,1
42923,18760,77,1
42924,9942,306,1
42925,19025,108,3
42926,2687,370,2
42927,10248,94,3
42928,18048,83,1
42929,67,462,4
42930,1961,399,4
42931,15820,215,3
42932,18978,134,1
42933,3792,458,2
42934,17308,49,2
42935,17942,108,2
42936,18311,112,2
42937,15722,289,3
42938,13884,482,1
42939,1555,43,3
42940,2866,398,1
42941,7710,453,4
42942,8457,358,4
42943,11214,82,4
42944,16209,338,1
42945,4328,358,4
42946,15353,234,4
42947,17927,372,2
42948,12502,478,3
42949,2568,79,3
42950,13160,382,1
42951,17871,284,1
42952,18812,53,2
42953,3622,140,4
42954,1703,209,1
42955,10721,88,3
42956,17457,65,2
42957,11442,323,2
42958,16927,129,2
42959,4552,114,2
42960,9724,357,4
42961,16782,278,1
42962,9830,85,3
42963,15296,80,1
42964,19202,117,3
42965,15188,134,1
42966,6705,249,2
42967,15723,462,4
42968,18560,488,3
42969,3055,466,4
42970,15205,402,4
42971,10367,383,3
42972,18236,189,1
42973,1799,145,3
42974,15607,387,2
42975,629,280,1
42976,12058,418,1
42977,7177,298,3
42978,458,323,3
42979,19362,273,3
42980,12013,382,4
42981,9229,194,3
42982,19313,336,2
42983,14513,169,3
42984,19775,154,4
42985,9373,288,4
42986,5378,424,2
42987,8871,300,3
42988,17188,273,1
42989,18679,186,2
42990,18212,180,2
42991,18781,317,3
42992,8416,376,3
42993,17472,171,1
42994,17534,36,4
42995,16029,434,3
42996,10840,44,3
42997,2319,34,3
42998,19998,481,1
42999,15248,45,1
43000,5751,481,2
43001,4339,193,1
43002,16940,357,3
43003,9621,239,4
43004,6514,487,4
43005,627,241,2
43006,5210,341,3
43007,9146,393,1
43008,8469,432,2
43009,14283,451,4
43010,5427,296,1
43011,4563,3,4
43012,3645,352,4
43013,9432,10,4
43014,10169,216,4
43015,16402,472,2
43016,12089,119,4
43017,4609,195,4
43018,14320,256,2
43019,833,239,1
43020,7122,128,1
43021,3295,187,3
43022,10010,254,2
43023,2230,406,3
43024,4439,109,1
43025,5306,310,3
43026,17971,117,1
43027,6083,378,4
43028,11910,75,2
43029,2870,157,2
43030,18985,155,2
43031,2989,263,2
43032,3268,344,3
43033,11194,478,2
43034,17517,74,1
43035,16551,200,4
43036,13867,55,4
43037,14481,163,4
43038,13182,475,2
43039,5345,288,4
43040,6721,45,3
43041,9990,26,3
43042,75,201,1
43043,300,8,4
43044,11912,292,1
43045,13783,394,1
43046,4410,384,2
43047,14585,440,2
43048,18936,352,2
43049,7905,270,2
43050,3620,267,4
43051,10301,253,4
43052,9776,428,1
43053,18732,79,2
43054,19084,282,3
43055,19386,74,2
43056,8666,187,1
43057,9113,334,3
43058,14108,358,3
43059,177,259,1
43060,17813,331,2
43061,16136,492,3
43062,406,354,4
43063,6804,215,2
43064,6517,81,3
43065,14721,22,2
43066,11841,150,4
43067,1199,19,4
43068,18333,153,3
43069,17346,171,2
43070,11069,289,2
43071,10017,408,4
43072,5080,124,1
43073,5801,337,2
43074,2578,147,1
43075,9450,5,4
43076,11336,189,3
43077,17320,167,2
43078,10584,154,4
43079,16221,209,3
43080,1040,251,1
43081,12462,237,1
43082,16911,345,4
43083,5217,428,1
43084,13724,76,3
43085,18776,96,1
43086,7405,128,4
43087,7263,184,2
43088,17678,379,4
43089,3703,268,3
43090,9887,200,1
43091,16615,59,2
43092,11171,280,2
43093,8703,46,3
43094,18900,402,2
43095,16874,410,1
43096,8846,478,3
43097,10992,377,1
43098,15924,324,2
43099,17663,395,1
43100,1829,386,4
43101,14885,14,4
43102,8295,465,4
43103,732,17,2
43104,7110,284,3
43105,5450,85,1
43106,5402,337,1
43107,10851,364,1
43108,1841,214,2
43109,9617,272,1
43110,9498,489,2
43111,9938,290,3
43112,8116,137,1
43113,18838,130,3
43114,11844,268,2
43115,12923,175,4
43116,17552,75,3
43117,10137,398,3
43118,18697,395,4
43119,10616,39,1
43120,8867,404,2
43121,18102,167,1
43122,4195,235,2
43123,8331,460,3
43124,7669,131,4
43125,9066,368,3
43126,6107,221,3
43127,7247,439,1
43128,13248,409,3
43129,1803,316,3
43130,8973,58,3
43131,16361,80,3
43132,12044,456,4
43133,7075,154,1
43134,10696,2,4
43135,3959,19,2
43136,1992,461,3
43137,1237,384,4
43138,4449,425,2
43139,662,247,3
43140,10117,360,2
43141,2476,283,1
43142,14904,154,3
43143,3858,366,4
43144,1633,63,3
43145,5799,47,4
43146,11774,176,4
43147,8363,265,3
43148,388,386,1
43149,7121,369,2
43150,12038,155,3
43151,4999,499,4
43152,12079,38,2
43153,12819,88,1
43154,12097,361,2
43155,9888,51,2
43156,8775,31,4
43157,10166,415,2
43158,6650,263,1
43159,6364,339,1
43160,11187,314,2
43161,8933,118,4
43162,19332,360,3
43163,12210,5,4
43164,5508,162,4
43165,12805,277,3
43166,17127,13,4
43167,3136,438,1
43168,1216,437,1
43169,14199,194,1
43170,11316,261,3
43171,14747,415,3
43172,3117,311,3
43173,16264,387,4
43174,3118,424,1
43175,11773,99,2
43176,3234,94,2
43177,17675,344,1
43178,8427,177,1
43179,2573,483,2
43180,2314,331,2
43181,5960,264,2
43182,8852,181,3
43183,15234,483,2
43184,8100,127,3
43185,15874,246,4
43186,11212,28,3
43187,5628,465,2
43188,6927,41,1
43189,13953,334,4
43190,7684,186,4
43191,11451,47,3
43192,15016,204,2
43193,6856,53,1
43194,5042,460,3
43195,3170,198,2
43196,8257,330,2
43197,17949,485,2
43198,18326,201,2
43199,13390,89,1
43200,6022,153,4
43201,9064,369,4
43202,12962,237,3
43203,3639,9,4
43204,17759,40,4
43205,585,486,2
43206,17777,461,1
43207,18251,12,3
43208,17135,450,2
43209,17210,237,1
43210,10108,202,1
43211,6774,381,4
43212,7251,82,3
43213,7380,339,4
43214,8958,145,1
43215,12313,497,3
43216,18575,87,2
43217,10962,426,2
43218,18554,357,2
43219,16037,76,4
43220,6237,264,3
43221,7395,145,2
43222,17078,72,1
43223,10544,163,1
43224,1525,321,2
43225,19928,50,1
43226,5110,445,2
43227,7674,374,4
43228,18656,358,4
43229,17530,97,4
43230,10383,263,2
43231,9735,197,2
43232,1364,226,4
43233,10889,345,4
43234,8961,110,4
43235,7415,216,3
43236,16752,275,4
43237,2065,360,3
43238,1794,359,3
43239,11508,463,3
43240,14115,409,1
43241,14773,263,3
43242,15869,48,4
43243,10011,189,3
43244,2845,31,3
43245,14510,449,2
43246,8721,461,2
43247,6734,260,1
43248,8393,483,1
43249,892,420,3
43250,5905,36,4
43251,17375,329,2
43252,18663,84,4
43253,8586,142,1
43254,7232,146,3
43255,16152,116,4
43256,17296,179,3
43257,9344,451,3
43258,174,178,2
43259,11019,350,1
43260,12509,491,3
43261,17251,465,3
43262,17819,467,2
43263,13696,395,4
43264,11368,349,4
43265,6890,25,1
43266,689,31,1
43267,1793,290,2
43268,5854,121,2
43269,5864,66,3
43270,880,377,4
43271,94,490,1
43272,16645,400,4
43273,1888,89,2
43274,6402,288,2
43275,13882,48,4
43276,17463,75,3
43277,19076,164,2
43278,19201,238,2
43279,4324,298,2
43280,8349,67,2
43281,3944,325,2
43282,3954,364,1
43283,9962,313,3
43284,796,80,4
43285,10275,90,2
43286,18550,17,2
43287,4168,183,1
43288,19977,271,3
43289,13753,166,3
43290,2281,174,4
43291,17152,412,2
43292,12720,118,1
43293,13009,499,4
43294,3046,53,2
43295,152,487,1
43296,18237,307,4
43297,7957,206,3
43298,17067,448,2
43299,368,181,2
43300,13401,395,3
43301,9796,277,1
43302,13815,363,1
43303,16697,393,3
43304,7440,420,1
43305,8477,67,2
43306,10925,388,2
43307,13778,99,2
43308,17991,426,1
43309,7965,491,4
43310,19962,459,4
43311,3954,79,4
43312,18921,203,2
43313,8480,152,2
43314,15498,110,4
43315,8466,198,4
43316,8420,398,1
43317,3322,237,2
43318,9776,152,2
43319,4779,469,3
43320,11387,77,2
43321,5265,429,1
43322,18606,471,2
43323,17713,112,4
43324,9824,164,4
43325,13121,373,2
43326,11905,114,1
43327,9489,330,4
43328,6419,211,3
43329,10127,217,3
43330,16488,167,2
43331,1573,401,3
43332,5906,260,2
43333,6154,179,2
43334,461,170,3
43335,16041,332,2
43336,651,252,2
43337,11416,393,4
43338,3514,354,2
43339,18015,102,1
43340,14610,6,4
43341,7225,470,2
43342,4699,361,4
43343,17881,373,1
43344,13952,426,4
43345,39,378,3
43346,10810,269,1
43347,8503,275,1
43348,18412,489,3
43349,12026,430,4
43350,13915,279,1
43351,14242,263,3
43352,7610,60,2
43353,8045,456,1
43354,2217,359,3
43355,11239,409,3
43356,19422,120,3
43357,17412,205,1
43358,17976,73,1
43359,6377,446,3
43360,919,259,1
43361,14764,401,2
43362,5675,18,1
43363,9529,119,2
43364,10602,334,3
43365,16346,54,2
43366,16478,202,1
43367,13655,332,4
43368,4886,76,3
43369,4752,481,3
43370,3893,338,3
43371,2531,22,1
43372,2458,210,3
43373,3437,4,3
43374,15865,488,1
43375,18539,327,2
43376,7259,392,1
43377,2835,58,2
43378,3483,11,3
43379,4367,430,1
43380,9630,256,1
43381,19691,427,1
43382,8722,351,1
43383,19755,377,1
43384,6661,434,2
43385,4327,268,3
43386,3441,48,3
43387,6846,380,2
43388,5881,16,1
43389,10938,454,2
43390,3719,313,3
43391,14953,270,3
43392,19181,186,2
43393,5964,321,1
43394,17872,416,2
43395,8875,277,1
43396,2775,18,1
43397,10364,58,4
43398,19303,464,3
43399,6655,131,4
43400,17517,386,3
43401,5084,140,1
43402,3377,397,2
43403,15736,290,3
43404,5814,116,4
43405,18020,227,4
43406,5462,221,3
43407,15769,319,4
43408,15317,101,3
43409,13632,348,1
43410,5706,142,1
43411,6879,391,3
43412,18054,381,2
43413,19633,438,2
43414,2006,436,4
43415,4366,279,3
43416,5884,58,2
43417,14234,258,3
43418,4465,207,1
43419,11792,248,2
43420,484,57,3
43421,10483,250,2
43422,10464,330,3
43423,456,25,4
43424,17279,295,1
43425,15764,176,1
43426,19965,455,2
43427,10893,19,4
43428,15109,297,2
43429,13923,175,4
43430,3658,247,2
43431,14256,115,4
43432,17965,328,4
43433,9619,464,4
43434,4554,280,3
43435,15347,41,4
43436,14393,308,4
43437,8784,162,1
43438,11145,455,2
43439,18998,224,2
43440,18350,176,1
43441,11361,345,3
43442,15694,317,2
43443,15213,122,1
43444,12111,146,3
43445,12457,410,3
43446,4760,10,2
43447,7187,392,1
43448,477,175,2
43449,17207,51,2
43450,12825,15,1
43451,19886,271,3
43452,9281,407,4
43453,10068,249,1
43454,2694,433,1
43455,18239,264,2
43456,18428,255,3
43457,12701,65,1
43458,5770,72,1
43459,4362,260,4
43460,15029,11,3
43461,14362,127,3
43462,9292,458,2
43463,16250,265,3
43464,10813,353,3
43465,348,415,4
43466,12564,372,4
43467,11922,58,3
43468,19584,361,4
43469,11103,487,2
43470,14331,284,4
43471,5276,396,3
43472,6193,138,3
43473,12208,146,2
43474,11808,4,4
43475,12758,408,1
43476,11039,416,1
43477,7533,102,1
43478,8698,435,1
43479,10309,8,2
43480,18712,434,2
43481,17217,366,4
43482,17891,134,3
43483,5394,188,1
43484,13144,19,2
43485,5647,349,4
43486,18970,16,3
43487,13045,270,3
43488,10542,28,3
43489,14245,472,1
43490,6548,9,1
43491,16771,139,1
43492,5830,407,1
43493,16617,42,2
43494,8475,107,1
43495,3861,135,1
43496,17616,185,2
43497,15975,4,1
43498,6736,178,2
43499,13101,187,4
43500,16505,162,4
43501,9149,358,3
43502,927,292,4
43503,11373,187,4
43504,6152,448,1
43505,12741,344,1
43506,6515,283,4
43507,19814,151,2
43508,2775,284,4
43509,10729,401,4
43510,19748,182,4
43511,11045,236,3
43512,11201,226,4
43513,4288,122,4
43514,11772,4,1
43515,6734,76,4
43516,11084,53,2
43517,15525,247,4
43518,3095,307,2
43519,9014,11,3
43520,5505,346,3
43521,19161,374,4
43522,19017,403,3
43523,11387,368,4
43524,13983,389,2
43525,13170,57,2
43526,17326,481,1
43527,2744,199,2
43528,12075,152,2
43529,3803,435,2
43530,2782,212,3
43531,19270,342,1
43532,10302,31,3
43533,17481,359,2
43534,18610,195,4
43535,12576,170,4
43536,9629,3,3
43537,17044,167,3
43538,19045,430,4
43539,8503,80,1
43540,431,23,1
43541,2730,128,2
43542,5568,298,2
43543,9688,74,4
43544,16361,194,4
43545,13361,474,3
43546,15748,439,2
43547,6444,207,2
43548,7166,328,1
43549,8303,144,3
43550,19491,458,3
43551,12673,263,1
43552,19701,167,2
43553,7880,464,1
43554,841,254,3
43555,439,91,3
43556,2162,411,2
43557,1873,175,2
43558,17530,392,1
43559,1476,10,2
43560,4652,99,4
43561,17032,496,4
43562,15786,54,4
43563,13692,498,2
43564,5120,497,4
43565,8381,150,4
43566,9473,233,2
43567,9687,370,3
43568,15931,263,1
43569,10855,343,3
43570,8606,95,1
43571,4027,162,1
43572,10176,421,3
43573,12190,68,4
43574,6299,218,1
43575,17745,473,4
43576,12,462,1
43577,6879,63,1
43578,13275,65,4
43579,6303,339,4
43580,10914,68,2
43581,10085,173,4
43582,19419,25,4
43583,18690,290,2
43584,3210,387,2
43585,7182,177,3
43586,12821,200,2
43587,13812,372,4
43588,15105,392,2
43589,16471,451,3
43590,12782,373,1
43591,4433,145,2
43592,282,231,2
43593,19801,35,1
43594,12225,256,3
43595,15014,255,1
43596,12173,153,3
43597,6137,135,1
43598,16593,114,2
43599,10377,70,4
43600,14162,467,1
43601,18196,339,4
43602,12156,307,2
43603,5732,99,4
43604,19485,299,1
43605,19169,399,4
43606,3440,256,1
43607,2555,222,4
43608,6753,114,3
43609,8821,100,2
43610,5231,147,1
43611,4892,201,2
43612,12724,328,4
43613,1859,65,3
43614,18597,112,1
43615,8656,181,1
43616,17451,48,3
43617,10916,167,3
43618,2014,495,3
43619,14010,8,1
43620,17344,451,2
43621,9828,202,4
43622,10219,116,4
43623,18714,309,1
43624,11968,63,1
43625,14404,77,1
43626,3907,229,1
43627,8182,68,3
43628,14530,341,4
43629,14680,262,3
43630,3698,353,3
43631,19260,485,2
43632,3348,65,1
43633,2414,161,3
43634,18954,218,1
43635,6636,373,2
43636,1219,395,3
43637,6207,166,3
43638,14422,352,2
43639,5707,454,2
43640,1954,270,4
43641,7620,438,1
43642,14660,258,4
43643,12233,206,1
43644,19404,188,2
43645,1169,399,1
43646,17887,112,4
43647,18064,155,3
43648,16010,428,3
43649,16209,327,3
43650,17366,314,2
43651,2981,413,1
43652,19572,110,2
43653,12013,62,4
43654,8793,273,3
43655,12145,497,3
43656,2796,186,4
43657,11010,202,2
43658,6756,185,4
43659,7047,172,2
43660,16833,364,2
43661,16666,117,2
43662,18600,159,1
43663,15521,219,2
43664,16127,245,2
43665,4753,3,1
43666,5474,383,4
43667,13839,267,4
43668,17638,264,3
43669,17044,28,2
43670,4218,151,3
43671,11915,481,4
43672,9804,199,2
43673,18646,359,2
43674,15071,80,2
43675,568,426,3
43676,5779,233,3
43677,18188,448,1
43678,12459,192,3
43679,907,228,2
43680,15021,398,4
43681,9999,269,1
43682,4966,491,4
43683,15829,214,3
43684,14310,196,3
43685,1582,131,3
43686,9975,345,1
43687,16319,124,3
43688,2708,172,3
43689,920,263,1
43690,8690,485,3
43691,3385,68,3
43692,8916,406,2
43693,16425,303,2
43694,19727,95,1
43695,543,263,3
43696,4605,256,3
43697,10689,407,4
43698,16194,445,1
43699,13326,119,3
43700,10436,243,3
43701,801,493,4
43702,6074,285,1
43703,17294,209,3
43704,942,226,3
43705,6740,37,1
43706,1915,240,3
43707,9612,152,4
43708,15478,241,2
43709,5315,347,1
43710,16377,486,1
43711,2718,147,3
43712,13951,486,2
43713,12794,65,4
43714,12372,264,1
43715,10100,163,3
43716,9696,100,3
43717,19764,165,4
43718,15609,432,2
43719,764,147,2
43720,18175,165,3
43721,13074,70,4
43722,1239,380,2
43723,18019,318,2
43724,2060,249,2
43725,2359,240,3
43726,1805,43,1
43727,14833,126,3
43728,2304,207,1
43729,8903,39,4
43730,17,191,3
43731,15576,297,2
43732,1212,483,2
43733,12281,312,3
43734,17277,273,4
43735,2520,30,3
43736,753,426,4
43737,11513,319,2
43738,13337,285,2
43739,13120,258,2
43740,2132,426,2
43741,3009,268,4
43742,19747,263,4
43743,1167,490,4
43744,5666,9,2
43745,19448,358,3
43746,1393,371,2
43747,14347,40,4
43748,11050,324,1
43749,13078,47,4
43750,8274,64,3
43751,10228,95,3
43752,2508,374,3
43753,7804,449,2
43754,1593,71,2
43755,4012,464,1
43756,8365,297,2
43757,14318,197,4
43758,3454,462,2
43759,5894,336,3
43760,9597,355,2
43761,16797,123,2
43762,6560,39,2
43763,3713,298,4
43764,18341,245,1
43765,7083,372,1
43766,9244,402,4
43767,14590,10,1
43768,13780,155,4
43769,13392,467,3
43770,18026,101,1
43771,14391,270,4
43772,16135,67,2
43773,6960,90,4
43774,1961,434,1
43775,7868,161,4
43776,16798,391,1
43777,13439,15,4
43778,3298,3,4
43779,17864,66,2
43780,16959,406,3
43781,5659,60,2
43782,17482,20,1
43783,3050,416,2
43784,4182,400,1
43785,7966,83,3
43786,8198,29,3
43787,11167,91,4
43788,8681,431,3
43789,17876,436,2
43790,12843,243,2
43791,10634,111,4
43792,12086,373,3
43793,3879,136,4
43794,6822,94,3
43795,9755,362,3
43796,5472,127,1
43797,4545,125,4
43798,7505,123,3
43799,12950,335,4
43800,5339,414,1
43801,17185,186,2
43802,6942,12,1
43803,15117,108,4
43804,3920,297,3
43805,9341,139,2
43806,10984,168,4
43807,10035,390,1
43808,15387,495,4
43809,1635,267,4
43810,16754,105,3
43811,13906,416,1
43812,16755,29,4
43813,15042,29,3
43814,10779,451,3
43815,5150,445,1
43816,13544,245,3
43817,13146,15,2
43818,2684,68,1
43819,6034,84,4
43820,6530,472,3
43821,2469,280,4
43822,5004,373,4
43823,10331,319,1
43824,5813,274,4
43825,14342,430,4
43826,7254,118,1
43827,12272,430,1
43828,1003,129,1
43829,2861,92,3
43830,18036,463,1
43831,6202,237,2
43832,19397,413,4
43833,12412,287,3
43834,8491,496,1
43835,1448,302,2
43836,7691,75,2
43837,3093,261,1
43838,6903,494,2
43839,19415,142,2
43840,19868,110,2
43841,928,116,4
43842,8335,111,2
43843,9255,132,2
43844,7328,430,3
43845,6849,66,3
43846,13982,135,4
43847,12394,85,3
43848,4517,466,2
43849,1621,213,1
43850,3753,176,2
43851,6629,498,2
43852,19701,331,2
43853,12390,486,3
43854,18229,239,1
43855,10608,202,1
43856,3166,21,4
43857,18459,12,2
43858,9454,47,2
43859,1518,6,4
43860,7658,458,4
43861,1630,477,2
43862,4218,111,3
43863,18837,387,1
43864,12510,407,3
43865,5581,99,4
43866,10421,153,1
43867,10452,95,1
43868,4560,228,3
43869,8529,102,1
43870,13970,160,2
43871,19449,276,4
43872,7927,287,3
43873,11698,285,3
43874,17017,446,3
43875,19193,62,2
43876,14798,35,1
43877,234,92,3
43878,16440,216,3
43879,16829,423,3
43880,13240,347,2
43881,6557,272,3
43882,16275,435,1
43883,3623,74,1
43884,3121,71,3
43885,12035,416,2
43886,1280,341,3
43887,12969,385,3
43888,11102,299,1
43889,1206,474,1
43890,15267,364,3
43891,8567,459,3
43892,7379,473,3
43893,19708,102,1
43894,18962,91,2
43895,9679,441,4
43896,11105,189,1
43897,6973,47,2
43898,11466,340,3
43899,5490,444,2
43900,9633,95,3
43901,19512,82,2
43902,133,355,4
43903,2395,17,4
43904,12820,407,1
43905,15708,395,1
43906,8621,179,3
43907,5261,115,1
43908,4904,408,3
43909,653,224,1
43910,16224,76,4
43911,16977,299,2
43912,6297,437,1
43913,11066,22,1
43914,6223,409,2
43915,2202,366,3
43916,13597,433,2
43917,12385,31,3
43918,15033,355,4
43919,13351,33,1
43920,3850,336,3
43921,2341,195,4
43922,2491,172,1
43923,6513,278,1
43924,163,446,4
43925,6557,368,2
43926,17393,237,3
43927,11346,209,1
43928,14732,314,4
43929,16940,90,1
43930,4501,72,3
43931,1016,45,2
43932,15532,196,2
43933,12902,398,2
43934,3950,298,4
43935,14904,128,4
43936,16002,409,4
43937,7725,284,4
43938,13870,162,2
43939,9055,52,2
43940,1939,189,2
43941,14545,363,4
43942,17351,441,2
43943,9941,53,1
43944,4334,94,2
43945,7923,186,2
43946,10231,202,2
43947,12661,185,3
43948,3745,164,4
43949,591,239,1
43950,9488,241,3
43951,4836,174,4
43952,6609,90,3
43953,4022,228,1
43954,7797,250,4
43955,14445,298,2
43956,18405,327,4
43957,7578,115,4
43958,13421,336,4
43959,60,331,1
43960,543,312,1
43961,14373,326,3
43962,2760,324,4
43963,17516,48,4
43964,775,4,4
43965,11703,46,2
43966,10094,47,4
43967,846,172,1
43968,7062,365,2
43969,19260,261,4
43970,5728,72,2
43971,3710,215,4
43972,2419,77,1
43973,7349,336,4
43974,3570,124,1
43975,15800,62,2
43976,246,242,4
43977,2104,263,2
43978,11134,408,3
43979,5879,96,3
43980,5399,404,1
43981,9773,250,3
43982,5805,410,2
43983,16782,376,4
43984,14411,211,4
43985,13855,425,4
43986,15315,353,4
43987,17697,317,3
43988,2460,30,4
43989,4173,101,3
43990,18441,157,2
43991,4687,419,1
43992,12280,355,4
43993,13039,206,4
43994,7319,90,1
43995,913,195,4
43996,14610,162,4
43997,7929,53,2
43998,15357,103,4
43999,13397,446,3
44000,225,363,2
44001,16406,447,1
44002,14515,75,1
44003,4261,16,2
44004,10204,76,4
44005,3192,108,2
44006,10545,401,3
44007,9724,440,1
44008,13873,332,2
44009,3362,319,1
44010,17033,405,2
44011,5856,317,1
44012,14997,396,2
44013,19971,442,3
44014,8464,77,3
44015,1494,14,1
44016,17400,435,2
44017,17334,343,4
44018,9110,298,4
44019,16812,247,3
44020,5917,459,4
44021,4240,387,3
44022,17050,217,4
44023,15383,307,1
44024,8956,219,1
44025,1391,220,4
44026,17928,9,2
44027,11095,113,1
44028,18086,361,2
44029,10549,3,3
44030,10415,422,1
44031,17725,188,3
44032,473,442,3
44033,6710,34,4
44034,10593,478,1
44035,11323,217,3
44036,9284,370,4
44037,1636,284,2
44038,10589,416,1
44039,9243,151,1
44040,7336,412,1
44041,15054,382,1
44042,5891,317,2
44043,19854,64,3
44044,14988,304,2
44045,6501,277,2
44046,7772,449,1
44047,616,448,1
44048,11698,369,3
44049,5567,406,3
44050,9036,50,4
44051,485,232,1
44052,11858,96,1
44053,2383,199,3
44054,19464,414,3
44055,2257,292,3
44056,17489,401,1
44057,15345,33,2
44058,5860,239,4
44059,13470,17,2
44060,11101,182,2
44061,9713,396,4
44062,6645,285,2
44063,12531,392,1
44064,8764,25,1
44065,14508,142,1
44066,13360,65,1
44067,2596,303,4
44068,2170,116,3
44069,16726,364,4
44070,18669,62,2
44071,11020,488,1
44072,2807,272,3
44073,5271,494,4
44074,6136,105,3
44075,5058,106,2
44076,4760,22,2
44077,13647,13,3
44078,11942,115,3
44079,12965,334,1
44080,12315,47,3
44081,5588,15,2
44082,18609,13,3
44083,16776,119,2
44084,15932,47,3
44085,5199,494,4
44086,7533,242,4
44087,14784,25,1
44088,1256,172,2
44089,3847,477,4
44090,6493,115,2
44091,12991,385,4
44092,10255,441,2
44093,17634,126,2
44094,5300,310,3
44095,18512,398,4
44096,7180,433,2
44097,6517,212,3
44098,15034,13,1
44099,6935,114,3
44100,3,166,2
44101,2933,75,2
44102,18821,73,2
44103,18235,111,4
44104,2021,173,4
44105,2767,136,3
44106,17979,68,4
44107,6008,233,3
44108,13207,235,2
44109,3208,193,2
44110,1893,119,3
44111,12470,202,3
44112,18220,496,3
44113,7282,91,4
44114,7680,289,2
44115,6778,259,1
44116,18717,195,1
44117,11484,295,3
44118,1296,454,3
44119,19530,27,1
44120,5201,335,2
44121,7371,492,2
44122,18168,39,2
44123,8374,150,2
44124,6694,32,2
44125,16,12,4
44126,17411,153,1
44127,285,390,2
44128,15278,463,2
44129,19685,424,2
44130,15560,354,4
44131,5074,488,2
44132,8235,400,1
44133,15028,275,1
44134,74,107,4
44135,17714,382,3
44136,1845,238,1
44137,15624,102,4
44138,5003,475,2
44139,679,349,1
44140,19965,167,4
44141,2850,61,4
44142,18752,445,3
44143,18858,454,4
44144,15267,48,2
44145,11089,106,3
44146,9087,38,4
44147,7881,500,4
44148,7380,249,3
44149,16579,136,3
44150,7902,332,4
44151,8392,241,2
44152,3433,17,3
44153,18273,295,4
44154,4333,39,4
44155,18476,180,3
44156,17135,377,1
44157,18772,393,2
44158,13097,2,1
44159,13609,457,1
44160,15064,183,1
44161,3484,411,1
44162,19696,174,1
44163,3303,354,1
44164,10265,24,2
44165,16088,83,4
44166,11449,186,2
44167,7733,186,3
44168,944,337,3
44169,2428,466,3
44170,8295,390,2
44171,9005,264,4
44172,9080,107,3
44173,16204,262,3
44174,5164,226,2
44175,6331,226,4
44176,18829,288,1
44177,15262,127,1
44178,15462,221,1
44179,19066,135,2
44180,2705,271,3
44181,5907,186,4
44182,7207,317,2
44183,8,66,2
44184,7507,285,3
44185,16452,254,1
44186,9892,259,1
44187,13614,99,4
44188,1691,165,3
44189,9062,401,1
44190,1824,104,2
44191,18011,269,2
44192,10905,247,3
44193,12661,332,3
44194,2272,314,3
44195,2552,496,4
44196,12518,363,4
44197,2957,288,2
44198,3593,352,2
44199,14533,457,4
44200,10541,143,1
44201,4328,119,2
44202,13178,159,2
44203,3493,150,2
44204,3203,447,3
44205,12373,19,3
44206,4169,60,3
44207,13519,461,3
44208,13023,386,3
44209,14376,297,1
44210,6992,432,3
44211,6956,145,3
44212,3739,1,3
44213,11446,421,2
44214,5707,195,3
44215,4675,409,4
44216,15893,489,4
44217,19614,345,4
44218,10474,468,3
44219,8434,274,4
44220,14715,264,4
44221,7642,496,3
44222,11838,466,3
44223,8499,236,1
44224,3707,375,3
44225,13760,193,2
44226,13157,129,1
44227,15417,484,2
44228,13499,54,1
44229,18106,74,2
44230,19724,316,3
44231,1760,253,1
44232,6269,137,2
44233,6485,308,4
44234,3815,352,1
44235,958,303,2
44236,4240,363,1
44237,17389,232,3
44238,12238,313,1
44239,9869,279,1
44240,17778,257,2
44241,12982,238,2
44242,15623,104,2
44243,3196,365,2
44244,11191,179,1
44245,16700,368,2
44246,2876,117,2
44247,18434,44,2
44248,8690,438,1
44249,17388,19,1
44250,19310,308,3
44251,13336,233,4
44252,10826,390,4
44253,16663,225,3
44254,19282,465,1
44255,8906,276,4
44256,12059,477,2
44257,143,376,3
44258,5329,417,2
44259,12960,456,2
44260,15625,343,3
44261,293,405,2
44262,1681,1,3
44263,18435,395,4
44264,16986,393,1
44265,5288,334,1
44266,12268,84,2
44267,4708,426,1
44268,17798,69,1
44269,12179,359,1
44270,12074,479,4
44271,10812,404,3
44272,978,65,4
44273,2091,486,4
44274,2062,193,1
44275,4095,479,1
44276,1345,250,1
44277,2583,499,4
44278,12459,74,3
44279,13914,72,3
44280,14685,432,3
44281,17123,160,3
44282,13888,140,1
44283,2547,473,1
44284,11798,381,3
44285,15048,111,1
44286,6385,189,2
44287,10913,42,2
44288,9972,83,2
44289,17444,418,2
44290,13089,277,2
44291,15354,237,2
44292,11091,474,4
44293,3065,269,3
44294,10263,476,4
44295,13901,401,1
44296,19021,250,3
44297,3229,97,1
44298,14475,61,3
44299,13377,321,1
44300,7404,208,1
44301,8556,334,1
44302,2334,483,4
44303,17270,239,2
44304,8944,263,1
44305,18874,239,1
44306,5509,449,3
44307,19997,316,4
44308,4625,138,1
44309,42,254,4
44310,1611,55,1
44311,4957,125,1
44312,3339,309,1
44313,2,332,3
44314,10808,420,4
44315,6482,20,2
44316,14452,333,1
44317,10274,437,1
44318,12022,125,1
44319,16892,305,2
44320,13909,20,3
44321,14454,38,1
44322,18408,151,3
44323,12645,153,3
44324,4597,458,4
44325,163,59,3
44326,7550,108,2
44327,9262,333,2
44328,9525,13,3
44329,15672,198,1
44330,14801,80,2
44331,4626,111,4
44332,669,293,4
44333,10187,198,1
44334,13366,371,1
44335,17981,445,4
44336,5356,99,4
44337,3498,274,1
44338,3743,12,2
44339,13570,188,4
44340,17938,406,1
44341,19949,345,3
44342,9435,185,3
44343,10886,473,1
44344,18020,467,3
44345,7155,289,4
44346,5539,272,4
44347,14899,431,4
44348,12469,206,2
44349,8474,351,1
44350,6757,281,4
44351,7560,146,4
44352,3105,471,2
44353,4470,217,1
44354,10008,467,1
44355,9137,218,3
44356,9887,66,3
44357,14616,88,3
44358,6111,191,3
44359,8384,361,4
44360,7467,126,4
44361,1371,155,3
44362,1032,217,3
44363,12591,41,1
44364,13109,443,4
44365,11983,323,1
44366,7634,443,1
44367,10080,163,3
44368,3165,362,3
44369,14283,423,4
44370,16672,452,1
44371,16140,313,4
44372,387,390,4
44373,19121,76,2
44374,16035,336,4
44375,5343,172,3
44376,8400,245,1
44377,9701,451,4
44378,1258,408,1
44379,1645,402,4
44380,13726,310,3
44381,5814,453,2
44382,17210,460,3
44383,19424,45,1
44384,13288,439,3
44385,18514,221,2
44386,5030,376,4
44387,19205,370,4
44388,8664,36,1
44389,805,57,2
44390,19672,413,1
44391,7384,274,3
44392,1036,84,3
44393,8305,465,2
44394,407,195,4
44395,6355,16,4
44396,12407,132,3
44397,11850,331,4
44398,11020,110,1
44399,5628,6,4
44400,7247,195,4
44401,7705,118,3
44402,7863,366,2
44403,10988,391,4
44404,10116,17,2
44405,10568,181,4
44406,13002,364,1
44407,15325,314,3
44408,7527,446,4
44409,11171,143,4
44410,8918,164,2
44411,278,498,4
44412,4946,166,1
44413,3984,290,4
44414,9267,213,4
44415,208,328,2
44416,5018,476,2
44417,15323,68,4
44418,15890,387,3
44419,7914,66,4
44420,13204,284,3
44421,18349,341,1
44422,383,378,1
44423,69,473,1
44424,6723,287,3
44425,2071,69,4
44426,12481,408,4
44427,17095,324,1
44428,3499,234,4
44429,1304,333,2
44430,17165,310,1
44431,3846,382,4
44432,14839,43,4
44433,1684,415,2
44434,2161,477,3
44435,19242,14,1
44436,19922,462,3
44437,7265,24,4
44438,17333,206,1
44439,19072,71,3
44440,146,184,1
44441,17047,81,2
44442,10891,276,1
44443,9369,253,2
44444,14099,158,4
44445,1951,419,4
44446,2198,10,2
44447,4303,269,1
44448,16755,168,2
44449,11009,146,2
44450,15931,144,3
44451,16545,290,4
44452,14138,370,4
44453,2098,318,4
44454,6476,480,4
44455,17026,239,1
44456,16127,172,3
44457,3834,222,1
44458,6797,168,2
44459,483,344,3
44460,15157,299,1
44461,15811,466,3
44462,6442,349,3
44463,16325,361,1
44464,10142,264,4
44465,10720,158,2
44466,8604,262,1
44467,10092,227,2
44468,7023,127,4
44469,18232,21,1
44470,7641,12,4
44471,8993,55,2
44472,7656,186,3
44473,15656,257,3
44474,17679,313,2
44475,7470,61,1
44476,18482,311,3
44477,18864,221,1
44478,2346,457,4
44479,18095,137,2
44480,14368,490,3
44481,10580,322,3
44482,8732,225,3
44483,1047,230,1
44484,1036,311,1
44485,5266,439,2
44486,13551,276,1
44487,15520,188,3
44488,7174,325,3
44489,2318,85,4
44490,13951,417,3
44491,9984,23,4
44492,7984,485,2
44493,4098,396,4
44494,17035,106,1
44495,5878,297,1
44496,15696,340,1
44497,18948,215,3
44498,19502,295,3
44499,9511,190,4
44500,8496,420,1
44501,11913,122,1
44502,4573,325,4
44503,3793,46,3
44504,8900,181,4
44505,8259,263,3
44506,15919,295,4
44507,9799,166,1
44508,3631,179,2
44509,18919,133,2
44510,11311,57,1
44511,17805,461,4
44512,16586,282,4
44513,13217,45,3
44514,9178,53,4
44515,6420,323,1
44516,18546,51,2
44517,16375,434,2
44518,6777,495,2
44519,6330,49,4
44520,7363,234,4
44521,2208,63,2
44522,10418,139,2
44523,13354,381,3
44524,19017,206,4
44525,10743,239,3
44526,2590,97,2
44527,15870,10,2
44528,5594,484,4
44529,15641,314,2
44530,9270,236,2
44531,860,107,4
44532,13914,249,3
44533,19156,69,4
44534,14007,410,2
44535,5870,187,3
44536,11755,462,4
44537,7374,429,4
44538,15509,500,4
44539,9466,27,4
44540,9149,187,4
44541,17086,4,3
44542,4814,431,1
44543,12527,331,2
44544,12992,275,3
44545,6023,288,4
44546,11775,381,2
44547,1001,418,1
44548,1372,235,3
44549,17270,17,3
44550,3885,123,1
44551,7944,314,3
44552,11416,319,4
44553,7658,100,2
44554,19048,149,2
44555,3037,166,4
44556,15582,140,2
44557,14926,347,1
44558,4472,218,1
44559,11417,352,2
44560,2782,464,1
44561,11192,264,2
44562,1461,379,3
44563,12081,281,1
44564,17084,335,3
44565,86,258,1
44566,4197,359,3
44567,18923,44,3
44568,1884,412,3
44569,11948,434,1
44570,12061,123,1
44571,18730,87,4
44572,3555,296,1
44573,673,218,3
44574,13299,280,3
44575,16184,391,1
44576,5275,324,3
44577,12642,86,2
44578,4163,190,1
44579,1880,54,3
44580,13869,324,1
44581,746,189,2
44582,2594,324,1
44583,12040,339,3
44584,10631,423,4
44585,8501,333,1
44586,8700,58,2
44587,16048,316,1
44588,176,153,4
44589,18316,210,2
44590,8580,170,3
44591,16405,446,1
44592,2242,9,2
44593,9426,300,3
44594,12415,458,4
44595,6680,23,3
44596,16034,13,2
44597,13904,68,3
44598,11810,49,2
44599,1538,250,3
44600,5303,72,1
44601,16177,213,2
44602,14284,161,4
44603,10771,282,4
44604,15455,350,4
44605,5594,292,2
44606,17540,121,4
44607,8381,434,3
44608,13769,127,3
44609,11474,425,1
44610,4991,47,4
44611,9623,263,1
44612,12075,186,4
44613,16514,412,1
44614,4630,315,3
44615,18339,72,2
44616,6302,125,3
44617,5761,418,1
44618,5019,113,4
44619,13998,270,2
44620,13500,148,2
44621,3620,382,1
44622,11397,204,3
44623,16250,69,2
44624,15575,415,1
44625,17156,490,1
44626,17038,214,3
44627,14390,500,2
44628,669,306,3
44629,403,328,1
44630,7254,391,2
44631,11267,171,2
44632,10102,319,2
44633,18949,10,1
44634,5014,481,2
44635,9827,199,1
44636,18973,124,3
44637,13317,325,1
44638,16431,458,1
44639,8654,34,4
44640,10856,271,1
44641,9294,134,3
44642,15342,359,2
44643,10701,30,1
44644,15883,281,2
44645,4060,64,1
44646,14336,45,4
44647,12746,430,4
44648,17013,187,3
44649,14981,460,2
44650,762,411,4
44651,12869,356,4
44652,6491,467,3
44653,4648,313,4
44654,9510,213,4
44655,11068,4,3
44656,10852,216,1
44657,12248,267,4
44658,1511,139,1
44659,15791,9,2
44660,13455,146,4
44661,16712,147,2
44662,18032,169,3
44663,5906,423,1
44664,4510,200,4
44665,13325,138,4
44666,2422,369,3
44667,6363,9,4
44668,6998,78,4
44669,16112,52,3
44670,5960,46,1
44671,19968,301,3
44672,918,376,1
44673,8578,223,2
44674,9638,80,2
44675,10781,435,1
44676,9775,438,2
44677,2891,471,1
44678,5162,441,4
44679,981,86,2
44680,3053,429,3
44681,2406,3,3
44682,2772,51,1
44683,2777,372,1
44684,1597,244,4
44685,7363,25,1
44686,15449,430,2
44687,18463,211,2
44688,5876,164,4
44689,5763,49,4
44690,2688,44,3
44691,10008,78,1
44692,17444,6,2
44693,4083,36,3
44694,13619,459,1
44695,7452,220,1
44696,16977,189,1
44697,19743,473,1
44698,14915,56,2
44699,13016,101,1
44700,18116,419,4
44701,17759,112,2
44702,13856,302,4
44703,5163,297,3
44704,1591,351,4
44705,10444,131,3
44706,13270,250,4
44707,8632,442,1
44708,19711,171,1
44709,3481,192,2
44710,7563,70,3
44711,8855,275,1
44712,5519,364,2
44713,8055,46,3
44714,6741,404,2
44715,639,99,1
44716,4187,93,4
44717,8069,47,1
44718,10450,188,1
44719,7828,228,1
44720,1544,107,4
44721,1714,197,3
44722,15342,265,4
44723,4262,185,4
44724,5640,196,1
44725,6991,6,3
44726,8472,483,1
44727,6197,486,4
44728,17722,284,4
44729,16638,78,2
44730,8379,260,4
44731,6567,317,1
44732,1468,36,1
44733,841,216,1
44734,12283,182,2
44735,4624,481,2
44736,2937,233,4
44737,1296,297,3
44738,10600,271,1
44739,9883,226,3
44740,8793,127,1
44741,2691,269,4
44742,19279,216,2
44743,1633,240,1
44744,18051,283,1
44745,18340,331,1
44746,18752,160,4
44747,10081,39,2
44748,10504,487,2
44749,18344,76,1
44750,16797,458,3
44751,3657,119,4
44752,31,254,3
44753,9421,360,2
44754,2069,178,4
44755,15902,289,3
44756,2350,227,4
44757,4684,463,1
44758,7038,425,4
44759,3840,256,2
44760,10827,401,3
44761,2548,335,4
44762,3368,139,3
44763,8707,471,2
44764,10957,168,4
44765,19198,478,4
44766,11536,149,3
44767,18034,205,1
44768,15307,238,1
44769,2237,116,4
44770,16826,456,2
44771,5909,158,2
44772,12544,10,2
44773,19686,359,4
44774,2439,134,2
44775,7716,187,4
44776,19687,43,1
44777,7169,302,4
44778,4882,332,3
44779,14951,237,2
44780,19773,143,1
44781,8328,303,3
44782,14986,203,3
44783,15021,450,4
44784,17992,111,4
44785,16579,268,2
44786,14451,122,3
44787,18784,408,4
44788,11663,166,2
44789,5713,433,2
44790,8051,221,4
44791,1228,332,4
44792,9546,264,3
44793,12514,81,1
44794,9990,468,2
44795,15729,466,2
44796,14136,431,1
44797,15719,360,4
44798,6760,243,1
44799,3116,92,2
44800,7120,388,1
44801,8699,253,4
44802,14884,103,1
44803,10501,4,3
44804,13571,36,1
44805,1725,180,2
44806,16010,216,2
44807,6546,228,1
44808,1359,455,3
44809,14640,311,2
44810,7007,488,3
44811,11707,149,4
44812,7203,107,1
44813,3588,363,4
44814,19258,8,4
44815,6638,180,1
44816,16985,30,4
44817,16618,128,4
44818,5748,456,3
44819,7022,437,1
44820,3060,292,1
44821,18866,108,3
44822,19515,72,2
44823,3229,107,3
44824,9708,399,2
44825,11197,204,2
44826,8307,267,1
44827,9743,162,2
44828,17279,500,3
44829,10118,290,1
44830,2905,259,1
44831,13195,76,2
44832,9878,96,2
44833,15557,78,2
44834,7399,183,1
44835,9040,336,3
44836,14825,351,4
44837,6429,240,1
44838,16339,477,4
44839,16409,483,3
44840,5534,325,3
44841,1743,367,3
44842,17976,107,1
44843,5174,358,2
44844,6104,71,3
44845,11410,336,4
44846,5025,62,1
44847,751,184,3
44848,10834,125,4
44849,11993,117,3
44850,19858,291,3
44851,7121,145,1
44852,8555,65,2
44853,4390,92,2
44854,6154,315,1
44855,7790,206,4
44856,15778,52,4
44857,1637,190,1
44858,8514,294,2
44859,11651,453,1
44860,2475,155,4
44861,3750,275,2
44862,17783,458,2
44863,9720,307,3
44864,5406,128,3
44865,10973,68,1
44866,5801,418,2
44867,2675,415,2
44868,18973,384,3
44869,15551,229,2
44870,8631,498,2
44871,16094,263,1
44872,9679,202,2
44873,18700,402,2
44874,9352,432,4
44875,462,250,4
44876,16265,475,1
44877,3164,387,4
44878,15398,23,4
44879,8941,317,1
44880,17040,136,1
44881,18592,280,4
44882,2054,308,1
44883,11599,408,1
44884,1412,456,4
44885,9326,491,2
44886,3040,395,2
44887,2044,429,2
44888,4520,378,1
44889,12474,163,2
44890,9350,106,2
44891,11612,33,4
44892,12837,488,3
44893,3296,15,3
44894,11818,278,1
44895,14430,100,2
44896,19067,444,4
44897,15591,70,4
44898,12337,300,4
44899,17885,84,2
44900,2520,374,1
44901,4394,370,4
44902,17362,368,3
44903,1238,83,2
44904,14894,338,4
44905,567,285,4
44906,1791,98,3
44907,9030,209,4
44908,9249,270,4
44909,13598,156,2
44910,13637,420,4
44911,6247,419,3
44912,16251,487,4
44913,5701,114,4
44914,18913,344,2
44915,2517,247,1
44916,2989,118,3
44917,15258,44,1
44918,4778,171,3
44919,4763,370,4
44920,7732,80,3
44921,9746,30,1
44922,14770,103,4
44923,912,494,2
44924,5415,201,4
44925,14425,425,2
44926,15295,174,4
44927,15351,438,4
44928,4850,228,4
44929,16158,207,1
44930,5540,495,4
44931,3093,398,2
44932,7557,49,4
44933,16293,425,2
44934,16352,425,1
44935,12496,279,4
44936,13265,160,2
44937,3503,437,2
44938,11117,314,2
44939,18167,5,4
44940,2327,193,2
44941,2633,215,4
44942,13020,477,2
44943,9000,295,4
44944,2486,239,2
44945,18212,400,2
44946,6591,86,4
44947,17163,80,1
44948,16433,34,4
44949,16987,205,2
44950,7518,184,1
44951,9093,148,4
44952,14390,189,4
44953,872,204,3
44954,7326,392,3
44955,4096,257,3
44956,5965,415,1
44957,12674,90,3
44958,17217,487,4
44959,6428,348,2
44960,3946,144,1
44961,11481,286,1
44962,16259,14,3
44963,15660,155,4
44964,435,79,4
44965,14900,229,3
44966,16657,498,2
44967,6053,347,4
44968,16956,32,1
44969,1125,225,4
44970,1507,317,1
44971,15299,389,1
44972,3665,395,4
44973,16059,297,1
44974,2038,353,3
44975,7672,446,3
44976,9673,146,3
44977,9256,45,3
44978,6484,130,1
44979,10355,12,3
44980,11474,45,3
44981,19108,259,1
44982,10569,124,2
44983,7265,85,1
44984,14621,384,4
44985,4368,301,3
44986,5292,244,1
44987,19487,275,2
44988,1086,77,4
44989,14365,295,4
44990,10199,140,4
44991,12429,225,4
44992,8638,403,1
44993,13903,305,1
44994,9405,183,1
44995,13582,266,4
44996,7554,240,3
44997,522,329,4
44998,13071,350,2
44999,5511,389,4
45000,18559,21,3
45001,9644,195,3
45002,6746,285,3
45003,9849,484,1
45004,4652,141,2
45005,13780,323,1
45006,17370,69,2
45007,107,217,3
45008,17205,101,1
45009,10848,152,3
45010,2966,401,1
45011,11247,281,1
45012,13304,243,2
45013,11593,284,2
45014,15652,299,4
45015,2671,83,4
45016,10744,439,4
45017,4827,252,4
45018,975,172,1
45019,14284,437,4
45020,616,77,4
45021,19168,269,2
45022,2843,379,2
45023,2537,464,4
45024,733,60,2
45025,789,277,1
45026,10786,465,2
45027,1427,400,3
45028,14043,411,4
45029,8956,116,3
45030,10758,276,2
45031,4841,114,3
45032,10425,393,4
45033,12456,449,4
45034,4005,192,1
45035,7635,352,3
45036,16381,73,1
45037,7994,32,1
45038,1809,68,2
45039,17074,280,4
45040,14678,353,2
45041,361,169,4
45042,8144,142,4
45043,16947,262,2
45044,8604,334,4
45045,5447,198,1
45046,9531,431,2
45047,15805,25,2
45048,14132,477,1
45049,16201,179,4
45050,10595,204,2
45051,6578,243,1
45052,4947,331,3
45053,10569,439,1
45054,3489,174,3
45055,10106,274,4
45056,15727,124,1
45057,14318,96,1
45058,9206,369,4
45059,11645,25,3
45060,5034,469,3
45061,10631,215,4
45062,13860,355,3
45063,14946,321,4
45064,9980,490,2
45065,18633,103,4
45066,9198,156,4
45067,14537,345,2
45068,12918,302,3
45069,6198,148,2
45070,16193,153,2
45071,18459,181,1
45072,4948,69,4
45073,6913,213,2
45074,1990,477,3
45075,9934,45,3
45076,19445,122,4
45077,13804,382,3
45078,17981,175,2
45079,15157,426,3
45080,13840,218,4
45081,10929,437,3
45082,994,98,4
45083,18512,477,1
45084,814,269,4
45085,13380,432,4
45086,12265,93,1
45087,2960,17,1
45088,164,210,2
45089,9382,301,2
45090,5950,293,1
45091,13763,66,1
45092,11027,87,2
45093,13720,148,3
45094,16088,22,4
45095,13206,122,1
45096,12345,309,4
45097,14099,189,2
45098,9446,460,3
45099,15637,56,4
45100,11124,99,3
45101,13022,228,1
45102,2446,270,1
45103,2113,394,4
45104,14629,122,2
45105,3049,54,1
45106,15156,276,3
45107,10752,259,1
45108,11534,284,2
45109,4560,205,1
45110,12359,465,4
45111,13592,18,2
45112,7634,70,4
45113,541,410,2
45114,19512,270,3
45115,12024,259,3
45116,1787,70,2
45117,12671,471,3
45118,7850,173,1
45119,13430,188,3
45120,13647,302,3
45121,15460,402,2
45122,6712,355,2
45123,6930,77,4
45124,19534,67,4
45125,6906,241,1
45126,1490,357,2
45127,7204,26,1
45128,12033,359,4
45129,7051,182,1
45130,11263,223,1
45131,5409,20,4
45132,6338,113,2
45133,17062,466,2
45134,8112,316,2
45135,814,92,1
45136,5452,246,1
45137,9555,393,4
45138,4186,498,1
45139,3526,124,3
45140,7306,398,2
45141,6039,2,3
45142,12349,386,2
45143,10417,65,3
45144,12346,142,3
45145,183,460,1
45146,3441,162,4
45147,12245,74,1
45148,254,16,2
45149,9890,170,2
45150,10375,349,3
45151,4938,473,3
45152,5225,93,1
45153,9430,178,4
45154,2579,176,4
45155,17983,225,3
45156,6154,33,3
45157,19957,354,2
45158,4376,411,1
45159,12208,340,1
45160,18940,221,3
45161,846,393,1
45162,5710,228,3
45163,3564,419,3
45164,14773,118,3
45165,19124,409,1
45166,10843,261,1
45167,18604,167,1
45168,1494,184,2
45169,759,118,2
45170,18529,338,4
45171,1793,372,2
45172,12179,274,2
45173,4082,387,4
45174,5431,394,2
45175,13042,124,3
45176,8871,473,1
45177,14361,300,3
45178,15152,390,4
45179,18859,279,4
45180,15776,201,1
45181,11471,261,3
45182,9769,70,4
45183,19008,145,3
45184,1532,184,2
45185,4131,32,3
45186,8994,287,4
45187,12857,367,2
45188,540,6,3
45189,3966,246,1
45190,19791,420,1
45191,11907,239,2
45192,3344,61,2
45193,12596,401,1
45194,7538,304,1
45195,10842,195,1
45196,8251,116,3
45197,18501,136,3
45198,13475,436,4
45199,14368,88,2
45200,16487,48,4
45201,16972,414,3
45202,10421,76,3
45203,6890,32,1
45204,6514,269,1
45205,3820,268,2
45206,6347,391,2
45207,6668,402,3
45208,19376,52,3
45209,3118,30,2
45210,9306,221,1
45211,1918,437,3
45212,11481,229,2
45213,14172,337,1
45214,17681,399,4
45215,4405,75,4
45216,3488,193,3
45217,1473,453,3
45218,496,429,2
45219,16243,261,1
45220,11151,145,1
45221,7527,445,4
45222,12589,87,4
45223,13094,454,2
45224,15315,254,2
45225,6881,343,2
45226,13272,316,4
45227,16782,263,2
45228,8242,489,2
45229,6149,277,2
45230,15576,359,4
45231,11891,304,2
45232,3134,129,3
45233,678,393,1
45234,1538,287,3
45235,2643,225,1
45236,12945,157,4
45237,7511,178,2
45238,1387,139,3
45239,12324,185,2
45240,7971,151,2
45241,18212,138,3
45242,2661,302,2
45243,2235,148,1
45244,16455,373,2
45245,6037,477,3
45246,7461,188,1
45247,739,22,1
45248,114,299,4
45249,15735,97,2
45250,15507,325,2
45251,9830,194,1
45252,18305,172,4
45253,8868,2,4
45254,2507,301,1
45255,8715,469,4
45256,1347,425,2
45257,5627,284,3
45258,19615,275,3
45259,222,372,1
45260,12686,404,3
45261,11714,226,1
45262,1050,230,1
45263,18441,304,1
45264,13928,437,4
45265,17877,385,4
45266,1309,228,2
45267,7193,242,4
45268,7683,500,1
45269,13932,268,2
45270,12317,199,2
45271,8635,418,2
45272,10647,75,2
45273,11276,404,2
45274,17555,108,2
45275,2572,256,2
45276,4869,337,4
45277,3800,12,3
45278,9874,272,1
45279,12697,56,4
45280,800,387,4
45281,8547,498,3
45282,11887,320,2
45283,11498,184,4
45284,5529,377,2
45285,2357,381,3
45286,6485,421,4
45287,11353,47,2
45288,14234,420,4
45289,8461,118,2
45290,7361,358,1
45291,5309,200,3
45292,7910,490,1
45293,9626,471,4
45294,3273,351,4
45295,15624,252,3
45296,19730,97,2
45297,18354,3,2
45298,16333,458,4
45299,19994,268,1
45300,16853,22,2
45301,12374,437,2
45302,16267,7,1
45303,3292,232,4
45304,16543,481,3
45305,19729,115,1
45306,10744,261,1
45307,6095,210,3
45308,7730,485,2
45309,15453,380,1
45310,10226,69,1
45311,17766,270,4
45312,10035,181,4
45313,2089,62,3
45314,8731,324,2
45315,3736,52,4
45316,5181,307,2
45317,12042,202,3
45318,16758,98,2
45319,6563,183,1
45320,2430,432,2
45321,18067,380,3
45322,329,340,2
45323,13300,85,3
45324,13815,117,2
45325,2771,226,1
45326,14189,169,4
45327,13510,72,3
45328,13919,173,1
45329,106,79,2
45330,12029,194,2
45331,17928,347,1
45332,11802,210,4
45333,12006,13,2
45334,11064,121,1
45335,6,459,3
45336,3720,425,1
45337,18025,411,4
45338,1568,62,4
45339,5984,332,3
45340,4213,12,1
45341,19963,310,2
45342,814,103,4
45343,19340,275,2
45344,4651,349,2
45345,19511,437,3
45346,2834,92,3
45347,13697,270,3
45348,18931,213,2
45349,9523,368,2
45350,8726,181,4
45351,17074,447,3
45352,4522,463,1
45353,8444,227,2
45354,6135,185,4
45355,8603,127,2
45356,13715,352,3
45357,11982,193,2
45358,1185,454,3
45359,8810,361,2
45360,3161,439,1
45361,9848,165,3
45362,5646,489,2
45363,17576,125,1
45364,9762,150,3
45365,9603,384,2
45366,12511,292,2
45367,3661,358,4
45368,13947,487,4
45369,3104,109,2
45370,10325,373,2
45371,12240,130,3
45372,10807,24,3
45373,3993,338,4
45374,4856,396,4
45375,1785,309,4
45376,1956,432,1
45377,1696,420,1
45378,9033,179,4
45379,5897,184,2
45380,17550,443,4
45381,3228,100,1
45382,9292,335,1
45383,10837,254,1
45384,12914,457,4
45385,19821,201,2
45386,6876,332,1
45387,4740,159,3
45388,7217,411,2
45389,4970,340,3
45390,11891,120,1
45391,1076,89,4
45392,9212,115,1
45393,15404,110,1
45394,10621,463,1
45395,2900,181,2
45396,4006,272,2
45397,12342,347,4
45398,7037,435,2
45399,19621,192,1
45400,17039,139,1
45401,5490,300,4
45402,9493,101,3
45403,12687,52,4
45404,2401,222,4
45405,13385,313,4
45406,2008,195,4
45407,15523,453,3
45408,9326,246,1
45409,18515,47,1
45410,9656,134,2
45411,6776,105,1
45412,12869,428,4
45413,19284,271,3
45414,4605,230,2
45415,14937,73,3
45416,11120,35,3
45417,14943,107,4
45418,848,60,2
45419,13190,469,3
45420,4257,81,3
45421,7331,258,1
45422,16994,175,1
45423,12037,99,3
45424,1110,154,3
45425,3862,185,3
45426,15613,347,4
45427,1960,470,1
45428,17241,284,1
45429,6871,429,1
45430,9847,450,3
45431,16568,304,4
45432,14404,336,2
45433,11583,415,2
45434,1423,402,1
45435,12992,90,3
45436,11814,50,2
45437,8491,132,2
45438,4694,26,2
45439,11676,250,2
45440,13869,129,2
45441,5358,351,1
45442,9171,63,3
45443,10004,323,2
45444,14403,320,2
45445,7087,84,3
45446,9669,101,3
45447,18779,153,1
45448,5413,26,4
45449,14754,431,1
45450,17683,119,1
45451,13689,399,4
45452,16903,478,4
45453,19885,171,2
45454,13127,73,1
45455,15201,192,4
45456,5018,180,1
45457,9451,127,2
45458,1355,390,4
45459,1357,251,3
45460,2636,445,1
45461,18989,105,3
45462,4269,87,3
45463,19840,490,1
45464,17694,46,1
45465,14073,251,3
45466,1254,60,3
45467,11763,321,2
45468,14752,192,4
45469,6781,218,3
45470,6721,145,2
45471,16741,145,2
45472,11742,422,1
45473,4909,133,3
45474,6540,111,3
45475,11033,361,3
45476,6977,435,4
45477,18468,47,3
45478,13688,162,1
45479,11199,189,2
45480,11037,351,3
45481,9247,410,2
45482,16694,210,3
45483,9417,338,4
45484,2552,489,1
45485,13291,499,4
45486,1430,220,3
45487,1487,418,1
45488,11140,41,3
45489,2715,80,2
45490,15213,247,3
45491,6448,169,3
45492,8553,231,4
45493,9697,173,3
45494,12861,132,1
45495,4021,52,1
45496,17099,167,4
45497,4735,251,2
45498,5451,420,1
45499,1947,19,1
45500,14412,1,1
45501,6234,424,1
45502,19648,243,2
45503,4533,118,2
45504,10211,143,1
45505,6300,201,4
45506,4035,470,1
45507,7262,18,3
45508,9660,257,1
45509,304,334,4
45510,11434,72,4
45511,5492,142,4
45512,13496,230,3
45513,718,206,2
45514,3084,89,4
45515,16308,22,1
45516,18922,96,2
45517,1821,325,2
45518,8693,32,2
45519,7792,241,3
45520,8086,173,4
45521,5012,220,3
45522,4080,361,2
45523,9155,53,3
45524,19704,20,3
45525,11112,66,4
45526,10684,4,4
45527,14943,266,1
45528,18948,69,4
45529,12828,262,4
45530,19191,58,1
45531,3939,392,4
45532,19295,194,1
45533,19426,461,1
45534,4255,158,1
45535,17109,410,3
45536,12264,325,4
45537,3924,86,1
45538,16677,443,4
45539,14722,443,3
45540,17512,484,1
45541,4625,274,3
45542,15089,169,4
45543,18911,133,3
45544,12212,452,2
45545,14767,394,3
45546,18955,414,3
45547,13838,273,3
45548,17849,420,4
45549,8467,107,2
45550,18727,61,4
45551,14720,307,3
45552,2056,39,4
45553,584,394,2
45554,7343,475,2
45555,2029,355,2
45556,1847,205,2
45557,10531,360,1
45558,14400,89,2
45559,15914,107,2
45560,5746,351,4
45561,2058,166,2
45562,10699,207,4
45563,2401,190,1
45564,14020,403,2
45565,19695,254,1
45566,15795,20,2
45567,17691,211,4
45568,10606,492,2
45569,3702,262,2
45570,11944,478,2
45571,14629,482,1
45572,19150,322,4
45573,17873,177,2
45574,6633,44,3
45575,149,328,4
45576,15470,398,3
45577,5864,84,2
45578,12813,237,1
45579,8758,359,4
45580,2715,424,2
45581,16585,29,2
45582,770,349,2
45583,19609,416,4
45584,1957,80,4
45585,368,235,1
45586,7655,475,2
45587,7267,346,2
45588,8598,436,2
45589,17592,168,3
45590,17604,215,3
45591,10701,334,1
45592,6584,394,2
45593,16057,238,1
45594,11824,462,1
45595,719,99,1
45596,2214,169,2
45597,8848,227,1
45598,7744,337,4
45599,2860,222,3
45600,12912,72,2
45601,19394,373,4
45602,19363,208,4
45603,6342,444,3
45604,8100,147,3
45605,1214,427,4
45606,13978,113,2
45607,7415,370,2
45608,9486,125,1
45609,10739,338,2
45610,982,101,1
45611,3676,23,2
45612,2224,363,1
45613,6188,307,2
45614,8844,447,2
45615,19746,476,1
45616,6652,444,3
45617,19626,14,3
45618,940,287,2
45619,12342,45,3
45620,4880,73,3
45621,16421,367,2
45622,18554,332,3
45623,15248,240,1
45624,4317,64,1
45625,5483,217,2
45626,18168,159,2
45627,3616,384,3
45628,4246,297,1
45629,7109,288,1
45630,5652,278,3
45631,7305,230,4
45632,7790,5,3
45633,227,158,1
45634,4074,208,1
45635,6185,397,3
45636,3988,449,4
45637,4430,15,2
45638,6903,353,3
45639,8837,127,3
45640,16739,189,2
45641,10538,390,2
45642,281,444,1
45643,8800,200,1
45644,18539,430,1
45645,1958,430,3
45646,19487,202,1
45647,18104,199,2
45648,9301,490,3
45649,3254,491,1
45650,13620,170,3
45651,2275,211,2
45652,2449,103,1
45653,11007,405,2
45654,7648,216,3
45655,15257,101,4
45656,7894,80,1
45657,19761,144,2
45658,7089,377,4
45659,8965,260,3
45660,3394,492,1
45661,5171,377,1
45662,6890,150,2
45663,15728,109,1
45664,8179,214,1
45665,16110,470,3
45666,288,365,4
45667,10218,199,3
45668,12091,449,4
45669,15256,54,3
45670,18176,500,2
45671,15892,17,3
45672,13801,475,3
45673,10,270,1
45674,6026,472,4
45675,19113,364,2
45676,4839,240,2
45677,87,371,3
45678,10044,202,3
45679,13676,373,3
45680,5877,142,4
45681,13294,70,4
45682,8727,378,1
45683,9024,167,3
45684,10560,256,1
45685,15130,176,1
45686,4310,130,4
45687,12451,423,3
45688,11926,468,2
45689,10117,20,1
45690,13089,195,3
45691,18514,123,2
45692,7305,160,3
45693,18602,406,3
45694,12845,98,4
45695,13932,140,2
45696,3543,466,4
45697,401,18,1
45698,6488,232,4
45699,10512,418,4
45700,1445,245,2
45701,16608,128,4
45702,18690,126,4
45703,16949,239,1
45704,717,192,2
45705,13880,186,2
45706,15295,215,1
45707,11623,210,3
45708,14456,185,1
45709,532,234,4
45710,5859,337,3
45711,13156,230,1
45712,2504,175,1
45713,2340,323,1
45714,5368,102,1
45715,3078,80,2
45716,1659,144,1
45717,4731,72,1
45718,3094,391,3
45719,10158,431,2
45720,8542,304,3
45721,11065,232,4
45722,9324,190,4
45723,15647,82,3
45724,14068,444,2
45725,19395,77,2
45726,14821,101,3
45727,1700,465,4
45728,17792,496,1
45729,8136,292,3
45730,18309,212,3
45731,9888,190,1
45732,4618,123,4
45733,10653,151,4
45734,971,229,2
45735,18122,357,3
45736,10337,469,4
45737,11578,431,4
45738,14312,303,2
45739,3422,348,1
45740,3882,263,4
45741,8029,457,1
45742,14329,358,3
45743,8001,173,1
45744,16325,247,3
45745,10445,442,2
45746,6959,332,3
45747,4615,118,2
45748,7862,233,3
45749,6489,82,2
45750,768,72,2
45751,4229,362,1
45752,1475,76,1
45753,14885,42,2
45754,19910,92,2
45755,11358,432,2
45756,18874,361,3
45757,1413,106,4
45758,8752,356,2
45759,16128,94,3
45760,1052,43,4
45761,14456,174,2
45762,18186,413,2
45763,3295,141,2
45764,7806,70,2
45765,13147,25,1
45766,12617,496,4
45767,4246,282,2
45768,4140,436,1
45769,17194,239,1
45770,2484,427,4
45771,6384,309,4
45772,10140,382,4
45773,18734,429,3
45774,18750,26,3
45775,14,231,1
45776,1148,145,4
45777,3550,176,1
45778,18755,64,3
45779,7079,93,4
45780,11696,155,1
45781,9536,242,1
45782,356,396,4
45783,16926,26,4
45784,14153,345,3
45785,6016,108,2
45786,16006,116,4
45787,164,219,2
45788,10580,356,4
45789,11944,160,2
45790,4212,111,2
45791,11809,312,2
45792,5804,6,4
45793,10676,283,1
45794,19320,475,4
45795,3727,108,2
45796,14246,225,2
45797,9835,343,4
45798,5056,427,2
45799,3199,328,3
45800,2568,105,3
45801,12722,397,4
45802,14344,108,4
45803,9959,54,4
45804,2435,12,3
45805,1941,236,3
45806,7457,133,2
45807,17824,438,3
45808,4710,285,1
45809,2300,52,2
45810,5705,314,2
45811,894,258,3
45812,13790,410,3
45813,6603,127,2
45814,2576,444,1
45815,19802,443,1
45816,5064,487,4
45817,3608,220,1
45818,12011,274,2
45819,15330,126,2
45820,17054,487,4
45821,14064,25,1
45822,2635,261,4
45823,6243,255,3
45824,11538,130,3
45825,11916,231,1
45826,8630,235,2
45827,14856,397,4
45828,2732,12,2
45829,3443,67,4
45830,12765,220,4
45831,5406,42,1
45832,9466,230,3
45833,3378,373,2
45834,4074,256,3
45835,18463,122,4
45836,2057,308,4
45837,17004,83,1
45838,11740,191,2
45839,2128,286,1
45840,11064,309,1
45841,15481,468,3
45842,14469,467,3
45843,14211,72,4
45844,11171,124,2
45845,18005,400,2
45846,13902,59,4
45847,17781,241,1
45848,12810,298,1
45849,911,451,2
45850,17591,286,1
45851,2301,246,2
45852,18100,434,2
45853,14785,278,4
45854,10222,90,2
45855,15537,195,1
45856,9431,130,4
45857,10113,352,3
45858,7107,79,1
45859,18750,390,1
45860,1706,174,4
45861,756,380,4
45862,9746,315,2
45863,17991,198,4
45864,5231,288,1
45865,2477,19,2
45866,748,91,4
45867,8379,72,4
45868,10888,397,1
45869,19390,330,4
45870,6049,170,3
45871,16133,442,2
45872,8567,35,4
45873,11619,146,4
45874,8183,47,1
45875,19203,121,2
45876,7943,443,4
45877,17176,184,3
45878,19291,240,2
45879,6693,115,2
45880,12784,82,4
45881,11277,223,1
45882,16115,163,1
45883,14909,383,4
45884,12391,430,4
45885,13634,438,1
45886,4699,54,3
45887,8077,365,4
45888,19079,273,2
45889,15015,496,4
45890,4753,456,4
45891,2244,125,2
45892,19398,44,2
45893,19645,306,3
45894,13520,451,3
45895,8110,291,1
45896,9851,73,1
45897,8447,152,1
45898,1430,470,4
45899,6190,140,3
45900,2458,375,3
45901,19993,61,1
45902,4600,173,3
45903,9837,396,3
45904,12338,426,4
45905,16041,188,2
45906,709,480,1
45907,15913,52,2
45908,8121,70,2
45909,14916,309,3
45910,11897,313,3
45911,7217,123,2
45912,6845,91,1
45913,13354,424,2
45914,16223,146,3
45915,18002,23,2
45916,3809,139,4
45917,7520,147,3
45918,10677,36,3
45919,1323,70,1
45920,14191,339,3
45921,19032,343,4
45922,2919,154,3
45923,8623,128,4
45924,186,312,1
45925,9251,184,1
45926,7925,382,3
45927,18769,404,1
45928,12837,373,3
45929,5979,354,1
45930,1312,70,4
45931,18876,271,1
45932,17084,405,1
45933,14741,203,1
45934,18746,267,1
45935,12909,258,2
45936,16929,373,2
45937,11198,273,2
45938,8526,142,3
45939,5184,377,1
45940,11038,429,1
45941,9518,199,3
45942,12984,104,3
45943,8694,253,1
45944,5947,323,1
45945,2277,423,1
45946,11766,331,1
45947,14093,57,1
45948,4901,363,2
45949,6492,497,4
45950,1336,362,3
45951,9645,260,1
45952,7215,412,1
45953,3972,116,2
45954,5113,467,2
45955,11804,261,4
45956,12682,397,2
45957,8363,152,2
45958,9143,83,4
45959,9030,56,2
45960,16149,23,4
45961,7651,235,1
45962,10896,165,2
45963,11190,130,4
45964,18661,249,1
45965,11740,490,3
45966,3071,111,4
45967,13498,168,4
45968,5880,260,4
45969,13688,339,2
45970,11857,252,1
45971,12163,116,2
45972,12398,418,2
45973,56,350,2
45974,6847,282,2
45975,8946,269,4
45976,10488,470,2
45977,11754,334,4
45978,1389,418,2
45979,9969,204,2
45980,17818,477,4
45981,78,55,4
45982,17587,365,1
45983,11662,99,2
45984,1730,386,4
45985,10478,54,2
45986,5408,385,3
45987,9558,301,1
45988,5109,315,3
45989,1076,51,2
45990,9048,127,1
45991,2435,440,3
45992,17500,303,4
45993,8334,356,3
45994,15647,400,3
45995,4780,415,2
45996,19195,22,3
45997,796,207,4
45998,13214,237,2
45999,7385,201,2
46000,12302,130,3
46001,8031,438,1
46002,12965,470,4
46003,14350,93,4
46004,17580,127,3
46005,17935,347,2
46006,4126,55,1
46007,16667,24,4
46008,15944,300,1
46009,13894,444,3
46010,9840,128,2
46011,16670,148,3
46012,10839,28,1
46013,2999,353,1
46014,5527,257,1
46015,8240,107,3
46016,14811,416,2
46017,8945,401,3
46018,17434,157,3
46019,10322,482,4
46020,18527,241,3
46021,1842,157,2
46022,15360,253,3
46023,14040,261,2
46024,529,441,1
46025,8193,310,2
46026,9401,358,2
46027,14423,320,2
46028,9010,353,1
46029,6885,294,2
46030,8487,227,1
46031,10951,3,3
46032,5243,47,1
46033,14507,255,4
46034,8844,260,1
46035,18332,1,1
46036,7024,427,3
46037,19747,185,3
46038,5602,308,1
46039,8443,407,2
46040,19863,34,3
46041,3101,314,4
46042,9945,160,3
46043,5558,94,2
46044,16360,60,2
46045,8501,294,4
46046,13622,77,4
46047,16402,127,4
46048,14016,78,3
46049,16903,169,1
46050,18060,392,3
46051,12772,221,4
46052,8302,396,4
46053,6759,312,4
46054,8414,226,3
46055,12786,7,3
46056,7684,442,3
46057,2297,41,3
46058,13409,119,1
46059,2607,252,3
46060,19390,449,4
46061,18445,417,2
46062,11666,192,2
46063,8457,298,3
46064,2031,34,2
46065,15213,483,4
46066,6768,444,1
46067,5119,388,1
46068,10715,84,4
46069,2176,347,1
46070,5485,353,3
46071,12795,452,1
46072,5176,156,4
46073,1090,81,1
46074,770,383,1
46075,11537,337,3
46076,18147,177,1
46077,10169,176,4
46078,5978,468,3
46079,4677,142,2
46080,5624,81,3
46081,6557,30,1
46082,13420,315,2
46083,1292,374,4
46084,16784,473,1
46085,13830,114,4
46086,18765,461,1
46087,3011,38,1
46088,18954,378,4
46089,12974,460,1
46090,13499,444,1
46091,4927,18,3
46092,11286,265,3
46093,17310,130,2
46094,1660,459,4
46095,9732,129,3
46096,13744,500,3
46097,13036,98,2
46098,2763,263,1
46099,6034,81,1
46100,16271,230,2
46101,14700,381,2
46102,9168,56,3
46103,6525,104,4
46104,15855,391,2
46105,6080,187,1
46106,10800,121,1
46107,15792,312,3
46108,5238,35,4
46109,18410,95,4
46110,1147,277,4
46111,13714,274,4
46112,19102,435,1
46113,18619,106,3
46114,7969,411,3
46115,16184,160,2
46116,1223,124,1
46117,7796,173,3
46118,8801,59,3
46119,4781,315,4
46120,16475,344,2
46121,3041,364,4
46122,18444,175,4
46123,10055,24,3
46124,452,247,1
46125,5817,327,3
46126,7237,235,3
46127,6517,342,1
46128,9528,1,1
46129,9798,339,4
46130,12342,416,1
46131,3701,125,2
46132,2432,181,3
46133,12738,38,3
46134,15165,256,2
46135,3729,302,2
46136,19871,474,3
46137,13224,430,4
46138,783,89,3
46139,16901,129,2
46140,4286,191,4
46141,6576,103,2
46142,5931,75,4
46143,6349,165,2
46144,18144,402,3
46145,805,136,4
46146,1028,490,1
46147,10365,169,3
46148,785,18,1
46149,3753,467,3
46150,13171,10,4
46151,13487,432,4
46152,19723,50,3
46153,3232,177,4
46154,10556,20,1
46155,15855,291,2
46156,11916,144,1
46157,8400,402,1
46158,16053,188,4
46159,5455,51,1
46160,18271,246,3
46161,9456,28,2
46162,12752,42,1
46163,9232,166,1
46164,17223,447,3
46165,14409,271,1
46166,4387,358,1
46167,821,450,1
46168,7178,249,4
46169,12171,134,4
46170,9775,339,4
46171,4634,421,1
46172,4335,188,4
46173,16360,37,1
46174,17316,424,3
46175,17852,341,3
46176,142,340,3
46177,444,202,2
46178,14306,344,2
46179,6472,446,1
46180,18151,33,3
46181,8302,354,3
46182,1315,281,1
46183,16682,167,1
46184,12518,26,1
46185,9300,422,2
46186,2086,333,4
46187,19390,363,2
46188,10472,380,3
46189,14326,6,1
46190,7494,400,1
46191,17209,428,3
46192,17537,269,4
46193,16682,71,3
46194,8619,109,1
46195,16418,127,3
46196,18008,450,1
46197,4700,70,2
46198,19434,412,3
46199,15617,203,3
46200,8908,286,4
46201,2374,71,3
46202,5658,359,2
46203,1850,384,4
46204,14709,307,4
46205,5626,348,4
46206,4915,485,3
46207,19272,457,2
46208,19965,259,2
46209,14234,35,4
46210,10246,42,4
46211,3566,33,4
46212,13809,106,3
46213,18637,325,3
46214,17753,176,3
46215,9646,61,3
46216,1893,338,4
46217,8522,61,1
46218,16775,302,1
46219,17242,218,3
46220,23,236,1
46221,16419,414,1
46222,702,391,3
46223,4431,120,4
46224,7150,195,4
46225,7330,391,3
46226,15536,177,4
46227,8037,260,3
46228,10478,358,3
46229,1175,79,1
46230,5082,359,2
46231,7793,32,2
46232,4167,177,2
46233,15812,127,4
46234,642,46,2
46235,17731,313,2
46236,12648,92,2
46237,1184,461,2
46238,1657,55,2
46239,13702,303,2
46240,11102,404,2
46241,5284,106,4
46242,10373,487,2
46243,14855,445,4
46244,5540,499,2
46245,9890,35,4
46246,7881,414,1
46247,7380,212,4
46248,5525,221,2
46249,4431,47,1
46250,14174,444,4
46251,7856,121,2
46252,12806,458,2
46253,19450,242,1
46254,4428,244,2
46255,15001,476,4
46256,508,312,3
46257,12354,436,1
46258,16002,356,4
46259,8920,142,1
46260,12134,308,2
46261,12105,331,4
46262,11375,379,1
46263,4884,224,1
46264,982,341,4
46265,17093,254,3
46266,15903,499,3
46267,136,471,1
46268,14821,422,1
46269,5570,474,1
46270,2424,317,1
46271,17058,63,2
46272,356,200,2
46273,4208,422,1
46274,17828,401,3
46275,11281,460,4
46276,3576,129,4
46277,10331,303,4
46278,15869,163,1
46279,3514,77,2
46280,11313,83,4
46281,7939,202,3
46282,9796,272,2
46283,18253,225,1
46284,13208,82,3
46285,13669,292,3
46286,19555,10,1
46287,10463,411,1
46288,3838,109,3
46289,5650,274,2
46290,3020,300,3
46291,396,417,4
46292,14244,490,4
46293,16563,381,1
46294,12227,469,4
46295,17648,196,4
46296,8421,435,2
46297,19335,217,2
46298,9127,212,1
46299,7116,304,1
46300,385,329,2
46301,6580,143,1
46302,11700,471,1
46303,384,210,4
46304,19195,256,4
46305,9447,184,2
46306,19981,333,3
46307,6244,180,1
46308,15999,493,4
46309,16575,138,4
46310,18883,267,1
46311,12200,387,1
46312,5432,64,4
46313,19766,144,3
46314,14087,157,4
46315,9947,304,2
46316,5368,182,2
46317,16051,297,1
46318,11454,468,3
46319,16886,499,4
46320,10598,9,4
46321,3415,91,4
46322,19278,324,3
46323,809,454,1
46324,5158,358,4
46325,17277,350,1
46326,4412,104,2
46327,11132,41,3
46328,5592,259,2
46329,11077,492,3
46330,9874,29,1
46331,4077,87,2
46332,1778,250,1
46333,17710,129,1
46334,11705,474,1
46335,17024,368,1
46336,6064,67,1
46337,466,212,3
46338,2542,97,3
46339,1040,264,4
46340,13520,255,1
46341,3773,91,2
46342,4072,358,2
46343,4471,204,3
46344,5747,111,2
46345,1688,217,3
46346,16465,73,1
46347,11315,324,2
46348,17865,487,1
46349,18575,409,2
46350,7302,328,4
46351,836,7,1
46352,5211,139,4
46353,10990,28,1
46354,7158,339,2
46355,1809,54,2
46356,14817,167,1
46357,10156,431,2
46358,1341,314,4
46359,4288,149,2
46360,14539,61,4
46361,6692,360,4
46362,10161,226,1
46363,8347,217,3
46364,8889,241,1
46365,1676,275,1
46366,4852,99,4
46367,10325,137,2
46368,1971,47,2
46369,3795,336,3
46370,1685,242,3
46371,18549,357,1
46372,14630,249,1
46373,3903,32,4
46374,11305,239,2
46375,9263,203,3
46376,8244,453,3
46377,15901,137,1
46378,3325,36,1
46379,11567,129,1
46380,2155,212,4
46381,19107,336,4
46382,19836,7,3
46383,5698,154,4
46384,2470,194,1
46385,15537,106,1
46386,9248,154,3
46387,1614,443,4
46388,6691,197,4
46389,9139,36,2
46390,6425,211,1
46391,7787,3,4
46392,2903,368,3
46393,13746,187,2
46394,4147,61,4
46395,11491,286,2
46396,3342,143,2
46397,12264,118,1
46398,13853,32,2
46399,16390,107,2
46400,17421,56,1
46401,10472,360,2
46402,8750,297,4
46403,15381,24,4
46404,2854,35,1
46405,15037,156,4
46406,4025,54,3
46407,9574,273,3
46408,7271,58,2
46409,6276,86,3
46410,11149,459,4
46411,12609,133,1
46412,3821,385,4
46413,11013,255,3
46414,5814,5,3
46415,8150,110,4
46416,12881,120,3
46417,16230,272,4
46418,835,250,2
46419,4286,224,4
46420,19358,284,3
46421,15434,81,1
46422,2239,153,2
46423,9838,408,1
46424,13736,361,4
46425,3795,300,1
46426,14579,152,3
46427,3982,253,3
46428,4946,159,4
46429,7396,405,3
46430,15185,266,2
46431,2835,393,4
46432,7508,315,4
46433,5956,414,2
46434,648,107,3
46435,594,318,4
46436,11698,246,4
46437,10674,30,3
46438,7270,480,1
46439,16152,445,2
46440,11750,337,4
46441,9271,118,3
46442,2715,253,2
46443,2741,115,4
46444,1015,129,1
46445,1124,241,2
46446,4003,200,4
46447,5679,402,1
46448,6659,354,2
46449,618,327,2
46450,5866,308,3
46451,4034,72,1
46452,14638,458,4
46453,10770,112,4
46454,5637,268,1
46455,6073,98,2
46456,1148,493,1
46457,16980,213,1
46458,4103,79,1
46459,17095,404,1
46460,15553,310,3
46461,5751,20,1
46462,6430,221,3
46463,2670,439,3
46464,1947,333,3
46465,1810,226,4
46466,6789,468,3
46467,6003,68,4
46468,18650,95,2
46469,11944,29,3
46470,1368,297,3
46471,13695,396,1
46472,2298,216,2
46473,10829,33,1
46474,1350,471,2
46475,19197,351,2
46476,17530,49,3
46477,11305,163,4
46478,16633,210,4
46479,13560,397,3
46480,15540,334,3
46481,3550,60,3
46482,8651,313,3
46483,11455,470,3
46484,14241,318,2
46485,2460,483,4
46486,8939,31,4
46487,5557,242,3
46488,2597,177,3
46489,10492,182,4
46490,14647,162,4
46491,6408,159,3
46492,17531,54,1
46493,12394,269,1
46494,387,10,3
46495,16943,322,1
46496,19044,320,2
46497,10205,451,2
46498,13969,442,2
46499,4581,147,2
46500,11477,49,4
46501,15440,38,1
46502,6240,161,1
46503,14353,487,2
46504,124,203,2
46505,1576,358,2
46506,14233,412,1
46507,2213,26,4
46508,10854,488,3
46509,303,461,2
46510,1862,341,3
46511,4198,478,3
46512,11119,148,3
46513,10026,462,1
46514,6953,126,3
46515,1051,474,3
46516,7771,302,3
46517,12750,243,3
46518,916,314,4
46519,14655,144,1
46520,11523,131,4
46521,9621,500,2
46522,8572,434,4
46523,15196,218,3
46524,5402,278,2
46525,3042,351,2
46526,9891,141,4
46527,14042,385,1
46528,19475,459,2
46529,16728,325,3
46530,1573,325,1
46531,11603,233,4
46532,10901,20,3
46533,16288,218,3
46534,11090,48,1
46535,19321,90,1
46536,18560,106,4
46537,12242,62,2
46538,16744,88,2
46539,15903,255,4
46540,1317,483,3
46541,552,28,2
46542,2155,398,2
46543,4663,156,2
46544,18733,410,3
46545,15593,298,4
46546,12476,449,3
46547,3614,415,2
46548,8597,184,2
46549,19273,442,4
46550,15687,39,2
46551,10361,270,3
46552,16213,473,1
46553,13204,347,1
46554,14422,496,4
46555,12165,179,4
46556,13139,196,2
46557,10462,181,2
46558,7075,264,3
46559,7530,158,4
46560,1479,393,1
46561,16352,350,1
46562,16744,308,3
46563,4194,365,3
46564,15681,18,1
46565,14075,70,1
46566,16899,382,4
46567,4102,500,2
46568,340,68,1
46569,10553,142,4
46570,11636,468,4
46571,8537,372,1
46572,15334,8,4
46573,8352,219,2
46574,5246,218,1
46575,6489,63,2
46576,18234,62,4
46577,2099,436,3
46578,10823,324,2
46579,3888,391,2
46580,16228,127,3
46581,10854,138,4
46582,4308,211,2
46583,18939,27,1
46584,9960,345,3
46585,1007,380,2
46586,17831,16,1
46587,14038,13,3
46588,7404,449,4
46589,7431,420,4
46590,6868,490,2
46591,17167,18,2
46592,18317,125,2
46593,16835,55,4
46594,11703,380,4
46595,4938,209,1
46596,7259,205,1
46597,10884,115,4
46598,4569,469,1
46599,7929,338,4
46600,4731,354,3
46601,6386,21,3
46602,40,480,2
46603,17348,456,3
46604,18124,153,4
46605,1616,354,1
46606,18854,245,3
46607,18861,162,1
46608,16302,389,1
46609,19861,90,4
46610,17950,333,3
46611,19873,97,3
46612,3001,72,3
46613,12236,103,4
46614,12644,376,2
46615,19845,472,4
46616,14542,352,4
46617,15956,285,4
46618,17414,485,3
46619,9905,162,2
46620,18076,245,2
46621,14652,410,3
46622,18436,219,3
46623,16296,105,4
46624,13541,143,2
46625,9841,404,3
46626,18066,253,2
46627,17433,340,4
46628,4195,81,1
46629,4659,366,1
46630,17652,263,4
46631,18969,257,4
46632,4523,438,4
46633,6156,279,4
46634,1282,237,1
46635,3557,431,2
46636,3606,70,1
46637,9721,334,4
46638,19589,27,3
46639,3732,58,3
46640,10231,401,1
46641,8247,34,4
46642,4146,157,4
46643,10658,461,3
46644,1062,56,2
46645,17040,341,1
46646,9334,420,1
46647,10729,347,3
46648,9072,143,3
46649,15745,41,2
46650,7605,69,1
46651,16088,261,3
46652,19234,39,1
46653,17003,300,4
46654,17562,354,2
46655,14354,447,1
46656,13417,422,3
46657,7076,447,4
46658,8910,322,1
46659,17748,275,3
46660,4635,86,3
46661,4402,44,1
46662,9798,158,4
46663,8103,417,1
46664,9612,66,1
46665,12735,118,4
46666,16485,372,1
46667,9585,304,2
46668,10810,333,1
46669,681,50,2
46670,17776,393,3
46671,13024,7,4
46672,76,468,3
46673,13710,252,3
46674,3492,349,2
46675,13395,352,3
46676,5556,201,2
46677,10557,338,4
46678,13841,339,1
46679,16239,378,1
46680,3646,241,3
46681,645,124,1
46682,3581,384,1
46683,19300,325,1
46684,14406,426,4
46685,8038,214,1
46686,18365,354,2
46687,8342,493,3
46688,5804,433,1
46689,12244,158,1
46690,12970,256,2
46691,13682,442,4
46692,258,60,2
46693,2360,267,3
46694,14606,321,4
46695,14745,460,2
46696,4248,457,1
46697,17524,428,1
46698,498,126,1
46699,3373,164,1
46700,8556,405,4
46701,7473,388,2
46702,253,491,3
46703,3362,363,3
46704,1415,381,2
46705,13860,180,4
46706,15108,390,4
46707,13025,301,2
46708,13576,180,3
46709,5575,39,2
46710,3231,346,2
46711,8830,463,2
46712,19998,12,2
46713,18444,117,1
46714,18459,90,3
46715,10921,248,1
46716,11476,53,4
46717,9079,22,4
46718,19712,16,1
46719,5699,491,2
46720,5035,494,1
46721,8368,21,4
46722,15450,77,3
46723,17723,130,2
46724,18358,196,4
46725,16398,97,2
46726,15765,404,3
46727,14072,323,3
46728,10006,274,2
46729,19126,419,1
46730,14962,393,1
46731,2423,284,3
46732,4364,84,4
46733,18940,488,4
46734,13400,448,2
46735,12697,415,4
46736,152,111,1
46737,14517,489,3
46738,4800,448,2
46739,14414,119,2
46740,18929,410,4
46741,12758,224,3
46742,11863,240,3
46743,4040,316,1
46744,10558,171,4
46745,15345,260,4
46746,17566,391,1
46747,16682,359,4
46748,7658,182,4
46749,4886,233,4
46750,8624,385,1
46751,15847,49,1
46752,16494,439,2
46753,11551,391,4
46754,19633,398,1
46755,13805,197,4
46756,18217,300,1
46757,3321,191,3
46758,12973,432,3
46759,19925,354,1
46760,1309,137,1
46761,15857,408,4
46762,2452,365,3
46763,4557,176,2
46764,12477,9,3
46765,12349,43,2
46766,3225,220,4
46767,17071,41,3
46768,8663,363,2
46769,11764,132,2
46770,7054,471,3
46771,15928,184,3
46772,14536,480,3
46773,17124,178,1
46774,17832,413,2
46775,1320,280,4
46776,19687,389,1
46777,1817,225,2
46778,639,177,1
46779,3690,199,1
46780,9538,419,4
46781,16189,178,2
46782,9193,452,2
46783,7499,263,4
46784,13026,183,2
46785,9884,127,1
46786,14516,242,3
46787,1121,159,3
46788,12495,52,3
46789,9192,463,1
46790,14508,8,1
46791,9910,331,4
46792,12826,49,3
46793,349,415,3
46794,6290,435,2
46795,18045,339,4
46796,19986,34,1
46797,8375,446,4
46798,15973,439,1
46799,12791,292,2
46800,5286,264,4
46801,3840,171,3
46802,191,285,3
46803,13856,409,1
46804,19745,398,3
46805,16883,197,3
46806,14003,483,3
46807,13453,119,3
46808,8955,273,3
46809,4575,364,1
46810,15218,436,4
46811,1685,488,3
46812,1667,10,1
46813,12125,491,2
46814,10143,385,2
46815,16056,316,4
46816,3391,80,1
46817,12019,333,4
46818,6247,328,3
46819,8373,275,2
46820,14332,9,4
46821,1777,279,2
46822,17166,201,4
46823,10940,274,2
46824,12629,11,1
46825,14483,208,2
46826,2800,483,2
46827,10160,248,2
46828,8727,12,3
46829,13357,283,1
46830,6816,477,4
46831,5601,227,3
46832,11364,257,4
46833,8861,199,3
46834,13421,421,2
46835,18793,97,1
46836,10471,307,2
46837,13978,358,2
46838,8080,498,3
46839,16603,359,2
46840,17606,326,1
46841,6267,351,3
46842,19184,210,4
46843,17209,305,3
46844,18685,336,3
46845,19436,326,1
46846,497,277,3
46847,7181,201,2
46848,8109,258,3
46849,14046,184,1
46850,13403,23,2
46851,36,496,2
46852,3353,414,3
46853,14772,289,2
46854,4551,181,4
46855,15980,455,1
46856,959,423,1
46857,3014,51,2
46858,8855,212,1
46859,13144,228,3
46860,16273,139,2
46861,11899,371,3
46862,1393,41,2
46863,7290,233,3
46864,5322,229,4
46865,16314,211,2
46866,10293,120,4
46867,10515,195,1
46868,19787,159,3
46869,17588,134,4
46870,17211,438,3
46871,11536,83,3
46872,10329,99,4
46873,14979,375,1
46874,6973,402,1
46875,14954,281,4
46876,9066,113,2
46877,16656,412,1
46878,10987,28,2
46879,4296,300,3
46880,8106,223,2
46881,18013,482,1
46882,18755,122,2
46883,6658,319,4
46884,13994,446,1
46885,14143,59,1
46886,7975,198,2
46887,15293,109,4
46888,1441,426,4
46889,8064,192,2
46890,14254,310,1
46891,12497,333,1
46892,17821,261,4
46893,13293,141,4
46894,15674,427,1
46895,14421,328,3
46896,14174,149,4
46897,12036,377,1
46898,4564,28,4
46899,17481,19,3
46900,5482,226,3
46901,2791,167,1
46902,7877,302,1
46903,10696,194,4
46904,6119,217,2
46905,4836,245,1
46906,187,72,1
46907,14883,193,2
46908,15087,351,2
46909,16267,415,4
46910,19320,482,2
46911,5191,91,4
46912,16151,149,2
46913,10147,175,1
46914,16257,328,2
46915,328,33,3
46916,10533,344,1
46917,11322,44,1
46918,563,70,2
46919,17734,153,1
46920,4428,295,1
46921,8741,293,4
46922,1166,1,1
46923,18446,161,4
46924,4304,417,4
46925,11900,99,1
46926,6009,15,1
46927,12937,354,4
46928,10976,275,2
46929,3563,164,4
46930,13339,60,4
46931,16341,78,1
46932,286,174,4
46933,9063,456,3
46934,7068,281,2
46935,4036,20,4
46936,14631,473,3
46937,4232,320,1
46938,1088,280,1
46939,10403,326,4
46940,13720,197,1
46941,19058,179,2
46942,10511,62,3
46943,19385,249,4
46944,8554,276,4
46945,13347,388,3
46946,730,245,1
46947,10434,346,2
46948,14979,203,1
46949,2491,380,4
46950,4316,431,1
46951,13309,81,2
46952,14946,66,2
46953,929,168,1
46954,19434,281,1
46955,19667,443,2
46956,19006,287,1
46957,19461,347,3
46958,695,122,2
46959,1367,45,2
46960,16545,376,1
46961,3403,190,3
46962,16765,311,3
46963,2193,276,2
46964,18467,181,4
46965,13949,318,2
46966,17779,201,3
46967,9454,389,3
46968,6422,192,3
46969,7904,62,1
46970,3483,45,4
46971,15208,362,1
46972,6579,436,4
46973,13993,273,3
46974,8579,380,1
46975,17138,458,1
46976,5386,167,3
46977,4215,169,4
46978,15651,181,1
46979,5407,105,2
46980,17425,339,3
46981,11534,453,4
46982,15653,366,2
46983,16366,372,1
46984,19349,21,4
46985,14468,251,1
46986,4738,172,3
46987,9058,323,2
46988,3216,254,1
46989,12338,333,1
46990,13684,349,2
46991,10974,400,4
46992,5298,186,3
46993,18559,371,4
46994,19253,89,1
46995,12174,300,3
46996,14942,151,1
46997,14528,79,2
46998,15597,41,4
46999,11658,399,1
47000,13451,362,1
47001,250,66,2
47002,12037,409,4
47003,13310,349,2
47004,260,44,2
47005,17155,364,2
47006,16144,385,3
47007,16136,411,1
47008,2438,423,4
47009,9521,285,1
47010,250,481,4
47011,5243,136,1
47012,4592,475,1
47013,8245,410,1
47014,13354,275,3
47015,1210,71,2
47016,19671,371,2
47017,855,391,2
47018,1712,347,1
47019,15655,202,2
47020,8191,305,4
47021,15931,242,2
47022,833,36,1
47023,1220,102,4
47024,13628,173,3
47025,2732,295,4
47026,15297,91,1
47027,17760,178,1
47028,9412,325,1
47029,338,228,2
47030,2511,332,2
47031,14403,492,3
47032,10601,72,3
47033,1952,146,1
47034,12636,311,4
47035,17574,265,4
47036,1867,283,2
47037,18379,172,1
47038,4278,495,1
47039,7876,143,3
47040,12444,453,1
47041,454,250,4
47042,16714,290,2
47043,8783,490,1
47044,18416,487,3
47045,11632,281,4
47046,7053,316,4
47047,5266,129,3
47048,5502,109,4
47049,14155,490,3
47050,12279,138,3
47051,18955,304,2
47052,18035,353,3
47053,16366,94,4
47054,8331,300,3
47055,1360,39,2
47056,2798,165,3
47057,18838,134,2
47058,16743,377,2
47059,17284,438,1
47060,15991,445,2
47061,348,285,1
47062,1196,229,3
47063,1125,351,1
47064,18930,287,1
47065,11344,59,2
47066,18023,196,4
47067,7740,435,2
47068,5505,452,3
47069,13726,52,2
47070,18279,492,1
47071,17232,451,3
47072,15484,311,2
47073,14255,274,3
47074,5249,302,2
47075,7403,410,3
47076,10894,183,3
47077,9707,241,4
47078,8993,236,1
47079,17235,249,4
47080,18078,358,1
47081,13928,94,1
47082,2052,156,1
47083,12366,266,2
47084,15786,349,3
47085,13720,384,2
47086,19955,370,3
47087,13288,169,1
47088,8834,108,4
47089,275,78,4
47090,11063,34,4
47091,5627,361,4
47092,3318,430,2
47093,915,103,2
47094,10589,83,3
47095,2679,69,1
47096,869,400,4
47097,15748,224,3
47098,1021,275,1
47099,5223,311,1
47100,1779,389,1
47101,17581,494,2
47102,4400,236,4
47103,3419,11,4
47104,14010,411,2
47105,7090,185,1
47106,7917,400,2
47107,17283,328,3
47108,536,27,3
47109,7466,132,1
47110,11585,32,2
47111,9431,89,3
47112,4509,460,3
47113,1140,30,4
47114,11928,50,3
47115,12695,219,1
47116,16078,192,3
47117,13011,65,4
47118,13025,497,3
47119,3897,349,2
47120,3219,293,3
47121,9462,89,2
47122,18505,414,3
47123,19362,332,3
47124,2111,400,3
47125,8390,192,3
47126,7232,275,4
47127,2676,167,3
47128,2322,348,3
47129,3283,465,3
47130,2872,76,1
47131,11009,37,3
47132,17946,474,4
47133,13680,168,3
47134,5754,491,3
47135,10286,263,2
47136,15417,316,3
47137,2658,220,2
47138,4764,413,4
47139,16974,117,2
47140,1439,340,2
47141,1211,202,4
47142,16455,184,2
47143,12608,424,2
47144,1696,398,1
47145,19783,72,4
47146,7454,428,2
47147,1829,64,1
47148,14351,120,3
47149,13256,57,2
47150,17171,64,3
47151,7713,199,3
47152,19621,388,1
47153,2970,316,1
47154,10331,357,2
47155,17273,394,2
47156,8455,425,2
47157,13464,452,3
47158,19944,31,4
47159,18706,319,1
47160,19045,238,1
47161,6222,387,4
47162,8714,235,2
47163,13368,179,1
47164,15791,370,3
47165,18705,206,2
47166,1476,243,4
47167,2780,117,3
47168,17654,5,4
47169,17702,162,1
47170,15428,470,3
47171,10950,300,2
47172,10090,6,3
47173,14678,373,3
47174,18208,486,2
47175,5671,450,4
47176,1810,279,4
47177,19600,90,3
47178,671,428,3
47179,10758,370,1
47180,4938,54,1
47181,5255,252,2
47182,19641,339,1
47183,1762,124,1
47184,308,259,2
47185,12970,129,2
47186,14069,117,4
47187,9223,437,3
47188,12760,78,4
47189,12596,208,1
47190,8058,119,4
47191,11789,27,1
47192,14093,320,1
47193,14046,94,2
47194,7911,361,3
47195,17081,155,4
47196,15791,154,3
47197,12977,281,2
47198,16822,72,4
47199,15785,155,3
47200,503,435,4
47201,10831,354,2
47202,17450,99,2
47203,839,319,3
47204,6798,46,4
47205,9952,474,4
47206,16057,125,2
47207,12843,198,1
47208,10033,215,1
47209,15236,253,4
47210,5106,471,2
47211,10980,465,4
47212,17887,299,4
47213,12057,267,2
47214,2479,34,4
47215,12975,329,4
47216,2674,63,3
47217,9988,154,3
47218,3107,89,2
47219,4603,226,3
47220,11515,320,4
47221,4234,147,4
47222,8761,68,3
47223,9006,185,4
47224,7301,125,2
47225,7755,203,1
47226,11264,143,1
47227,11327,489,2
47228,5310,194,4
47229,4954,103,2
47230,11127,68,1
47231,813,155,1
47232,13347,470,2
47233,9254,3,1
47234,377,311,2
47235,9165,222,2
47236,7863,148,4
47237,8233,173,1
47238,2035,195,1
47239,73,465,4
47240,5601,188,1
47241,4034,62,3
47242,4239,114,3
47243,5829,487,3
47244,10701,465,1
47245,5924,313,1
47246,2325,400,2
47247,3623,154,3
47248,9101,371,4
47249,5282,199,4
47250,15870,223,2
47251,6279,350,1
47252,1704,327,1
47253,1050,198,1
47254,5885,123,4
47255,9735,489,3
47256,7619,25,2
47257,10207,246,1
47258,9189,24,3
47259,14843,493,2
47260,15622,492,4
47261,19764,358,1
47262,10210,129,4
47263,738,487,2
47264,14733,128,4
47265,10267,87,3
47266,12991,446,2
47267,17954,330,2
47268,7809,151,4
47269,11732,443,4
47270,16023,259,4
47271,9703,287,3
47272,3701,462,1
47273,10202,318,1
47274,1503,274,1
47275,158,167,4
47276,19628,321,3
47277,19327,11,4
47278,15348,172,1
47279,6290,265,4
47280,17020,326,1
47281,13330,397,3
47282,15925,216,3
47283,717,208,4
47284,13243,241,4
47285,15949,38,4
47286,19397,257,1
47287,6955,179,4
47288,1510,169,3
47289,867,149,4
47290,10353,69,3
47291,17001,103,2
47292,7864,134,4
47293,7997,322,1
47294,9564,37,1
47295,13657,225,4
47296,2280,258,3
47297,16750,270,1
47298,9186,156,2
47299,3651,10,3
47300,531,225,2
47301,17906,246,3
47302,2586,499,1
47303,13084,244,3
47304,15298,33,1
47305,14076,246,1
47306,4293,46,2
47307,7726,63,2
47308,608,14,4
47309,16241,455,3
47310,9646,206,2
47311,1986,406,3
47312,9503,218,2
47313,4870,356,4
47314,13267,27,3
47315,18460,480,3
47316,10501,499,3
47317,13883,148,2
47318,10303,146,2
47319,10186,216,3
47320,18394,371,1
47321,2260,497,4
47322,16124,94,3
47323,17728,349,2
47324,16581,275,1
47325,13955,389,4
47326,2986,161,2
47327,7438,196,4
47328,1034,59,2
47329,2198,311,1
47330,11672,208,2
47331,8720,198,4
47332,9150,162,2
47333,6942,261,1
47334,3022,409,3
47335,14542,52,3
47336,7081,283,3
47337,2169,372,2
47338,18402,438,1
47339,12666,282,2
47340,18927,70,2
47341,4961,492,2
47342,5798,18,2
47343,512,338,3
47344,10531,156,4
47345,4070,158,2
47346,19706,390,1
47347,1772,280,3
47348,14602,311,3
47349,12040,24,2
47350,8146,354,1
47351,11471,390,2
47352,2513,251,4
47353,13232,407,4
47354,12826,334,4
47355,6194,335,2
47356,7413,500,4
47357,1172,275,3
47358,9845,1,2
47359,5128,379,3
47360,2014,218,3
47361,7031,210,4
47362,10153,138,2
47363,2848,273,2
47364,15025,99,4
47365,15214,431,4
47366,15989,375,3
47367,12481,480,3
47368,11475,464,3
47369,9195,493,3
47370,5701,256,2
47371,2128,13,2
47372,7137,271,4
47373,13172,230,2
47374,19693,198,4
47375,10989,483,2
47376,19790,192,1
47377,15292,65,4
47378,9456,411,4
47379,17277,473,4
47380,9276,466,3
47381,1539,451,4
47382,5473,455,4
47383,8961,394,2
47384,6539,354,1
47385,3477,38,3
47386,18263,65,1
47387,15263,18,3
47388,2008,459,3
47389,17199,112,1
47390,3199,99,1
47391,9258,386,1
47392,14992,397,3
47393,15024,340,2
47394,13780,184,1
47395,17944,88,2
47396,15382,455,3
47397,2319,474,4
47398,2851,193,4
47399,6947,400,3
47400,17270,41,2
47401,1412,175,1
47402,9483,423,4
47403,15033,378,2
47404,164,489,1
47405,5325,75,4
47406,1201,178,2
47407,16349,186,2
47408,17889,117,4
47409,12888,353,1
47410,9479,162,3
47411,14688,53,4
47412,12273,285,1
47413,13428,388,2
47414,17555,219,2
47415,6323,274,4
47416,3331,153,2
47417,12457,444,2
47418,15381,88,4
47419,1964,215,2
47420,5798,17,4
47421,6342,139,3
47422,17136,71,1
47423,18435,46,4
47424,12766,470,1
47425,14285,148,1
47426,6432,497,1
47427,1682,386,2
47428,15567,408,2
47429,814,485,4
47430,9119,431,1
47431,18294,229,2
47432,8725,456,3
47433,14980,232,4
47434,1017,488,3
47435,19162,168,2
47436,15210,191,4
47437,10182,310,1
47438,2508,219,2
47439,9979,227,3
47440,8180,205,3
47441,6365,18,4
47442,14041,498,3
47443,19807,244,1
47444,13216,21,1
47445,9982,424,2
47446,12882,365,4
47447,5551,162,2
47448,17208,23,3
47449,8414,95,2
47450,19629,146,2
47451,15242,53,3
47452,16614,380,1
47453,11401,90,3
47454,3407,70,2
47455,13719,97,3
47456,271,112,4
47457,11290,122,2
47458,3035,313,4
47459,4501,84,3
47460,4200,176,3
47461,13070,114,4
47462,10913,361,4
47463,2392,421,4
47464,2041,110,1
47465,14589,181,4
47466,16511,417,1
47467,17843,495,1
47468,4891,278,2
47469,10701,452,4
47470,10585,434,4
47471,6819,164,2
47472,16321,47,1
47473,14090,436,4
47474,8372,413,3
47475,4567,49,2
47476,9951,48,2
47477,4641,497,2
47478,2527,481,2
47479,18154,277,1
47480,6363,107,3
47481,14236,374,4
47482,5983,118,3
47483,13105,222,4
47484,4796,202,3
47485,14034,376,3
47486,6487,15,3
47487,14100,448,1
47488,19831,272,3
47489,18016,370,1
47490,15300,433,2
47491,186,83,4
47492,4897,17,1
47493,19778,370,3
47494,10850,323,4
47495,6070,112,2
47496,3642,194,3
47497,2787,283,2
47498,9456,160,1
47499,12379,223,2
47500,10058,346,3
47501,1812,486,1
47502,2754,16,1
47503,5146,174,3
47504,5203,222,4
47505,11095,376,4
47506,15768,346,1
47507,7392,341,4
47508,13472,120,3
47509,6046,74,4
47510,3913,497,4
47511,4013,295,2
47512,18632,372,3
47513,6855,98,1
47514,12234,23,1
47515,19281,262,2
47516,7287,48,4
47517,11120,225,1
47518,10137,142,4
47519,12307,303,2
47520,15281,189,3
47521,11622,45,3
47522,1682,322,4
47523,10718,251,1
47524,5716,349,3
47525,18080,494,4
47526,9016,434,3
47527,2766,328,3
47528,2221,88,2
47529,2117,15,1
47530,15892,261,2
47531,12323,39,1
47532,3815,216,3
47533,12805,72,1
47534,18240,90,4
47535,19429,479,1
47536,6814,171,3
47537,1004,42,4
47538,1593,359,4
47539,6674,153,4
47540,6056,199,2
47541,9375,118,1
47542,11273,136,4
47543,18048,224,2
47544,1115,20,3
47545,7969,213,1
47546,14389,242,4
47547,5713,464,4
47548,2031,248,4
47549,2583,359,1
47550,6640,362,3
47551,17632,256,3
47552,11767,46,4
47553,18984,184,2
47554,8256,207,1
47555,4569,223,1
47556,11292,391,1
47557,3834,69,4
47558,4391,2,3
47559,8232,251,4
47560,1694,247,1
47561,4467,141,2
47562,9490,371,1
47563,15720,197,2
47564,5502,179,2
47565,8271,13,1
47566,4030,269,3
47567,8340,441,3
47568,7821,201,3
47569,8479,343,4
47570,14458,179,4
47571,12069,444,2
47572,5987,312,4
47573,18024,254,1
47574,16893,137,1
47575,6749,370,1
47576,8842,87,3
47577,18286,82,3
47578,19437,441,3
47579,12292,92,4
47580,13804,324,4
47581,17986,91,3
47582,9186,187,1
47583,4507,307,4
47584,7998,174,4
47585,12337,475,3
47586,12135,103,4
47587,9691,476,3
47588,298,195,4
47589,13349,135,2
47590,17396,415,2
47591,18155,482,4
47592,3284,103,2
47593,1498,335,4
47594,15047,494,2
47595,3689,471,1
47596,17151,449,2
47597,8054,155,3
47598,11371,61,3
47599,10174,212,3
47600,17187,70,3
47601,4364,359,3
47602,12237,465,3
47603,11350,173,3
47604,7890,41,1
47605,8545,249,1
47606,5996,226,4
47607,13852,290,4
47608,11360,419,1
47609,11384,485,1
47610,285,36,3
47611,5112,89,2
47612,13909,290,4
47613,14393,358,1
47614,11760,258,1
47615,3709,33,2
47616,2727,223,4
47617,12907,150,3
47618,11168,473,2
47619,17391,364,1
47620,4477,119,4
47621,10406,382,4
47622,4055,431,2
47623,8696,33,1
47624,10774,456,2
47625,13565,74,2
47626,6445,162,2
47627,18854,370,2
47628,16756,400,4
47629,5441,497,3
47630,16254,227,2
47631,5042,241,3
47632,15899,98,2
47633,18339,61,3
47634,7539,165,2
47635,9169,224,3
47636,174,353,2
47637,12111,52,3
47638,2535,56,4
47639,12100,495,4
47640,12262,239,4
47641,5805,88,1
47642,14578,354,1
47643,14258,223,3
47644,17780,170,4
47645,4616,86,1
47646,6969,500,2
47647,3230,412,2
47648,14162,397,1
47649,12388,346,3
47650,18226,117,3
47651,11654,169,1
47652,17838,62,4
47653,11290,427,3
47654,17393,273,1
47655,366,311,1
47656,2998,126,2
47657,15796,323,1
47658,1783,43,1
47659,15913,128,3
47660,17588,253,4
47661,15046,68,2
47662,15031,422,2
47663,1285,464,1
47664,11302,294,4
47665,6326,490,3
47666,15746,253,4
47667,6632,251,2
47668,5126,439,1
47669,19533,187,2
47670,16370,358,4
47671,2436,27,4
47672,7824,317,3
47673,582,328,2
47674,9353,63,4
47675,4726,36,4
47676,8651,277,3
47677,11670,153,4
47678,14960,409,2
47679,76,81,3
47680,6405,1,3
47681,13824,474,3
47682,15178,431,2
47683,17045,29,1
47684,10995,147,2
47685,2639,72,3
47686,16607,387,3
47687,4728,28,1
47688,4017,335,4
47689,4744,431,2
47690,12779,28,4
47691,15081,100,3
47692,11143,359,3
47693,19753,85,2
47694,19519,216,4
47695,2316,216,2
47696,1043,399,1
47697,12013,186,4
47698,9762,50,4
47699,7284,201,1
47700,3965,200,4
47701,18220,249,1
47702,10641,184,2
47703,19920,88,2
47704,11673,96,4
47705,18105,178,2
47706,18873,163,2
47707,7459,210,3
47708,14690,312,1
47709,1453,180,1
47710,4957,247,4
47711,15600,313,1
47712,14386,80,4
47713,538,214,3
47714,11298,362,3
47715,13174,120,4
47716,4684,246,3
47717,15418,171,2
47718,18550,391,1
47719,13886,44,4
47720,18000,63,3
47721,13795,292,3
47722,1492,327,3
47723,3854,336,2
47724,18672,484,3
47725,16276,433,3
47726,13927,37,3
47727,8309,368,4
47728,9774,73,4
47729,4182,470,4
47730,15770,365,2
47731,10518,115,4
47732,7917,190,4
47733,13546,67,1
47734,7152,246,4
47735,10889,424,2
47736,18499,383,4
47737,17441,162,3
47738,12623,393,3
47739,15063,121,4
47740,13441,381,2
47741,7288,298,1
47742,1195,11,4
47743,14829,429,4
47744,5872,4,3
47745,3201,58,1
47746,391,61,3
47747,4510,63,1
47748,7333,347,1
47749,10655,385,2
47750,10800,321,3
47751,17013,1,3
47752,16888,423,1
47753,5011,192,4
47754,18148,36,3
47755,4973,111,1
47756,534,253,4
47757,18763,39,4
47758,9265,98,2
47759,7770,204,4
47760,14664,4,1
47761,1343,486,2
47762,13449,128,1
47763,6189,290,3
47764,18351,221,2
47765,11505,355,1
47766,15022,239,3
47767,15654,288,4
47768,13367,19,4
47769,11635,467,1
47770,19721,151,1
47771,3165,437,2
47772,13721,318,2
47773,14629,456,1
47774,11419,278,2
47775,5226,231,2
47776,7850,137,2
47777,16038,340,4
47778,3765,195,2
47779,13275,464,1
47780,10233,388,2
47781,902,255,1
47782,17571,232,1
47783,18726,218,3
47784,11994,462,2
47785,17356,51,4
47786,13253,50,2
47787,18658,266,3
47788,6777,74,3
47789,13444,385,1
47790,8753,200,1
47791,12248,413,4
47792,5847,244,4
47793,12149,376,3
47794,17340,267,1
47795,11036,370,1
47796,3016,201,3
47797,16130,164,1
47798,13582,24,4
47799,6522,438,4
47800,14971,253,3
47801,11937,45,3
47802,2184,383,4
47803,8260,490,1
47804,15943,122,4
47805,19852,50,1
47806,11619,472,1
47807,17655,72,4
47808,18323,152,4
47809,19241,373,1
47810,15320,382,3
47811,7806,417,1
47812,8753,188,4
47813,19238,418,2
47814,3466,478,1
47815,7743,306,4
47816,10585,462,4
47817,11982,1,4
47818,12504,454,3
47819,5245,10,1
47820,13982,496,2
47821,18471,379,4
47822,12962,359,2
47823,717,429,3
47824,3457,390,3
47825,1566,190,1
47826,17705,340,2
47827,624,151,2
47828,9051,488,4
47829,10596,66,4
47830,6816,487,4
47831,12159,133,3
47832,17084,313,1
47833,7450,383,3
47834,9214,294,4
47835,14163,263,4
47836,1933,68,4
47837,14567,227,1
47838,14714,448,2
47839,71,170,2
47840,15422,37,1
47841,4854,205,3
47842,6807,323,1
47843,5010,383,1
47844,16298,121,3
47845,15116,472,3
47846,2797,165,2
47847,19130,16,3
47848,6999,151,1
47849,2776,429,1
47850,126,355,4
47851,13667,252,2
47852,6327,456,4
47853,9002,97,3
47854,16894,411,1
47855,9497,304,2
47856,5248,255,2
47857,14211,470,1
47858,14549,325,3
47859,5002,238,4
47860,17349,81,2
47861,6997,434,2
47862,3355,5,3
47863,19115,123,3
47864,12948,217,3
47865,19959,82,4
47866,1652,64,1
47867,8129,406,4
47868,4442,34,2
47869,3337,165,3
47870,15937,406,1
47871,10435,235,4
47872,15432,413,1
47873,4049,223,1
47874,6710,193,3
47875,18341,113,3
47876,14891,355,2
47877,15279,150,4
47878,7040,404,1
47879,7334,455,1
47880,5844,241,1
47881,14679,414,2
47882,15206,338,3
47883,18787,290,2
47884,9421,289,3
47885,19587,88,4
47886,10996,422,4
47887,15750,57,2
47888,5625,361,3
47889,17429,142,2
47890,335,489,3
47891,16432,443,4
47892,17138,387,2
47893,6101,161,3
47894,6180,72,1
47895,17347,212,3
47896,1686,493,3
47897,13914,261,2
47898,17315,89,4
47899,17981,191,2
47900,3523,387,3
47901,4866,159,1
47902,19607,303,2
47903,6948,303,4
47904,19089,205,2
47905,18827,482,2
47906,8479,196,1
47907,2896,115,4
47908,13824,478,3
47909,14031,202,4
47910,18388,469,1
47911,9787,13,3
47912,18247,342,4
47913,7166,405,2
47914,467,379,1
47915,3720,29,2
47916,6911,417,1
47917,11232,360,1
47918,11062,383,4
47919,18402,438,3
47920,6705,263,4
47921,9237,113,1
47922,13743,373,4
47923,3921,117,1
47924,19164,31,3
47925,16660,419,3
47926,9311,382,2
47927,18917,489,3
47928,12857,374,2
47929,7606,369,1
47930,11016,487,2
47931,16625,80,4
47932,11688,50,2
47933,1027,148,2
47934,10308,61,4
47935,14956,371,2
47936,1552,192,3
47937,8417,494,1
47938,11447,352,1
47939,13709,118,3
47940,13840,190,3
47941,11296,497,3
47942,15276,402,1
47943,19615,269,2
47944,16698,161,2
47945,16252,125,4
47946,4710,141,3
47947,7406,308,4
47948,1181,441,2
47949,19073,498,4
47950,5080,427,1
47951,18578,185,4
47952,84,199,1
47953,15854,409,4
47954,6622,493,2
47955,13091,80,4
47956,11832,304,3
47957,840,339,2
47958,12750,482,4
47959,8990,371,2
47960,7507,135,2
47961,10470,480,1
47962,13856,32,2
47963,11239,35,3
47964,73,163,4
47965,19924,315,2
47966,16691,168,3
47967,3754,200,3
47968,19783,1,1
47969,1657,212,2
47970,19221,129,2
47971,15865,395,4
47972,14941,313,1
47973,222,278,3
47974,9236,59,2
47975,14840,410,4
47976,277,457,3
47977,16744,212,1
47978,9890,177,4
47979,1817,83,3
47980,4748,451,4
47981,14464,326,4
47982,15964,249,1
47983,95,488,3
47984,18047,335,2
47985,2394,425,1
47986,15783,151,3
47987,5637,398,4
47988,6489,410,1
47989,3038,348,3
47990,2554,361,3
47991,6149,300,4
47992,7386,41,3
47993,13355,481,3
47994,2485,30,1
47995,10185,251,3
47996,14344,406,3
47997,14653,440,1
47998,4097,197,2
47999,7291,227,4
48000,8898,267,4
48001,16985,457,2
48002,1960,197,4
48003,17502,495,4
48004,15943,461,2
48005,3533,458,2
48006,11896,134,4
48007,8427,251,1
48008,17400,393,3
48009,15753,184,3
48010,4377,191,2
48011,11333,234,1
48012,10965,233,4
48013,15037,390,1
48014,19308,200,2
48015,16798,217,2
48016,15293,440,1
48017,10583,288,2
48018,8721,35,1
48019,18616,393,1
48020,10526,226,3
48021,73,278,3
48022,3021,384,2
48023,14709,167,2
48024,1658,435,4
48025,17945,61,2
48026,10993,339,1
48027,7282,285,4
48028,15387,411,1
48029,1485,457,3
48030,1029,39,2
48031,7319,454,2
48032,6565,204,1
48033,19518,356,2
48034,562,136,1
48035,436,42,2
48036,15121,345,2
48037,6317,288,3
48038,11816,98,2
48039,12984,380,4
48040,13037,64,3
48041,17957,303,2
48042,174,299,3
48043,13179,64,2
48044,15825,474,4
48045,2089,199,2
48046,12458,270,2
48047,16177,53,4
48048,19120,209,4
48049,6142,123,4
48050,16328,442,2
48051,2437,471,2
48052,8581,273,3
48053,15203,78,3
48054,19498,194,1
48055,1642,140,1
48056,3107,396,2
48057,8844,448,3
48058,3518,272,4
48059,10348,211,4
48060,9992,389,3
48061,15528,70,3
48062,7520,183,3
48063,9124,133,4
48064,521,379,1
48065,2314,476,3
48066,17404,126,1
48067,10940,85,4
48068,19529,468,1
48069,13467,495,1
48070,5420,423,2
48071,8615,139,2
48072,11726,311,2
48073,3750,215,1
48074,15911,258,2
48075,12439,97,2
48076,19438,76,2
48077,13460,493,2
48078,6377,478,4
48079,10585,499,4
48080,9763,291,4
48081,11452,11,4
48082,1072,269,2
48083,5201,297,4
48084,19036,285,3
48085,8220,347,2
48086,7461,447,1
48087,291,13,2
48088,1295,135,4
48089,5287,301,1
48090,687,187,2
48091,8396,485,1
48092,18628,239,3
48093,5302,398,1
48094,10280,395,3
48095,10867,383,2
48096,4011,352,2
48097,18255,154,4
48098,15929,143,2
48099,10789,455,3
48100,6655,13,4
48101,3434,457,4
48102,11414,115,2
48103,12686,291,3
48104,1699,36,2
48105,15374,50,4
48106,13424,362,1
48107,11647,415,2
48108,17774,425,2
48109,2439,159,4
48110,14085,442,1
48111,11251,461,1
48112,10594,10,1
48113,10043,201,3
48114,8817,135,2
48115,14894,77,1
48116,13911,408,3
48117,18481,154,4
48118,7450,164,1
48119,7297,176,3
48120,17614,237,2
48121,11479,495,2
48122,1544,499,3
48123,3595,86,2
48124,2600,340,2
48125,9654,221,2
48126,5643,355,2
48127,896,222,1
48128,7764,201,4
48129,8595,362,3
48130,3500,302,3
48131,10487,66,2
48132,13215,134,4
48133,12664,362,4
48134,18988,87,4
48135,1752,334,3
48136,9717,71,3
48137,10794,322,4
48138,2282,336,4
48139,550,149,1
48140,5695,364,3
48141,19700,197,4
48142,4158,198,1
48143,17582,302,1
48144,3799,58,1
48145,13668,160,3
48146,17079,226,2
48147,8204,449,4
48148,11137,53,1
48149,19129,328,1
48150,6731,444,2
48151,5417,175,3
48152,5605,338,3
48153,10203,110,3
48154,19723,202,4
48155,18004,156,4
48156,10997,125,4
48157,17070,402,4
48158,18257,17,4
48159,10833,456,1
48160,13288,423,3
48161,13713,334,1
48162,13647,419,2
48163,19634,363,4
48164,16452,453,2
48165,1927,244,3
48166,1710,366,4
48167,11952,132,2
48168,10776,166,1
48169,19375,303,3
48170,11646,104,2
48171,13155,438,1
48172,17258,373,2
48173,16730,405,4
48174,16435,41,2
48175,9551,399,4
48176,13460,442,2
48177,12958,432,3
48178,19580,166,2
48179,9084,286,1
48180,4076,405,1
48181,7720,328,4
48182,17429,319,1
48183,6493,165,3
48184,10076,220,2
48185,4729,141,4
48186,16632,126,2
48187,5139,133,4
48188,945,135,4
48189,2515,79,1
48190,13396,224,3
48191,11298,326,1
48192,6253,365,1
48193,12648,329,3
48194,5314,425,3
48195,18658,304,2
48196,3905,20,2
48197,6294,177,2
48198,8209,149,3
48199,16953,492,2
48200,9340,249,4
48201,17057,60,2
48202,19360,467,4
48203,5415,281,1
48204,11204,62,1
48205,18431,166,1
48206,8836,300,3
48207,16892,199,3
48208,12095,474,1
48209,13588,184,1
48210,16011,108,4
48211,2896,45,3
48212,4060,462,4
48213,13288,261,2
48214,8974,138,4
48215,19446,314,1
48216,15955,147,2
48217,15551,15,1
48218,6087,421,1
48219,11676,144,2
48220,12983,390,3
48221,4891,27,2
48222,17846,419,3
48223,18411,171,4
48224,13836,231,1
48225,16153,260,4
48226,12266,313,2
48227,13774,236,4
48228,1254,396,1
48229,11589,331,3
48230,18005,7,4
48231,12111,151,1
48232,7436,494,2
48233,1837,408,2
48234,18718,203,1
48235,2527,99,2
48236,19738,388,4
48237,3437,63,2
48238,14090,463,2
48239,9199,449,2
48240,2005,103,1
48241,17388,474,1
48242,4591,13,3
48243,11009,293,1
48244,662,345,4
48245,5981,487,3
48246,16234,111,2
48247,13516,343,4
48248,10784,401,3
48249,590,385,4
48250,12551,264,4
48251,715,266,4
48252,13963,419,3
48253,14016,137,1
48254,13889,219,1
48255,12403,108,3
48256,6680,225,1
48257,16512,455,2
48258,366,345,4
48259,15159,301,2
48260,8277,51,1
48261,2316,52,2
48262,12931,291,1
48263,3304,484,1
48264,4529,56,3
48265,18600,452,2
48266,3458,103,1
48267,13236,217,3
48268,7211,274,2
48269,15092,451,2
48270,7361,394,2
48271,916,97,3
48272,1150,278,2
48273,1859,224,2
48274,4988,202,4
48275,1109,372,4
48276,16561,363,2
48277,12176,2,1
48278,5789,246,3
48279,8382,2,3
48280,17733,195,3
48281,3065,446,3
48282,16997,499,2
48283,6775,251,3
48284,4164,342,1
48285,2369,19,4
48286,17613,278,1
48287,12512,224,2
48288,8447,313,4
48289,6840,269,4
48290,5086,239,4
48291,8840,333,4
48292,3604,57,1
48293,15984,30,2
48294,10681,442,3
48295,17558,145,2
48296,12871,4,1
48297,18819,415,3
48298,6988,494,2
48299,5224,51,2
48300,1703,328,3
48301,6302,232,2
48302,4660,449,2
48303,13554,335,1
48304,9651,455,4
48305,317,403,1
48306,9447,335,4
48307,6674,291,3
48308,14100,62,2
48309,8637,90,3
48310,14284,255,1
48311,13685,84,3
48312,4304,213,3
48313,16740,455,2
48314,5227,471,1
48315,13036,39,4
48316,8228,10,2
48317,3573,353,3
48318,15776,431,4
48319,6400,29,1
48320,10454,133,3
48321,7324,160,1
48322,17002,461,4
48323,2592,235,2
48324,5901,451,1
48325,9329,161,4
48326,19870,67,4
48327,9036,184,3
48328,19225,271,2
48329,6637,277,3
48330,7485,374,1
48331,13330,84,4
48332,15477,217,1
48333,9313,439,3
48334,18378,308,1
48335,4970,211,2
48336,18136,427,2
48337,5509,14,2
48338,18525,379,2
48339,16955,458,3
48340,1788,217,2
48341,15673,45,2
48342,17395,170,1
48343,14061,309,4
48344,12041,493,3
48345,13522,401,2
48346,5427,390,2
48347,19893,196,1
48348,611,278,1
48349,14861,45,3
48350,5735,32,1
48351,19865,71,4
48352,17366,456,1
48353,5115,190,3
48354,13622,166,4
48355,17069,300,3
48356,12932,352,2
48357,6963,393,1
48358,12916,159,4
48359,243,1,3
48360,9465,395,2
48361,12606,90,2
48362,17630,92,4
48363,12910,340,3
48364,17737,478,1
48365,15111,291,2
48366,17643,65,3
48367,7222,329,1
48368,8953,384,4
48369,6692,137,3
48370,11459,168,4
48371,18809,476,2
48372,7050,253,1
48373,16435,252,1
48374,12265,348,2
48375,8624,348,2
48376,10233,117,4
48377,6732,225,1
48378,9660,74,1
48379,7254,55,3
48380,2203,405,4
48381,304,312,4
48382,12677,161,3
48383,1990,315,4
48384,19997,423,1
48385,3859,128,4
48386,16094,271,1
48387,970,474,3
48388,15219,148,4
48389,13404,16,2
48390,8321,395,1
48391,2201,354,1
48392,6638,64,3
48393,8488,413,3
48394,3461,265,1
48395,1416,413,2
48396,16539,77,3
48397,19060,269,1
48398,1530,328,4
48399,9524,206,4
48400,18727,106,2
48401,14765,259,4
48402,11217,427,3
48403,19338,156,3
48404,16604,40,1
48405,7066,329,1
48406,14865,366,4
48407,9219,356,2
48408,9479,228,4
48409,9564,492,1
48410,19037,351,3
48411,3663,426,4
48412,11133,449,2
48413,9835,199,2
48414,19587,52,3
48415,5358,486,1
48416,18635,495,1
48417,8318,353,2
48418,9922,153,4
48419,1871,85,3
48420,17372,49,1
48421,19946,286,4
48422,6811,175,4
48423,11739,79,2
48424,13363,285,2
48425,1817,148,3
48426,13883,206,1
48427,17810,198,3
48428,18773,149,2
48429,1451,341,3
48430,14619,337,2
48431,2753,412,4
48432,6400,85,1
48433,11436,222,4
48434,9961,464,1
48435,1890,250,3
48436,8301,197,1
48437,7865,108,2
48438,11942,434,4
48439,5273,481,4
48440,2639,11,3
48441,18354,164,3
48442,1745,277,3
48443,3775,238,4
48444,9140,404,4
48445,1065,204,4
48446,2452,300,3
48447,16395,16,4
48448,13694,176,4
48449,13188,300,2
48450,1897,443,4
48451,4424,409,2
48452,18525,376,4
48453,11048,361,1
48454,6817,126,2
48455,5677,9,3
48456,12880,8,3
48457,11978,462,2
48458,14586,97,2
48459,13017,302,3
48460,12841,475,4
48461,5169,473,2
48462,4303,390,2
48463,1683,424,3
48464,11301,26,3
48465,14969,224,2
48466,12118,202,4
48467,10418,437,4
48468,12749,314,4
48469,4087,266,1
48470,5855,406,4
48471,6038,85,2
48472,12913,340,3
48473,13974,149,2
48474,11578,419,3
48475,4928,266,3
48476,8418,404,3
48477,3552,193,4
48478,17444,403,3
48479,7195,232,1
48480,12585,403,3
48481,13618,141,3
48482,8922,445,2
48483,15618,402,2
48484,11295,375,3
48485,4312,114,2
48486,3749,433,3
48487,8380,6,3
48488,6595,406,3
48489,633,475,3
48490,15790,170,2
48491,12598,87,3
48492,11118,463,3
48493,18824,138,3
48494,7726,371,3
48495,9114,494,4
48496,6853,265,3
48497,13414,320,4
48498,1466,234,2
48499,11748,310,2
48500,14380,306,3
48501,668,374,4
48502,10218,405,3
48503,16147,126,4
48504,15905,269,3
48505,6179,281,3
48506,137,411,2
48507,16902,309,1
48508,8579,25,1
48509,1823,401,2
48510,12484,467,2
48511,15837,30,1
48512,8267,244,3
48513,7100,137,4
48514,12249,41,4
48515,4855,65,4
48516,8999,234,3
48517,15423,243,2
48518,18624,474,1
48519,249,98,1
48520,7582,489,4
48521,11543,214,1
48522,8603,123,2
48523,4836,113,1
48524,6151,40,2
48525,6764,403,2
48526,16399,111,4
48527,3837,80,2
48528,9744,195,1
48529,18628,439,1
48530,15631,383,1
48531,17137,476,2
48532,9446,461,4
48533,12058,399,2
48534,5899,489,3
48535,1295,483,3
48536,10556,372,1
48537,11187,390,4
48538,1035,67,3
48539,2965,486,4
48540,16916,426,1
48541,1225,356,3
48542,2460,322,4
48543,14184,259,1
48544,5503,232,2
48545,5484,155,1
48546,18983,98,2
48547,19226,335,2
48548,5189,424,4
48549,13052,490,4
48550,14489,255,3
48551,5490,262,4
48552,8875,385,2
48553,17884,85,4
48554,3086,498,1
48555,16870,464,1
48556,18324,450,3
48557,2571,39,1
48558,4010,66,3
48559,6294,317,1
48560,8060,434,1
48561,13575,52,3
48562,12334,491,3
48563,19333,401,2
48564,3593,343,1
48565,11138,270,2
48566,14340,30,4
48567,13918,213,4
48568,11744,98,1
48569,1948,283,3
48570,19208,21,1
48571,12593,252,1
48572,10154,124,1
48573,14556,91,3
48574,9401,170,3
48575,5492,152,2
48576,17427,34,3
48577,14630,266,3
48578,16962,47,2
48579,881,286,4
48580,7096,443,2
48581,18422,470,3
48582,19487,77,2
48583,18335,243,4
48584,724,271,2
48585,16156,76,1
48586,16017,163,3
48587,7837,418,3
48588,12670,238,4
48589,18017,102,2
48590,10634,317,1
48591,8322,60,4
48592,7965,440,2
48593,19331,78,1
48594,18856,1,3
48595,15396,113,1
48596,16249,150,4
48597,638,281,4
48598,11183,313,3
48599,1668,454,3
48600,5217,255,3
48601,17039,135,3
48602,9842,456,1
48603,9451,59,2
48604,12396,409,3
48605,1423,427,3
48606,5096,142,4
48607,12682,175,3
48608,11618,381,4
48609,17631,491,1
48610,17520,148,2
48611,14985,434,2
48612,759,257,3
48613,7685,7,4
48614,13575,102,3
48615,11563,473,3
48616,15491,108,2
48617,18682,280,2
48618,17858,419,1
48619,3081,381,4
48620,6901,106,2
48621,5549,260,2
48622,17296,350,2
48623,19915,260,4
48624,12175,278,2
48625,5511,391,1
48626,13761,297,1
48627,17251,11,2
48628,2351,114,4
48629,3420,181,3
48630,10725,188,4
48631,6963,69,1
48632,654,330,4
48633,12478,407,3
48634,9827,421,1
48635,14375,53,3
48636,1795,293,4
48637,13258,31,2
48638,12152,23,3
48639,11032,216,2
48640,13608,426,4
48641,10909,188,4
48642,16751,352,4
48643,17414,311,2
48644,10687,21,4
48645,16679,72,1
48646,7664,37,1
48647,117,183,1
48648,1332,209,4
48649,14726,488,3
48650,15046,378,3
48651,3189,418,2
48652,14138,92,1
48653,5564,441,2
48654,17549,192,2
48655,14712,4,3
48656,6475,129,1
48657,10945,462,3
48658,13116,17,3
48659,6487,144,2
48660,2623,241,3
48661,18652,336,2
48662,3289,143,2
48663,6168,322,2
48664,19337,284,4
48665,385,38,4
48666,14255,472,1
48667,1972,65,4
48668,16058,370,3
48669,3293,323,4
48670,6774,234,2
48671,2064,148,4
48672,11823,240,2
48673,7985,35,2
48674,15267,321,4
48675,10818,92,2
48676,8290,49,3
48677,14709,204,4
48678,9173,351,2
48679,16886,75,3
48680,16623,288,3
48681,12253,382,3
48682,566,374,1
48683,7862,166,3
48684,13039,233,4
48685,19424,208,1
48686,484,283,2
48687,4908,382,4
48688,3542,399,3
48689,19539,389,1
48690,10710,279,2
48691,5514,343,4
48692,3809,403,4
48693,12629,438,3
48694,16537,139,3
48695,6088,299,2
48696,16452,382,1
48697,5245,115,2
48698,1573,93,1
48699,4353,366,4
48700,19371,496,4
48701,5487,279,2
48702,12086,490,3
48703,4251,334,2
48704,18164,487,2
48705,5491,447,2
48706,14361,2,2
48707,278,80,3
48708,2012,201,4
48709,975,221,3
48710,14252,175,3
48711,19419,68,3
48712,17114,224,3
48713,15186,19,3
48714,15340,442,2
48715,15488,244,1
48716,4781,195,3
48717,3992,198,2
48718,7286,5,4
48719,13427,282,1
48720,4710,220,1
48721,2065,158,4
48722,1937,303,1
48723,1285,294,2
48724,8172,310,3
48725,18980,170,1
48726,4843,365,1
48727,16984,317,3
48728,17836,493,2
48729,5702,333,2
48730,5291,459,1
48731,2082,252,4
48732,13860,298,4
48733,18296,95,3
48734,1174,439,3
48735,11260,120,3
48736,5248,438,3
48737,18320,332,2
48738,11624,84,3
48739,14689,219,3
48740,5104,28,2
48741,13197,316,3
48742,9690,300,1
48743,17506,172,3
48744,11796,87,1
48745,18235,372,2
48746,7522,214,1
48747,10606,385,1
48748,6925,205,1
48749,10934,69,4
48750,3098,143,1
48751,5910,25,3
48752,5740,300,4
48753,13906,136,2
48754,4361,3,1
48755,777,343,2
48756,18200,175,2
48757,6379,144,1
48758,3969,251,3
48759,17908,350,4
48760,12105,61,1
48761,10938,15,1
48762,9987,52,1
48763,1043,417,4
48764,5538,116,2
48765,14913,121,1
48766,8385,243,2
48767,19506,134,2
48768,2305,331,4
48769,3727,104,1
48770,9873,481,3
48771,7469,458,2
48772,13397,49,1
48773,3303,226,3
48774,510,445,3
48775,13440,376,3
48776,10994,319,3
48777,1107,383,2
48778,14675,443,1
48779,37,341,2
48780,16617,75,4
48781,392,498,2
48782,6611,138,1
48783,4044,121,1
48784,7082,190,4
48785,1599,5,2
48786,7385,489,4
48787,1746,129,3
48788,17841,37,2
48789,18282,315,3
48790,15473,293,4
48791,3568,192,3
48792,12725,258,3
48793,15167,413,4
48794,15522,391,4
48795,12633,16,4
48796,18190,446,1
48797,11503,426,3
48798,2188,55,2
48799,6328,195,1
48800,3825,92,4
48801,8160,195,1
48802,16196,435,1
48803,9349,169,4
48804,7325,375,2
48805,15542,225,1
48806,2526,60,4
48807,16562,254,4
48808,7803,35,4
48809,5430,241,1
48810,16147,265,3
48811,1046,170,4
48812,10813,184,3
48813,1922,144,2
48814,16983,51,3
48815,7364,216,1
48816,9760,377,2
48817,12034,120,2
48818,12728,465,2
48819,13707,215,4
48820,17578,309,2
48821,15907,24,1
48822,17329,2,3
48823,12944,376,4
48824,13724,264,2
48825,5539,431,4
48826,12849,392,2
48827,8133,397,4
48828,15482,189,4
48829,17116,90,3
48830,15483,64,3
48831,6673,426,4
48832,12233,156,2
48833,17400,49,2
48834,11589,414,3
48835,16271,347,1
48836,10080,366,4
48837,13406,205,3
48838,12660,212,1
48839,16160,262,1
48840,14487,182,2
48841,18003,338,2
48842,12010,352,2
48843,16038,15,3
48844,18276,487,1
48845,18455,128,2
48846,15756,376,1
48847,8605,107,4
48848,19088,132,4
48849,3740,58,1
48850,3437,369,1
48851,7525,373,4
48852,12400,211,3
48853,8630,251,4
48854,15035,164,4
48855,15098,6,3
48856,17325,344,2
48857,18845,2,1
48858,6347,402,4
48859,2687,262,3
48860,7311,385,3
48861,16003,254,3
48862,12015,267,2
48863,15143,133,3
48864,12565,282,1
48865,8744,409,4
48866,15184,149,4
48867,9756,16,1
48868,3540,327,2
48869,2047,170,1
48870,16073,339,3
48871,4580,286,1
48872,8734,22,1
48873,14644,91,4
48874,3539,247,2
48875,10861,491,2
48876,12000,396,2
48877,439,176,1
48878,8060,410,2
48879,11402,472,4
48880,18728,393,3
48881,5621,84,2
48882,5721,394,4
48883,15026,132,3
48884,11979,425,2
48885,4059,169,4
48886,10115,318,3
48887,13682,345,4
48888,11330,415,3
48889,8666,251,1
48890,7637,218,1
48891,10583,265,1
48892,4874,421,4
48893,12349,37,2
48894,15231,276,2
48895,18857,304,1
48896,13983,388,1
48897,7253,190,2
48898,19131,42,2
48899,2906,152,1
48900,14500,233,1
48901,15946,136,1
48902,4390,165,3
48903,8735,56,3
48904,18072,356,2
48905,8468,188,4
48906,11074,261,2
48907,7032,130,1
48908,4984,148,1
48909,15577,256,1
48910,11501,93,3
48911,13898,320,3
48912,2264,178,3
48913,17208,315,1
48914,1331,400,3
48915,8078,198,1
48916,6311,138,2
48917,1159,408,2
48918,4308,189,2
48919,19642,451,3
48920,2027,324,4
48921,18271,40,1
48922,15047,262,3
48923,12065,326,4
48924,5222,136,3
48925,1594,367,2
48926,847,131,2
48927,4006,54,1
48928,17189,379,4
48929,76,373,2
48930,246,294,3
48931,2970,182,1
48932,18186,121,3
48933,5022,310,1
48934,16004,232,3
48935,10519,43,1
48936,11462,173,4
48937,2291,73,1
48938,15611,371,1
48939,14979,449,2
48940,3127,381,2
48941,16574,124,2
48942,2196,169,1
48943,4027,238,1
48944,3573,162,1
48945,12160,347,2
48946,13790,279,1
48947,1859,334,3
48948,11790,440,1
48949,18496,359,4
48950,13849,347,3
48951,13148,363,2
48952,10163,29,1
48953,18857,357,4
48954,7895,151,4
48955,8486,172,1
48956,3496,421,2
48957,19816,356,1
48958,7604,436,3
48959,15546,160,4
48960,1127,6,1
48961,3178,384,3
48962,11004,99,4
48963,12148,116,1
48964,16984,11,3
48965,15438,199,1
48966,1329,376,4
48967,18185,99,2
48968,8327,435,1
48969,629,352,1
48970,18320,391,1
48971,15959,497,3
48972,18224,414,3
48973,3328,38,3
48974,12633,390,3
48975,14536,431,2
48976,3585,152,1
48977,95,61,1
48978,16204,340,1
48979,19682,243,4
48980,19234,144,3
48981,5549,454,2
48982,10217,121,4
48983,18000,348,2
48984,6806,45,1
48985,12806,160,3
48986,11042,274,3
48987,7162,485,4
48988,1900,182,4
48989,7987,437,4
48990,16366,23,1
48991,5766,288,1
48992,6165,470,1
48993,14322,453,2
48994,16331,30,3
48995,911,471,3
48996,4974,308,4
48997,14696,86,1
48998,18399,204,3
48999,8425,144,3
49000,17238,379,2
49001,2792,131,1
49002,15699,138,3
49003,18060,168,4
49004,4759,442,3
49005,11960,140,1
49006,6825,278,2
49007,13480,99,1
49008,13301,170,1
49009,8383,87,1
49010,1002,225,2
49011,11630,457,1
49012,11659,458,2
49013,9837,192,1
49014,8684,108,2
49015,2753,41,4
49016,10419,5,3
49017,421,229,3
49018,4512,103,4
49019,13722,95,1
49020,16876,224,2
49021,17266,172,4
49022,16883,210,2
49023,10309,25,4
49024,6439,30,2
49025,2134,204,2
49026,2528,337,2
49027,5078,326,4
49028,11222,87,3
49029,6871,388,1
49030,5958,115,4
49031,14910,435,3
49032,13997,220,4
49033,12654,401,3
49034,18317,395,2
49035,15948,266,4
49036,6238,278,2
49037,1051,410,4
49038,2912,282,3
49039,7532,223,3
49040,7824,473,2
49041,912,462,3
49042,16150,454,4
49043,6576,350,4
49044,17253,483,1
49045,5864,441,3
49046,13779,347,1
49047,15308,30,2
49048,14123,293,4
49049,7899,317,1
49050,11551,300,1
49051,19780,170,4
49052,3202,211,4
49053,2536,54,1
49054,16205,302,3
49055,13826,296,3
49056,8787,394,2
49057,13725,295,1
49058,15790,158,3
49059,18537,156,3
49060,5671,256,1
49061,17606,112,2
49062,14719,197,1
49063,14989,341,2
49064,2118,232,3
49065,18514,74,1
49066,14691,314,2
49067,15979,170,1
49068,12017,446,2
49069,6234,18,1
49070,2619,71,2
49071,7832,497,4
49072,11609,254,3
49073,4022,386,2
49074,1733,389,3
49075,2078,471,3
49076,9206,498,2
49077,18070,381,1
49078,10493,148,1
49079,10509,131,1
49080,5030,152,1
49081,2097,402,3
49082,13736,423,4
49083,18711,471,4
49084,13208,354,1
49085,13578,212,2
49086,2931,323,3
49087,9120,224,4
49088,7110,26,4
49089,19695,167,4
49090,2229,389,1
49091,5183,456,4
49092,11292,271,4
49093,1770,431,1
49094,16371,103,4
49095,9672,392,3
49096,11307,368,3
49097,8384,490,1
49098,16459,27,2
49099,8064,184,3
49100,14540,488,1
49101,8518,248,4
49102,5188,5,1
49103,3494,364,1
49104,4215,196,4
49105,16845,357,4
49106,10761,294,4
49107,1064,439,1
49108,3300,186,1
49109,14561,495,3
49110,16596,12,4
49111,16655,177,4
49112,18923,380,2
49113,12226,130,3
49114,8811,453,3
49115,10460,96,2
49116,13141,281,2
49117,12061,156,1
49118,18453,233,4
49119,6756,260,1
49120,15609,159,3
49121,10892,479,2
49122,13786,113,2
49123,19454,357,2
49124,6601,414,4
49125,6153,172,1
49126,14140,175,1
49127,9067,55,2
49128,11945,232,1
49129,7208,191,2
49130,12166,422,1
49131,7431,167,4
49132,14850,219,2
49133,1828,128,2
49134,12799,190,3
49135,5423,456,4
49136,4249,164,1
49137,12341,39,2
49138,6766,322,4
49139,18927,477,4
49140,10097,153,4
49141,7650,105,2
49142,19437,259,4
49143,5729,364,1
49144,655,373,3
49145,6494,259,2
49146,11225,147,2
49147,2205,407,2
49148,15163,417,3
49149,3096,237,3
49150,377,163,4
49151,19711,77,1
49152,13495,20,4
49153,2962,315,4
49154,10935,412,3
49155,1706,150,1
49156,8295,61,3
49157,5855,270,2
49158,339,159,2
49159,12263,475,4
49160,15519,223,1
49161,13900,497,2
49162,3652,484,4
49163,5291,132,4
49164,15713,99,1
49165,1064,465,3
49166,12197,270,1
49167,11789,221,4
49168,17947,235,3
49169,1635,225,2
49170,13154,362,4
49171,11402,175,1
49172,10473,224,2
49173,15044,77,2
49174,14227,166,2
49175,14301,429,3
49176,18417,224,3
49177,1783,286,4
49178,9682,285,1
49179,17713,32,1
49180,17567,392,3
49181,1359,194,1
49182,18952,76,4
49183,19122,94,4
49184,16033,262,3
49185,5238,6,3
49186,11341,207,4
49187,7630,81,1
49188,19923,51,1
49189,19475,449,4
49190,6330,317,3
49191,6409,462,2
49192,10412,320,3
49193,17855,13,4
49194,8139,204,4
49195,10707,333,4
49196,13924,439,1
49197,144,375,3
49198,9707,91,4
49199,17784,270,4
49200,14803,58,3
49201,6248,368,3
49202,8365,60,1
49203,16597,277,1
49204,6402,315,2
49205,17383,419,4
49206,18898,346,3
49207,2734,432,4
49208,3793,338,2
49209,12566,403,2
49210,7378,145,1
49211,552,331,3
49212,854,284,3
49213,1825,78,1
49214,1742,67,1
49215,7557,73,3
49216,1299,373,3
49217,18224,303,4
49218,5195,95,2
49219,7536,209,2
49220,9147,105,3
49221,9449,465,4
49222,7638,77,2
49223,2360,347,1
49224,14279,127,3
49225,19682,167,2
49226,4837,45,2
49227,13282,276,2
49228,8887,275,3
49229,19686,435,3
49230,9434,253,4
49231,14978,249,4
49232,7704,72,3
49233,19205,333,2
49234,18868,445,3
49235,18322,483,1
49236,15673,274,1
49237,12455,282,2
49238,6358,123,1
49239,2979,75,4
49240,2446,50,3
49241,11744,331,4
49242,3900,136,1
49243,1133,454,1
49244,6873,37,1
49245,12292,296,3
49246,5471,116,3
49247,1050,246,4
49248,5230,252,4
49249,5602,63,3
49250,19922,223,1
49251,6793,260,3
49252,5526,134,2
49253,12980,253,4
49254,12925,173,4
49255,6629,482,2
49256,7925,78,1
49257,8159,271,1
49258,13798,307,4
49259,6050,216,3
49260,9752,338,4
49261,13651,296,3
49262,19171,473,2
49263,2512,422,4
49264,14943,217,2
49265,19556,208,3
49266,12948,305,1
49267,17249,298,1
49268,7381,272,2
49269,16440,337,3
49270,4387,469,3
49271,18822,165,2
49272,2030,288,3
49273,2807,7,2
49274,2660,203,2
49275,14887,306,3
49276,19001,57,2
49277,19765,129,4
49278,10767,236,3
49279,5081,41,1
49280,5088,433,1
49281,3710,428,1
49282,7205,486,1
49283,9339,177,4
49284,14927,274,3
49285,7605,369,4
49286,3660,300,4
49287,11228,180,3
49288,16784,46,3
49289,10016,159,2
49290,617,323,2
49291,18252,269,3
49292,19946,148,3
49293,16383,77,3
49294,14091,242,4
49295,16404,55,4
49296,7550,286,3
49297,17634,26,3
49298,6490,249,1
49299,1184,35,3
49300,11273,315,1
49301,6510,369,1
49302,10105,123,1
49303,8199,178,1
49304,5492,331,3
49305,12480,481,4
49306,9070,109,1
49307,14808,223,2
49308,15444,460,4
49309,2359,356,1
49310,15843,363,2
49311,2719,210,3
49312,332,275,4
49313,18172,337,1
49314,1247,162,3
49315,10693,499,3
49316,6431,451,1
49317,6570,57,1
49318,14767,427,4
49319,4638,175,4
49320,9452,190,1
49321,8847,416,1
49322,11044,19,2
49323,10120,186,3
49324,6024,149,4
49325,6567,304,1
49326,3534,63,4
49327,14331,433,1
49328,6929,429,2
49329,18559,121,2
49330,476,357,1
49331,7429,154,2
49332,15803,435,2
49333,10809,431,1
49334,10238,368,3
49335,14816,301,3
49336,9298,391,3
49337,19711,477,4
49338,19076,151,2
49339,5452,279,2
49340,8930,30,4
49341,16329,315,4
49342,18152,79,3
49343,6391,435,4
49344,4551,165,2
49345,1110,89,4
49346,15358,418,3
49347,13803,439,4
49348,7629,193,4
49349,10053,351,4
49350,8847,127,3
49351,9738,412,4
49352,17935,102,1
49353,16196,413,2
49354,17456,257,3
49355,15914,497,1
49356,8100,353,1
49357,18316,425,1
49358,17192,436,3
49359,12738,140,1
49360,10259,223,4
49361,9051,167,3
49362,18177,30,1
49363,14870,293,2
49364,12262,81,4
49365,12345,2,1
49366,17365,135,1
49367,6219,362,1
49368,5887,377,1
49369,13696,459,1
49370,5095,110,4
49371,17878,19,1
49372,16729,340,4
49373,186,126,2
49374,18608,271,4
49375,9236,81,4
49376,2232,17,2
49377,2024,39,2
49378,4818,196,1
49379,13476,470,4
49380,14262,98,3
49381,5272,131,3
49382,14470,379,2
49383,15277,257,4
49384,10209,171,3
49385,9190,240,2
49386,18741,357,3
49387,7479,420,2
49388,15642,227,3
49389,13397,202,4
49390,14012,287,1
49391,5132,482,4
49392,11539,141,4
49393,5231,274,1
49394,14527,149,1
49395,11930,452,4
49396,6768,236,1
49397,7239,284,1
49398,1270,180,2
49399,12749,8,3
49400,18723,306,3
49401,8326,245,4
49402,7437,119,1
49403,7396,499,3
49404,14752,313,3
49405,8922,281,4
49406,6756,448,1
49407,8726,222,3
49408,10663,36,3
49409,11792,419,2
49410,17126,123,4
49411,11338,212,4
49412,16629,227,2
49413,11152,277,1
49414,1398,149,4
49415,11044,118,4
49416,13421,293,1
49417,1584,397,4
49418,12435,31,4
49419,18361,310,4
49420,9184,185,1
49421,12560,470,4
49422,18031,224,3
49423,1505,222,4
49424,202,264,2
49425,13812,141,2
49426,14182,95,4
49427,13455,425,1
49428,16474,267,1
49429,17110,32,1
49430,9837,286,4
49431,19701,433,1
49432,12338,251,2
49433,14623,78,2
49434,11800,28,2
49435,217,341,2
49436,5578,32,3
49437,432,307,1
49438,16267,222,2
49439,10560,19,2
49440,9887,52,2
49441,5697,237,2
49442,5078,54,1
49443,3349,406,3
49444,18938,482,4
49445,7871,2,4
49446,19665,375,4
49447,16571,74,2
49448,16393,230,3
49449,14862,445,3
49450,10128,416,4
49451,17039,7,1
49452,9795,130,1
49453,13130,24,2
49454,9523,32,1
49455,16755,389,2
49456,14152,192,3
49457,3808,371,4
49458,8184,53,4
49459,18243,321,3
49460,15587,412,2
49461,6649,160,2
49462,13126,247,1
49463,9146,49,1
49464,509,302,3
49465,11964,160,4
49466,3112,449,2
49467,12943,456,2
49468,6227,497,3
49469,10341,382,4
49470,9184,245,4
49471,5560,220,2
49472,16418,500,3
49473,16179,479,3
49474,12498,40,4
49475,9430,236,4
49476,1291,310,3
49477,5686,248,3
49478,7342,167,3
49479,11639,247,3
49480,11293,173,4
49481,17976,249,1
49482,164,140,2
49483,6428,495,4
49484,9559,56,3
49485,5703,436,1
49486,18783,66,4
49487,12406,147,1
49488,12684,443,3
49489,8413,127,1
49490,2815,200,2
49491,13023,499,4
49492,19795,113,2
49493,16877,170,2
49494,3854,448,1
49495,6157,326,2
49496,12074,417,1
49497,4021,124,1
49498,15098,206,4
49499,2917,11,3
49500,11053,294,1
49501,11519,212,2
49502,11519,173,2
49503,9099,58,1
49504,7029,161,4
49505,9467,6,4
49506,14343,333,1
49507,10913,431,3
49508,19652,497,3
49509,17346,405,3
49510,17710,193,3
49511,4873,288,1
49512,14281,243,4
49513,10210,49,3
49514,6924,426,3
49515,17806,438,3
49516,8849,147,1
49517,17393,111,2
49518,2867,484,4
49519,15144,329,1
49520,445,486,1
49521,14656,392,4
49522,12807,158,3
49523,1280,208,2
49524,13467,392,3
49525,18573,20,1
49526,7633,187,4
49527,7326,48,1
49528,555,125,1
49529,9769,230,3
49530,10761,233,4
49531,17919,348,2
49532,16463,71,2
49533,18118,386,2
49534,15156,36,1
49535,5622,341,1
49536,12476,393,4
49537,19743,126,1
49538,11124,472,3
49539,5372,137,4
49540,12360,255,1
49541,9943,408,2
49542,6419,145,4
49543,7728,500,1
49544,7452,1,1
49545,17666,342,4
49546,1094,381,4
49547,3619,132,1
49548,852,405,4
49549,1509,355,3
49550,12049,487,4
49551,18949,367,3
49552,11258,29,3
49553,18885,134,1
49554,11144,201,3
49555,11586,499,1
49556,10335,320,1
49557,18499,47,2
49558,188,467,2
49559,16790,199,4
49560,4580,352,1
49561,12853,224,3
49562,13844,194,1
49563,3862,35,3
49564,14440,58,3
49565,15781,70,4
49566,19323,16,3
49567,4059,54,4
49568,5105,154,1
49569,8788,287,2
49570,13674,470,2
49571,19779,148,3
49572,11599,14,3
49573,7288,37,4
49574,19992,132,3
49575,16100,302,1
49576,8055,489,4
49577,7904,118,2
49578,12292,320,4
49579,9585,399,3
49580,4428,68,1
49581,14311,280,1
49582,19835,104,3
49583,10909,96,3
49584,19666,338,1
49585,13857,24,4
49586,15124,410,2
49587,13969,135,1
49588,14308,224,1
49589,8385,205,1
49590,7099,390,4
49591,2662,429,2
49592,7317,16,3
49593,16789,338,2
49594,15840,196,3
49595,989,356,4
49596,14701,94,4
49597,19728,113,4
49598,18938,66,4
49599,14952,96,4
49600,9912,38,1
49601,13444,351,4
49602,8589,139,2
49603,15971,335,3
49604,18329,8,2
49605,15470,69,2
49606,13912,15,2
49607,17777,80,1
49608,19094,338,3
49609,19465,118,1
49610,6480,201,1
49611,16267,169,4
49612,4262,137,1
49613,7178,187,3
49614,4777,40,4
49615,15636,121,3
49616,13979,391,2
49617,14165,11,3
49618,7232,293,2
49619,4013,129,4
49620,15400,382,1
49621,159,255,4
49622,16233,207,4
49623,8995,158,2
49624,17772,455,2
49625,2924,210,3
49626,7068,411,1
49627,2230,311,3
49628,7656,205,1
49629,7032,259,4
49630,5089,232,3
49631,4288,344,4
49632,10228,461,4
49633,12564,413,4
49634,18027,365,1
49635,6927,379,2
49636,18459,17,3
49637,11946,141,3
49638,490,82,4
49639,15752,180,3
49640,4516,220,4
49641,12844,32,4
49642,10591,359,2
49643,9189,376,4
49644,10468,58,3
49645,7267,293,3
49646,2028,201,1
49647,5767,326,4
49648,10192,25,1
49649,10762,71,2
49650,15304,226,1
49651,13928,374,4
49652,18170,268,3
49653,15457,75,2
49654,8123,387,2
49655,6891,378,3
49656,15978,25,2
49657,14488,161,3
49658,17949,436,1
49659,14313,240,4
49660,5340,312,1
49661,52,174,4
49662,2703,194,3
49663,9757,261,4
49664,18458,371,1
49665,12935,134,2
49666,2655,358,1
49667,13390,469,3
49668,15520,255,4
49669,10076,281,2
49670,5592,6,1
49671,12545,95,2
49672,742,263,2
49673,14010,460,1
49674,5490,154,4
49675,2158,450,1
49676,5710,229,3
49677,14065,74,2
49678,1882,250,1
49679,6350,211,2
49680,17972,11,2
49681,14706,422,1
49682,7820,135,4
49683,10533,353,3
49684,3553,437,4
49685,112,281,2
49686,14282,455,1
49687,4788,341,4
49688,13194,392,3
49689,12647,119,1
49690,19444,471,4
49691,6147,157,1
49692,6562,222,3
49693,17017,371,2
49694,17502,107,3
49695,18784,307,3
49696,2034,261,2
49697,12146,176,1
49698,6052,54,1
49699,3190,338,1
49700,15452,90,2
49701,17022,127,2
49702,1788,233,4
49703,5707,32,3
49704,2378,17,2
49705,13994,52,1
49706,5951,419,4
49707,9776,40,4
49708,6458,433,1
49709,14005,312,1
49710,11461,31,3
49711,3691,28,1
49712,18336,447,2
49713,11087,147,3
49714,8090,241,4
49715,9955,459,1
49716,18512,339,3
49717,19920,121,1
49718,12487,309,4
49719,12166,102,2
49720,12842,482,1
49721,3540,284,3
49722,4707,37,3
49723,7233,12,1
49724,12906,194,3
49725,19197,26,1
49726,15282,409,1
49727,5692,467,4
49728,6704,51,2
49729,3084,117,1
49730,5253,235,2
49731,19561,384,3
49732,13267,171,1
49733,15254,37,4
49734,13629,115,1
49735,13603,101,1
49736,2418,238,3
49737,14582,37,4
49738,18875,439,3
49739,5134,310,3
49740,1896,271,2
49741,1862,239,1
49742,404,332,4
49743,16666,357,1
49744,3444,148,2
49745,6063,65,2
49746,108,381,4
49747,13105,481,1
49748,18466,391,4
49749,12747,67,3
49750,9451,72,3
49751,8913,146,1
49752,1681,481,4
49753,11069,398,4
49754,14863,148,1
49755,3929,59,1
49756,3369,476,1
49757,6596,52,1
49758,9192,250,3
49759,13845,479,2
49760,7735,34,4
49761,19533,182,1
49762,19753,3,1
49763,13235,43,3
49764,9180,460,1
49765,16382,164,1
49766,3507,384,3
49767,6467,365,4
49768,2833,291,3
49769,17510,293,3
49770,19026,64,3
49771,2225,136,4
49772,1905,401,4
49773,2092,258,2
49774,5751,125,3
49775,18616,342,4
49776,8683,172,3
49777,4014,212,3
49778,13310,197,1
49779,19559,322,3
49780,19142,479,2
49781,4418,412,4
49782,15176,5,2
49783,18587,479,4
49784,18666,254,1
49785,13442,89,1
49786,16534,79,2
49787,155,277,3
49788,9111,297,4
49789,6905,92,2
49790,12827,279,4
49791,18163,306,4
49792,11781,54,4
49793,8557,332,1
49794,13012,71,3
49795,1245,70,1
49796,14628,162,1
49797,5662,280,2
49798,9436,215,3
49799,6238,446,4
49800,11810,370,2
49801,4844,359,1
49802,5994,37,1
49803,11204,25,1
49804,3239,325,1
49805,7473,365,2
49806,16020,418,4
49807,13109,117,3
49808,2895,364,4
49809,16678,102,2
49810,5147,250,1
49811,2507,228,4
49812,9012,226,3
49813,15604,286,2
49814,5184,89,2
49815,14571,336,1
49816,4657,420,4
49817,14799,375,3
49818,1789,104,1
49819,2542,382,4
49820,8649,480,2
49821,14679,79,2
49822,3856,330,1
49823,9908,254,4
49824,9369,438,4
49825,11215,195,3
49826,19920,142,1
49827,10191,294,1
49828,6039,353,1
49829,16220,439,4
49830,3944,25,3
49831,3317,344,1
49832,18211,42,3
49833,8775,301,1
49834,5666,237,1
49835,17348,12,4
49836,16555,330,2
49837,11747,372,3
49838,11585,101,4
49839,11464,298,3
49840,18063,440,4
49841,7686,492,4
49842,17688,141,3
49843,17312,307,1
49844,10450,321,3
49845,18001,206,3
49846,13752,296,1
49847,17015,340,3
49848,19141,214,1
49849,15751,406,3
49850,3279,237,4
49851,8181,66,3
49852,12313,422,2
49853,9015,314,3
49854,2820,110,3
49855,11631,139,2
49856,2579,286,2
49857,16290,160,2
49858,1246,362,3
49859,3322,373,3
49860,5279,415,3
49861,4180,123,2
49862,15725,123,4
49863,18599,336,1
49864,13675,347,4
49865,17343,77,2
49866,5036,181,3
49867,17343,182,1
49868,16715,309,4
49869,9437,260,1
49870,12013,245,4
49871,17852,282,4
49872,7879,482,1
49873,18391,338,2
49874,17889,451,4
49875,8200,160,4
49876,11086,170,4
49877,7648,127,2
49878,17968,117,1
49879,16325,261,4
49880,13257,396,3
49881,8175,401,4
49882,5002,354,4
49883,6700,437,1
49884,848,408,3
49885,4197,313,4
49886,1635,460,3
49887,9971,448,4
49888,9596,235,3
49889,4694,7,1
49890,11018,130,2
49891,9187,226,4
49892,13083,260,3
49893,5413,133,3
49894,3533,135,2
49895,12278,151,4
49896,17162,419,2
49897,18378,494,1
49898,17617,245,4
49899,1270,53,3
49900,1450,36,4
49901,15363,151,4
49902,16054,185,1
49903,9332,139,3
49904,17631,340,4
49905,14705,148,2
49906,11093,131,3
49907,12037,192,4
49908,14785,293,3
49909,9876,52,2
49910,4714,331,4
49911,13521,224,3
49912,9588,493,4
49913,14640,285,2
49914,15523,249,1
49915,12377,371,2
49916,3426,55,3
49917,13102,290,4
49918,8490,217,4
49919,5266,385,2
49920,1194,67,4
49921,3939,427,3
49922,10958,401,4
49923,7881,270,4
49924,2964,261,2
49925,16803,143,2
49926,15138,326,1
49927,15344,332,2
49928,9601,6,4
49929,3119,163,2
49930,2040,347,1
49931,15258,72,2
49932,4250,353,3
49933,4290,127,4
49934,1901,22,3
49935,3830,371,2
49936,12474,268,2
49937,18175,34,2
49938,2201,344,3
49939,3660,105,1
49940,14430,169,2
49941,806,82,3
49942,1820,392,4
49943,14887,284,1
49944,304,404,1
49945,18860,494,2
49946,9748,88,1
49947,2297,71,3
49948,4289,136,4
49949,13406,243,4
49950,15752,325,4
49951,14252,367,4
49952,290,84,4
49953,11196,297,4
49954,11382,260,3
49955,2990,373,2
49956,1712,263,1
49957,930,73,3
49958,14806,152,3
49959,6686,189,2
49960,16466,381,1
49961,5924,248,4
49962,1559,405,4
49963,10885,383,3
49964,19401,240,2
49965,13128,260,4
49966,2173,71,4
49967,11981,471,1
49968,18413,127,3
49969,1292,150,4
49970,7287,59,3
49971,15326,182,1
49972,2158,256,3
49973,4951,475,2
49974,8286,498,4
49975,13314,483,2
49976,1789,421,4
49977,17094,12,3
49978,17215,83,4
49979,2995,266,4
49980,3472,328,3
49981,3486,455,4
49982,18666,371,4
49983,14760,244,4
49984,155,34,3
49985,16726,295,2
49986,5695,266,2
49987,9828,480,2
49988,18970,311,3
49989,18055,349,4
49990,9200,357,2
49991,3133,330,3
49992,9841,143,3
49993,7819,198,3
49994,19405,445,4
49995,13376,108,3
49996,19504,125,4
49997,3360,307,4
49998,263,284,2
49999,377,240,3
50000,17824,185,1
