order_id,customer_id,restaurant_id,order_date,payment_method,order_status,total_amount
1,994,96,2025-05-25,Card,Cancelled,2962.97
2,972,10,2025-08-28,Card,Delivered,1936.06
3,939,99,2025-10-13,Cash,Cancelled,187.38
4,230,96,2025-10-01,UPI,Delivered,1398.38
5,964,100,2025-07-07,UPI,Delivered,2568.3
6,212,15,2025-01-16,Cash,Cancelled,210.87
7,179,54,2025-12-29,UPI,Cancelled,1920.29
8,561,89,2025-04-11,Card,Cancelled,1849.33
9,872,29,2025-12-26,Card,Cancelled,1185.95
10,708,13,2025-11-04,UPI,Delivered,1536.12
11,748,30,2025-05-19,Card,Delivered,1350.7
12,51,53,2025-05-04,Cash,Cancelled,1958.93
13,338,77,2025-02-01,Cash,Delivered,2725.44
14,122,5,2025-01-26,Card,Delivered,439.83
15,973,81,2025-06-30,UPI,Cancelled,1010.66
16,235,8,2025-04-11,Card,Delivered,1835.67
17,476,6,2025-08-20,Cash,Cancelled,1181.7
18,271,89,2025-02-17,Cash,Cancelled,334.71
19,361,31,2025-06-16,UPI,Delivered,702.94
20,417,29,2025-02-21,Cash,Cancelled,986.37
21,796,94,2025-10-15,Cash,Cancelled,1087.78
22,187,5,2025-03-23,Cash,Cancelled,2887.74
23,91,94,2025-01-09,UPI,Cancelled,1092.53
24,882,90,2025-02-08,Card,Delivered,2448.55
25,78,4,2025-07-21,UPI,Cancelled,655.22
26,249,57,2025-09-24,UPI,Cancelled,384.76
27,111,26,2025-10-22,Card,Cancelled,1648.58
28,319,94,2025-02-10,Cash,Cancelled,1855.41
29,521,83,2025-09-02,Cash,Cancelled,584.29
30,292,7,2025-01-13,UPI,Delivered,694.49
31,817,60,2025-07-02,UPI,Cancelled,1667.62
32,776,16,2025-03-13,Card,Cancelled,260.17
33,163,39,2025-06-09,Cash,Delivered,2026.36
34,437,8,2025-06-06,Card,Delivered,2562.05
35,938,32,2025-05-21,Cash,Cancelled,1357.56
36,719,19,2025-01-12,Cash,Cancelled,469.37
37,589,33,2025-04-14,Cash,Cancelled,2097.12
38,677,78,2025-12-10,Card,Delivered,2690.22
39,741,36,2025-05-02,Card,Cancelled,324.97
40,456,63,2025-12-21,Cash,Cancelled,1053.84
41,482,91,2025-07-26,Card,Delivered,1244.1
42,897,12,2025-01-19,UPI,Delivered,2142.11
43,376,2,2025-10-17,Card,Delivered,2513.24
44,309,64,2025-02-21,Card,Cancelled,2613.02
45,22,90,2025-01-22,UPI,Cancelled,237.2
46,675,22,2025-07-04,UPI,Delivered,2436.03
47,332,72,2025-06-25,UPI,Cancelled,2050.17
48,318,18,2025-07-04,Cash,Delivered,1743.42
49,768,48,2025-10-30,Cash,Cancelled,2481.89
50,760,6,2025-03-17,Cash,Cancelled,545.34
51,663,19,2025-09-30,Cash,Delivered,1103.15
52,537,96,2025-07-28,Cash,Cancelled,706.04
53,645,66,2025-12-16,Card,Delivered,2556.54
54,886,37,2025-02-02,Cash,Cancelled,1424.26
55,943,90,2025-05-14,Cash,Cancelled,543.74
56,868,71,2025-08-19,UPI,Cancelled,2695.62
57,373,87,2025-04-22,Cash,Cancelled,1141.03
58,807,64,2025-12-21,Cash,Cancelled,1958.53
59,179,29,2025-11-30,UPI,Cancelled,745.27
60,114,87,2025-07-30,Card,Cancelled,2935.11
61,175,94,2025-02-14,UPI,Delivered,1517.38
62,180,46,2025-04-17,Cash,Cancelled,984.42
63,291,42,2025-02-26,UPI,Cancelled,1735.69
64,965,41,2025-09-08,Card,Delivered,976.41
65,198,88,2025-03-03,UPI,Cancelled,810.37
66,490,86,2025-02-02,Card,Delivered,2765.39
67,116,68,2025-02-15,Cash,Cancelled,1194.82
68,749,77,2025-06-26,Card,Cancelled,1014.87
69,134,1,2025-04-23,UPI,Delivered,2549.19
70,426,64,2025-12-25,Card,Cancelled,785.2
71,590,15,2025-02-10,Cash,Delivered,983.9
72,192,91,2025-08-21,UPI,Cancelled,2955.22
73,881,63,2025-03-04,Card,Cancelled,160.99
74,784,57,2025-08-05,UPI,Cancelled,342.73
75,414,17,2025-06-14,UPI,Cancelled,2106.33
76,187,93,2025-10-24,Card,Delivered,2728.57
77,998,62,2025-10-29,Card,Cancelled,1293.09
78,452,57,2025-11-23,Card,Cancelled,193.76
79,665,17,2025-03-19,UPI,Delivered,2010.96
80,313,61,2025-04-30,UPI,Delivered,1024.33
81,937,36,2025-09-04,UPI,Cancelled,2191.32
82,293,80,2025-12-29,Card,Delivered,932.47
83,636,18,2025-07-27,Card,Cancelled,418.08
84,692,100,2025-10-01,Cash,Cancelled,2168.18
85,108,46,2025-03-05,Cash,Delivered,2613.03
86,738,54,2025-05-11,UPI,Delivered,2217.13
87,923,16,2025-06-21,Card,Cancelled,1559.12
88,503,2,2025-11-12,UPI,Delivered,2431.4
89,247,62,2025-08-09,UPI,Cancelled,2920.36
90,776,16,2025-07-13,Card,Cancelled,2098.09
91,633,64,2025-10-25,Cash,Delivered,2392.02
92,763,89,2025-05-21,UPI,Delivered,1737.21
93,493,69,2025-07-05,UPI,Delivered,2503.22
94,4,13,2025-08-18,UPI,Cancelled,642.08
95,966,53,2025-01-15,UPI,Cancelled,2972.43
96,347,38,2025-01-14,Card,Cancelled,2597.62
97,666,50,2025-09-25,UPI,Cancelled,2186.48
98,528,2,2025-10-11,Card,Delivered,2999.56
99,779,14,2025-03-18,UPI,Delivered,814.27
100,794,42,2025-07-25,Cash,Delivered,591.76
101,3,66,2025-05-14,Card,Cancelled,1640.74
102,414,62,2025-10-25,UPI,Delivered,2332.19
103,289,46,2025-04-10,UPI,Cancelled,2946.63
104,236,64,2025-07-08,UPI,Delivered,1912.46
105,540,84,2025-07-02,UPI,Cancelled,2896.21
106,279,90,2025-03-05,Cash,Delivered,2623.53
107,759,20,2025-05-11,UPI,Delivered,2434.02
108,617,59,2025-09-18,Cash,Delivered,559.75
109,341,12,2025-09-03,Card,Delivered,543.8
110,796,17,2025-11-22,UPI,Cancelled,2261.62
111,787,25,2025-08-18,Cash,Cancelled,1959.92
112,290,70,2025-06-10,UPI,Cancelled,317.33
113,659,11,2025-01-31,Card,Cancelled,294.96
114,302,7,2025-08-29,Card,Cancelled,1986.06
115,298,36,2025-05-13,Cash,Cancelled,1250.96
116,466,96,2025-11-16,UPI,Cancelled,2089.79
117,957,6,2025-03-12,UPI,Cancelled,1379.2
118,980,17,2025-05-16,Cash,Delivered,784.29
119,766,43,2025-03-15,UPI,Delivered,796.52
120,165,80,2025-06-14,UPI,Delivered,2495.74
121,971,98,2025-05-14,UPI,Delivered,1693.27
122,486,55,2025-07-29,Card,Cancelled,508.83
123,823,99,2025-02-02,UPI,Cancelled,449.88
124,425,49,2025-03-17,Card,Delivered,1160.12
125,649,95,2025-08-28,Card,Cancelled,381.13
126,248,77,2025-02-17,UPI,Delivered,534.83
127,399,45,2025-11-25,UPI,Delivered,840.83
128,933,54,2025-12-13,Cash,Delivered,1585.15
129,965,30,2025-12-02,Cash,Delivered,270.79
130,678,90,2025-06-07,Card,Cancelled,177.41
131,290,52,2025-06-06,Card,Cancelled,523.76
132,294,18,2025-03-22,Card,Delivered,2580.88
133,409,54,2025-09-28,Cash,Delivered,1859.09
134,252,8,2025-09-16,Cash,Delivered,1087.81
135,33,31,2025-11-11,Card,Cancelled,1518.3
136,306,99,2025-01-11,Card,Cancelled,378.61
137,827,74,2025-03-01,Card,Delivered,1095.94
138,780,21,2025-05-30,Cash,Cancelled,571.11
139,393,7,2025-12-26,Cash,Cancelled,368.53
140,107,24,2025-12-11,Card,Cancelled,1278.35
141,764,1,2025-05-16,Card,Cancelled,641.0
142,868,48,2025-11-06,Card,Delivered,885.47
143,731,1,2025-06-18,Cash,Cancelled,1289.01
144,952,35,2025-11-15,Card,Cancelled,1643.16
145,589,37,2025-06-01,Card,Cancelled,726.51
146,123,97,2025-11-11,Cash,Cancelled,1098.98
147,222,2,2025-05-23,Cash,Delivered,276.58
148,20,90,2025-03-28,Card,Cancelled,672.67
149,159,77,2025-10-14,Cash,Delivered,377.73
150,821,66,2025-07-27,Cash,Cancelled,1884.52
151,4,63,2025-01-17,Cash,Delivered,1399.69
152,778,25,2025-07-27,Cash,Delivered,2804.06
153,660,82,2025-05-05,UPI,Cancelled,238.77
154,350,83,2025-06-27,Card,Cancelled,2293.63
155,476,17,2025-02-01,UPI,Cancelled,512.6
156,199,1,2025-09-15,Cash,Delivered,899.61
157,625,3,2025-08-17,UPI,Delivered,357.04
158,262,7,2025-10-24,Card,Delivered,449.43
159,711,94,2025-05-25,Cash,Delivered,716.37
160,601,8,2025-11-12,Card,Cancelled,1963.02
161,629,56,2025-10-12,Cash,Delivered,562.6
162,728,59,2025-01-03,Card,Cancelled,2415.32
163,816,42,2025-11-14,UPI,Cancelled,651.03
164,475,30,2025-04-29,UPI,Delivered,1557.62
165,312,89,2025-08-16,Card,Delivered,244.08
166,854,25,2025-03-11,Cash,Delivered,1975.09
167,688,99,2025-02-21,Cash,Cancelled,1622.79
168,291,44,2025-10-16,Card,Delivered,606.99
169,348,47,2025-04-04,UPI,Cancelled,1725.76
170,992,37,2025-09-20,Card,Cancelled,1530.43
171,228,69,2025-05-29,Card,Delivered,460.69
172,599,65,2025-09-12,UPI,Cancelled,241.64
173,932,73,2025-12-04,Cash,Cancelled,473.98
174,193,27,2025-04-07,Card,Cancelled,2641.84
175,367,90,2025-05-01,UPI,Delivered,780.73
176,311,12,2025-12-23,UPI,Delivered,924.18
177,609,18,2025-07-30,Cash,Cancelled,348.0
178,97,62,2025-07-09,Cash,Cancelled,2841.88
179,189,58,2025-06-30,Card,Cancelled,2101.59
180,310,89,2025-08-16,Cash,Cancelled,1756.86
181,188,95,2025-08-23,Cash,Cancelled,882.35
182,478,91,2025-08-08,Cash,Cancelled,176.33
183,462,8,2025-01-11,Card,Delivered,2271.38
184,613,61,2025-03-06,Cash,Delivered,856.08
185,330,17,2025-11-11,Card,Delivered,1447.25
186,57,48,2025-09-27,Cash,Delivered,2397.54
187,256,66,2025-10-19,Cash,Delivered,1506.7
188,450,45,2025-09-28,Cash,Cancelled,336.44
189,304,19,2025-03-01,Card,Cancelled,1632.54
190,592,56,2025-04-11,Cash,Cancelled,1887.64
191,842,60,2025-04-24,Card,Delivered,1526.62
192,80,45,2025-06-28,UPI,Cancelled,1669.32
193,383,8,2025-02-08,Card,Delivered,2253.72
194,261,94,2025-05-06,UPI,Cancelled,2278.99
195,778,14,2025-11-23,Card,Delivered,1563.86
196,47,7,2025-01-07,Cash,Cancelled,2247.25
197,200,26,2025-01-16,Card,Delivered,2799.45
198,22,30,2025-09-04,UPI,Delivered,981.35
199,34,6,2025-06-16,Card,Cancelled,1895.71
200,902,19,2025-10-08,Cash,Cancelled,1264.31
201,70,78,2025-02-28,Card,Cancelled,1005.03
202,181,65,2025-08-07,Card,Cancelled,356.65
203,615,72,2025-06-01,Cash,Delivered,1250.0
204,865,66,2025-07-25,UPI,Cancelled,629.37
205,858,53,2025-09-12,Cash,Delivered,2001.36
206,866,63,2025-05-31,Card,Cancelled,1570.99
207,665,88,2025-12-01,UPI,Delivered,2673.79
208,548,20,2025-07-21,UPI,Delivered,2953.3
209,677,4,2025-02-20,Cash,Delivered,1584.61
210,888,55,2025-10-04,UPI,Cancelled,936.39
211,332,71,2025-03-20,Card,Delivered,566.5
212,795,46,2025-02-01,Cash,Cancelled,1671.47
213,123,95,2025-10-10,UPI,Delivered,2781.11
214,105,60,2025-11-02,Cash,Cancelled,1003.4
215,245,11,2025-06-10,Cash,Delivered,2099.38
216,730,85,2025-09-07,Card,Cancelled,1428.18
217,183,33,2025-05-27,Card,Cancelled,899.04
218,313,55,2025-11-11,Card,Cancelled,1083.8
219,172,10,2025-04-16,Cash,Cancelled,344.41
220,951,87,2025-08-21,Cash,Delivered,264.09
221,670,52,2025-07-08,Card,Cancelled,2878.8
222,741,32,2025-11-08,Card,Delivered,2406.57
223,333,15,2025-03-29,Card,Cancelled,864.07
224,272,25,2025-03-15,UPI,Cancelled,2304.61
225,298,35,2025-07-24,Card,Cancelled,1982.59
226,844,9,2025-11-28,Card,Delivered,1356.27
227,151,87,2025-05-20,Card,Cancelled,343.3
228,494,45,2025-01-02,Card,Delivered,1573.69
229,609,64,2025-08-08,Cash,Cancelled,412.91
230,778,94,2025-10-15,Card,Cancelled,625.23
231,932,38,2025-05-08,UPI,Cancelled,1902.07
232,989,66,2025-11-28,Card,Cancelled,462.23
233,284,2,2025-05-14,Cash,Cancelled,1541.41
234,559,63,2025-10-19,UPI,Cancelled,1401.4
235,402,81,2025-10-30,Cash,Delivered,926.65
236,909,16,2025-12-28,Cash,Cancelled,248.74
237,499,93,2025-09-14,UPI,Cancelled,1607.51
238,424,79,2025-11-25,UPI,Delivered,1483.23
239,463,8,2025-07-24,Card,Cancelled,771.34
240,802,62,2025-08-17,Cash,Delivered,2084.23
241,320,9,2025-07-07,UPI,Delivered,2783.14
242,622,84,2025-03-10,Card,Delivered,1607.31
243,431,65,2025-02-06,UPI,Cancelled,1606.28
244,904,21,2025-06-19,UPI,Cancelled,2197.92
245,487,3,2025-11-28,UPI,Delivered,701.84
246,877,100,2025-05-05,Cash,Cancelled,2166.41
247,164,30,2025-12-17,UPI,Cancelled,165.85
248,619,47,2025-08-02,Cash,Delivered,157.77
249,943,51,2025-03-24,Card,Delivered,710.32
250,408,91,2025-09-28,Cash,Cancelled,595.38
251,935,84,2025-06-06,Cash,Cancelled,2653.5
252,580,54,2025-07-06,UPI,Delivered,592.62
253,720,77,2025-11-04,Card,Cancelled,547.17
254,159,72,2025-01-25,Cash,Cancelled,2945.81
255,554,18,2025-08-31,Cash,Cancelled,1526.61
256,394,18,2025-12-26,UPI,Delivered,2438.26
257,182,37,2025-02-25,Cash,Delivered,1036.99
258,485,59,2025-07-13,UPI,Cancelled,2351.26
259,746,39,2025-01-16,UPI,Cancelled,2425.28
260,122,7,2025-01-11,Cash,Delivered,2547.19
261,302,3,2025-07-20,Card,Delivered,1778.21
262,906,66,2025-04-13,UPI,Delivered,2102.48
263,122,97,2025-07-03,UPI,Delivered,1397.87
264,706,94,2025-05-29,Card,Cancelled,257.76
265,142,84,2025-08-02,Cash,Cancelled,1989.83
266,683,40,2025-07-15,Card,Cancelled,2880.43
267,714,12,2025-09-10,UPI,Cancelled,283.28
268,892,90,2025-03-24,Card,Delivered,1172.95
269,490,38,2025-03-21,UPI,Delivered,2523.12
270,786,91,2025-02-02,Card,Delivered,948.74
271,970,60,2025-12-02,UPI,Delivered,1671.53
272,197,45,2025-11-07,Cash,Delivered,904.64
273,728,14,2025-10-11,UPI,Delivered,1291.15
274,143,91,2025-12-21,Cash,Delivered,822.7
275,115,28,2025-08-26,Cash,Delivered,2596.27
276,465,75,2025-06-08,Cash,Cancelled,1236.81
277,308,52,2025-11-03,Card,Cancelled,1935.76
278,119,55,2025-10-09,UPI,Delivered,1234.71
279,321,75,2025-11-15,UPI,Delivered,1260.91
280,666,41,2025-01-01,UPI,Cancelled,1533.56
281,932,71,2025-10-18,UPI,Delivered,385.36
282,198,36,2025-08-31,Cash,Delivered,1103.06
283,369,45,2025-08-23,Card,Cancelled,2654.55
284,25,10,2025-03-20,UPI,Delivered,2665.13
285,799,26,2025-10-12,Card,Cancelled,1161.35
286,137,11,2025-02-24,Card,Delivered,2343.9
287,35,4,2025-11-20,Card,Cancelled,466.03
288,488,69,2025-12-12,Cash,Cancelled,2550.36
289,4,13,2025-08-13,Cash,Delivered,2047.38
290,657,35,2025-09-02,Cash,Delivered,2443.81
291,741,80,2025-09-25,Card,Delivered,1227.53
292,96,14,2025-02-06,UPI,Delivered,1352.03
293,467,46,2025-09-26,UPI,Delivered,1528.71
294,284,72,2025-08-07,UPI,Cancelled,2614.67
295,738,56,2025-12-07,Card,Delivered,2265.61
296,662,7,2025-01-28,Cash,Cancelled,273.64
297,442,50,2025-07-04,Cash,Cancelled,710.23
298,99,97,2025-02-20,UPI,Delivered,1798.67
299,677,35,2025-04-30,Card,Cancelled,156.77
300,940,49,2025-10-02,UPI,Delivered,1959.32
301,920,47,2025-02-25,Cash,Delivered,2964.12
302,134,20,2025-06-09,Card,Delivered,2116.54
303,744,49,2025-02-19,UPI,Delivered,2963.31
304,365,19,2025-11-01,Card,Cancelled,1603.78
305,576,79,2025-11-24,Cash,Delivered,1709.36
306,691,37,2025-09-15,UPI,Cancelled,2352.12
307,531,98,2025-02-08,UPI,Cancelled,1373.59
308,140,76,2025-04-17,Card,Delivered,389.82
309,3,32,2025-07-24,Cash,Cancelled,623.75
310,208,35,2025-01-27,UPI,Cancelled,372.79
311,991,12,2025-05-02,Card,Cancelled,2435.12
312,789,8,2025-06-29,Card,Cancelled,1092.82
313,292,76,2025-04-02,Cash,Delivered,886.12
314,364,71,2025-01-29,Cash,Cancelled,303.83
315,977,100,2025-03-18,Cash,Delivered,2061.83
316,287,81,2025-05-04,Cash,Delivered,1575.95
317,720,38,2025-02-08,UPI,Cancelled,1720.98
318,924,65,2025-08-25,UPI,Cancelled,2182.71
319,343,69,2025-12-23,UPI,Delivered,213.12
320,800,18,2025-01-17,Cash,Cancelled,1351.22
321,736,70,2025-01-11,Cash,Cancelled,1129.97
322,648,10,2025-02-12,UPI,Cancelled,1927.02
323,505,2,2025-08-14,UPI,Cancelled,1721.01
324,33,85,2025-02-24,Card,Delivered,2912.26
325,930,35,2025-04-06,UPI,Cancelled,1953.8
326,860,27,2025-04-29,UPI,Cancelled,2005.95
327,548,25,2025-12-06,Cash,Cancelled,338.45
328,979,90,2025-07-14,Cash,Cancelled,1017.27
329,149,100,2025-01-31,UPI,Delivered,2403.66
330,857,28,2025-01-13,Card,Cancelled,1379.61
331,954,70,2025-02-10,UPI,Cancelled,239.47
332,978,70,2025-05-09,Card,Delivered,2820.23
333,313,100,2025-06-20,Cash,Cancelled,1463.44
334,192,42,2025-12-05,Card,Cancelled,2154.65
335,103,80,2025-02-18,UPI,Cancelled,1623.78
336,889,13,2025-07-28,UPI,Delivered,627.89
337,502,77,2025-02-01,UPI,Delivered,804.07
338,297,25,2025-04-04,Card,Cancelled,1250.34
339,500,60,2025-05-28,UPI,Cancelled,277.55
340,289,100,2025-08-18,UPI,Delivered,2133.99
341,190,97,2025-09-12,Card,Cancelled,404.07
342,503,95,2025-12-25,Card,Cancelled,2828.39
343,531,73,2025-07-29,Card,Delivered,1442.25
344,90,58,2025-07-19,Card,Cancelled,1079.92
345,590,39,2025-03-14,Card,Delivered,2894.39
346,376,84,2025-11-17,Card,Cancelled,1330.24
347,562,77,2025-05-07,UPI,Delivered,1646.94
348,263,54,2025-10-16,Card,Cancelled,198.94
349,809,63,2025-02-23,Card,Delivered,217.18
350,650,98,2025-12-09,Cash,Delivered,2066.5
351,388,83,2025-03-03,Cash,Delivered,2632.14
352,933,71,2025-01-01,Cash,Cancelled,2570.18
353,949,42,2025-03-29,Cash,Cancelled,2005.01
354,432,9,2025-12-27,Card,Cancelled,2171.66
355,267,44,2025-08-22,Cash,Delivered,874.82
356,469,21,2025-10-11,Card,Delivered,2212.08
357,109,72,2025-08-14,Card,Delivered,750.1
358,261,39,2025-03-09,UPI,Delivered,887.32
359,192,87,2025-04-17,Card,Delivered,2427.87
360,674,56,2025-03-12,Card,Cancelled,2413.37
361,357,83,2025-01-27,Card,Delivered,2506.21
362,227,99,2025-04-15,Cash,Cancelled,1014.13
363,315,75,2025-08-15,Cash,Delivered,201.68
364,341,48,2025-09-28,Card,Delivered,2114.22
365,162,90,2025-11-25,Cash,Cancelled,288.56
366,831,27,2025-07-03,Card,Delivered,901.64
367,703,75,2025-04-21,Cash,Delivered,1581.43
368,772,37,2025-04-17,Cash,Cancelled,336.46
369,982,15,2025-11-30,UPI,Cancelled,1728.12
370,467,51,2025-06-05,Cash,Delivered,2919.76
371,405,9,2025-11-18,UPI,Delivered,1360.86
372,955,37,2025-05-22,UPI,Cancelled,1965.23
373,571,44,2025-11-13,UPI,Delivered,767.81
374,749,56,2025-01-24,UPI,Delivered,2117.97
375,464,38,2025-02-08,Cash,Delivered,1095.33
376,959,69,2025-02-12,UPI,Delivered,1975.92
377,116,39,2025-12-21,Card,Cancelled,2969.85
378,928,37,2025-08-28,Cash,Cancelled,2656.1
379,204,50,2025-01-05,UPI,Cancelled,1865.75
380,34,15,2025-08-10,Card,Delivered,1649.55
381,82,71,2025-07-21,Card,Cancelled,1770.78
382,345,70,2025-01-13,UPI,Cancelled,2299.71
383,995,85,2025-07-23,UPI,Delivered,1751.04
384,47,75,2025-01-31,Card,Delivered,1192.07
385,932,62,2025-08-04,Card,Delivered,1571.25
386,385,31,2025-12-26,UPI,Delivered,2858.08
387,607,81,2025-04-12,Card,Cancelled,1928.9
388,434,60,2025-03-04,Card,Delivered,1338.3
389,764,3,2025-08-03,UPI,Delivered,976.62
390,913,86,2025-08-11,Cash,Delivered,897.36
391,708,97,2025-12-03,UPI,Cancelled,2416.43
392,207,73,2025-09-07,Card,Cancelled,2129.85
393,982,11,2025-09-18,UPI,Delivered,774.34
394,141,30,2025-05-12,Cash,Delivered,1213.92
395,119,79,2025-05-30,Cash,Delivered,2762.46
396,500,64,2025-02-09,Cash,Cancelled,2292.45
397,495,92,2025-02-15,Cash,Cancelled,1431.36
398,8,24,2025-01-05,Card,Cancelled,2780.27
399,400,39,2025-12-02,UPI,Cancelled,893.6
400,537,96,2025-09-15,Cash,Cancelled,2900.13
401,760,50,2025-02-06,UPI,Cancelled,2029.8
402,163,65,2025-07-07,Card,Cancelled,1770.34
403,62,76,2025-06-06,Cash,Cancelled,2123.22
404,960,19,2025-11-24,Cash,Cancelled,2728.69
405,880,68,2025-02-23,Card,Delivered,2730.96
406,153,73,2025-10-29,Cash,Delivered,589.02
407,19,35,2025-10-13,UPI,Cancelled,2376.84
408,105,6,2025-07-01,Cash,Delivered,2452.78
409,878,14,2025-11-27,UPI,Cancelled,1034.94
410,135,10,2025-12-20,Cash,Delivered,2125.12
411,442,22,2025-01-07,Card,Cancelled,2316.87
412,857,93,2025-01-17,Card,Delivered,721.11
413,506,76,2025-07-05,UPI,Delivered,1507.62
414,662,7,2025-08-26,UPI,Delivered,711.3
415,778,83,2025-01-07,Cash,Delivered,1014.59
416,754,56,2025-08-01,Cash,Delivered,840.65
417,718,63,2025-06-17,Cash,Delivered,1952.45
418,98,96,2025-12-18,Card,Cancelled,2448.12
419,263,21,2025-04-15,Cash,Cancelled,2965.23
420,856,6,2025-07-10,Card,Cancelled,2331.27
421,793,72,2025-04-09,UPI,Delivered,2654.44
422,334,32,2025-11-20,Cash,Delivered,1390.5
423,18,26,2025-07-19,Card,Cancelled,2012.19
424,859,87,2025-11-13,Cash,Cancelled,937.86
425,317,58,2025-02-03,Cash,Cancelled,1277.94
426,244,55,2025-05-24,Cash,Delivered,532.57
427,198,51,2025-03-02,Cash,Delivered,2170.2
428,871,46,2025-08-25,UPI,Delivered,2708.47
429,942,97,2025-04-16,Card,Delivered,2797.34
430,416,42,2025-11-09,UPI,Delivered,1333.02
431,271,59,2025-06-07,Cash,Delivered,813.77
432,23,95,2025-02-18,Card,Delivered,426.04
433,404,5,2025-05-03,Card,Cancelled,1589.72
434,49,31,2025-12-07,Cash,Delivered,1722.42
435,174,58,2025-07-10,UPI,Delivered,1995.84
436,704,91,2025-01-24,Card,Delivered,1145.55
437,94,64,2025-12-15,Cash,Cancelled,491.79
438,52,30,2025-05-11,Card,Cancelled,1321.6
439,438,24,2025-06-19,Card,Delivered,2767.42
440,92,43,2025-08-14,Cash,Cancelled,1655.48
441,354,1,2025-08-06,UPI,Delivered,2045.72
442,160,68,2025-12-08,Card,Delivered,2005.75
443,849,1,2025-03-09,UPI,Delivered,799.79
444,861,59,2025-01-28,Card,Cancelled,979.74
445,125,12,2025-03-28,Cash,Delivered,2096.24
446,825,42,2025-12-06,Cash,Delivered,1483.49
447,818,75,2025-04-07,Card,Cancelled,1456.02
448,539,75,2025-04-18,Card,Delivered,2284.17
449,834,71,2025-02-26,Cash,Delivered,2141.21
450,328,89,2025-11-02,Cash,Cancelled,293.19
451,354,2,2025-12-05,UPI,Cancelled,2005.9
452,897,70,2025-08-24,Cash,Cancelled,1365.24
453,197,13,2025-07-25,Card,Cancelled,998.9
454,130,9,2025-05-15,Cash,Cancelled,1482.73
455,714,38,2025-12-16,Card,Delivered,2451.83
456,356,84,2025-04-21,Card,Cancelled,1532.39
457,91,91,2025-02-07,Card,Delivered,714.7
458,79,55,2025-05-16,Cash,Cancelled,1961.43
459,828,38,2025-07-03,UPI,Cancelled,487.68
460,823,78,2025-05-02,Card,Delivered,2326.34
461,876,99,2025-11-08,Cash,Delivered,1122.95
462,245,2,2025-07-31,Card,Delivered,1584.71
463,182,73,2025-03-25,UPI,Cancelled,2378.37
464,130,11,2025-07-08,Cash,Cancelled,362.67
465,827,65,2025-05-11,Cash,Cancelled,2513.04
466,100,68,2025-01-24,Card,Delivered,1708.59
467,92,51,2025-12-30,UPI,Delivered,1951.11
468,752,57,2025-08-21,UPI,Delivered,497.63
469,835,94,2025-03-27,UPI,Cancelled,1435.87
470,482,50,2025-03-15,Card,Delivered,1896.84
471,948,22,2025-11-22,UPI,Delivered,663.2
472,948,34,2025-07-25,UPI,Delivered,2625.62
473,112,13,2025-02-14,UPI,Cancelled,1358.64
474,802,11,2025-06-10,Cash,Cancelled,2070.03
475,624,53,2025-04-15,UPI,Delivered,1048.48
476,288,78,2025-10-03,Cash,Cancelled,285.05
477,656,1,2025-11-21,UPI,Cancelled,2924.05
478,615,26,2025-09-17,UPI,Delivered,1443.06
479,705,43,2025-11-03,Cash,Cancelled,1385.65
480,94,80,2025-07-21,Card,Cancelled,2761.58
481,802,40,2025-05-03,UPI,Cancelled,155.01
482,198,46,2025-07-25,Card,Cancelled,2957.06
483,144,8,2025-11-04,Cash,Cancelled,2404.47
484,518,22,2025-01-21,Card,Cancelled,2015.15
485,734,76,2025-02-17,Card,Delivered,1299.87
486,898,61,2025-08-02,Card,Cancelled,2563.79
487,599,50,2025-07-14,UPI,Cancelled,300.47
488,257,69,2025-12-04,Cash,Cancelled,2530.12
489,862,100,2025-03-20,Cash,Delivered,1444.58
490,66,36,2025-02-11,Cash,Cancelled,1033.57
491,809,49,2025-07-12,Card,Delivered,353.9
492,837,72,2025-10-18,UPI,Delivered,1367.86
493,360,64,2025-11-23,Card,Delivered,2899.72
494,793,65,2025-11-22,Card,Cancelled,2663.49
495,852,29,2025-05-20,Card,Cancelled,2144.64
496,739,37,2025-09-10,Card,Delivered,908.84
497,175,85,2025-11-23,Cash,Cancelled,2811.93
498,267,40,2025-03-20,UPI,Delivered,605.73
499,11,20,2025-08-20,Cash,Cancelled,2996.74
500,925,100,2025-07-22,Cash,Delivered,1066.49
501,778,29,2025-08-19,Cash,Cancelled,1357.83
502,729,70,2025-11-20,Card,Delivered,1667.27
503,395,79,2025-07-29,UPI,Cancelled,1651.82
504,497,48,2025-09-29,UPI,Cancelled,1769.44
505,221,21,2025-02-15,UPI,Delivered,2828.92
506,667,64,2025-06-24,Card,Cancelled,1294.67
507,64,3,2025-06-18,UPI,Delivered,1134.24
508,622,62,2025-06-10,Card,Delivered,2108.27
509,356,48,2025-09-21,Cash,Delivered,2051.67
510,429,55,2025-06-25,Cash,Cancelled,414.56
511,576,18,2025-07-07,Card,Delivered,489.8
512,927,37,2025-10-02,UPI,Cancelled,812.41
513,236,31,2025-10-20,Cash,Cancelled,1164.88
514,611,81,2025-09-28,Card,Delivered,709.21
515,394,26,2025-05-04,Cash,Cancelled,2183.14
516,164,1,2025-10-08,UPI,Cancelled,1946.52
517,880,21,2025-03-18,UPI,Delivered,2984.94
518,912,27,2025-06-09,Card,Cancelled,1498.35
519,725,57,2025-01-04,Cash,Delivered,2026.81
520,916,31,2025-08-07,Card,Delivered,1157.17
521,441,63,2025-05-05,Cash,Cancelled,234.44
522,116,43,2025-08-17,Cash,Delivered,2852.64
523,241,32,2025-05-26,Card,Cancelled,1128.51
524,392,80,2025-08-16,Card,Delivered,1850.84
525,271,79,2025-06-05,Cash,Cancelled,1654.22
526,87,30,2025-06-15,Card,Cancelled,2148.13
527,657,44,2025-04-21,UPI,Cancelled,703.33
528,711,70,2025-06-18,UPI,Cancelled,790.22
529,919,28,2025-03-07,Card,Delivered,860.84
530,388,53,2025-03-15,Cash,Delivered,999.28
531,798,98,2025-11-06,Cash,Cancelled,222.29
532,425,64,2025-01-27,Card,Cancelled,394.27
533,833,13,2025-05-08,Card,Cancelled,2466.66
534,667,3,2025-01-23,Card,Delivered,2146.02
535,71,55,2025-06-03,UPI,Cancelled,2974.75
536,250,47,2025-04-10,Cash,Delivered,2696.85
537,770,92,2025-09-14,Card,Cancelled,454.69
538,584,75,2025-05-18,Card,Delivered,1238.89
539,103,60,2025-08-21,Cash,Delivered,1872.35
540,805,80,2025-10-24,UPI,Cancelled,2354.69
541,104,1,2025-12-04,Card,Delivered,1969.03
542,358,1,2025-12-08,Card,Cancelled,1008.49
543,497,86,2025-03-01,Card,Delivered,2455.43
544,479,49,2025-07-05,UPI,Delivered,1229.73
545,389,21,2025-06-08,Cash,Delivered,1531.33
546,636,17,2025-04-21,Cash,Delivered,673.2
547,140,18,2025-02-07,UPI,Delivered,802.67
548,143,27,2025-07-17,UPI,Delivered,1152.85
549,7,40,2025-03-26,Card,Cancelled,1687.3
550,975,50,2025-03-22,Cash,Cancelled,854.61
551,726,19,2025-01-05,UPI,Cancelled,306.94
552,1000,59,2025-03-02,Cash,Cancelled,918.94
553,922,11,2025-03-28,Cash,Delivered,1911.43
554,93,45,2025-05-17,Card,Delivered,1412.15
555,131,93,2025-04-05,UPI,Delivered,2429.76
556,14,28,2025-10-27,Card,Delivered,391.33
557,523,42,2025-04-24,Card,Delivered,2392.54
558,334,100,2025-09-21,Card,Delivered,1200.27
559,705,18,2025-02-07,UPI,Delivered,1788.19
560,164,18,2025-11-17,Card,Cancelled,190.87
561,151,42,2025-01-10,UPI,Cancelled,1754.0
562,563,50,2025-11-05,Cash,Delivered,1068.09
563,340,79,2025-03-21,Cash,Cancelled,867.86
564,28,67,2025-05-10,Card,Delivered,2683.29
565,987,54,2025-04-11,UPI,Cancelled,1470.22
566,900,69,2025-11-19,UPI,Delivered,2545.6
567,355,96,2025-10-09,Cash,Delivered,2857.24
568,288,54,2025-02-14,Cash,Delivered,1255.55
569,401,18,2025-01-04,Card,Cancelled,263.09
570,441,99,2025-05-04,Card,Cancelled,2973.41
571,991,97,2025-01-31,UPI,Cancelled,1848.85
572,24,48,2025-07-22,UPI,Delivered,516.18
573,120,17,2025-03-05,Cash,Delivered,284.23
574,377,19,2025-12-15,Card,Delivered,2831.4
575,806,20,2025-12-24,Card,Cancelled,471.95
576,195,88,2025-09-15,UPI,Cancelled,883.75
577,358,72,2025-08-27,UPI,Cancelled,300.53
578,32,48,2025-04-16,Card,Delivered,1510.87
579,137,12,2025-08-07,UPI,Cancelled,296.17
580,329,20,2025-05-18,Card,Cancelled,1174.35
581,359,33,2025-12-31,UPI,Cancelled,2017.52
582,838,72,2025-11-09,Cash,Cancelled,1526.53
583,636,64,2025-04-16,Cash,Delivered,504.86
584,873,91,2025-11-18,Cash,Delivered,2088.2
585,174,70,2025-10-23,Card,Delivered,806.47
586,144,94,2025-10-16,Cash,Cancelled,1903.45
587,157,75,2025-12-27,Cash,Cancelled,1484.42
588,647,98,2025-05-17,Card,Cancelled,2469.36
589,551,7,2025-01-02,Cash,Cancelled,2189.74
590,645,53,2025-11-07,Card,Cancelled,2450.74
591,443,73,2025-09-03,UPI,Delivered,1444.92
592,691,72,2025-06-14,UPI,Cancelled,1409.2
593,442,91,2025-07-09,Card,Delivered,1040.03
594,171,26,2025-08-06,UPI,Cancelled,1488.71
595,974,62,2025-05-22,Cash,Delivered,2990.99
596,880,85,2025-08-30,UPI,Cancelled,1292.58
597,807,74,2025-11-24,UPI,Delivered,1916.88
598,59,98,2025-01-16,Card,Delivered,2199.98
599,729,21,2025-02-03,Cash,Cancelled,2806.86
600,129,47,2025-08-20,Card,Cancelled,926.48
601,110,15,2025-11-01,UPI,Cancelled,1860.07
602,828,86,2025-03-07,UPI,Cancelled,2193.05
603,252,47,2025-09-15,UPI,Cancelled,1247.04
604,849,38,2025-11-03,UPI,Delivered,2680.65
605,429,48,2025-07-24,UPI,Delivered,1553.7
606,153,23,2025-02-01,Cash,Delivered,2084.0
607,216,28,2025-02-19,Card,Cancelled,777.6
608,164,78,2025-04-20,Card,Cancelled,2066.87
609,119,35,2025-09-20,UPI,Cancelled,778.25
610,264,6,2025-12-15,UPI,Cancelled,2948.67
611,42,69,2025-01-17,Card,Cancelled,2972.53
612,604,45,2025-09-16,Card,Delivered,1503.42
613,776,72,2025-12-26,UPI,Cancelled,1620.49
614,557,56,2025-11-28,Cash,Delivered,449.98
615,81,6,2025-09-13,Cash,Delivered,1876.42
616,796,46,2025-03-24,Cash,Delivered,2990.01
617,943,9,2025-06-13,Card,Cancelled,1907.54
618,615,5,2025-05-03,Card,Cancelled,1619.77
619,706,55,2025-04-13,UPI,Cancelled,1455.93
620,937,50,2025-12-18,UPI,Delivered,936.99
621,470,36,2025-06-09,Card,Cancelled,843.28
622,569,39,2025-08-06,Card,Delivered,2831.64
623,292,56,2025-10-17,Cash,Cancelled,2887.2
624,789,53,2025-10-18,Cash,Cancelled,2042.16
625,669,71,2025-11-17,Cash,Delivered,1973.46
626,259,96,2025-11-20,Cash,Cancelled,730.93
627,259,30,2025-11-20,Cash,Cancelled,2943.56
628,503,91,2025-11-28,Cash,Delivered,901.3
629,423,5,2025-07-22,UPI,Cancelled,1810.26
630,176,60,2025-12-14,Card,Cancelled,2393.7
631,844,7,2025-07-13,Cash,Delivered,2047.85
632,158,32,2025-05-11,UPI,Delivered,1657.17
633,492,82,2025-11-15,Card,Delivered,1756.44
634,722,10,2025-04-16,UPI,Delivered,1897.51
635,444,39,2025-04-05,Card,Cancelled,2886.63
636,483,78,2025-01-28,Card,Delivered,1691.71
637,721,25,2025-03-05,Cash,Cancelled,978.36
638,292,15,2025-10-30,Cash,Delivered,1231.79
639,188,73,2025-11-22,UPI,Cancelled,1531.93
640,955,13,2025-06-09,UPI,Cancelled,290.43
641,516,19,2025-09-09,UPI,Delivered,1939.56
642,374,46,2025-06-18,Card,Cancelled,914.19
643,444,1,2025-02-28,UPI,Delivered,1862.17
644,776,13,2025-08-10,Card,Cancelled,1503.95
645,480,83,2025-01-18,Card,Cancelled,2774.92
646,214,82,2025-01-02,Card,Cancelled,1711.55
647,310,93,2025-09-09,Cash,Delivered,935.97
648,999,96,2025-04-19,UPI,Delivered,1202.04
649,488,74,2025-03-26,Cash,Cancelled,1929.34
650,135,26,2025-05-14,UPI,Cancelled,2001.54
651,550,48,2025-02-07,Card,Delivered,2067.41
652,325,90,2025-09-05,Card,Delivered,1254.44
653,575,81,2025-02-01,Cash,Cancelled,858.28
654,503,25,2025-03-23,Cash,Cancelled,736.1
655,11,35,2025-06-05,Cash,Delivered,1874.4
656,468,74,2025-01-16,UPI,Delivered,2361.34
657,224,77,2025-04-06,UPI,Cancelled,789.41
658,479,29,2025-11-04,Card,Delivered,222.61
659,376,68,2025-01-05,Cash,Cancelled,1020.67
660,915,44,2025-08-29,UPI,Delivered,2476.47
661,687,16,2025-07-09,UPI,Delivered,1646.7
662,505,57,2025-11-08,Cash,Cancelled,2749.59
663,358,86,2025-12-14,UPI,Cancelled,161.67
664,783,5,2025-08-11,Card,Delivered,387.76
665,854,3,2025-10-18,Card,Delivered,538.02
666,144,74,2025-11-14,UPI,Delivered,2800.86
667,852,38,2025-10-13,Cash,Delivered,443.96
668,860,60,2025-04-26,Card,Cancelled,523.57
669,218,67,2025-08-30,Card,Cancelled,2912.92
670,178,4,2025-08-05,Card,Cancelled,2413.55
671,450,51,2025-08-12,Card,Cancelled,1330.42
672,844,69,2025-10-22,Cash,Delivered,1436.73
673,748,64,2025-07-27,UPI,Cancelled,204.19
674,431,81,2025-08-07,Cash,Cancelled,576.45
675,982,51,2025-09-06,UPI,Cancelled,808.05
676,548,17,2025-11-07,Card,Delivered,2472.04
677,202,13,2025-06-14,Cash,Delivered,2349.92
678,45,28,2025-04-26,Card,Delivered,2305.99
679,208,36,2025-06-02,UPI,Delivered,2287.57
680,798,32,2025-04-15,Card,Cancelled,2748.19
681,430,60,2025-05-02,Cash,Delivered,1856.17
682,807,94,2025-01-30,Card,Delivered,911.94
683,711,17,2025-07-06,Card,Cancelled,1633.02
684,833,81,2025-09-17,Card,Cancelled,2429.9
685,184,46,2025-06-06,Card,Cancelled,2212.65
686,121,2,2025-11-09,UPI,Delivered,2536.72
687,36,21,2025-07-24,Cash,Delivered,2580.64
688,435,36,2025-07-03,Card,Cancelled,2695.32
689,807,25,2025-07-14,Card,Cancelled,2313.51
690,825,4,2025-06-29,UPI,Delivered,1979.94
691,147,23,2025-09-17,UPI,Cancelled,990.96
692,11,81,2025-06-29,UPI,Cancelled,2073.89
693,895,98,2025-11-25,Cash,Delivered,2957.94
694,555,67,2025-09-16,Cash,Cancelled,1768.67
695,313,29,2025-06-07,Cash,Cancelled,272.08
696,63,26,2025-02-27,UPI,Delivered,161.48
697,251,94,2025-05-10,Card,Cancelled,338.9
698,747,93,2025-09-26,UPI,Delivered,338.66
699,681,80,2025-04-22,Cash,Delivered,600.15
700,160,49,2025-08-26,Card,Cancelled,1654.1
701,757,57,2025-03-19,Cash,Delivered,2849.28
702,331,26,2025-01-15,UPI,Cancelled,2832.08
703,53,90,2025-01-25,Card,Delivered,268.93
704,501,71,2025-11-04,Card,Delivered,2525.51
705,608,6,2025-09-08,Card,Delivered,1663.44
706,378,2,2025-03-24,UPI,Delivered,1936.59
707,708,59,2025-05-28,Card,Delivered,371.78
708,658,83,2025-12-13,UPI,Delivered,2768.48
709,112,46,2025-07-12,Card,Cancelled,1204.13
710,88,81,2025-10-18,Card,Delivered,511.88
711,590,85,2025-05-30,Cash,Delivered,310.55
712,260,83,2025-07-08,Card,Cancelled,1138.72
713,436,68,2025-07-19,Card,Cancelled,1130.89
714,123,29,2025-02-12,Cash,Delivered,786.19
715,570,17,2025-02-03,Cash,Delivered,210.77
716,557,43,2025-05-10,Cash,Delivered,401.57
717,105,57,2025-02-20,UPI,Cancelled,2772.49
718,221,5,2025-06-17,UPI,Cancelled,1646.89
719,651,45,2025-11-25,UPI,Cancelled,2653.02
720,624,2,2025-10-17,Cash,Delivered,235.2
721,197,65,2025-01-24,Cash,Delivered,2226.33
722,123,27,2025-10-11,Cash,Delivered,1594.65
723,46,48,2025-02-22,Cash,Cancelled,594.84
724,299,69,2025-01-19,Cash,Delivered,186.17
725,879,66,2025-04-15,UPI,Cancelled,2531.34
726,943,36,2025-07-17,Cash,Delivered,583.74
727,953,86,2025-03-04,UPI,Delivered,2245.72
728,279,45,2025-06-04,UPI,Cancelled,2589.1
729,391,29,2025-04-29,Card,Cancelled,1347.03
730,992,73,2025-05-04,Cash,Cancelled,1622.32
731,813,84,2025-11-21,Card,Delivered,2388.42
732,819,35,2025-06-12,Card,Cancelled,2455.61
733,274,35,2025-08-20,Card,Cancelled,1852.22
734,1000,46,2025-08-05,UPI,Delivered,628.28
735,68,90,2025-05-05,Card,Delivered,2504.63
736,162,37,2025-03-03,Card,Delivered,2544.03
737,609,38,2025-01-22,UPI,Cancelled,976.54
738,415,14,2025-02-25,Card,Delivered,2362.88
739,826,1,2025-01-26,Cash,Delivered,1065.3
740,249,8,2025-10-08,Card,Delivered,2984.33
741,88,62,2025-10-02,Cash,Cancelled,2021.69
742,600,2,2025-06-25,Cash,Cancelled,1815.11
743,868,50,2025-04-28,Card,Delivered,327.75
744,68,8,2025-11-07,UPI,Cancelled,492.18
745,335,27,2025-01-27,Card,Cancelled,342.36
746,527,56,2025-12-26,Card,Delivered,2983.63
747,348,18,2025-06-02,Cash,Cancelled,916.66
748,156,58,2025-09-09,Card,Cancelled,1518.04
749,669,58,2025-06-16,Card,Cancelled,2172.37
750,544,71,2025-06-22,Cash,Cancelled,991.97
751,754,48,2025-03-24,Card,Cancelled,1312.87
752,12,34,2025-06-16,UPI,Cancelled,1681.81
753,401,37,2025-02-21,Cash,Delivered,427.28
754,226,53,2025-11-17,UPI,Delivered,1641.04
755,817,80,2025-01-15,Card,Delivered,2158.88
756,146,70,2025-08-31,Card,Delivered,1067.68
757,417,62,2025-07-07,Cash,Delivered,2605.39
758,346,5,2025-02-08,Cash,Cancelled,461.08
759,542,98,2025-03-07,UPI,Cancelled,1798.33
760,447,35,2025-03-06,Cash,Cancelled,1698.65
761,269,95,2025-07-25,UPI,Delivered,2735.38
762,215,30,2025-11-24,UPI,Delivered,2509.44
763,361,79,2025-02-12,Card,Cancelled,1621.52
764,665,50,2025-12-17,Card,Delivered,2594.65
765,591,96,2025-01-22,Card,Cancelled,190.0
766,214,84,2025-07-27,Card,Delivered,1166.71
767,436,78,2025-06-07,UPI,Delivered,1407.35
768,565,68,2025-08-23,UPI,Delivered,1819.79
769,708,62,2025-06-20,Card,Cancelled,2458.83
770,566,79,2025-08-16,UPI,Delivered,1262.87
771,796,26,2025-08-08,UPI,Cancelled,1701.0
772,897,74,2025-07-09,UPI,Delivered,2995.88
773,972,69,2025-10-18,Cash,Delivered,654.6
774,807,92,2025-03-07,Cash,Cancelled,2683.85
775,344,18,2025-07-25,UPI,Delivered,2346.16
776,767,60,2025-05-13,Card,Delivered,1789.3
777,879,56,2025-09-11,UPI,Cancelled,2439.21
778,467,56,2025-01-08,Cash,Delivered,1024.01
779,984,13,2025-11-26,Cash,Cancelled,2789.24
780,366,61,2025-07-04,UPI,Cancelled,247.83
781,620,97,2025-07-30,Card,Cancelled,1550.49
782,8,69,2025-10-04,Card,Delivered,1603.32
783,345,89,2025-07-18,Cash,Delivered,2540.6
784,32,53,2025-08-14,UPI,Cancelled,1301.11
785,693,91,2025-12-11,Card,Delivered,662.41
786,273,83,2025-09-03,Cash,Delivered,1280.53
787,57,63,2025-11-12,Cash,Delivered,347.68
788,56,81,2025-09-18,Cash,Delivered,891.22
789,519,8,2025-06-20,Cash,Delivered,1663.51
790,224,55,2025-02-07,Card,Delivered,1537.93
791,290,93,2025-03-15,Cash,Cancelled,253.55
792,338,42,2025-11-18,Card,Delivered,2369.01
793,636,88,2025-01-30,Cash,Delivered,2554.86
794,685,14,2025-03-14,Card,Delivered,2417.76
795,526,97,2025-11-23,Cash,Delivered,1192.24
796,656,37,2025-06-25,Card,Cancelled,2669.73
797,868,93,2025-04-30,Cash,Delivered,1286.43
798,905,34,2025-09-13,Card,Delivered,2254.11
799,581,40,2025-10-09,UPI,Cancelled,2704.9
800,526,83,2025-05-28,UPI,Cancelled,493.33
801,995,97,2025-08-25,UPI,Cancelled,546.15
802,522,8,2025-06-22,UPI,Cancelled,2627.35
803,803,95,2025-09-18,UPI,Cancelled,1213.31
804,767,91,2025-01-13,Card,Cancelled,645.55
805,110,41,2025-05-01,Cash,Cancelled,2918.9
806,413,82,2025-05-07,Card,Delivered,317.79
807,278,75,2025-04-08,Cash,Cancelled,2656.51
808,646,58,2025-08-06,UPI,Delivered,1382.06
809,277,73,2025-03-31,Card,Cancelled,1845.13
810,26,96,2025-11-18,Card,Delivered,995.93
811,668,75,2025-11-25,UPI,Delivered,2677.47
812,369,50,2025-06-28,Card,Cancelled,1109.37
813,427,86,2025-08-16,Cash,Cancelled,1500.11
814,106,36,2025-06-18,UPI,Cancelled,2761.4
815,446,10,2025-04-06,Card,Delivered,556.14
816,415,78,2025-10-12,Card,Cancelled,404.45
817,325,12,2025-10-02,Cash,Delivered,1943.38
818,56,59,2025-11-11,UPI,Delivered,1630.66
819,802,70,2025-10-31,UPI,Cancelled,1524.56
820,444,45,2025-09-15,Cash,Delivered,2627.44
821,647,59,2025-12-02,Cash,Cancelled,1189.63
822,475,95,2025-05-09,UPI,Cancelled,2648.68
823,825,45,2025-08-02,UPI,Cancelled,423.95
824,616,97,2025-10-29,Cash,Delivered,2877.12
825,471,84,2025-10-01,Card,Delivered,679.12
826,484,14,2025-08-28,UPI,Cancelled,556.23
827,757,12,2025-08-05,Cash,Delivered,1488.21
828,571,89,2025-09-30,Card,Delivered,671.21
829,440,75,2025-09-25,UPI,Cancelled,254.82
830,800,3,2025-09-16,Cash,Delivered,1478.41
831,512,55,2025-05-14,UPI,Delivered,2147.81
832,924,29,2025-09-21,Card,Cancelled,746.27
833,137,16,2025-09-30,Card,Cancelled,560.57
834,43,72,2025-05-11,UPI,Delivered,2592.86
835,306,61,2025-08-11,UPI,Cancelled,2619.12
836,893,68,2025-03-25,Card,Cancelled,429.77
837,188,45,2025-11-16,Cash,Cancelled,430.53
838,937,75,2025-08-31,Card,Cancelled,1979.0
839,949,10,2025-06-09,UPI,Delivered,461.78
840,914,69,2025-12-09,UPI,Cancelled,2865.12
841,707,33,2025-02-20,UPI,Cancelled,2438.89
842,204,82,2025-03-01,Cash,Delivered,494.85
843,118,43,2025-07-23,Card,Delivered,1270.75
844,193,90,2025-02-27,UPI,Delivered,2107.91
845,728,74,2025-01-31,UPI,Delivered,2358.83
846,125,46,2025-08-23,Card,Delivered,293.9
847,699,37,2025-06-02,UPI,Cancelled,385.53
848,981,27,2025-10-01,Card,Delivered,2265.99
849,803,78,2025-09-16,UPI,Delivered,2729.07
850,608,82,2025-03-29,UPI,Delivered,1842.33
851,164,92,2025-04-24,Cash,Cancelled,1740.47
852,345,39,2025-04-01,UPI,Cancelled,2095.54
853,898,77,2025-01-07,Card,Cancelled,910.01
854,257,30,2025-07-10,UPI,Delivered,338.06
855,317,56,2025-12-12,UPI,Cancelled,2806.71
856,982,1,2025-11-11,Card,Delivered,298.73
857,555,53,2025-09-08,UPI,Delivered,1312.67
858,475,97,2025-11-02,Card,Cancelled,2051.73
859,318,17,2025-08-29,Card,Delivered,1341.35
860,772,66,2025-04-01,UPI,Cancelled,2391.84
861,839,12,2025-10-02,Card,Delivered,1856.63
862,391,46,2025-08-13,Cash,Delivered,169.25
863,876,84,2025-04-28,Card,Delivered,1490.6
864,486,31,2025-02-14,Cash,Delivered,521.45
865,795,69,2025-08-20,Cash,Delivered,2760.48
866,927,23,2025-05-20,UPI,Delivered,2900.44
867,17,91,2025-06-21,Cash,Cancelled,2650.65
868,904,84,2025-01-17,UPI,Cancelled,2453.69
869,841,37,2025-05-26,Card,Cancelled,284.77
870,1,12,2025-07-28,UPI,Delivered,1739.41
871,220,60,2025-01-25,Card,Delivered,236.1
872,824,92,2025-07-15,UPI,Delivered,1382.61
873,389,39,2025-04-07,UPI,Cancelled,2023.59
874,779,6,2025-08-29,UPI,Delivered,2985.72
875,877,27,2025-11-09,Card,Cancelled,1509.25
876,65,12,2025-07-24,Card,Cancelled,809.74
877,7,53,2025-11-09,Cash,Delivered,1374.3
878,315,24,2025-06-01,Card,Delivered,2035.95
879,443,81,2025-02-10,Card,Delivered,1177.62
880,373,51,2025-05-23,Card,Cancelled,2523.74
881,799,90,2025-03-22,Cash,Cancelled,2040.88
882,742,43,2025-01-12,UPI,Delivered,1001.78
883,471,98,2025-06-29,UPI,Cancelled,2788.57
884,762,54,2025-08-02,UPI,Delivered,1787.91
885,935,34,2025-06-29,Cash,Delivered,921.03
886,63,10,2025-11-19,Cash,Delivered,446.48
887,891,69,2025-01-22,Card,Cancelled,1894.85
888,855,65,2025-06-10,Cash,Delivered,2808.46
889,1000,52,2025-11-23,Cash,Cancelled,2943.04
890,938,99,2025-04-25,UPI,Delivered,2112.66
891,416,64,2025-02-24,UPI,Delivered,784.02
892,127,84,2025-03-05,Card,Cancelled,281.34
893,320,52,2025-11-23,Card,Delivered,2447.89
894,669,51,2025-06-07,Cash,Delivered,881.26
895,64,14,2025-10-21,Cash,Delivered,842.9
896,285,12,2025-08-12,Card,Delivered,1185.59
897,949,82,2025-06-28,Card,Delivered,1220.43
898,958,91,2025-01-09,Cash,Delivered,2315.58
899,259,93,2025-07-30,UPI,Cancelled,209.24
900,880,17,2025-10-04,Cash,Delivered,341.07
901,555,86,2025-12-20,Card,Delivered,2960.41
902,632,11,2025-06-09,UPI,Cancelled,2439.34
903,816,13,2025-06-27,Card,Delivered,1787.95
904,147,87,2025-10-03,UPI,Cancelled,487.47
905,330,8,2025-06-01,UPI,Delivered,877.7
906,691,20,2025-08-31,Cash,Delivered,1055.68
907,863,10,2025-12-02,UPI,Delivered,1177.64
908,235,14,2025-06-17,Cash,Delivered,189.17
909,525,80,2025-10-17,Cash,Delivered,2659.24
910,836,71,2025-03-10,Cash,Delivered,2551.82
911,199,63,2025-04-11,UPI,Delivered,1570.3
912,959,84,2025-06-17,UPI,Delivered,236.98
913,892,58,2025-06-06,Cash,Cancelled,2655.02
914,347,26,2025-07-29,UPI,Cancelled,1393.42
915,983,59,2025-05-09,UPI,Cancelled,698.47
916,795,18,2025-01-09,Cash,Cancelled,2581.78
917,397,62,2025-04-05,Cash,Delivered,2269.97
918,106,33,2025-01-25,UPI,Cancelled,1485.71
919,323,10,2025-05-25,Cash,Cancelled,2806.7
920,668,50,2025-10-09,UPI,Delivered,1287.01
921,320,89,2025-11-23,UPI,Cancelled,1425.29
922,597,87,2025-01-18,Card,Cancelled,2277.51
923,264,82,2025-01-19,Cash,Cancelled,2253.35
924,818,51,2025-04-15,UPI,Cancelled,2661.34
925,426,62,2025-06-10,Cash,Cancelled,1788.39
926,62,31,2025-04-28,Card,Cancelled,311.64
927,504,47,2025-09-05,UPI,Delivered,566.19
928,759,25,2025-05-16,UPI,Cancelled,1482.7
929,436,17,2025-02-06,Card,Delivered,384.6
930,441,5,2025-11-14,UPI,Cancelled,1129.22
931,598,67,2025-10-21,Cash,Cancelled,2171.6
932,245,8,2025-04-24,UPI,Cancelled,1115.05
933,188,81,2025-12-16,Cash,Cancelled,2093.03
934,419,96,2025-03-31,Cash,Delivered,2100.81
935,689,86,2025-06-08,UPI,Cancelled,2103.58
936,866,48,2025-12-08,Card,Delivered,2270.26
937,514,93,2025-08-12,Card,Delivered,1634.96
938,664,53,2025-01-18,Cash,Delivered,1118.09
939,651,87,2025-04-08,UPI,Cancelled,1878.29
940,277,45,2025-06-30,Cash,Delivered,808.87
941,920,96,2025-09-17,UPI,Delivered,970.73
942,31,37,2025-02-24,Cash,Cancelled,2674.7
943,262,2,2025-01-06,Cash,Delivered,2584.0
944,185,41,2025-12-25,UPI,Delivered,2885.82
945,531,44,2025-05-24,Card,Cancelled,2888.32
946,531,66,2025-08-09,UPI,Delivered,747.21
947,618,41,2025-09-08,Card,Cancelled,2810.92
948,445,84,2025-10-21,UPI,Cancelled,857.37
949,226,36,2025-09-26,Cash,Delivered,686.59
950,884,49,2025-04-18,Card,Cancelled,909.15
951,834,42,2025-07-16,UPI,Delivered,312.87
952,121,39,2025-06-30,Cash,Cancelled,2578.48
953,836,61,2025-06-02,UPI,Cancelled,1146.63
954,47,15,2025-01-27,Card,Cancelled,1320.72
955,45,71,2025-01-11,Card,Cancelled,1897.45
956,869,45,2025-09-14,Cash,Cancelled,300.19
957,94,16,2025-09-08,Cash,Cancelled,2202.64
958,352,50,2025-05-16,UPI,Delivered,1655.11
959,508,4,2025-03-02,Card,Cancelled,1456.4
960,250,61,2025-04-01,Card,Cancelled,1158.88
961,271,33,2025-07-22,Card,Cancelled,2998.43
962,216,20,2025-04-30,Card,Cancelled,2343.81
963,727,61,2025-08-09,Card,Delivered,1763.37
964,219,49,2025-02-13,UPI,Cancelled,2362.98
965,754,59,2025-06-30,UPI,Delivered,1094.23
966,961,43,2025-06-03,Card,Cancelled,2975.94
967,827,23,2025-05-05,UPI,Cancelled,2980.34
968,153,46,2025-12-31,Card,Delivered,2957.68
969,690,38,2025-12-12,Cash,Cancelled,2271.96
970,784,3,2025-10-11,Cash,Delivered,495.48
971,990,20,2025-08-31,UPI,Delivered,1332.16
972,784,41,2025-08-23,UPI,Delivered,1673.86
973,454,2,2025-08-08,Card,Delivered,2351.19
974,753,68,2025-06-02,Card,Delivered,1926.61
975,678,27,2025-08-30,Card,Cancelled,1563.27
976,278,47,2025-04-04,Card,Delivered,1807.85
977,263,94,2025-08-24,Card,Cancelled,212.57
978,798,5,2025-03-22,Card,Cancelled,2957.63
979,66,81,2025-03-21,Card,Delivered,237.54
980,669,5,2025-04-15,Card,Delivered,759.87
981,698,26,2025-02-13,Cash,Delivered,867.52
982,60,1,2025-02-04,Cash,Cancelled,1639.69
983,158,64,2025-10-08,Cash,Delivered,1888.55
984,706,17,2025-03-02,Cash,Cancelled,1070.79
985,708,86,2025-06-02,Cash,Cancelled,675.63
986,369,10,2025-06-01,Card,Cancelled,498.46
987,896,18,2025-04-15,Card,Delivered,202.61
988,436,12,2025-11-27,UPI,Cancelled,1548.83
989,153,35,2025-04-18,Cash,Delivered,701.11
990,342,44,2025-10-23,Card,Cancelled,1956.13
991,400,45,2025-08-22,Cash,Cancelled,1582.22
992,280,10,2025-04-12,Card,Delivered,1201.43
993,546,29,2025-08-19,Card,Delivered,2451.13
994,996,65,2025-03-26,Card,Cancelled,165.26
995,717,22,2025-07-02,UPI,Delivered,1041.13
996,747,91,2025-06-17,Cash,Delivered,1634.62
997,270,35,2025-03-17,Cash,Delivered,2295.15
998,371,67,2025-01-07,Cash,Cancelled,1367.0
999,402,86,2025-08-18,Cash,Cancelled,258.32
1000,974,82,2025-11-26,Card,Cancelled,475.56
1001,13,55,2025-01-22,Cash,Cancelled,1125.43
1002,269,24,2025-10-04,UPI,Delivered,377.06
1003,511,60,2025-04-27,UPI,Delivered,2211.66
1004,406,9,2025-05-06,UPI,Cancelled,955.05
1005,699,83,2025-05-22,UPI,Cancelled,717.22
1006,196,98,2025-03-27,Cash,Delivered,2330.66
1007,281,72,2025-11-03,Card,Cancelled,2269.21
1008,894,66,2025-09-22,Cash,Delivered,363.27
1009,173,69,2025-11-19,UPI,Delivered,2241.65
1010,680,79,2025-05-01,Card,Delivered,1211.62
1011,758,62,2025-04-15,UPI,Delivered,2325.44
1012,72,56,2025-12-14,Cash,Cancelled,742.81
1013,829,24,2025-03-04,UPI,Delivered,2485.47
1014,608,87,2025-03-18,UPI,Delivered,1322.38
1015,7,52,2025-04-02,UPI,Cancelled,2494.46
1016,812,2,2025-11-22,UPI,Delivered,998.39
1017,76,36,2025-12-07,UPI,Cancelled,971.85
1018,467,12,2025-01-31,UPI,Cancelled,2143.04
1019,653,25,2025-08-15,Card,Delivered,1368.98
1020,45,34,2025-07-26,Cash,Delivered,2201.0
1021,828,25,2025-11-18,Card,Delivered,2175.6
1022,411,57,2025-06-17,Card,Cancelled,1070.65
1023,713,29,2025-02-06,Cash,Delivered,2000.76
1024,594,68,2025-04-16,UPI,Cancelled,549.71
1025,193,37,2025-02-13,UPI,Cancelled,478.3
1026,835,38,2025-05-11,Cash,Delivered,1189.82
1027,103,28,2025-03-02,Cash,Cancelled,2506.92
1028,613,29,2025-01-08,UPI,Delivered,1867.61
1029,30,89,2025-05-10,UPI,Delivered,1502.19
1030,775,24,2025-04-20,UPI,Cancelled,1303.59
1031,782,54,2025-06-17,Cash,Delivered,1357.28
1032,60,92,2025-07-04,Cash,Cancelled,863.36
1033,293,15,2025-03-29,UPI,Delivered,1550.04
1034,756,92,2025-10-18,UPI,Delivered,1475.17
1035,994,38,2025-11-20,Cash,Cancelled,2918.72
1036,516,61,2025-06-17,Cash,Delivered,2270.24
1037,71,6,2025-07-11,Card,Delivered,253.89
1038,671,89,2025-11-07,UPI,Cancelled,228.2
1039,281,49,2025-05-11,Card,Delivered,2369.89
1040,822,27,2025-06-29,Cash,Delivered,1734.1
1041,81,13,2025-03-19,UPI,Cancelled,2473.81
1042,786,43,2025-03-10,UPI,Delivered,2255.4
1043,13,57,2025-10-23,UPI,Delivered,960.1
1044,499,55,2025-04-20,Cash,Delivered,820.97
1045,921,46,2025-06-30,Card,Delivered,1656.34
1046,37,95,2025-12-21,UPI,Delivered,162.89
1047,675,50,2025-01-07,Cash,Cancelled,2998.45
1048,673,55,2025-11-21,Card,Delivered,340.05
1049,448,11,2025-03-05,UPI,Cancelled,1497.93
1050,368,29,2025-02-03,Cash,Cancelled,2437.85
1051,542,32,2025-11-03,Cash,Delivered,887.76
1052,490,20,2025-03-12,Cash,Cancelled,2523.09
1053,583,85,2025-03-03,Cash,Delivered,2746.21
1054,12,40,2025-10-04,Cash,Delivered,1433.05
1055,50,38,2025-01-06,UPI,Cancelled,2094.74
1056,865,5,2025-02-08,Card,Cancelled,2676.31
1057,293,71,2025-01-20,Cash,Delivered,309.75
1058,330,37,2025-04-30,Card,Cancelled,868.89
1059,624,77,2025-08-22,Cash,Cancelled,351.74
1060,519,49,2025-03-05,Card,Delivered,1049.41
1061,528,52,2025-03-16,Card,Cancelled,2590.29
1062,397,64,2025-05-07,Cash,Cancelled,536.23
1063,959,20,2025-06-12,Card,Cancelled,424.14
1064,565,58,2025-08-14,UPI,Delivered,2634.74
1065,839,68,2025-05-31,UPI,Cancelled,2753.31
1066,466,8,2025-11-05,Card,Cancelled,1027.36
1067,633,1,2025-10-21,Cash,Delivered,1245.4
1068,997,73,2025-10-10,Card,Cancelled,1148.31
1069,229,1,2025-05-04,Cash,Cancelled,631.38
1070,630,5,2025-12-01,Card,Delivered,1043.8
1071,469,75,2025-10-25,Cash,Delivered,994.42
1072,560,3,2025-11-03,UPI,Delivered,1044.28
1073,551,35,2025-04-11,UPI,Cancelled,2487.47
1074,364,99,2025-06-21,Card,Delivered,1011.51
1075,433,10,2025-08-19,Card,Delivered,2995.21
1076,526,99,2025-08-27,Cash,Delivered,1903.98
1077,919,9,2025-06-17,Cash,Cancelled,941.37
1078,7,91,2025-03-26,Cash,Cancelled,1692.38
1079,84,66,2025-10-27,Card,Delivered,2995.76
1080,557,55,2025-11-12,Card,Delivered,2263.89
1081,387,6,2025-05-10,UPI,Delivered,1361.28
1082,609,97,2025-02-17,Cash,Cancelled,1900.87
1083,57,47,2025-07-09,Cash,Delivered,1242.91
1084,244,30,2025-12-08,Cash,Delivered,202.16
1085,640,62,2025-01-18,Cash,Delivered,2501.8
1086,297,63,2025-01-06,UPI,Cancelled,2903.02
1087,520,13,2025-02-14,Cash,Delivered,1024.75
1088,648,73,2025-03-16,Card,Delivered,2245.95
1089,339,43,2025-05-09,Card,Cancelled,2460.79
1090,303,78,2025-12-11,UPI,Cancelled,2315.94
1091,925,97,2025-09-20,Card,Cancelled,1509.18
1092,889,43,2025-06-20,Card,Delivered,2355.06
1093,882,52,2025-04-18,Card,Delivered,1475.71
1094,824,38,2025-11-10,Cash,Cancelled,2630.33
1095,773,26,2025-09-11,Cash,Delivered,2373.72
1096,348,19,2025-05-14,UPI,Delivered,1243.45
1097,772,69,2025-03-09,Card,Cancelled,242.99
1098,455,66,2025-07-17,Card,Delivered,2291.59
1099,439,61,2025-05-13,Cash,Delivered,2801.83
1100,437,74,2025-04-07,Card,Cancelled,355.38
1101,339,88,2025-06-24,Card,Delivered,2061.01
1102,155,25,2025-02-25,Card,Cancelled,1963.4
1103,33,65,2025-06-01,UPI,Delivered,657.95
1104,336,52,2025-08-07,Cash,Delivered,925.64
1105,592,54,2025-05-25,Cash,Delivered,900.16
1106,714,20,2025-09-24,Card,Cancelled,225.37
1107,940,99,2025-04-02,Card,Cancelled,598.1
1108,96,60,2025-02-22,Cash,Cancelled,1323.91
1109,887,84,2025-11-23,Cash,Cancelled,1631.98
1110,978,33,2025-06-22,Card,Cancelled,1961.22
1111,433,91,2025-07-26,UPI,Delivered,1431.51
1112,697,89,2025-05-19,UPI,Delivered,1673.12
1113,293,42,2025-12-13,UPI,Delivered,2126.4
1114,76,19,2025-04-14,Card,Delivered,2060.92
1115,540,20,2025-12-31,Cash,Cancelled,2792.9
1116,371,43,2025-03-13,Card,Delivered,2249.9
1117,419,67,2025-01-14,Card,Delivered,297.37
1118,472,32,2025-04-25,Cash,Delivered,1067.73
1119,680,58,2025-01-17,Card,Cancelled,489.43
1120,726,3,2025-09-09,UPI,Delivered,1704.41
1121,389,43,2025-12-31,Cash,Delivered,1508.23
1122,855,67,2025-07-20,Card,Delivered,980.64
1123,16,39,2025-02-18,Card,Cancelled,2699.58
1124,281,38,2025-08-08,Cash,Cancelled,1778.67
1125,179,38,2025-04-23,Card,Delivered,1784.59
1126,664,83,2025-05-31,Cash,Delivered,1365.17
1127,768,11,2025-12-19,UPI,Delivered,596.46
1128,951,26,2025-07-25,UPI,Delivered,1246.19
1129,936,92,2025-04-26,Card,Delivered,2051.39
1130,227,46,2025-05-07,Card,Cancelled,1071.13
1131,516,50,2025-10-03,UPI,Delivered,2119.5
1132,219,43,2025-10-23,Cash,Delivered,2501.03
1133,736,86,2025-12-07,Card,Cancelled,1549.29
1134,883,10,2025-08-04,UPI,Delivered,2076.43
1135,197,21,2025-10-01,UPI,Cancelled,2842.19
1136,7,41,2025-02-19,Card,Cancelled,2738.66
1137,505,27,2025-10-25,Card,Delivered,1251.76
1138,334,58,2025-05-20,UPI,Delivered,348.68
1139,136,58,2025-01-27,UPI,Delivered,2351.73
1140,335,36,2025-04-05,Cash,Cancelled,2472.99
1141,221,82,2025-08-28,Cash,Delivered,1285.05
1142,67,43,2025-01-18,UPI,Delivered,2280.25
1143,549,81,2025-02-19,Card,Cancelled,1130.87
1144,58,98,2025-10-08,Cash,Cancelled,1457.94
1145,992,77,2025-05-12,Card,Cancelled,1284.27
1146,167,6,2025-12-11,UPI,Cancelled,1886.95
1147,783,41,2025-12-14,Card,Cancelled,1257.89
1148,772,100,2025-07-26,Cash,Cancelled,828.52
1149,595,34,2025-12-24,UPI,Delivered,2187.43
1150,513,39,2025-09-04,Cash,Delivered,655.27
1151,972,96,2025-07-07,Cash,Delivered,1803.31
1152,605,54,2025-05-08,UPI,Cancelled,2968.26
1153,487,14,2025-07-28,Card,Cancelled,2720.24
1154,617,17,2025-02-09,Card,Cancelled,2582.87
1155,167,8,2025-07-30,Card,Delivered,700.8
1156,57,69,2025-04-07,Cash,Delivered,2254.0
1157,627,31,2025-02-18,Cash,Delivered,2703.69
1158,342,71,2025-10-11,Card,Delivered,2432.68
1159,328,70,2025-08-06,Cash,Delivered,1090.8
1160,933,81,2025-01-31,UPI,Delivered,1058.76
1161,285,45,2025-11-12,Card,Cancelled,1837.99
1162,459,77,2025-06-22,Card,Delivered,2708.82
1163,269,64,2025-08-02,Cash,Delivered,753.38
1164,796,29,2025-06-15,Card,Delivered,743.99
1165,505,98,2025-10-31,UPI,Delivered,1591.3
1166,146,35,2025-04-22,Cash,Cancelled,948.93
1167,579,97,2025-03-21,Card,Cancelled,2190.19
1168,839,11,2025-07-17,UPI,Delivered,513.63
1169,966,65,2025-12-27,Card,Delivered,1694.64
1170,370,19,2025-03-25,UPI,Cancelled,2042.35
1171,86,25,2025-04-16,Card,Cancelled,613.35
1172,754,44,2025-05-14,UPI,Cancelled,371.04
1173,44,82,2025-05-06,UPI,Cancelled,1189.0
1174,423,14,2025-08-11,Cash,Delivered,1485.86
1175,387,11,2025-06-24,Card,Cancelled,2167.61
1176,725,60,2025-10-01,UPI,Cancelled,2851.5
1177,769,68,2025-12-30,Card,Cancelled,603.44
1178,301,83,2025-10-28,UPI,Delivered,2419.44
1179,23,55,2025-11-22,UPI,Cancelled,2497.95
1180,781,27,2025-05-06,Card,Cancelled,1469.55
1181,101,37,2025-01-15,Card,Delivered,1936.92
1182,329,9,2025-12-16,Card,Cancelled,253.62
1183,179,96,2025-05-02,UPI,Delivered,2117.76
1184,865,9,2025-01-16,Card,Delivered,859.96
1185,113,16,2025-11-22,Card,Delivered,2175.17
1186,835,12,2025-06-04,UPI,Cancelled,901.06
1187,608,81,2025-04-17,UPI,Delivered,1980.08
1188,566,12,2025-10-25,UPI,Cancelled,1135.64
1189,591,65,2025-05-06,Cash,Delivered,338.93
1190,109,34,2025-08-31,Cash,Delivered,344.3
1191,909,63,2025-10-12,UPI,Delivered,404.32
1192,642,64,2025-04-16,Card,Delivered,1260.31
1193,281,75,2025-05-06,UPI,Delivered,2601.27
1194,484,60,2025-05-01,UPI,Delivered,1239.87
1195,755,99,2025-06-29,Cash,Cancelled,443.91
1196,629,96,2025-07-24,Cash,Cancelled,2747.93
1197,661,45,2025-01-21,Cash,Cancelled,1866.32
1198,344,99,2025-12-05,Card,Delivered,1624.45
1199,215,4,2025-05-27,Card,Cancelled,402.95
1200,417,3,2025-09-14,UPI,Delivered,570.7
1201,733,91,2025-06-05,UPI,Delivered,2079.22
1202,306,70,2025-05-04,Cash,Cancelled,1163.29
1203,487,65,2025-03-19,Card,Delivered,709.66
1204,272,75,2025-12-07,Cash,Delivered,885.28
1205,435,91,2025-11-10,Cash,Cancelled,2592.93
1206,114,70,2025-03-15,Card,Delivered,966.99
1207,528,10,2025-06-07,Card,Delivered,1445.91
1208,507,6,2025-11-18,UPI,Delivered,820.1
1209,766,23,2025-05-28,Cash,Cancelled,1643.7
1210,448,45,2025-02-17,Card,Delivered,1307.55
1211,20,81,2025-08-10,Cash,Delivered,856.97
1212,581,38,2025-12-08,Cash,Cancelled,2969.98
1213,586,87,2025-03-15,UPI,Cancelled,1897.3
1214,900,58,2025-02-25,UPI,Delivered,1515.7
1215,763,96,2025-10-20,Cash,Cancelled,502.39
1216,711,57,2025-10-02,Card,Delivered,375.21
1217,671,80,2025-04-22,UPI,Delivered,1242.14
1218,457,49,2025-08-03,Card,Cancelled,1281.57
1219,291,84,2025-08-21,Card,Cancelled,1779.22
1220,471,85,2025-12-05,Card,Delivered,473.48
1221,344,50,2025-03-10,UPI,Delivered,591.59
1222,253,92,2025-10-30,UPI,Delivered,2655.57
1223,221,46,2025-06-14,UPI,Cancelled,1982.38
1224,23,53,2025-09-15,UPI,Cancelled,1149.2
1225,753,73,2025-08-03,UPI,Delivered,1654.3
1226,127,86,2025-03-21,Cash,Cancelled,2718.75
1227,969,45,2025-09-27,Cash,Delivered,1568.89
1228,443,64,2025-04-23,Cash,Cancelled,2357.58
1229,428,22,2025-09-23,Cash,Cancelled,1941.74
1230,134,11,2025-05-07,Card,Cancelled,2235.48
1231,204,4,2025-11-22,Card,Delivered,482.32
1232,78,2,2025-12-18,Cash,Cancelled,2231.69
1233,688,63,2025-10-14,Cash,Cancelled,2163.24
1234,509,93,2025-06-27,Card,Delivered,610.02
1235,142,66,2025-01-13,UPI,Cancelled,2053.43
1236,322,34,2025-07-14,Card,Cancelled,241.08
1237,352,79,2025-07-27,UPI,Cancelled,465.46
1238,292,53,2025-09-18,Cash,Cancelled,2737.59
1239,762,61,2025-11-08,UPI,Cancelled,365.15
1240,517,49,2025-02-09,Card,Cancelled,1042.82
1241,286,44,2025-03-18,Cash,Cancelled,2332.56
1242,473,99,2025-09-19,Card,Delivered,1556.81
1243,877,56,2025-07-27,UPI,Cancelled,1375.39
1244,942,75,2025-01-31,Card,Delivered,2682.46
1245,702,43,2025-10-27,Card,Cancelled,1736.19
1246,636,92,2025-12-08,UPI,Delivered,2308.04
1247,677,58,2025-10-31,Cash,Cancelled,2949.07
1248,931,3,2025-08-26,Card,Delivered,1576.35
1249,125,81,2025-04-12,UPI,Cancelled,2072.93
1250,403,71,2025-02-22,Cash,Delivered,548.5
1251,426,99,2025-11-13,Cash,Delivered,2690.72
1252,197,3,2025-12-08,Cash,Delivered,2861.77
1253,307,76,2025-04-02,UPI,Delivered,606.5
1254,672,20,2025-10-29,Cash,Cancelled,1505.78
1255,237,59,2025-10-25,UPI,Delivered,2339.91
1256,578,22,2025-03-03,UPI,Delivered,2121.23
1257,951,23,2025-11-22,Cash,Delivered,2280.04
1258,362,7,2025-12-21,UPI,Delivered,2579.21
1259,284,29,2025-09-28,Cash,Delivered,2364.11
1260,439,35,2025-10-28,Cash,Cancelled,841.15
1261,462,73,2025-07-03,Card,Delivered,2328.68
1262,277,12,2025-01-24,Cash,Cancelled,2075.37
1263,162,50,2025-11-24,Card,Delivered,1397.84
1264,913,71,2025-08-15,UPI,Delivered,1711.29
1265,792,41,2025-06-17,UPI,Delivered,535.44
1266,351,63,2025-03-21,Card,Delivered,2385.36
1267,61,100,2025-09-19,UPI,Delivered,397.77
1268,435,19,2025-10-09,Card,Cancelled,2169.12
1269,971,44,2025-08-26,Cash,Cancelled,1739.72
1270,291,75,2025-11-28,Card,Delivered,1350.92
1271,985,61,2025-07-26,UPI,Cancelled,2569.31
1272,800,19,2025-06-16,Cash,Cancelled,976.38
1273,467,73,2025-05-05,Card,Cancelled,1409.59
1274,464,32,2025-04-07,Cash,Cancelled,2763.16
1275,159,31,2025-05-23,Cash,Delivered,414.66
1276,670,49,2025-08-17,Cash,Cancelled,2551.57
1277,869,60,2025-03-21,UPI,Cancelled,716.32
1278,958,82,2025-11-08,UPI,Delivered,1869.91
1279,507,4,2025-07-20,UPI,Delivered,203.41
1280,841,11,2025-02-02,Cash,Delivered,1196.82
1281,686,10,2025-10-12,UPI,Delivered,197.35
1282,582,5,2025-03-08,UPI,Delivered,2165.91
1283,737,73,2025-09-28,UPI,Cancelled,736.86
1284,278,48,2025-04-16,UPI,Delivered,894.06
1285,3,1,2025-09-05,Card,Cancelled,2747.05
1286,520,12,2025-04-09,Card,Delivered,242.83
1287,557,95,2025-11-18,Card,Cancelled,964.11
1288,33,79,2025-01-09,Cash,Delivered,318.75
1289,561,44,2025-03-12,Cash,Delivered,897.98
1290,397,77,2025-01-19,UPI,Cancelled,1222.8
1291,961,63,2025-04-05,Cash,Delivered,2975.47
1292,499,8,2025-08-24,Card,Cancelled,532.36
1293,65,58,2025-11-18,UPI,Delivered,680.55
1294,222,34,2025-09-14,Card,Delivered,1794.04
1295,709,57,2025-05-07,Card,Delivered,1776.96
1296,229,31,2025-11-26,UPI,Cancelled,654.83
1297,524,5,2025-07-12,Card,Delivered,2089.42
1298,383,84,2025-07-25,UPI,Delivered,852.25
1299,661,100,2025-07-11,Cash,Cancelled,2770.31
1300,385,95,2025-08-15,Cash,Cancelled,394.74
1301,619,6,2025-09-19,Card,Delivered,2471.09
1302,762,67,2025-08-27,Card,Delivered,1025.53
1303,139,14,2025-02-20,Card,Cancelled,1916.71
1304,518,76,2025-09-22,UPI,Cancelled,1682.42
1305,951,24,2025-01-18,UPI,Delivered,2485.38
1306,98,54,2025-09-08,Card,Delivered,1750.13
1307,509,78,2025-11-23,Card,Delivered,1691.28
1308,67,61,2025-12-02,Cash,Cancelled,2178.3
1309,458,66,2025-02-15,UPI,Cancelled,1920.97
1310,3,26,2025-03-23,Cash,Delivered,776.15
1311,563,3,2025-02-13,Card,Delivered,2814.48
1312,777,8,2025-06-29,UPI,Delivered,921.58
1313,255,40,2025-11-10,UPI,Cancelled,2116.25
1314,314,76,2025-04-02,Cash,Delivered,2934.85
1315,294,92,2025-05-08,Cash,Delivered,1866.29
1316,689,28,2025-10-26,Cash,Delivered,580.98
1317,557,14,2025-08-09,Card,Cancelled,761.7
1318,523,38,2025-01-04,Cash,Delivered,411.04
1319,347,52,2025-04-16,Card,Cancelled,956.94
1320,323,60,2025-10-10,UPI,Delivered,235.73
1321,397,81,2025-08-08,Cash,Delivered,379.33
1322,342,11,2025-02-12,UPI,Cancelled,1301.89
1323,141,97,2025-02-11,Cash,Delivered,1337.47
1324,135,1,2025-07-23,Card,Delivered,2873.76
1325,864,67,2025-02-15,UPI,Delivered,372.05
1326,764,50,2025-06-28,UPI,Cancelled,2583.98
1327,421,63,2025-08-08,Cash,Delivered,1216.64
1328,495,54,2025-07-18,UPI,Cancelled,2298.28
1329,653,65,2025-08-29,Card,Delivered,436.83
1330,195,54,2025-12-02,Card,Cancelled,2279.77
1331,736,81,2025-09-06,Cash,Cancelled,2003.04
1332,515,99,2025-03-29,Card,Delivered,1924.35
1333,283,8,2025-03-04,Cash,Delivered,2021.75
1334,175,69,2025-11-24,Cash,Cancelled,1775.85
1335,807,13,2025-02-27,Card,Delivered,719.55
1336,200,61,2025-02-22,Cash,Delivered,1011.43
1337,661,16,2025-01-29,Card,Cancelled,2233.97
1338,439,66,2025-08-02,Cash,Delivered,1074.16
1339,774,69,2025-12-27,UPI,Delivered,2543.37
1340,117,38,2025-07-06,Cash,Cancelled,1790.36
1341,679,35,2025-03-16,UPI,Delivered,2697.07
1342,175,16,2025-10-05,Cash,Delivered,1551.29
1343,59,36,2025-04-15,UPI,Delivered,672.59
1344,377,49,2025-07-09,Card,Delivered,266.0
1345,763,55,2025-09-27,Card,Cancelled,1430.58
1346,21,22,2025-01-13,UPI,Cancelled,1371.44
1347,445,38,2025-04-17,Card,Cancelled,449.43
1348,323,49,2025-10-15,Card,Delivered,1762.27
1349,817,42,2025-04-25,Card,Cancelled,229.66
1350,480,17,2025-09-03,UPI,Cancelled,2767.82
1351,815,42,2025-12-31,Cash,Delivered,648.54
1352,576,61,2025-07-24,Cash,Cancelled,1808.68
1353,675,77,2025-05-22,Cash,Delivered,267.34
1354,500,8,2025-08-30,Card,Delivered,2268.01
1355,438,4,2025-11-02,Cash,Delivered,2905.35
1356,102,67,2025-01-05,Cash,Cancelled,759.11
1357,795,68,2025-06-22,UPI,Delivered,1508.27
1358,629,3,2025-11-27,Card,Cancelled,465.87
1359,557,100,2025-04-03,Cash,Cancelled,801.9
1360,556,88,2025-01-24,Card,Cancelled,786.66
1361,319,86,2025-04-14,Cash,Cancelled,1719.69
1362,457,11,2025-07-09,Cash,Cancelled,2718.32
1363,251,34,2025-04-19,Card,Cancelled,1216.53
1364,448,52,2025-11-10,UPI,Cancelled,2944.09
1365,894,60,2025-09-11,Cash,Cancelled,227.51
1366,544,14,2025-06-19,Card,Delivered,1872.78
1367,118,59,2025-09-11,Cash,Cancelled,2203.79
1368,151,37,2025-02-17,Card,Cancelled,1566.25
1369,833,58,2025-06-06,Cash,Delivered,969.37
1370,466,9,2025-02-27,Card,Cancelled,2025.85
1371,833,69,2025-07-10,Cash,Delivered,1768.92
1372,900,33,2025-12-22,Cash,Cancelled,681.97
1373,329,13,2025-06-08,Cash,Delivered,951.15
1374,373,49,2025-08-15,Cash,Delivered,1941.98
1375,364,90,2025-10-18,UPI,Cancelled,587.67
1376,471,45,2025-04-27,Card,Cancelled,381.39
1377,612,59,2025-08-20,UPI,Cancelled,1138.69
1378,131,57,2025-10-08,Card,Delivered,775.3
1379,596,100,2025-03-21,UPI,Cancelled,2108.11
1380,745,97,2025-07-30,UPI,Cancelled,543.59
1381,388,35,2025-07-10,UPI,Cancelled,1980.98
1382,248,87,2025-06-10,Cash,Cancelled,883.61
1383,838,45,2025-10-07,Cash,Delivered,1937.72
1384,652,15,2025-04-06,Card,Delivered,2847.71
1385,664,3,2025-07-02,Cash,Delivered,1482.33
1386,349,12,2025-11-29,Card,Cancelled,1288.82
1387,484,91,2025-11-02,Cash,Delivered,2691.38
1388,414,8,2025-05-07,Cash,Delivered,384.88
1389,826,25,2025-10-17,UPI,Cancelled,2511.06
1390,348,10,2025-07-09,UPI,Cancelled,1908.98
1391,10,86,2025-03-14,Card,Delivered,1592.01
1392,826,67,2025-06-29,Card,Cancelled,1832.24
1393,952,76,2025-06-24,Cash,Delivered,1423.86
1394,466,33,2025-09-11,UPI,Cancelled,1872.69
1395,19,11,2025-12-17,UPI,Delivered,1585.28
1396,831,69,2025-08-16,UPI,Delivered,1399.4
1397,880,57,2025-01-08,UPI,Delivered,2253.35
1398,768,44,2025-02-24,Card,Delivered,936.59
1399,818,57,2025-10-27,UPI,Delivered,777.31
1400,646,68,2025-09-07,Cash,Cancelled,1387.13
1401,311,26,2025-04-03,Cash,Delivered,2508.07
1402,627,80,2025-08-12,UPI,Delivered,2550.9
1403,581,20,2025-07-18,Card,Cancelled,203.31
1404,262,97,2025-10-29,Cash,Delivered,403.08
1405,486,84,2025-10-28,UPI,Cancelled,1545.79
1406,575,24,2025-06-22,UPI,Delivered,2876.18
1407,972,53,2025-04-30,Cash,Delivered,2988.99
1408,765,23,2025-06-28,Card,Cancelled,653.88
1409,702,68,2025-04-14,Cash,Cancelled,687.07
1410,340,10,2025-09-06,Card,Cancelled,835.28
1411,645,43,2025-06-06,Cash,Delivered,1631.23
1412,200,100,2025-09-09,Cash,Delivered,2859.02
1413,612,3,2025-03-04,Card,Delivered,2359.07
1414,815,12,2025-08-19,Card,Delivered,2514.93
1415,146,7,2025-05-02,Cash,Cancelled,1347.03
1416,692,50,2025-01-19,UPI,Delivered,1715.31
1417,397,2,2025-08-21,Card,Cancelled,1561.7
1418,343,68,2025-09-25,UPI,Delivered,1945.6
1419,672,7,2025-06-20,UPI,Cancelled,1567.01
1420,807,76,2025-11-01,Cash,Delivered,1288.51
1421,842,49,2025-10-13,Card,Delivered,1057.27
1422,216,39,2025-06-30,UPI,Delivered,1126.39
1423,443,14,2025-04-28,Card,Cancelled,1691.47
1424,982,50,2025-11-04,Card,Cancelled,285.73
1425,181,60,2025-05-27,UPI,Delivered,246.66
1426,258,79,2025-08-29,UPI,Delivered,2876.02
1427,440,55,2025-05-31,UPI,Cancelled,1068.27
1428,629,62,2025-10-13,UPI,Cancelled,938.27
1429,40,36,2025-10-25,Cash,Cancelled,848.65
1430,563,18,2025-05-17,Cash,Delivered,234.56
1431,843,49,2025-09-16,Cash,Cancelled,1338.96
1432,771,30,2025-01-11,Cash,Delivered,542.25
1433,68,22,2025-12-21,UPI,Delivered,1260.7
1434,639,72,2025-09-16,Cash,Cancelled,2502.0
1435,307,92,2025-01-04,Cash,Cancelled,818.03
1436,289,2,2025-05-04,Cash,Delivered,272.71
1437,696,51,2025-10-17,Card,Delivered,821.76
1438,170,27,2025-07-03,Card,Delivered,2956.55
1439,833,74,2025-08-05,Cash,Delivered,2422.84
1440,308,8,2025-05-13,Card,Cancelled,782.53
1441,508,59,2025-03-21,Card,Cancelled,961.29
1442,311,67,2025-03-05,Card,Cancelled,320.56
1443,98,30,2025-11-22,UPI,Cancelled,968.76
1444,548,14,2025-05-29,Card,Cancelled,2837.91
1445,299,60,2025-06-26,Cash,Delivered,2443.06
1446,787,54,2025-10-04,Card,Cancelled,170.19
1447,78,65,2025-09-26,Card,Cancelled,1484.0
1448,80,26,2025-10-21,Card,Cancelled,2204.53
1449,731,2,2025-04-12,Cash,Delivered,365.46
1450,185,75,2025-02-16,Cash,Cancelled,2684.77
1451,87,64,2025-07-13,Cash,Delivered,2575.33
1452,138,72,2025-05-04,Card,Cancelled,1791.86
1453,823,88,2025-01-21,Cash,Delivered,974.32
1454,50,77,2025-02-24,Cash,Delivered,1457.6
1455,503,44,2025-01-31,UPI,Delivered,749.53
1456,946,6,2025-08-22,Card,Delivered,1074.99
1457,898,79,2025-11-04,Cash,Cancelled,1630.8
1458,734,22,2025-12-16,Cash,Delivered,745.49
1459,840,81,2025-07-26,UPI,Delivered,2596.56
1460,753,98,2025-05-25,Card,Delivered,2853.13
1461,438,21,2025-11-17,UPI,Delivered,2263.04
1462,2,67,2025-12-09,UPI,Cancelled,2561.81
1463,826,91,2025-12-02,UPI,Cancelled,2972.24
1464,832,10,2025-07-16,Card,Delivered,1834.05
1465,687,62,2025-04-14,UPI,Cancelled,1866.22
1466,756,59,2025-10-20,UPI,Delivered,225.69
1467,330,88,2025-10-25,Cash,Delivered,2076.06
1468,165,38,2025-01-25,Card,Cancelled,1262.03
1469,640,26,2025-04-20,UPI,Delivered,502.68
1470,873,44,2025-02-10,Card,Cancelled,2482.87
1471,603,32,2025-03-26,UPI,Delivered,2523.98
1472,574,72,2025-04-05,Card,Delivered,2788.26
1473,994,41,2025-12-27,Cash,Delivered,1959.93
1474,41,66,2025-09-07,Card,Delivered,1162.17
1475,19,3,2025-03-03,Card,Cancelled,1155.7
1476,178,90,2025-12-07,Card,Delivered,2295.67
1477,802,43,2025-12-20,UPI,Delivered,2248.3
1478,289,73,2025-06-03,UPI,Cancelled,1646.83
1479,88,59,2025-02-14,Card,Delivered,1416.47
1480,413,53,2025-03-18,Cash,Cancelled,352.77
1481,606,68,2025-06-13,Card,Cancelled,295.34
1482,567,47,2025-11-09,UPI,Delivered,191.16
1483,534,52,2025-08-20,Card,Delivered,2374.26
1484,177,3,2025-07-01,UPI,Cancelled,442.24
1485,357,86,2025-03-09,Cash,Delivered,632.94
1486,21,42,2025-11-27,Card,Delivered,2567.27
1487,292,33,2025-08-05,Cash,Delivered,1875.5
1488,455,92,2025-05-11,Card,Delivered,1165.54
1489,27,89,2025-03-15,Card,Cancelled,218.28
1490,572,66,2025-07-26,Card,Delivered,2780.93
1491,90,99,2025-06-29,UPI,Cancelled,971.81
1492,574,84,2025-02-11,UPI,Delivered,2659.1
1493,509,94,2025-10-04,UPI,Delivered,2739.84
1494,521,84,2025-07-19,UPI,Cancelled,856.12
1495,687,22,2025-11-09,Cash,Cancelled,1410.97
1496,759,38,2025-04-27,UPI,Cancelled,453.1
1497,222,7,2025-03-17,UPI,Cancelled,215.07
1498,743,17,2025-09-21,Card,Delivered,2692.74
1499,799,70,2025-10-25,UPI,Cancelled,887.12
1500,418,98,2025-06-24,Card,Cancelled,2125.59
1501,882,96,2025-01-22,Cash,Cancelled,650.15
1502,161,11,2025-03-12,Cash,Cancelled,299.71
1503,48,62,2025-09-04,Cash,Delivered,1008.96
1504,232,3,2025-02-19,UPI,Delivered,719.92
1505,169,21,2025-01-08,UPI,Cancelled,240.16
1506,298,36,2025-05-01,UPI,Cancelled,2039.56
1507,49,38,2025-06-25,Cash,Delivered,2981.58
1508,305,18,2025-03-07,Card,Cancelled,1132.5
1509,29,72,2025-02-03,Cash,Cancelled,2411.59
1510,135,83,2025-02-18,Card,Cancelled,1724.15
1511,580,24,2025-02-18,UPI,Cancelled,1049.03
1512,842,89,2025-03-23,UPI,Delivered,1008.83
1513,386,16,2025-07-13,Cash,Delivered,195.14
1514,748,18,2025-01-12,Card,Cancelled,1565.1
1515,420,82,2025-04-27,Cash,Cancelled,1010.5
1516,888,79,2025-02-09,Card,Cancelled,2038.13
1517,867,44,2025-08-21,Card,Delivered,2875.13
1518,160,95,2025-01-22,Card,Cancelled,2806.84
1519,642,40,2025-07-23,UPI,Delivered,1969.87
1520,929,41,2025-05-22,UPI,Delivered,1061.62
1521,973,49,2025-06-08,Card,Cancelled,677.57
1522,225,55,2025-11-17,Card,Delivered,869.35
1523,928,72,2025-04-09,Card,Delivered,1577.94
1524,982,55,2025-06-09,UPI,Delivered,2604.75
1525,859,81,2025-01-13,Card,Cancelled,1402.15
1526,987,84,2025-03-01,Cash,Cancelled,2545.9
1527,980,16,2025-06-11,UPI,Delivered,1481.76
1528,972,31,2025-02-28,Cash,Delivered,1653.82
1529,978,54,2025-09-29,Card,Cancelled,1627.98
1530,797,35,2025-02-13,Card,Delivered,1482.75
1531,505,96,2025-03-23,Card,Cancelled,2698.52
1532,442,84,2025-10-10,UPI,Delivered,311.32
1533,682,86,2025-10-22,Card,Delivered,2398.42
1534,77,74,2025-06-27,UPI,Cancelled,2405.81
1535,616,73,2025-12-18,Cash,Cancelled,1726.27
1536,595,77,2025-07-27,UPI,Delivered,2181.97
1537,134,19,2025-03-19,Card,Delivered,688.04
1538,567,48,2025-12-05,Cash,Cancelled,1264.01
1539,409,53,2025-03-01,UPI,Delivered,1908.14
1540,818,67,2025-10-18,Cash,Cancelled,2421.91
1541,341,50,2025-05-21,Cash,Cancelled,789.76
1542,48,39,2025-03-05,Card,Delivered,1553.14
1543,364,20,2025-05-09,Cash,Cancelled,356.79
1544,622,5,2025-04-25,Card,Cancelled,956.0
1545,780,95,2025-12-30,Cash,Delivered,2166.62
1546,222,36,2025-03-24,Cash,Delivered,1326.21
1547,474,24,2025-10-11,UPI,Delivered,398.6
1548,916,71,2025-02-02,Card,Delivered,566.39
1549,890,75,2025-01-20,Card,Delivered,172.99
1550,376,70,2025-10-03,Card,Cancelled,255.32
1551,191,22,2025-07-06,Card,Cancelled,1847.35
1552,777,39,2025-02-22,UPI,Cancelled,1689.31
1553,871,60,2025-10-02,Card,Delivered,1612.37
1554,977,9,2025-08-29,Card,Cancelled,1808.22
1555,7,45,2025-05-06,Cash,Cancelled,356.57
1556,428,100,2025-11-04,UPI,Delivered,1993.0
1557,698,11,2025-04-25,UPI,Cancelled,2360.0
1558,453,64,2025-04-01,Card,Cancelled,1815.61
1559,139,40,2025-08-02,UPI,Cancelled,1959.71
1560,398,95,2025-10-30,Card,Delivered,2138.52
1561,409,90,2025-10-25,Card,Delivered,187.0
1562,934,90,2025-07-04,Card,Delivered,1867.06
1563,847,97,2025-09-14,UPI,Cancelled,1787.6
1564,132,14,2025-07-17,Cash,Cancelled,2696.19
1565,453,49,2025-07-02,Card,Cancelled,1346.49
1566,754,41,2025-09-26,Card,Delivered,2697.85
1567,84,82,2025-07-26,Card,Cancelled,1402.7
1568,119,23,2025-10-31,Card,Delivered,2908.0
1569,228,28,2025-11-18,Card,Delivered,1570.67
1570,253,11,2025-01-04,UPI,Delivered,1843.8
1571,683,81,2025-04-10,Cash,Cancelled,268.65
1572,366,64,2025-03-17,Cash,Delivered,2661.26
1573,878,50,2025-01-30,Card,Cancelled,2527.4
1574,86,7,2025-06-03,UPI,Cancelled,245.63
1575,586,44,2025-03-30,UPI,Cancelled,740.62
1576,266,84,2025-03-23,UPI,Cancelled,1528.81
1577,589,38,2025-01-07,Cash,Delivered,2902.14
1578,214,69,2025-08-10,Cash,Delivered,176.42
1579,459,35,2025-03-10,UPI,Delivered,2779.24
1580,471,98,2025-01-21,Cash,Cancelled,967.85
1581,375,72,2025-12-10,Card,Delivered,200.33
1582,218,75,2025-01-14,UPI,Delivered,1171.89
1583,901,8,2025-05-19,UPI,Delivered,1806.61
1584,6,55,2025-11-17,Card,Cancelled,2615.92
1585,742,28,2025-08-06,Cash,Delivered,1733.77
1586,493,69,2025-01-18,UPI,Delivered,2036.35
1587,860,68,2025-01-10,Cash,Delivered,740.72
1588,6,57,2025-12-01,Cash,Cancelled,2503.79
1589,816,74,2025-03-25,Cash,Cancelled,897.96
1590,292,63,2025-10-04,Card,Delivered,2078.31
1591,522,12,2025-12-25,UPI,Delivered,560.44
1592,501,88,2025-03-19,Cash,Cancelled,1874.36
1593,36,40,2025-07-14,Card,Delivered,622.01
1594,672,93,2025-11-15,UPI,Delivered,1296.26
1595,480,47,2025-01-07,Card,Delivered,1694.76
1596,835,100,2025-01-06,Cash,Delivered,2631.86
1597,220,54,2025-05-31,UPI,Cancelled,2072.56
1598,958,55,2025-02-09,Card,Cancelled,872.27
1599,272,56,2025-03-04,UPI,Delivered,1862.06
1600,246,54,2025-07-26,Cash,Cancelled,2859.73
1601,547,95,2025-11-09,Card,Cancelled,720.32
1602,529,98,2025-06-09,UPI,Cancelled,186.32
1603,549,29,2025-09-16,UPI,Cancelled,2356.71
1604,455,42,2025-05-27,UPI,Delivered,2005.02
1605,578,41,2025-02-26,Cash,Cancelled,1236.62
1606,195,9,2025-04-17,Cash,Delivered,934.75
1607,352,74,2025-12-12,UPI,Cancelled,875.31
1608,113,61,2025-12-05,Card,Delivered,721.97
1609,879,79,2025-07-11,Card,Delivered,2732.76
1610,477,37,2025-05-09,Card,Cancelled,2741.58
1611,140,13,2025-07-12,Card,Delivered,2261.12
1612,861,37,2025-01-25,Cash,Delivered,1173.46
1613,690,75,2025-02-02,UPI,Cancelled,1786.62
1614,79,58,2025-08-30,Card,Delivered,1369.29
1615,771,26,2025-12-23,UPI,Cancelled,646.43
1616,442,35,2025-09-20,UPI,Delivered,2125.73
1617,122,62,2025-09-06,UPI,Cancelled,698.84
1618,483,91,2025-05-05,Cash,Cancelled,2663.15
1619,493,64,2025-12-01,Card,Cancelled,481.29
1620,900,10,2025-03-22,UPI,Delivered,1484.42
1621,585,35,2025-04-17,Card,Delivered,1565.57
1622,442,68,2025-03-15,Cash,Delivered,1775.88
1623,996,74,2025-12-25,Cash,Cancelled,1456.05
1624,565,44,2025-05-16,UPI,Cancelled,243.03
1625,326,73,2025-02-12,Card,Delivered,1603.99
1626,708,56,2025-09-08,Cash,Cancelled,2893.2
1627,132,45,2025-07-23,Card,Delivered,2889.52
1628,582,26,2025-05-23,Cash,Cancelled,2011.13
1629,644,59,2025-04-28,Cash,Cancelled,2344.54
1630,543,26,2025-09-02,Card,Delivered,156.72
1631,726,26,2025-09-11,UPI,Cancelled,573.97
1632,385,6,2025-04-30,UPI,Cancelled,1771.36
1633,781,68,2025-12-19,Cash,Cancelled,1997.31
1634,71,81,2025-09-30,Cash,Delivered,347.22
1635,766,55,2025-07-04,UPI,Cancelled,2465.73
1636,474,78,2025-12-28,Cash,Delivered,2304.51
1637,770,29,2025-01-25,UPI,Cancelled,2114.72
1638,632,15,2025-05-07,Card,Delivered,2023.84
1639,486,84,2025-01-30,UPI,Cancelled,251.93
1640,591,81,2025-02-15,Cash,Delivered,1151.14
1641,662,46,2025-09-09,Cash,Cancelled,2807.55
1642,326,64,2025-02-25,Cash,Cancelled,1888.75
1643,619,28,2025-09-12,Cash,Delivered,2695.39
1644,508,24,2025-12-23,UPI,Cancelled,2997.97
1645,543,43,2025-02-25,Cash,Delivered,1365.43
1646,292,14,2025-03-23,UPI,Delivered,1819.47
1647,471,63,2025-03-09,UPI,Delivered,2213.9
1648,222,38,2025-11-18,UPI,Cancelled,2334.13
1649,202,55,2025-01-30,UPI,Delivered,2869.44
1650,762,25,2025-06-06,Card,Cancelled,2432.44
1651,520,84,2025-09-15,Cash,Cancelled,1463.67
1652,913,34,2025-06-07,Card,Cancelled,1398.46
1653,451,99,2025-02-27,Cash,Delivered,2538.72
1654,244,69,2025-12-14,Cash,Delivered,2094.45
1655,160,26,2025-03-10,Card,Delivered,1911.25
1656,574,11,2025-01-02,Card,Cancelled,1319.93
1657,391,72,2025-09-14,Cash,Cancelled,371.28
1658,240,34,2025-02-05,UPI,Delivered,672.88
1659,276,38,2025-05-16,UPI,Cancelled,1660.48
1660,916,69,2025-09-16,Card,Delivered,2475.26
1661,379,64,2025-03-23,Card,Delivered,2342.59
1662,402,22,2025-07-23,Cash,Delivered,1694.62
1663,331,36,2025-03-02,Card,Delivered,1132.76
1664,169,29,2025-11-17,Card,Delivered,936.28
1665,263,61,2025-12-02,UPI,Delivered,983.6
1666,740,78,2025-12-18,UPI,Delivered,2466.68
1667,474,18,2025-12-30,Card,Cancelled,2800.08
1668,273,4,2025-12-20,UPI,Delivered,2827.06
1669,284,69,2025-04-17,Card,Cancelled,2811.71
1670,66,6,2025-02-26,Cash,Cancelled,1827.34
1671,149,82,2025-08-25,Cash,Cancelled,1463.68
1672,629,92,2025-02-21,Card,Delivered,747.98
1673,904,49,2025-02-10,Card,Cancelled,1258.31
1674,241,26,2025-08-01,Cash,Delivered,1314.93
1675,296,6,2025-04-07,Cash,Cancelled,244.83
1676,457,34,2025-08-02,Card,Cancelled,1217.6
1677,975,7,2025-02-28,Card,Cancelled,2865.94
1678,914,42,2025-10-07,UPI,Cancelled,731.65
1679,395,7,2025-09-29,UPI,Cancelled,1310.51
1680,649,21,2025-05-01,Card,Cancelled,733.84
1681,278,31,2025-05-16,UPI,Delivered,893.19
1682,885,32,2025-06-19,Cash,Delivered,626.38
1683,655,71,2025-07-28,Card,Delivered,768.51
1684,210,2,2025-11-17,UPI,Cancelled,608.83
1685,640,9,2025-07-28,Card,Cancelled,787.72
1686,110,82,2025-01-20,UPI,Delivered,233.88
1687,873,77,2025-05-15,Cash,Cancelled,177.77
1688,362,87,2025-07-11,Cash,Cancelled,510.83
1689,958,59,2025-02-04,Cash,Cancelled,1570.76
1690,412,66,2025-08-26,Cash,Delivered,2285.57
1691,677,90,2025-12-16,Cash,Delivered,1952.02
1692,817,68,2025-07-31,Cash,Cancelled,792.84
1693,411,85,2025-08-26,UPI,Cancelled,2277.82
1694,647,79,2025-12-25,UPI,Cancelled,523.84
1695,708,75,2025-04-19,Card,Delivered,1490.82
1696,860,27,2025-05-16,Card,Delivered,1319.47
1697,668,59,2025-08-21,Cash,Cancelled,1411.16
1698,815,37,2025-05-10,Cash,Delivered,1410.62
1699,530,59,2025-10-17,UPI,Delivered,1566.75
1700,745,13,2025-02-01,Card,Cancelled,1931.28
1701,522,52,2025-09-27,Card,Delivered,848.51
1702,103,24,2025-08-31,Card,Delivered,436.77
1703,473,13,2025-07-26,Card,Cancelled,918.47
1704,416,67,2025-01-06,UPI,Cancelled,2808.61
1705,91,82,2025-10-23,UPI,Delivered,1775.53
1706,447,62,2025-04-06,Card,Delivered,1426.73
1707,320,14,2025-12-05,Card,Delivered,1577.05
1708,766,81,2025-01-23,Card,Cancelled,2943.03
1709,288,61,2025-07-25,Card,Delivered,2472.57
1710,157,57,2025-12-18,Card,Delivered,260.84
1711,320,17,2025-03-29,Cash,Delivered,2062.33
1712,602,6,2025-04-17,Card,Delivered,1208.75
1713,885,49,2025-04-16,Cash,Delivered,1389.16
1714,185,85,2025-09-22,UPI,Cancelled,2746.77
1715,511,82,2025-02-06,UPI,Cancelled,1189.0
1716,416,31,2025-02-19,UPI,Cancelled,732.9
1717,550,91,2025-06-18,UPI,Cancelled,1928.69
1718,727,89,2025-09-20,UPI,Delivered,2996.05
1719,389,66,2025-03-25,Card,Cancelled,841.74
1720,267,12,2025-12-23,UPI,Delivered,885.81
1721,760,21,2025-05-17,Cash,Delivered,1379.72
1722,663,38,2025-11-16,Cash,Delivered,1216.35
1723,187,33,2025-11-20,Card,Cancelled,2465.89
1724,210,81,2025-03-11,Cash,Delivered,1631.17
1725,475,68,2025-03-09,Cash,Cancelled,1158.5
1726,553,60,2025-10-08,UPI,Cancelled,2698.88
1727,188,78,2025-07-10,Cash,Cancelled,1093.67
1728,451,58,2025-11-30,Cash,Delivered,2472.68
1729,588,23,2025-05-26,UPI,Delivered,605.82
1730,827,1,2025-05-23,UPI,Cancelled,374.35
1731,789,100,2025-09-02,Cash,Cancelled,1969.47
1732,835,35,2025-05-16,Card,Cancelled,2915.27
1733,503,17,2025-02-20,Card,Cancelled,2051.69
1734,681,23,2025-07-19,UPI,Cancelled,2725.91
1735,270,81,2025-08-16,UPI,Delivered,2085.06
1736,466,65,2025-09-15,UPI,Cancelled,2477.08
1737,466,2,2025-10-26,Cash,Cancelled,539.15
1738,557,62,2025-10-09,Card,Cancelled,1348.42
1739,561,64,2025-09-13,UPI,Cancelled,1909.24
1740,202,90,2025-05-04,Cash,Delivered,1098.39
1741,135,31,2025-05-05,Card,Delivered,2177.15
1742,761,18,2025-08-17,UPI,Cancelled,479.27
1743,957,25,2025-04-25,Cash,Delivered,2422.43
1744,53,99,2025-01-07,UPI,Cancelled,1338.35
1745,34,99,2025-01-13,Card,Cancelled,1124.8
1746,402,57,2025-01-30,Card,Delivered,413.73
1747,315,63,2025-08-26,Card,Delivered,2039.46
1748,258,84,2025-11-01,Cash,Cancelled,2639.94
1749,730,96,2025-05-11,Cash,Cancelled,2449.21
1750,397,74,2025-10-29,Card,Delivered,1946.99
1751,414,25,2025-11-30,Card,Cancelled,2971.84
1752,129,29,2025-06-03,Cash,Cancelled,1071.4
1753,460,8,2025-10-03,Card,Cancelled,560.75
1754,906,78,2025-02-20,UPI,Delivered,980.78
1755,684,42,2025-09-09,Cash,Delivered,1412.37
1756,147,75,2025-08-25,Card,Delivered,2516.49
1757,744,59,2025-03-13,Card,Cancelled,565.09
1758,635,69,2025-09-12,UPI,Delivered,1885.85
1759,735,93,2025-06-07,Card,Delivered,1688.24
1760,89,64,2025-02-01,Cash,Delivered,584.67
1761,236,78,2025-09-13,Cash,Cancelled,1997.04
1762,658,53,2025-08-27,UPI,Cancelled,469.11
1763,780,81,2025-10-28,UPI,Delivered,188.54
1764,238,92,2025-05-11,Card,Cancelled,223.12
1765,18,62,2025-03-01,UPI,Cancelled,893.35
1766,871,36,2025-06-30,UPI,Delivered,2328.69
1767,572,66,2025-12-31,Card,Delivered,1207.51
1768,639,51,2025-01-16,Card,Cancelled,2142.56
1769,569,30,2025-11-02,UPI,Delivered,1446.71
1770,807,55,2025-03-25,UPI,Cancelled,1982.83
1771,625,32,2025-08-31,Card,Delivered,1458.56
1772,879,70,2025-09-10,UPI,Delivered,1902.48
1773,169,9,2025-08-27,Card,Delivered,466.47
1774,268,98,2025-11-03,Card,Delivered,657.67
1775,551,12,2025-07-02,UPI,Cancelled,2035.2
1776,838,27,2025-11-19,Cash,Delivered,1238.95
1777,978,40,2025-08-08,Card,Delivered,1899.56
1778,252,13,2025-05-16,UPI,Delivered,398.53
1779,262,70,2025-06-14,Card,Cancelled,292.8
1780,765,73,2025-05-02,Card,Delivered,1288.23
1781,353,38,2025-01-17,Card,Cancelled,2192.06
1782,773,22,2025-05-26,Cash,Cancelled,1800.74
1783,288,94,2025-06-06,Cash,Cancelled,1843.92
1784,432,28,2025-04-08,UPI,Delivered,299.19
1785,603,54,2025-11-19,Card,Cancelled,1271.1
1786,218,63,2025-07-11,Cash,Cancelled,513.25
1787,273,11,2025-06-12,Cash,Cancelled,1031.13
1788,583,37,2025-03-22,Cash,Cancelled,2098.77
1789,809,66,2025-03-28,UPI,Cancelled,2876.54
1790,921,89,2025-12-25,Cash,Delivered,1536.67
1791,552,81,2025-12-10,Cash,Cancelled,2039.6
1792,832,33,2025-02-02,UPI,Cancelled,576.55
1793,393,64,2025-12-04,Card,Delivered,597.61
1794,169,55,2025-10-26,Cash,Delivered,2306.38
1795,118,75,2025-03-18,UPI,Cancelled,593.15
1796,54,17,2025-11-22,Cash,Delivered,1969.58
1797,240,63,2025-10-05,Card,Delivered,190.88
1798,820,84,2025-12-03,Cash,Cancelled,2561.28
1799,228,91,2025-07-10,UPI,Cancelled,2211.77
1800,270,41,2025-12-28,Card,Cancelled,2134.93
1801,553,9,2025-05-07,Cash,Cancelled,2923.01
1802,282,71,2025-09-12,UPI,Delivered,2750.97
1803,897,32,2025-06-24,UPI,Cancelled,908.44
1804,118,79,2025-01-24,Cash,Cancelled,1041.05
1805,532,5,2025-12-23,Cash,Delivered,308.32
1806,358,62,2025-02-15,Cash,Delivered,744.49
1807,851,2,2025-05-01,Cash,Cancelled,1620.03
1808,737,98,2025-12-14,UPI,Delivered,814.98
1809,161,47,2025-11-23,Card,Cancelled,1542.56
1810,812,100,2025-01-30,UPI,Delivered,1225.99
1811,100,92,2025-07-09,Cash,Cancelled,2496.88
1812,578,35,2025-11-23,Card,Delivered,362.41
1813,647,96,2025-11-25,Cash,Delivered,1075.41
1814,247,40,2025-08-03,UPI,Cancelled,578.57
1815,341,91,2025-07-04,Card,Cancelled,2673.82
1816,325,10,2025-09-22,Card,Delivered,1519.52
1817,555,76,2025-05-04,Cash,Cancelled,2752.57
1818,892,28,2025-03-06,Card,Delivered,1838.02
1819,318,60,2025-10-02,UPI,Cancelled,2143.25
1820,446,36,2025-11-27,UPI,Delivered,2707.66
1821,75,53,2025-01-22,Card,Delivered,2551.54
1822,527,47,2025-03-13,UPI,Delivered,234.57
1823,872,97,2025-08-28,UPI,Cancelled,1139.2
1824,992,76,2025-11-15,Cash,Delivered,1506.76
1825,23,75,2025-08-30,Cash,Cancelled,1307.63
1826,989,74,2025-07-10,Cash,Delivered,799.67
1827,653,16,2025-07-10,UPI,Delivered,609.4
1828,430,6,2025-12-20,Cash,Cancelled,1587.89
1829,120,83,2025-09-28,UPI,Delivered,2327.09
1830,245,91,2025-04-30,Card,Cancelled,512.33
1831,764,43,2025-05-24,Cash,Cancelled,2538.56
1832,585,65,2025-12-18,Card,Cancelled,229.33
1833,414,65,2025-03-19,UPI,Delivered,865.85
1834,528,36,2025-12-12,Card,Cancelled,1644.05
1835,297,18,2025-04-15,Cash,Cancelled,1588.79
1836,298,50,2025-07-02,Card,Cancelled,2066.9
1837,626,88,2025-05-24,Card,Cancelled,1595.58
1838,943,46,2025-12-15,UPI,Delivered,2639.46
1839,147,46,2025-06-10,UPI,Delivered,654.03
1840,858,3,2025-05-04,UPI,Delivered,461.47
1841,85,78,2025-04-02,Cash,Cancelled,2071.14
1842,767,56,2025-11-22,Cash,Delivered,309.65
1843,691,70,2025-08-10,Card,Cancelled,269.94
1844,706,47,2025-07-02,Card,Cancelled,405.73
1845,344,48,2025-07-07,Card,Delivered,2693.96
1846,405,41,2025-06-09,Card,Cancelled,586.74
1847,662,43,2025-05-10,UPI,Delivered,2391.46
1848,899,23,2025-06-11,UPI,Cancelled,1276.16
1849,4,80,2025-08-02,UPI,Delivered,2749.32
1850,816,86,2025-02-03,UPI,Delivered,582.53
1851,217,3,2025-10-17,UPI,Delivered,670.43
1852,139,41,2025-11-16,UPI,Delivered,2628.03
1853,537,54,2025-03-21,UPI,Cancelled,289.07
1854,21,45,2025-02-16,UPI,Delivered,785.1
1855,545,25,2025-12-08,UPI,Cancelled,329.3
1856,582,90,2025-02-25,Card,Delivered,1844.66
1857,911,32,2025-09-22,Cash,Cancelled,656.98
1858,434,17,2025-09-17,Card,Delivered,736.57
1859,650,93,2025-02-02,Card,Cancelled,1755.52
1860,792,38,2025-07-02,UPI,Cancelled,1261.82
1861,584,13,2025-09-22,Card,Cancelled,2092.66
1862,123,30,2025-10-07,UPI,Delivered,392.43
1863,420,96,2025-07-13,UPI,Cancelled,157.21
1864,664,2,2025-03-05,Card,Cancelled,2844.52
1865,974,46,2025-02-16,Cash,Delivered,2639.37
1866,240,65,2025-03-18,UPI,Cancelled,1854.81
1867,205,35,2025-08-09,UPI,Cancelled,856.32
1868,228,11,2025-10-22,Cash,Cancelled,1616.49
1869,79,18,2025-04-30,UPI,Cancelled,700.68
1870,653,49,2025-06-10,Cash,Cancelled,1468.87
1871,147,47,2025-10-31,Cash,Delivered,2280.92
1872,572,9,2025-11-22,Cash,Cancelled,1208.86
1873,16,86,2025-03-28,UPI,Delivered,833.69
1874,724,49,2025-02-14,UPI,Delivered,2475.53
1875,930,98,2025-05-21,Cash,Cancelled,1878.9
1876,694,38,2025-04-25,UPI,Delivered,1151.93
1877,80,48,2025-09-02,Cash,Delivered,1658.2
1878,316,88,2025-06-10,Cash,Cancelled,239.19
1879,777,1,2025-12-29,Card,Cancelled,2180.49
1880,268,71,2025-02-07,UPI,Delivered,2316.38
1881,810,76,2025-03-13,Card,Delivered,2123.94
1882,704,21,2025-11-25,Cash,Cancelled,1155.7
1883,470,17,2025-02-12,UPI,Delivered,929.88
1884,141,37,2025-07-06,Card,Delivered,968.61
1885,117,46,2025-04-28,UPI,Cancelled,295.05
1886,202,74,2025-02-14,Cash,Delivered,2793.59
1887,453,28,2025-12-08,UPI,Delivered,1260.34
1888,2,17,2025-08-04,UPI,Cancelled,1771.91
1889,331,66,2025-11-01,Card,Cancelled,2958.84
1890,596,3,2025-11-16,Cash,Cancelled,2369.62
1891,719,64,2025-08-01,UPI,Delivered,2404.9
1892,448,93,2025-11-02,Card,Cancelled,2298.06
1893,501,7,2025-07-04,Cash,Cancelled,1064.04
1894,956,44,2025-03-18,Card,Cancelled,2878.6
1895,262,27,2025-09-05,UPI,Delivered,197.23
1896,901,77,2025-03-29,UPI,Delivered,1386.25
1897,836,32,2025-04-27,Cash,Delivered,842.84
1898,658,68,2025-09-29,Cash,Delivered,882.47
1899,988,64,2025-11-12,Card,Delivered,1284.81
1900,534,24,2025-01-27,Cash,Delivered,695.87
1901,696,73,2025-03-25,Card,Cancelled,531.67
1902,413,51,2025-01-13,Cash,Delivered,800.95
1903,205,26,2025-06-04,Cash,Delivered,1772.25
1904,245,98,2025-04-29,UPI,Cancelled,2537.29
1905,313,65,2025-07-23,UPI,Cancelled,1561.08
1906,531,76,2025-12-17,UPI,Cancelled,823.75
1907,849,46,2025-07-28,Cash,Cancelled,1967.86
1908,6,91,2025-01-14,Cash,Delivered,199.11
1909,700,70,2025-02-09,Cash,Cancelled,2098.52
1910,679,1,2025-11-01,Cash,Delivered,1896.51
1911,491,8,2025-01-26,UPI,Delivered,1060.22
1912,226,27,2025-03-20,Cash,Cancelled,973.03
1913,372,28,2025-11-01,Card,Cancelled,2837.09
1914,164,26,2025-03-20,Cash,Cancelled,2188.13
1915,617,76,2025-01-24,Card,Cancelled,2453.21
1916,790,65,2025-09-23,Card,Cancelled,1805.66
1917,102,59,2025-09-21,UPI,Cancelled,767.99
1918,129,17,2025-04-03,Cash,Cancelled,2513.47
1919,190,42,2025-09-11,Card,Cancelled,2303.89
1920,941,8,2025-10-22,Cash,Cancelled,2133.96
1921,938,35,2025-09-24,Cash,Delivered,2176.81
1922,246,48,2025-04-19,UPI,Delivered,306.83
1923,882,86,2025-07-22,UPI,Delivered,2339.15
1924,210,34,2025-01-29,Cash,Delivered,2776.75
1925,733,31,2025-05-28,Cash,Delivered,2409.81
1926,976,67,2025-07-08,Card,Delivered,1018.73
1927,253,49,2025-08-02,UPI,Cancelled,2609.27
1928,919,71,2025-09-17,Card,Delivered,1134.18
1929,462,81,2025-09-22,Cash,Delivered,1187.09
1930,220,89,2025-07-15,Cash,Cancelled,2830.4
1931,231,29,2025-04-17,Cash,Delivered,1756.4
1932,9,35,2025-05-27,UPI,Cancelled,1738.61
1933,413,80,2025-12-18,UPI,Cancelled,1427.75
1934,626,66,2025-11-05,Card,Cancelled,2306.27
1935,321,64,2025-10-07,Card,Delivered,887.37
1936,763,48,2025-03-07,Card,Cancelled,1762.57
1937,192,84,2025-08-06,Cash,Delivered,1195.75
1938,870,68,2025-01-20,UPI,Delivered,1346.75
1939,401,28,2025-04-24,Card,Delivered,1755.3
1940,105,39,2025-10-23,Cash,Cancelled,580.75
1941,797,27,2025-11-25,UPI,Delivered,1351.75
1942,686,8,2025-02-15,Cash,Cancelled,1923.75
1943,602,33,2025-07-19,UPI,Cancelled,2884.2
1944,509,37,2025-05-03,Cash,Delivered,399.85
1945,244,89,2025-11-04,Cash,Cancelled,165.2
1946,527,70,2025-01-12,Card,Delivered,946.53
1947,268,100,2025-03-18,Cash,Cancelled,1248.75
1948,62,88,2025-09-06,Cash,Delivered,2185.74
1949,728,37,2025-08-31,UPI,Delivered,1832.62
1950,573,60,2025-04-10,Cash,Cancelled,505.35
1951,178,25,2025-11-02,Card,Delivered,2983.97
1952,769,3,2025-06-06,Cash,Delivered,1603.33
1953,479,66,2025-03-09,UPI,Cancelled,420.29
1954,540,68,2025-11-09,Cash,Delivered,2865.07
1955,353,89,2025-06-26,Cash,Cancelled,571.45
1956,71,98,2025-03-13,Card,Delivered,768.9
1957,446,23,2025-08-01,Cash,Cancelled,2127.33
1958,116,23,2025-09-23,Cash,Cancelled,2784.46
1959,933,7,2025-06-20,Cash,Delivered,2532.91
1960,417,20,2025-06-30,Card,Delivered,2356.2
1961,502,93,2025-09-08,Card,Cancelled,2272.21
1962,801,40,2025-05-04,Card,Cancelled,1459.42
1963,930,83,2025-01-11,Card,Delivered,684.17
1964,752,2,2025-10-19,UPI,Cancelled,547.86
1965,512,23,2025-12-25,Cash,Delivered,471.27
1966,478,95,2025-05-29,UPI,Cancelled,2242.39
1967,621,11,2025-12-25,UPI,Cancelled,2201.39
1968,241,14,2025-09-24,Cash,Cancelled,426.85
1969,202,54,2025-11-28,UPI,Cancelled,959.32
1970,785,57,2025-11-01,Cash,Cancelled,1784.27
1971,51,100,2025-07-24,Card,Delivered,2844.39
1972,929,55,2025-09-12,Card,Cancelled,561.57
1973,189,62,2025-04-20,Card,Delivered,2958.13
1974,258,40,2025-03-01,UPI,Cancelled,2143.06
1975,534,1,2025-12-25,Card,Delivered,604.12
1976,606,57,2025-05-17,Card,Delivered,169.08
1977,732,31,2025-12-30,UPI,Delivered,2407.55
1978,662,52,2025-08-31,Cash,Cancelled,825.39
1979,585,10,2025-12-12,Card,Delivered,2080.68
1980,360,24,2025-09-20,UPI,Cancelled,695.75
1981,26,43,2025-08-20,Card,Cancelled,232.84
1982,871,50,2025-08-04,Card,Cancelled,2289.44
1983,132,56,2025-08-29,UPI,Cancelled,430.89
1984,910,7,2025-06-10,Cash,Cancelled,2623.04
1985,770,65,2025-06-01,Cash,Cancelled,1877.82
1986,441,53,2025-04-17,UPI,Delivered,838.04
1987,306,81,2025-07-30,Cash,Cancelled,2091.31
1988,195,21,2025-04-08,Card,Delivered,2310.92
1989,226,30,2025-07-11,Card,Cancelled,830.95
1990,948,80,2025-05-04,UPI,Cancelled,2855.94
1991,331,62,2025-01-20,UPI,Cancelled,1202.52
1992,466,89,2025-07-27,UPI,Cancelled,242.6
1993,144,24,2025-02-10,Card,Cancelled,2815.23
1994,618,54,2025-05-05,Cash,Cancelled,740.55
1995,384,55,2025-02-12,Card,Cancelled,446.1
1996,997,77,2025-09-03,UPI,Delivered,751.53
1997,849,81,2025-06-15,Card,Delivered,978.69
1998,80,32,2025-04-13,UPI,Delivered,2534.12
1999,207,69,2025-01-24,Card,Delivered,306.25
2000,951,23,2025-06-10,UPI,Cancelled,2748.26
2001,488,93,2025-04-18,UPI,Delivered,1122.24
2002,814,61,2025-01-20,UPI,Delivered,709.73
2003,430,29,2025-09-06,Card,Delivered,854.57
2004,238,92,2025-12-30,Card,Cancelled,320.98
2005,973,65,2025-05-14,Cash,Delivered,948.68
2006,870,84,2025-06-19,Cash,Cancelled,342.53
2007,598,81,2025-08-07,Cash,Delivered,1217.4
2008,928,77,2025-03-19,Cash,Delivered,2290.21
2009,520,48,2025-04-02,Cash,Cancelled,629.81
2010,674,18,2025-09-29,Card,Delivered,1515.45
2011,9,53,2025-09-05,Cash,Delivered,288.89
2012,851,98,2025-02-28,Card,Cancelled,2553.88
2013,106,35,2025-04-20,Card,Delivered,870.32
2014,286,36,2025-05-21,Cash,Delivered,2583.82
2015,495,39,2025-10-16,Card,Cancelled,595.03
2016,519,88,2025-07-10,Card,Cancelled,2307.68
2017,561,56,2025-10-23,Card,Delivered,1881.69
2018,163,60,2025-08-26,UPI,Cancelled,2258.46
2019,150,19,2025-03-06,Card,Delivered,769.25
2020,750,3,2025-09-02,Cash,Cancelled,2510.33
2021,773,53,2025-05-21,Card,Delivered,2907.37
2022,898,58,2025-04-20,UPI,Cancelled,644.87
2023,87,27,2025-12-09,Card,Delivered,1409.79
2024,418,10,2025-03-21,UPI,Delivered,632.0
2025,89,46,2025-09-20,Cash,Delivered,2155.52
2026,462,10,2025-10-30,Cash,Delivered,2281.78
2027,378,99,2025-10-22,Card,Delivered,1838.29
2028,235,68,2025-01-01,Card,Cancelled,1603.16
2029,864,94,2025-05-31,Cash,Delivered,2581.53
2030,191,93,2025-08-31,Cash,Delivered,276.07
2031,495,46,2025-04-26,UPI,Cancelled,2945.04
2032,470,49,2025-05-20,Card,Cancelled,1873.14
2033,824,56,2025-08-16,Card,Cancelled,948.62
2034,644,67,2025-12-28,UPI,Cancelled,1177.73
2035,670,26,2025-02-23,UPI,Cancelled,2571.51
2036,479,71,2025-12-25,Card,Cancelled,1842.9
2037,633,3,2025-04-15,Cash,Cancelled,1757.35
2038,979,11,2025-05-01,Cash,Cancelled,2916.9
2039,947,52,2025-09-20,Cash,Delivered,1524.68
2040,102,97,2025-09-07,Cash,Delivered,2500.36
2041,52,53,2025-12-18,UPI,Cancelled,663.26
2042,410,79,2025-01-05,UPI,Delivered,386.13
2043,468,87,2025-06-11,UPI,Cancelled,502.81
2044,241,95,2025-07-05,UPI,Cancelled,2194.67
2045,94,58,2025-04-22,UPI,Delivered,190.3
2046,744,17,2025-06-27,UPI,Delivered,1269.01
2047,846,40,2025-09-11,UPI,Cancelled,1496.25
2048,594,57,2025-02-18,Card,Delivered,350.55
2049,304,95,2025-05-20,UPI,Cancelled,2650.16
2050,309,69,2025-08-11,Card,Cancelled,2433.13
2051,765,58,2025-11-02,Cash,Cancelled,2966.42
2052,720,16,2025-12-01,Cash,Cancelled,991.24
2053,682,89,2025-03-28,UPI,Cancelled,786.54
2054,242,95,2025-01-14,Cash,Delivered,1698.5
2055,765,94,2025-09-26,Cash,Delivered,2762.39
2056,340,6,2025-06-17,Cash,Cancelled,2099.41
2057,512,1,2025-11-28,Card,Delivered,1488.4
2058,328,29,2025-07-11,Cash,Delivered,683.57
2059,534,43,2025-11-11,Card,Delivered,2928.32
2060,618,28,2025-10-08,Card,Cancelled,2193.33
2061,929,12,2025-08-09,Card,Cancelled,992.25
2062,969,90,2025-10-24,Card,Delivered,2738.29
2063,824,70,2025-08-13,UPI,Delivered,967.6
2064,66,57,2025-08-11,UPI,Delivered,1210.29
2065,460,56,2025-09-04,Cash,Delivered,998.2
2066,793,79,2025-05-16,Cash,Cancelled,1938.81
2067,575,33,2025-02-11,Card,Cancelled,572.69
2068,84,50,2025-02-15,Cash,Delivered,1729.6
2069,442,6,2025-03-13,Card,Delivered,248.22
2070,120,79,2025-07-06,Card,Delivered,2847.63
2071,960,91,2025-03-27,Cash,Cancelled,1658.13
2072,335,8,2025-04-09,Card,Cancelled,556.82
2073,359,60,2025-10-23,Card,Delivered,2202.37
2074,789,94,2025-12-26,UPI,Cancelled,2931.8
2075,662,56,2025-07-31,Cash,Delivered,392.19
2076,994,37,2025-08-08,Card,Delivered,2673.72
2077,750,88,2025-12-31,Card,Cancelled,2019.53
2078,382,73,2025-09-27,UPI,Cancelled,2168.11
2079,549,45,2025-06-25,Cash,Delivered,2041.08
2080,684,53,2025-06-05,UPI,Cancelled,2749.89
2081,424,5,2025-07-17,UPI,Cancelled,2056.64
2082,346,63,2025-09-12,Card,Delivered,246.3
2083,226,2,2025-01-23,Card,Cancelled,2511.22
2084,254,56,2025-08-13,Card,Cancelled,583.11
2085,615,10,2025-08-02,Card,Cancelled,2360.08
2086,25,29,2025-05-19,Card,Delivered,1671.06
2087,308,95,2025-06-02,Card,Cancelled,1550.18
2088,59,54,2025-03-19,UPI,Cancelled,1545.46
2089,174,6,2025-03-02,UPI,Cancelled,534.55
2090,417,73,2025-08-28,Cash,Cancelled,1714.28
2091,284,58,2025-05-07,Cash,Cancelled,2766.74
2092,757,68,2025-12-28,Card,Cancelled,1811.84
2093,973,34,2025-02-15,Card,Delivered,2059.73
2094,238,10,2025-01-24,Card,Delivered,968.3
2095,890,42,2025-04-22,Cash,Cancelled,1964.14
2096,117,39,2025-06-07,Card,Cancelled,1004.31
2097,535,44,2025-11-20,Card,Delivered,846.52
2098,487,72,2025-04-07,Card,Cancelled,1430.32
2099,169,8,2025-04-22,Card,Delivered,1911.63
2100,122,12,2025-07-30,UPI,Delivered,669.1
2101,606,2,2025-02-18,UPI,Delivered,1563.5
2102,801,56,2025-10-06,UPI,Delivered,487.45
2103,146,68,2025-02-22,UPI,Cancelled,2948.28
2104,611,10,2025-03-22,Cash,Cancelled,2020.08
2105,362,39,2025-06-10,UPI,Delivered,166.9
2106,650,80,2025-03-27,UPI,Cancelled,1458.28
2107,820,21,2025-04-08,UPI,Cancelled,2552.26
2108,343,67,2025-09-03,Cash,Cancelled,2014.07
2109,553,90,2025-08-27,Card,Delivered,2334.2
2110,261,68,2025-12-04,UPI,Cancelled,1462.01
2111,930,78,2025-07-31,UPI,Cancelled,2700.86
2112,928,89,2025-10-28,Card,Cancelled,2676.05
2113,536,82,2025-01-02,Card,Delivered,764.21
2114,344,3,2025-04-11,UPI,Delivered,347.73
2115,667,70,2025-06-02,UPI,Delivered,2224.73
2116,950,39,2025-03-21,Card,Cancelled,224.72
2117,315,39,2025-06-23,UPI,Cancelled,960.8
2118,862,81,2025-12-30,Cash,Cancelled,2287.42
2119,855,39,2025-12-25,UPI,Cancelled,2890.81
2120,803,14,2025-01-25,Cash,Cancelled,475.92
2121,263,72,2025-08-01,UPI,Cancelled,1587.33
2122,559,91,2025-01-22,Cash,Cancelled,2919.43
2123,158,58,2025-11-28,UPI,Cancelled,834.55
2124,756,62,2025-05-18,Cash,Delivered,2199.71
2125,27,74,2025-06-02,UPI,Cancelled,1341.97
2126,61,100,2025-11-11,Cash,Delivered,2780.53
2127,272,42,2025-07-11,Card,Delivered,274.84
2128,961,17,2025-12-12,UPI,Cancelled,2469.58
2129,260,14,2025-11-19,UPI,Delivered,347.61
2130,606,39,2025-05-24,Card,Cancelled,2243.38
2131,757,16,2025-08-07,Card,Delivered,2568.54
2132,75,96,2025-06-15,Cash,Cancelled,2965.71
2133,442,78,2025-02-08,Cash,Cancelled,1836.14
2134,998,74,2025-01-11,Card,Delivered,2756.58
2135,399,8,2025-11-03,Cash,Cancelled,915.86
2136,908,77,2025-01-09,Card,Cancelled,1383.87
2137,38,4,2025-01-08,UPI,Cancelled,2833.63
2138,611,38,2025-07-10,UPI,Cancelled,2270.31
2139,2,3,2025-02-12,UPI,Delivered,1456.73
2140,878,10,2025-02-28,Card,Delivered,2977.71
2141,528,75,2025-03-20,Cash,Cancelled,1879.03
2142,451,58,2025-04-02,UPI,Delivered,532.2
2143,730,69,2025-02-20,Cash,Delivered,2460.08
2144,134,4,2025-11-13,UPI,Cancelled,318.43
2145,794,67,2025-08-15,Card,Delivered,1265.04
2146,212,2,2025-05-28,UPI,Cancelled,477.1
2147,648,99,2025-11-26,UPI,Delivered,1440.07
2148,166,30,2025-12-15,Cash,Cancelled,1695.72
2149,893,88,2025-04-24,UPI,Delivered,1506.16
2150,319,33,2025-07-21,Card,Cancelled,2391.44
2151,350,88,2025-08-01,UPI,Delivered,975.78
2152,940,61,2025-02-27,Card,Delivered,2705.09
2153,584,66,2025-05-05,UPI,Cancelled,2214.41
2154,369,8,2025-09-02,UPI,Delivered,2207.15
2155,283,91,2025-02-02,Card,Delivered,1128.22
2156,849,38,2025-06-17,Card,Cancelled,423.89
2157,901,95,2025-09-29,Card,Cancelled,2334.35
2158,540,61,2025-08-04,Card,Cancelled,259.55
2159,851,32,2025-12-24,UPI,Cancelled,2333.32
2160,950,3,2025-01-27,Card,Delivered,2661.95
2161,352,10,2025-04-10,Card,Cancelled,1938.26
2162,671,89,2025-12-10,UPI,Cancelled,2894.02
2163,530,40,2025-02-05,Card,Delivered,1000.68
2164,253,93,2025-09-24,UPI,Cancelled,2464.71
2165,208,67,2025-04-24,UPI,Delivered,417.99
2166,126,57,2025-07-04,Cash,Delivered,2435.1
2167,344,53,2025-08-28,Cash,Delivered,862.02
2168,316,39,2025-10-06,UPI,Cancelled,2933.73
2169,119,27,2025-01-31,Cash,Cancelled,1156.51
2170,630,71,2025-04-21,Card,Delivered,872.25
2171,29,59,2025-05-06,Cash,Cancelled,727.06
2172,777,28,2025-03-23,Card,Delivered,2166.66
2173,513,75,2025-11-09,UPI,Cancelled,2826.48
2174,535,71,2025-01-15,UPI,Delivered,2277.9
2175,443,96,2025-05-02,UPI,Delivered,1543.98
2176,96,63,2025-07-08,Cash,Cancelled,2614.48
2177,158,29,2025-03-22,UPI,Cancelled,356.1
2178,204,59,2025-11-28,Card,Delivered,2870.33
2179,881,76,2025-11-13,UPI,Delivered,1704.25
2180,418,38,2025-07-25,UPI,Delivered,1416.57
2181,855,14,2025-05-28,Cash,Delivered,1618.66
2182,663,40,2025-01-20,UPI,Cancelled,1246.58
2183,409,33,2025-12-26,Card,Cancelled,1345.91
2184,92,68,2025-02-10,UPI,Delivered,1869.54
2185,265,10,2025-02-21,Cash,Cancelled,2348.18
2186,789,84,2025-07-31,UPI,Cancelled,1372.44
2187,18,46,2025-04-27,UPI,Delivered,1915.08
2188,778,45,2025-09-12,Card,Delivered,218.42
2189,305,18,2025-08-22,Card,Cancelled,2457.52
2190,23,7,2025-01-20,Cash,Delivered,223.74
2191,128,28,2025-09-19,UPI,Cancelled,2512.74
2192,827,95,2025-01-24,Card,Cancelled,657.39
2193,939,1,2025-07-16,UPI,Cancelled,867.35
2194,597,99,2025-09-01,Card,Cancelled,2547.2
2195,863,90,2025-12-04,Card,Delivered,1471.18
2196,261,46,2025-12-13,UPI,Cancelled,1604.83
2197,301,70,2025-07-11,Cash,Delivered,2768.22
2198,118,13,2025-05-07,UPI,Delivered,1379.04
2199,365,32,2025-06-08,UPI,Cancelled,2391.18
2200,843,11,2025-05-05,UPI,Cancelled,1872.91
2201,754,17,2025-08-11,UPI,Delivered,2114.79
2202,720,56,2025-07-14,UPI,Cancelled,1713.67
2203,944,63,2025-10-14,Card,Delivered,2944.62
2204,420,11,2025-08-26,Cash,Cancelled,1616.92
2205,63,53,2025-04-26,Cash,Cancelled,2263.59
2206,580,40,2025-08-09,UPI,Delivered,2376.27
2207,567,80,2025-02-01,Card,Delivered,1343.58
2208,900,21,2025-03-11,Card,Cancelled,661.04
2209,532,94,2025-03-28,Cash,Delivered,2691.64
2210,644,4,2025-08-06,UPI,Cancelled,2245.71
2211,789,52,2025-01-04,Cash,Cancelled,1767.87
2212,862,32,2025-05-30,UPI,Cancelled,797.24
2213,850,73,2025-04-06,Cash,Cancelled,2833.02
2214,2,97,2025-09-03,Card,Cancelled,1943.5
2215,237,33,2025-08-13,Card,Cancelled,528.63
2216,230,30,2025-08-12,Card,Cancelled,822.1
2217,594,8,2025-05-13,UPI,Delivered,2108.69
2218,783,19,2025-03-22,UPI,Cancelled,859.99
2219,49,50,2025-04-28,Cash,Delivered,2764.65
2220,975,37,2025-02-09,Card,Cancelled,1893.94
2221,625,17,2025-10-23,UPI,Cancelled,1464.69
2222,65,17,2025-02-25,Cash,Delivered,2288.09
2223,61,15,2025-07-25,UPI,Cancelled,287.51
2224,539,83,2025-12-11,Card,Cancelled,2620.46
2225,794,17,2025-08-26,Card,Delivered,216.53
2226,703,66,2025-07-27,Card,Delivered,1273.46
2227,765,61,2025-05-11,UPI,Cancelled,2756.02
2228,17,45,2025-03-17,Cash,Delivered,2694.54
2229,323,24,2025-09-13,UPI,Cancelled,2438.13
2230,863,13,2025-12-15,Card,Cancelled,2085.66
2231,319,64,2025-12-09,Cash,Cancelled,2490.2
2232,241,91,2025-01-10,Cash,Cancelled,2914.47
2233,735,81,2025-12-23,UPI,Delivered,2387.71
2234,53,57,2025-03-05,Card,Delivered,1419.32
2235,134,16,2025-04-04,Cash,Cancelled,230.52
2236,51,7,2025-01-16,Card,Delivered,1338.7
2237,475,70,2025-10-15,UPI,Cancelled,577.65
2238,13,95,2025-08-24,Cash,Delivered,401.57
2239,365,8,2025-04-04,Card,Delivered,2036.17
2240,276,45,2025-12-19,Cash,Cancelled,312.94
2241,554,75,2025-11-16,UPI,Cancelled,557.72
2242,436,100,2025-05-04,Cash,Cancelled,1538.91
2243,561,89,2025-07-03,Cash,Cancelled,357.91
2244,983,40,2025-01-19,Cash,Delivered,1417.17
2245,195,18,2025-02-02,Cash,Delivered,1831.2
2246,562,3,2025-02-13,Card,Delivered,1245.94
2247,982,38,2025-05-09,Cash,Delivered,1215.8
2248,473,78,2025-05-07,UPI,Cancelled,1746.75
2249,983,60,2025-03-23,Card,Delivered,2848.82
2250,906,47,2025-03-24,Cash,Cancelled,350.14
2251,129,61,2025-10-07,Cash,Cancelled,2800.96
2252,783,85,2025-11-20,Card,Delivered,1055.34
2253,954,78,2025-07-16,Cash,Delivered,849.86
2254,429,67,2025-11-17,UPI,Cancelled,2228.62
2255,714,40,2025-03-02,Cash,Cancelled,2400.09
2256,733,92,2025-10-21,Cash,Cancelled,905.04
2257,850,64,2025-05-05,Cash,Delivered,1341.48
2258,525,2,2025-03-11,Card,Delivered,2146.57
2259,933,19,2025-09-14,Card,Delivered,2316.07
2260,913,54,2025-03-24,Cash,Cancelled,2500.37
2261,564,57,2025-11-04,UPI,Cancelled,2422.52
2262,290,84,2025-01-11,UPI,Delivered,2664.67
2263,249,3,2025-01-21,Card,Cancelled,2267.74
2264,210,70,2025-01-30,Cash,Delivered,2427.28
2265,709,91,2025-12-05,UPI,Delivered,2748.98
2266,414,78,2025-11-03,UPI,Cancelled,1881.89
2267,536,34,2025-04-07,Card,Cancelled,1241.83
2268,35,96,2025-05-10,Cash,Delivered,1069.01
2269,82,11,2025-02-28,Cash,Cancelled,1892.2
2270,55,86,2025-10-04,Cash,Cancelled,598.69
2271,54,17,2025-09-29,Cash,Delivered,968.74
2272,695,14,2025-09-14,UPI,Delivered,1133.36
2273,770,84,2025-11-08,Cash,Cancelled,2487.1
2274,818,36,2025-09-01,Card,Delivered,2861.44
2275,713,70,2025-06-25,UPI,Cancelled,1525.08
2276,545,41,2025-04-21,Cash,Delivered,2195.53
2277,994,34,2025-10-07,Card,Delivered,2250.32
2278,559,19,2025-07-18,Cash,Delivered,2453.91
2279,586,48,2025-01-25,Cash,Delivered,1914.34
2280,139,65,2025-12-24,Card,Delivered,2193.8
2281,393,45,2025-12-02,Card,Cancelled,1622.61
2282,680,3,2025-09-24,Card,Cancelled,2730.65
2283,999,7,2025-03-03,Cash,Delivered,2232.24
2284,624,96,2025-03-19,UPI,Cancelled,1067.49
2285,238,80,2025-11-19,Cash,Delivered,2008.65
2286,950,28,2025-11-27,UPI,Delivered,2922.15
2287,444,84,2025-01-29,UPI,Delivered,1936.34
2288,31,73,2025-10-20,UPI,Delivered,2998.61
2289,750,97,2025-06-02,UPI,Cancelled,1243.14
2290,243,49,2025-02-21,UPI,Cancelled,2321.35
2291,463,43,2025-02-26,Card,Cancelled,829.71
2292,820,92,2025-04-19,UPI,Cancelled,649.13
2293,546,93,2025-06-22,Cash,Cancelled,494.14
2294,342,14,2025-02-05,Cash,Cancelled,2488.03
2295,862,63,2025-06-21,Card,Delivered,1216.43
2296,254,80,2025-11-03,Cash,Cancelled,2475.14
2297,908,92,2025-10-16,Card,Delivered,2933.83
2298,608,9,2025-04-09,Cash,Cancelled,2732.45
2299,167,82,2025-09-11,Card,Delivered,1534.1
2300,730,72,2025-07-17,UPI,Cancelled,1481.86
2301,495,19,2025-05-03,Cash,Cancelled,2230.98
2302,114,19,2025-04-07,Cash,Cancelled,2251.35
2303,412,71,2025-12-06,Card,Cancelled,1276.82
2304,223,35,2025-12-02,Cash,Delivered,1667.75
2305,701,42,2025-08-30,Card,Delivered,2086.52
2306,444,96,2025-03-21,Card,Cancelled,2229.72
2307,963,47,2025-01-30,Card,Cancelled,1325.1
2308,840,61,2025-04-28,UPI,Delivered,536.39
2309,923,5,2025-09-14,UPI,Delivered,2515.3
2310,579,58,2025-12-22,Card,Cancelled,484.69
2311,809,28,2025-02-23,Card,Cancelled,626.34
2312,691,49,2025-11-17,Card,Cancelled,2526.96
2313,132,57,2025-04-27,Card,Delivered,1536.99
2314,623,62,2025-01-12,UPI,Cancelled,1337.24
2315,476,67,2025-12-17,UPI,Cancelled,733.82
2316,647,53,2025-09-09,UPI,Delivered,854.33
2317,381,5,2025-03-28,UPI,Delivered,2022.03
2318,626,70,2025-01-14,Cash,Delivered,976.64
2319,793,84,2025-01-18,Cash,Cancelled,1441.58
2320,461,11,2025-01-15,Cash,Delivered,1976.8
2321,176,28,2025-10-27,Card,Cancelled,434.43
2322,514,98,2025-10-18,Card,Delivered,1488.01
2323,460,94,2025-07-11,Cash,Cancelled,1079.96
2324,428,78,2025-02-24,Cash,Cancelled,2329.7
2325,728,93,2025-10-23,UPI,Cancelled,2927.48
2326,585,16,2025-10-03,Cash,Delivered,2044.29
2327,86,66,2025-02-22,UPI,Cancelled,1495.95
2328,799,1,2025-08-06,UPI,Delivered,1125.7
2329,712,7,2025-01-13,Card,Delivered,2902.09
2330,389,38,2025-02-25,Card,Cancelled,2575.72
2331,963,21,2025-07-14,UPI,Delivered,1198.97
2332,517,19,2025-12-07,Cash,Cancelled,1858.32
2333,198,18,2025-01-01,Card,Cancelled,1057.89
2334,584,90,2025-01-10,Cash,Delivered,2926.24
2335,69,23,2025-01-22,Cash,Cancelled,255.1
2336,583,96,2025-01-21,UPI,Delivered,636.28
2337,327,13,2025-11-30,UPI,Cancelled,2532.1
2338,309,64,2025-11-19,Card,Delivered,1979.7
2339,232,91,2025-03-15,Cash,Cancelled,2320.45
2340,150,21,2025-10-23,Card,Delivered,497.93
2341,82,10,2025-11-14,Card,Delivered,779.19
2342,912,4,2025-10-24,Card,Delivered,2360.68
2343,928,34,2025-12-04,UPI,Cancelled,1766.17
2344,728,85,2025-07-07,UPI,Delivered,1765.03
2345,209,78,2025-09-09,Card,Cancelled,1701.21
2346,4,88,2025-09-11,Card,Delivered,1575.99
2347,745,41,2025-12-26,Card,Cancelled,1444.87
2348,163,81,2025-07-28,Cash,Cancelled,154.84
2349,983,20,2025-06-21,Cash,Delivered,1922.6
2350,298,20,2025-12-12,UPI,Delivered,1778.31
2351,69,99,2025-03-01,Cash,Cancelled,2119.79
2352,912,1,2025-05-10,Cash,Cancelled,960.55
2353,741,10,2025-10-13,Cash,Cancelled,1353.13
2354,436,35,2025-05-29,Card,Cancelled,2061.27
2355,281,2,2025-08-04,UPI,Cancelled,284.59
2356,135,71,2025-08-28,Card,Delivered,2728.59
2357,842,61,2025-11-27,UPI,Delivered,1023.64
2358,688,68,2025-10-17,Cash,Delivered,2472.39
2359,846,30,2025-11-15,Card,Delivered,1493.48
2360,503,32,2025-03-28,UPI,Cancelled,566.98
2361,270,75,2025-06-23,Card,Cancelled,549.98
2362,359,81,2025-01-08,UPI,Cancelled,2556.31
2363,994,13,2025-06-11,UPI,Cancelled,2080.73
2364,347,30,2025-05-19,Card,Delivered,2279.56
2365,116,42,2025-04-25,Cash,Delivered,2571.63
2366,112,37,2025-08-07,UPI,Cancelled,687.09
2367,926,49,2025-01-11,Cash,Delivered,1996.38
2368,120,48,2025-07-29,UPI,Delivered,878.14
2369,541,83,2025-03-08,Cash,Delivered,2071.97
2370,376,33,2025-03-04,Cash,Cancelled,2603.38
2371,685,46,2025-01-18,Cash,Delivered,1666.91
2372,447,79,2025-08-31,Cash,Delivered,2683.66
2373,888,72,2025-03-23,UPI,Delivered,1812.33
2374,328,67,2025-04-19,UPI,Delivered,1909.61
2375,25,82,2025-07-07,Cash,Cancelled,374.12
2376,792,37,2025-09-20,Card,Delivered,1938.84
2377,723,9,2025-11-16,Cash,Delivered,2188.79
2378,799,14,2025-04-17,Cash,Delivered,695.51
2379,769,21,2025-03-13,Card,Cancelled,811.65
2380,523,57,2025-08-18,Cash,Delivered,1628.44
2381,437,17,2025-04-16,Card,Delivered,169.6
2382,387,33,2025-02-10,UPI,Delivered,1353.93
2383,136,1,2025-12-24,Cash,Delivered,2969.46
2384,130,13,2025-03-10,Cash,Cancelled,1165.25
2385,357,95,2025-10-02,Cash,Cancelled,221.66
2386,449,70,2025-10-21,Card,Delivered,2651.36
2387,334,59,2025-10-01,Card,Cancelled,1112.29
2388,777,64,2025-12-25,Cash,Delivered,279.97
2389,641,95,2025-05-28,Card,Cancelled,2410.14
2390,674,100,2025-07-02,UPI,Delivered,2210.88
2391,519,93,2025-12-01,Cash,Delivered,1667.73
2392,697,23,2025-06-13,Cash,Cancelled,1829.7
2393,282,86,2025-01-08,Card,Cancelled,2084.76
2394,981,33,2025-03-05,Card,Cancelled,2990.23
2395,495,96,2025-02-16,Cash,Delivered,2346.76
2396,453,90,2025-06-02,UPI,Cancelled,2798.31
2397,727,41,2025-06-23,UPI,Cancelled,174.02
2398,360,43,2025-02-05,Card,Cancelled,676.57
2399,636,48,2025-12-31,Cash,Cancelled,1782.72
2400,138,61,2025-10-18,UPI,Cancelled,363.09
2401,450,46,2025-06-15,UPI,Cancelled,2186.55
2402,188,33,2025-12-13,UPI,Cancelled,2247.86
2403,647,82,2025-05-22,Card,Cancelled,2703.64
2404,360,76,2025-10-04,Card,Cancelled,479.41
2405,836,24,2025-01-04,Cash,Delivered,255.12
2406,623,1,2025-03-11,Cash,Delivered,2713.61
2407,321,22,2025-08-07,Card,Delivered,2253.77
2408,165,35,2025-11-26,UPI,Delivered,2501.08
2409,532,22,2025-03-07,Card,Cancelled,1144.94
2410,654,73,2025-01-22,Card,Delivered,567.9
2411,806,13,2025-06-13,UPI,Delivered,1805.99
2412,269,70,2025-05-29,UPI,Delivered,1939.72
2413,559,87,2025-12-08,UPI,Cancelled,560.72
2414,794,45,2025-10-16,Cash,Cancelled,1468.37
2415,214,59,2025-12-13,Cash,Delivered,1316.11
2416,819,62,2025-01-11,UPI,Cancelled,1972.95
2417,416,44,2025-12-10,Cash,Cancelled,1583.54
2418,261,6,2025-06-28,Card,Cancelled,2746.29
2419,910,45,2025-01-01,Card,Cancelled,1224.04
2420,526,42,2025-08-04,Card,Delivered,807.11
2421,636,38,2025-05-11,Cash,Cancelled,2371.01
2422,477,84,2025-08-30,UPI,Delivered,1083.61
2423,27,7,2025-01-21,Card,Delivered,1242.15
2424,856,1,2025-11-25,UPI,Cancelled,2306.62
2425,930,62,2025-05-25,Cash,Cancelled,1133.29
2426,44,75,2025-10-08,UPI,Delivered,196.63
2427,444,81,2025-10-21,Card,Delivered,302.89
2428,624,70,2025-08-02,Cash,Cancelled,2412.78
2429,79,27,2025-08-02,Card,Cancelled,2258.22
2430,86,52,2025-12-26,Cash,Cancelled,1737.05
2431,939,4,2025-03-01,Cash,Cancelled,2250.44
2432,737,59,2025-09-27,Cash,Delivered,817.24
2433,190,78,2025-07-04,UPI,Delivered,2603.1
2434,921,26,2025-06-15,UPI,Cancelled,1334.26
2435,169,89,2025-01-21,Card,Delivered,1073.57
2436,221,81,2025-11-30,UPI,Cancelled,1151.51
2437,398,83,2025-04-15,Cash,Cancelled,2102.52
2438,472,96,2025-11-12,UPI,Delivered,2396.88
2439,13,23,2025-08-08,Cash,Delivered,423.98
2440,101,95,2025-08-01,Card,Cancelled,2662.16
2441,788,18,2025-10-22,UPI,Delivered,2792.07
2442,613,91,2025-10-25,Card,Cancelled,2101.43
2443,373,12,2025-01-08,UPI,Delivered,1004.53
2444,748,69,2025-03-30,Cash,Cancelled,743.51
2445,573,14,2025-07-08,UPI,Cancelled,317.08
2446,377,67,2025-05-17,Cash,Delivered,2431.25
2447,683,92,2025-06-15,Card,Cancelled,1144.04
2448,265,96,2025-08-23,Cash,Delivered,1695.65
2449,952,12,2025-10-05,UPI,Cancelled,2489.12
2450,414,66,2025-04-01,Cash,Cancelled,2776.6
2451,566,55,2025-10-05,Cash,Delivered,780.37
2452,708,48,2025-04-14,Card,Delivered,1926.06
2453,897,26,2025-03-24,UPI,Delivered,2473.76
2454,349,98,2025-07-31,Card,Delivered,2095.64
2455,268,75,2025-11-29,UPI,Delivered,2565.7
2456,506,28,2025-09-10,UPI,Delivered,2977.25
2457,795,48,2025-08-02,UPI,Delivered,1407.08
2458,400,70,2025-10-28,UPI,Delivered,481.83
2459,1,60,2025-07-31,Card,Cancelled,1749.8
2460,197,70,2025-06-25,UPI,Delivered,1804.77
2461,872,61,2025-11-05,UPI,Cancelled,1511.09
2462,768,57,2025-02-11,Card,Cancelled,378.51
2463,444,50,2025-05-18,Card,Cancelled,2268.34
2464,272,40,2025-04-20,UPI,Cancelled,2237.35
2465,604,78,2025-01-25,Cash,Cancelled,1153.81
2466,475,54,2025-09-05,Cash,Cancelled,2620.41
2467,669,29,2025-08-05,Card,Delivered,2204.36
2468,205,12,2025-10-12,UPI,Delivered,257.56
2469,403,40,2025-07-19,Card,Delivered,1150.38
2470,512,98,2025-04-25,Card,Delivered,1343.49
2471,148,24,2025-03-31,Cash,Cancelled,474.69
2472,677,57,2025-12-04,Card,Delivered,1371.37
2473,603,85,2025-10-28,Card,Delivered,737.7
2474,335,44,2025-02-28,Card,Cancelled,1231.75
2475,190,60,2025-08-30,UPI,Cancelled,1043.1
2476,232,96,2025-05-05,UPI,Cancelled,228.27
2477,736,43,2025-03-24,Card,Delivered,304.55
2478,785,42,2025-02-03,Cash,Cancelled,707.01
2479,513,39,2025-10-14,Card,Delivered,1907.85
2480,231,39,2025-06-01,Cash,Cancelled,1370.6
2481,62,43,2025-10-20,Cash,Delivered,1307.11
2482,5,80,2025-03-05,UPI,Delivered,1507.43
2483,969,67,2025-11-24,UPI,Cancelled,313.98
2484,83,55,2025-05-03,Cash,Cancelled,230.76
2485,39,5,2025-04-06,Cash,Delivered,2727.18
2486,77,21,2025-06-03,Card,Cancelled,1233.33
2487,303,56,2025-10-30,UPI,Delivered,1023.24
2488,581,93,2025-03-24,Card,Delivered,2795.18
2489,143,40,2025-06-09,UPI,Cancelled,331.94
2490,727,93,2025-06-17,Card,Delivered,357.54
2491,418,16,2025-01-18,Card,Cancelled,2214.23
2492,837,56,2025-05-05,Cash,Delivered,871.29
2493,866,44,2025-12-08,Card,Cancelled,588.53
2494,937,73,2025-05-22,Cash,Cancelled,156.27
2495,148,93,2025-05-05,Cash,Delivered,988.82
2496,163,21,2025-08-25,Card,Delivered,890.66
2497,139,42,2025-10-22,UPI,Delivered,1684.9
2498,12,50,2025-06-15,UPI,Cancelled,664.77
2499,650,96,2025-12-26,Cash,Delivered,248.68
2500,46,17,2025-06-06,UPI,Delivered,1325.58
2501,190,29,2025-02-27,Cash,Cancelled,2734.29
2502,390,49,2025-11-16,Card,Delivered,2483.55
2503,100,34,2025-07-30,Cash,Delivered,2349.7
2504,637,45,2025-11-05,UPI,Cancelled,2898.05
2505,946,67,2025-11-07,Card,Cancelled,1724.56
2506,427,81,2025-12-14,Card,Delivered,1125.69
2507,316,42,2025-07-09,Card,Delivered,1238.88
2508,159,48,2025-05-06,UPI,Cancelled,1389.11
2509,386,63,2025-11-16,Card,Cancelled,2054.26
2510,495,55,2025-03-08,UPI,Delivered,2619.18
2511,18,44,2025-11-20,UPI,Delivered,663.86
2512,155,61,2025-04-24,Cash,Cancelled,334.56
2513,473,75,2025-10-25,Cash,Delivered,1566.95
2514,133,89,2025-05-27,Card,Cancelled,2804.37
2515,808,9,2025-01-02,UPI,Cancelled,781.23
2516,395,56,2025-06-25,Card,Delivered,2172.36
2517,138,59,2025-03-04,Cash,Delivered,1951.23
2518,884,86,2025-06-24,Card,Cancelled,2863.88
2519,381,86,2025-10-06,UPI,Delivered,1978.67
2520,925,62,2025-09-26,Cash,Cancelled,153.1
2521,938,50,2025-06-22,Cash,Cancelled,1623.83
2522,169,33,2025-03-19,Card,Cancelled,1096.15
2523,386,52,2025-08-02,UPI,Cancelled,2295.77
2524,768,48,2025-02-23,Card,Cancelled,1455.32
2525,561,7,2025-01-11,Card,Cancelled,833.06
2526,420,92,2025-11-11,UPI,Cancelled,966.25
2527,896,6,2025-06-25,UPI,Delivered,2749.03
2528,517,84,2025-02-28,UPI,Cancelled,1452.13
2529,985,16,2025-01-15,Card,Cancelled,1265.22
2530,530,53,2025-08-16,Card,Delivered,298.26
2531,117,68,2025-12-14,Cash,Delivered,1888.6
2532,822,17,2025-10-23,UPI,Cancelled,825.61
2533,351,54,2025-02-02,Card,Delivered,804.37
2534,995,12,2025-07-06,Cash,Delivered,2722.63
2535,507,81,2025-10-20,UPI,Delivered,1818.1
2536,612,19,2025-07-12,Cash,Cancelled,1521.12
2537,276,7,2025-08-10,Cash,Delivered,2282.29
2538,838,91,2025-09-18,Cash,Cancelled,238.02
2539,869,97,2025-04-09,Card,Cancelled,265.41
2540,738,51,2025-12-31,Card,Cancelled,2047.22
2541,222,41,2025-12-01,Card,Delivered,2339.0
2542,514,19,2025-06-09,UPI,Delivered,273.03
2543,398,88,2025-05-31,Card,Delivered,2198.42
2544,30,50,2025-04-24,Card,Delivered,2776.16
2545,645,49,2025-03-18,Cash,Delivered,1581.11
2546,47,23,2025-05-05,Cash,Delivered,2265.78
2547,676,66,2025-04-07,Card,Cancelled,2498.78
2548,227,69,2025-07-15,Cash,Delivered,225.67
2549,92,63,2025-04-30,Cash,Cancelled,1339.16
2550,167,16,2025-10-25,Card,Cancelled,2597.77
2551,691,72,2025-01-23,Cash,Cancelled,2538.79
2552,433,79,2025-04-29,UPI,Cancelled,638.13
2553,542,39,2025-10-25,UPI,Delivered,2154.27
2554,772,97,2025-01-22,Cash,Cancelled,733.35
2555,510,44,2025-09-26,Card,Cancelled,656.9
2556,797,28,2025-04-09,UPI,Cancelled,2594.02
2557,391,39,2025-07-01,Card,Delivered,2440.48
2558,328,92,2025-01-11,UPI,Delivered,754.61
2559,957,54,2025-09-20,Card,Delivered,2408.7
2560,902,30,2025-03-19,Cash,Cancelled,189.02
2561,483,88,2025-02-25,Cash,Delivered,1029.73
2562,797,22,2025-07-18,Cash,Cancelled,2870.71
2563,656,92,2025-03-04,Cash,Delivered,2370.17
2564,431,75,2025-08-17,Card,Delivered,2178.37
2565,508,16,2025-04-23,Card,Delivered,681.98
2566,271,98,2025-06-25,UPI,Delivered,1127.7
2567,296,48,2025-09-08,UPI,Delivered,354.27
2568,452,85,2025-05-03,UPI,Delivered,1284.59
2569,143,87,2025-10-21,Card,Delivered,694.79
2570,17,58,2025-03-04,Card,Delivered,1392.27
2571,92,31,2025-03-05,UPI,Cancelled,1087.71
2572,307,68,2025-11-16,Cash,Delivered,1054.29
2573,999,77,2025-02-15,Cash,Delivered,2016.68
2574,21,35,2025-01-23,Cash,Cancelled,2965.73
2575,218,90,2025-10-15,UPI,Cancelled,1203.36
2576,397,29,2025-04-06,UPI,Cancelled,1236.01
2577,811,20,2025-08-01,Cash,Cancelled,2113.51
2578,465,43,2025-09-30,Cash,Delivered,2289.38
2579,387,50,2025-08-03,Cash,Delivered,345.82
2580,83,35,2025-09-20,Cash,Delivered,2525.96
2581,779,20,2025-03-12,Cash,Cancelled,1408.49
2582,784,37,2025-03-17,Card,Cancelled,1491.49
2583,945,84,2025-09-22,UPI,Delivered,1170.46
2584,324,40,2025-01-07,Cash,Cancelled,957.45
2585,182,9,2025-03-05,UPI,Delivered,1178.29
2586,411,96,2025-02-19,UPI,Cancelled,2208.41
2587,599,7,2025-06-28,Cash,Delivered,536.68
2588,589,23,2025-08-18,UPI,Cancelled,2660.17
2589,978,10,2025-06-29,UPI,Cancelled,2780.59
2590,721,33,2025-06-19,Cash,Cancelled,2350.57
2591,471,76,2025-08-02,Card,Delivered,1808.04
2592,238,52,2025-05-09,Card,Delivered,1570.85
2593,192,3,2025-03-03,UPI,Cancelled,2289.29
2594,53,65,2025-10-14,Cash,Cancelled,1522.37
2595,413,28,2025-01-18,Card,Delivered,1313.05
2596,626,32,2025-05-09,Card,Delivered,2454.62
2597,817,29,2025-02-14,UPI,Cancelled,1441.55
2598,53,11,2025-07-25,Card,Cancelled,2945.13
2599,817,14,2025-09-16,Card,Delivered,584.24
2600,970,42,2025-07-14,Cash,Delivered,451.14
2601,837,74,2025-01-02,Cash,Delivered,1923.54
2602,700,98,2025-01-20,UPI,Cancelled,2070.91
2603,13,39,2025-05-07,UPI,Cancelled,1636.96
2604,157,62,2025-05-17,Cash,Delivered,839.59
2605,655,13,2025-05-07,UPI,Cancelled,685.35
2606,797,69,2025-01-17,Card,Cancelled,1278.79
2607,686,11,2025-10-04,Cash,Cancelled,1178.92
2608,715,49,2025-11-22,Card,Delivered,1347.17
2609,345,50,2025-09-27,UPI,Cancelled,691.35
2610,185,98,2025-12-16,Card,Delivered,546.08
2611,921,96,2025-09-19,Card,Cancelled,2910.11
2612,963,67,2025-01-20,UPI,Cancelled,1859.37
2613,299,47,2025-07-26,Cash,Delivered,468.75
2614,102,28,2025-11-03,Card,Cancelled,2774.16
2615,519,52,2025-09-15,Cash,Delivered,2955.63
2616,797,37,2025-03-10,Cash,Delivered,1560.9
2617,776,58,2025-12-08,Cash,Delivered,2994.25
2618,724,22,2025-10-26,Card,Delivered,299.74
2619,964,41,2025-05-20,UPI,Delivered,2097.93
2620,877,73,2025-04-24,Cash,Delivered,664.76
2621,375,15,2025-09-06,Card,Delivered,2473.32
2622,463,25,2025-04-01,Card,Delivered,2701.9
2623,957,86,2025-11-14,UPI,Cancelled,2962.02
2624,595,25,2025-09-10,Card,Delivered,2685.14
2625,848,95,2025-01-12,Cash,Cancelled,1100.45
2626,764,83,2025-07-28,UPI,Delivered,571.67
2627,841,89,2025-08-18,Card,Delivered,448.15
2628,411,90,2025-11-18,Cash,Delivered,308.91
2629,352,17,2025-09-26,Card,Cancelled,1705.29
2630,212,17,2025-12-16,Card,Delivered,1768.98
2631,970,78,2025-09-18,Cash,Cancelled,2030.74
2632,324,15,2025-03-30,Cash,Cancelled,2699.22
2633,271,61,2025-01-11,Card,Cancelled,2533.77
2634,581,54,2025-08-23,Card,Cancelled,2452.88
2635,542,42,2025-11-13,Card,Cancelled,2157.26
2636,178,63,2025-03-10,UPI,Delivered,551.0
2637,654,29,2025-07-01,Cash,Cancelled,818.7
2638,131,61,2025-06-24,Cash,Cancelled,670.67
2639,852,17,2025-09-13,Card,Delivered,1504.1
2640,831,26,2025-06-21,Cash,Cancelled,2123.64
2641,466,70,2025-05-01,UPI,Cancelled,1915.52
2642,142,29,2025-03-04,UPI,Delivered,2302.07
2643,646,31,2025-11-12,Cash,Cancelled,1945.17
2644,73,25,2025-05-19,Cash,Delivered,2281.43
2645,36,77,2025-10-17,Card,Delivered,698.76
2646,693,9,2025-05-26,Cash,Cancelled,436.03
2647,222,42,2025-01-25,Cash,Cancelled,1428.17
2648,207,95,2025-04-11,Card,Cancelled,1714.22
2649,381,82,2025-02-21,UPI,Cancelled,2696.79
2650,517,66,2025-08-22,Cash,Delivered,1165.49
2651,982,78,2025-03-29,UPI,Cancelled,1140.69
2652,366,63,2025-06-26,UPI,Cancelled,1114.25
2653,785,38,2025-10-28,UPI,Cancelled,404.83
2654,776,42,2025-06-23,Card,Delivered,2072.3
2655,268,18,2025-10-05,Cash,Cancelled,1642.03
2656,564,41,2025-06-15,UPI,Cancelled,1374.42
2657,209,4,2025-07-14,Card,Cancelled,2486.73
2658,266,44,2025-10-11,Cash,Cancelled,1367.42
2659,480,75,2025-02-07,Cash,Cancelled,1456.03
2660,545,41,2025-11-18,Cash,Delivered,645.9
2661,355,58,2025-12-13,Cash,Delivered,860.54
2662,384,58,2025-12-04,Cash,Cancelled,2126.93
2663,220,79,2025-04-22,Card,Delivered,2825.73
2664,444,55,2025-07-12,Cash,Delivered,2101.85
2665,315,29,2025-01-20,Card,Cancelled,309.16
2666,213,52,2025-02-25,Cash,Cancelled,2595.79
2667,896,27,2025-08-16,Card,Cancelled,834.4
2668,948,44,2025-08-31,UPI,Cancelled,2317.66
2669,324,47,2025-03-09,Card,Cancelled,921.27
2670,240,5,2025-07-25,Card,Delivered,2195.98
2671,413,3,2025-05-29,UPI,Delivered,1648.22
2672,999,40,2025-09-07,Cash,Cancelled,1710.86
2673,608,73,2025-11-21,Cash,Delivered,2928.0
2674,506,60,2025-08-14,Card,Cancelled,2270.97
2675,114,76,2025-06-24,Cash,Cancelled,2325.75
2676,499,93,2025-02-15,Card,Delivered,859.72
2677,298,36,2025-12-11,UPI,Cancelled,1494.51
2678,303,87,2025-02-27,Cash,Cancelled,1345.32
2679,482,77,2025-05-10,Card,Delivered,602.98
2680,647,9,2025-09-16,UPI,Cancelled,1558.66
2681,814,10,2025-01-09,UPI,Delivered,2832.62
2682,755,50,2025-01-24,Cash,Cancelled,495.23
2683,433,49,2025-10-14,Card,Delivered,168.06
2684,632,34,2025-09-24,Cash,Cancelled,2525.22
2685,310,66,2025-10-07,Card,Cancelled,774.22
2686,827,24,2025-01-03,Cash,Delivered,638.95
2687,981,32,2025-10-20,Cash,Cancelled,1066.18
2688,212,33,2025-11-26,UPI,Cancelled,2902.12
2689,386,40,2025-05-03,Card,Delivered,2753.37
2690,910,67,2025-04-09,Card,Delivered,2465.28
2691,205,100,2025-01-14,Card,Cancelled,1592.21
2692,306,88,2025-03-28,Cash,Cancelled,1880.41
2693,675,69,2025-04-14,Cash,Cancelled,757.29
2694,3,42,2025-11-26,UPI,Delivered,1219.34
2695,249,86,2025-11-27,Card,Delivered,1217.42
2696,172,14,2025-11-08,Card,Delivered,2399.19
2697,19,50,2025-04-17,UPI,Cancelled,1688.25
2698,340,38,2025-10-03,Cash,Cancelled,2674.4
2699,71,18,2025-01-20,Cash,Delivered,755.55
2700,930,59,2025-12-04,Card,Delivered,996.86
2701,340,63,2025-10-11,UPI,Delivered,1324.34
2702,864,92,2025-10-11,UPI,Delivered,260.89
2703,608,55,2025-07-18,Cash,Cancelled,938.17
2704,221,35,2025-01-14,Cash,Cancelled,2399.9
2705,626,89,2025-11-03,Card,Cancelled,1669.07
2706,622,30,2025-01-30,UPI,Delivered,770.43
2707,43,2,2025-01-16,Cash,Cancelled,998.29
2708,229,9,2025-04-21,Cash,Cancelled,2293.53
2709,242,14,2025-07-25,Card,Delivered,2301.45
2710,326,28,2025-05-26,UPI,Cancelled,899.66
2711,124,67,2025-03-21,Cash,Cancelled,710.31
2712,941,54,2025-02-09,UPI,Cancelled,2293.98
2713,218,42,2025-05-29,Cash,Cancelled,846.04
2714,638,60,2025-09-12,Card,Delivered,456.7
2715,796,33,2025-12-28,Cash,Delivered,1857.24
2716,995,19,2025-10-10,UPI,Cancelled,2287.81
2717,126,73,2025-05-23,Cash,Cancelled,601.7
2718,134,100,2025-12-20,Cash,Delivered,606.29
2719,591,9,2025-06-07,Cash,Delivered,1758.05
2720,951,40,2025-01-05,Card,Delivered,1256.13
2721,674,23,2025-07-12,UPI,Cancelled,560.91
2722,506,72,2025-07-03,Card,Delivered,1119.48
2723,375,96,2025-02-23,UPI,Cancelled,931.73
2724,846,42,2025-04-26,UPI,Cancelled,1688.65
2725,580,94,2025-02-28,Cash,Cancelled,1350.48
2726,939,63,2025-03-09,Cash,Cancelled,204.54
2727,665,28,2025-05-05,UPI,Delivered,713.42
2728,432,57,2025-10-10,Cash,Delivered,570.14
2729,879,25,2025-06-06,Cash,Cancelled,1348.02
2730,757,7,2025-09-13,UPI,Cancelled,2092.02
2731,240,50,2025-01-05,UPI,Cancelled,530.17
2732,772,69,2025-03-10,Card,Delivered,804.97
2733,475,7,2025-05-09,Cash,Cancelled,763.16
2734,7,34,2025-07-21,Card,Cancelled,570.87
2735,972,35,2025-06-11,Card,Delivered,2573.18
2736,451,21,2025-12-11,Card,Delivered,877.52
2737,726,98,2025-05-08,Cash,Delivered,312.72
2738,988,13,2025-04-07,Card,Delivered,2031.99
2739,612,15,2025-12-13,Card,Delivered,2566.98
2740,188,76,2025-03-04,UPI,Cancelled,2949.9
2741,894,99,2025-09-06,UPI,Cancelled,676.55
2742,838,71,2025-05-09,UPI,Delivered,1636.22
2743,321,93,2025-11-20,UPI,Cancelled,1340.43
2744,387,49,2025-07-28,Card,Cancelled,1589.53
2745,426,74,2025-11-14,Card,Cancelled,333.69
2746,173,90,2025-11-04,Card,Delivered,432.37
2747,184,46,2025-08-04,UPI,Cancelled,2157.84
2748,92,91,2025-03-31,Card,Delivered,1968.06
2749,41,50,2025-09-10,UPI,Delivered,194.56
2750,879,16,2025-05-11,UPI,Cancelled,434.52
2751,291,90,2025-03-02,Card,Cancelled,1430.82
2752,549,2,2025-04-26,UPI,Cancelled,2363.11
2753,787,78,2025-10-20,UPI,Cancelled,814.02
2754,308,23,2025-06-08,UPI,Delivered,516.83
2755,551,65,2025-03-15,Cash,Delivered,2697.41
2756,178,7,2025-07-29,Card,Cancelled,2211.82
2757,471,65,2025-11-17,Card,Delivered,495.91
2758,560,76,2025-09-26,Cash,Cancelled,2709.46
2759,758,14,2025-06-11,Cash,Delivered,2117.18
2760,65,52,2025-09-27,Card,Cancelled,2081.39
2761,489,22,2025-09-11,Cash,Delivered,1430.42
2762,598,64,2025-12-12,UPI,Delivered,2664.68
2763,507,56,2025-08-01,Card,Delivered,278.89
2764,59,99,2025-05-30,Cash,Delivered,1863.16
2765,8,81,2025-02-23,UPI,Delivered,2138.54
2766,223,2,2025-07-29,Cash,Cancelled,1749.14
2767,961,31,2025-02-16,UPI,Cancelled,1620.24
2768,834,2,2025-09-17,UPI,Cancelled,1626.24
2769,863,25,2025-03-11,Cash,Delivered,364.45
2770,644,6,2025-06-29,UPI,Delivered,510.64
2771,624,55,2025-04-30,Card,Delivered,1596.02
2772,528,47,2025-03-27,UPI,Cancelled,283.48
2773,537,96,2025-06-05,Card,Cancelled,960.83
2774,934,36,2025-08-07,Cash,Cancelled,1815.19
2775,993,64,2025-11-05,Card,Cancelled,2681.42
2776,658,94,2025-12-04,Cash,Delivered,244.9
2777,40,8,2025-05-27,Cash,Delivered,417.72
2778,633,11,2025-05-03,UPI,Cancelled,986.42
2779,150,87,2025-08-12,Cash,Cancelled,2837.58
2780,39,36,2025-06-04,Cash,Delivered,2672.5
2781,202,36,2025-09-06,Card,Cancelled,1914.17
2782,266,67,2025-05-25,Card,Delivered,686.94
2783,166,11,2025-03-10,Card,Delivered,2092.93
2784,576,3,2025-02-28,Card,Cancelled,1248.62
2785,167,51,2025-04-12,Cash,Delivered,274.16
2786,862,28,2025-08-25,Card,Cancelled,510.98
2787,863,72,2025-05-06,Cash,Cancelled,2724.87
2788,572,3,2025-11-23,Cash,Cancelled,1102.71
2789,598,89,2025-06-01,Cash,Cancelled,1816.72
2790,317,3,2025-12-30,UPI,Cancelled,982.15
2791,284,52,2025-03-23,Card,Delivered,1680.38
2792,761,59,2025-03-07,Cash,Cancelled,727.85
2793,118,46,2025-05-01,Cash,Cancelled,1389.1
2794,957,58,2025-07-21,UPI,Delivered,2828.86
2795,982,82,2025-07-17,Card,Delivered,2590.13
2796,79,36,2025-03-18,UPI,Cancelled,1221.04
2797,295,67,2025-09-22,UPI,Delivered,1583.15
2798,215,96,2025-12-23,Cash,Delivered,743.69
2799,121,16,2025-10-08,Card,Cancelled,2430.36
2800,806,59,2025-08-20,Cash,Delivered,1052.51
2801,307,76,2025-09-12,Card,Delivered,2122.31
2802,254,71,2025-05-08,Card,Cancelled,1807.37
2803,840,90,2025-08-31,Cash,Cancelled,2113.73
2804,180,41,2025-05-26,Cash,Cancelled,686.17
2805,193,59,2025-12-23,Card,Cancelled,529.56
2806,290,21,2025-09-24,Cash,Delivered,1930.72
2807,558,75,2025-09-23,Card,Delivered,1709.2
2808,63,94,2025-12-18,Cash,Cancelled,2207.31
2809,507,11,2025-07-22,Cash,Delivered,2013.4
2810,906,72,2025-03-28,Cash,Delivered,683.14
2811,198,24,2025-03-07,UPI,Delivered,2193.01
2812,288,85,2025-06-22,UPI,Cancelled,521.98
2813,630,49,2025-06-03,UPI,Delivered,2886.81
2814,584,91,2025-04-04,Card,Cancelled,2251.17
2815,649,51,2025-12-19,UPI,Delivered,241.35
2816,365,30,2025-10-04,UPI,Delivered,1562.97
2817,446,97,2025-10-09,Cash,Delivered,2371.96
2818,840,97,2025-08-24,UPI,Delivered,1664.49
2819,924,17,2025-12-11,Card,Cancelled,2609.71
2820,673,40,2025-02-26,UPI,Cancelled,1535.77
2821,624,18,2025-10-16,UPI,Delivered,2194.04
2822,376,51,2025-09-12,Cash,Delivered,474.73
2823,892,73,2025-03-13,UPI,Cancelled,1215.08
2824,771,49,2025-01-25,Card,Cancelled,2429.72
2825,391,18,2025-09-12,UPI,Delivered,1101.5
2826,682,36,2025-01-18,Card,Delivered,593.45
2827,912,46,2025-03-09,Card,Delivered,1526.44
2828,786,57,2025-01-26,Cash,Delivered,2271.17
2829,988,15,2025-03-04,UPI,Cancelled,2182.2
2830,922,42,2025-08-12,Card,Delivered,814.02
2831,311,67,2025-04-19,UPI,Cancelled,2164.88
2832,741,94,2025-11-30,Cash,Cancelled,1590.47
2833,854,93,2025-10-11,Cash,Delivered,730.76
2834,22,17,2025-07-30,Card,Delivered,802.61
2835,382,60,2025-05-19,Card,Cancelled,2847.32
2836,718,55,2025-05-23,Cash,Delivered,971.58
2837,486,17,2025-05-05,Card,Cancelled,2740.73
2838,228,22,2025-06-19,Cash,Delivered,2004.28
2839,209,50,2025-12-15,Cash,Delivered,665.76
2840,51,62,2025-01-26,UPI,Delivered,1807.4
2841,59,33,2025-02-14,Cash,Delivered,1082.8
2842,571,31,2025-07-27,UPI,Delivered,2679.72
2843,400,29,2025-11-21,UPI,Cancelled,2505.61
2844,711,76,2025-12-17,Card,Delivered,658.67
2845,622,89,2025-03-20,UPI,Delivered,2482.36
2846,14,67,2025-11-07,UPI,Cancelled,2086.88
2847,185,67,2025-06-01,Cash,Delivered,2779.81
2848,757,21,2025-12-20,UPI,Cancelled,937.26
2849,660,16,2025-06-23,UPI,Cancelled,1073.87
2850,129,34,2025-09-04,Cash,Cancelled,1938.79
2851,231,33,2025-06-16,UPI,Cancelled,804.08
2852,654,20,2025-06-09,Card,Delivered,2496.88
2853,422,59,2025-01-10,Card,Delivered,935.15
2854,240,51,2025-06-08,Card,Delivered,756.23
2855,376,13,2025-05-08,Card,Cancelled,2446.9
2856,168,1,2025-01-31,UPI,Delivered,379.91
2857,514,47,2025-12-07,UPI,Delivered,402.2
2858,3,71,2025-11-25,Card,Cancelled,1391.74
2859,633,38,2025-03-03,Cash,Cancelled,977.4
2860,539,61,2025-06-07,UPI,Delivered,1451.83
2861,582,19,2025-09-17,Card,Cancelled,1139.64
2862,422,60,2025-04-19,Card,Cancelled,1874.05
2863,897,8,2025-02-10,Cash,Delivered,2686.04
2864,205,53,2025-10-25,Cash,Cancelled,856.86
2865,713,45,2025-10-15,UPI,Cancelled,1587.19
2866,767,4,2025-07-04,Cash,Delivered,1475.08
2867,65,49,2025-06-15,Card,Delivered,852.67
2868,620,83,2025-06-02,Card,Delivered,407.76
2869,585,86,2025-09-11,Card,Delivered,883.46
2870,505,6,2025-07-03,Cash,Cancelled,1873.68
2871,153,75,2025-03-31,Card,Cancelled,2630.63
2872,840,35,2025-11-15,Card,Delivered,1955.4
2873,75,2,2025-02-25,Card,Delivered,2869.05
2874,406,28,2025-05-16,UPI,Delivered,1514.92
2875,146,29,2025-07-19,Cash,Cancelled,2269.21
2876,388,100,2025-11-13,Cash,Delivered,1718.33
2877,459,14,2025-03-15,UPI,Delivered,2585.61
2878,741,93,2025-01-23,UPI,Cancelled,2663.55
2879,968,3,2025-11-07,Cash,Delivered,785.01
2880,607,28,2025-10-28,Card,Delivered,2486.24
2881,663,48,2025-11-23,UPI,Delivered,2513.98
2882,937,100,2025-05-17,UPI,Cancelled,1593.15
2883,246,82,2025-02-03,UPI,Cancelled,551.36
2884,75,23,2025-08-21,Cash,Delivered,1450.68
2885,768,11,2025-01-21,UPI,Cancelled,2752.69
2886,210,20,2025-08-15,UPI,Delivered,1819.05
2887,645,67,2025-07-24,UPI,Delivered,1543.87
2888,103,61,2025-12-11,Card,Cancelled,1548.39
2889,160,81,2025-03-28,Card,Cancelled,1672.55
2890,575,98,2025-04-10,Card,Delivered,2153.22
2891,291,21,2025-09-09,Cash,Delivered,832.14
2892,820,34,2025-08-29,UPI,Delivered,1184.03
2893,821,22,2025-08-03,Cash,Delivered,1131.56
2894,622,73,2025-11-24,UPI,Cancelled,522.39
2895,718,67,2025-02-13,UPI,Delivered,581.15
2896,549,24,2025-06-24,UPI,Delivered,416.62
2897,26,26,2025-11-27,Card,Delivered,2081.6
2898,131,72,2025-05-08,Card,Delivered,2859.13
2899,50,27,2025-02-01,Card,Delivered,1297.72
2900,60,94,2025-07-29,Card,Cancelled,397.26
2901,638,84,2025-01-06,Cash,Cancelled,1974.05
2902,196,46,2025-08-14,Cash,Cancelled,2198.32
2903,156,25,2025-04-18,Card,Delivered,275.32
2904,465,77,2025-08-28,Cash,Cancelled,2993.43
2905,778,68,2025-07-24,UPI,Cancelled,2504.46
2906,851,96,2025-03-02,UPI,Cancelled,1524.4
2907,17,6,2025-10-13,Cash,Cancelled,2729.93
2908,37,16,2025-08-20,Card,Cancelled,1793.63
2909,466,91,2025-06-23,Card,Delivered,2471.54
2910,371,15,2025-05-04,Cash,Delivered,1270.09
2911,468,76,2025-05-05,UPI,Delivered,304.52
2912,344,33,2025-11-23,UPI,Delivered,2899.69
2913,362,94,2025-07-30,Cash,Cancelled,2036.8
2914,384,26,2025-09-11,Cash,Cancelled,2407.95
2915,791,79,2025-12-12,Card,Cancelled,1364.99
2916,273,64,2025-03-23,Card,Delivered,1245.41
2917,549,5,2025-05-05,UPI,Delivered,672.58
2918,479,14,2025-03-06,UPI,Cancelled,1205.34
2919,695,48,2025-10-29,Card,Delivered,1864.51
2920,712,55,2025-06-15,Cash,Delivered,2660.3
2921,48,48,2025-05-24,Card,Delivered,2021.87
2922,177,65,2025-06-08,UPI,Cancelled,2100.3
2923,928,65,2025-05-31,Card,Delivered,1895.17
2924,175,48,2025-12-07,UPI,Delivered,2134.05
2925,759,77,2025-03-08,Card,Cancelled,1185.62
2926,340,99,2025-01-03,UPI,Delivered,1083.68
2927,113,27,2025-04-11,Cash,Cancelled,2887.25
2928,224,16,2025-09-04,Cash,Delivered,1189.09
2929,949,91,2025-03-17,UPI,Delivered,1910.73
2930,818,96,2025-10-02,Card,Cancelled,618.89
2931,603,2,2025-06-25,Cash,Delivered,1968.11
2932,880,66,2025-02-02,Cash,Delivered,1748.81
2933,626,27,2025-08-22,Card,Delivered,1982.99
2934,15,74,2025-02-23,Cash,Delivered,2477.99
2935,506,31,2025-05-05,Cash,Cancelled,806.39
2936,146,50,2025-07-24,Card,Cancelled,1871.29
2937,835,81,2025-07-19,UPI,Cancelled,2252.18
2938,393,18,2025-01-22,Card,Delivered,877.98
2939,104,53,2025-09-15,UPI,Delivered,228.43
2940,901,9,2025-11-18,Cash,Delivered,2962.03
2941,84,15,2025-06-30,Card,Cancelled,1425.54
2942,489,60,2025-11-06,Cash,Cancelled,2862.17
2943,867,88,2025-10-19,Cash,Cancelled,1897.14
2944,549,16,2025-08-14,UPI,Delivered,1521.23
2945,243,91,2025-09-16,UPI,Cancelled,1883.94
2946,482,34,2025-03-14,Card,Cancelled,1095.78
2947,476,48,2025-03-08,Card,Delivered,1281.13
2948,277,43,2025-04-02,UPI,Delivered,1271.88
2949,509,70,2025-05-31,UPI,Cancelled,2526.94
2950,582,32,2025-06-01,Cash,Cancelled,2525.95
2951,146,13,2025-05-04,Cash,Cancelled,2255.51
2952,733,80,2025-06-11,UPI,Delivered,520.39
2953,584,26,2025-03-23,Cash,Cancelled,452.32
2954,594,21,2025-12-06,UPI,Cancelled,2149.57
2955,464,35,2025-01-11,Card,Delivered,1620.06
2956,650,31,2025-08-11,Cash,Cancelled,2713.44
2957,319,55,2025-12-14,Cash,Cancelled,1919.31
2958,545,58,2025-01-12,Cash,Cancelled,2674.29
2959,110,98,2025-07-11,Card,Delivered,1413.87
2960,31,93,2025-05-30,Cash,Cancelled,1027.28
2961,526,18,2025-08-12,Cash,Cancelled,2050.86
2962,350,74,2025-12-01,Card,Delivered,2037.34
2963,369,100,2025-10-04,Card,Cancelled,663.84
2964,610,65,2025-11-30,UPI,Cancelled,1761.27
2965,377,54,2025-05-07,Cash,Cancelled,730.3
2966,95,3,2025-10-25,UPI,Cancelled,2413.69
2967,200,67,2025-02-15,Card,Delivered,1178.42
2968,938,56,2025-07-03,Card,Cancelled,2693.58
2969,927,11,2025-07-09,UPI,Cancelled,2094.63
2970,949,16,2025-11-28,Card,Cancelled,672.1
2971,769,14,2025-01-04,UPI,Cancelled,2227.71
2972,320,80,2025-08-04,Cash,Delivered,890.73
2973,540,73,2025-05-29,Cash,Cancelled,1824.46
2974,108,49,2025-12-10,Card,Delivered,2926.18
2975,610,21,2025-08-05,Card,Cancelled,443.8
2976,994,15,2025-08-12,Card,Cancelled,1054.89
2977,803,75,2025-07-05,Card,Cancelled,1520.22
2978,87,16,2025-04-05,Card,Cancelled,997.2
2979,92,65,2025-01-02,UPI,Delivered,1510.95
2980,240,22,2025-05-07,UPI,Cancelled,1384.58
2981,284,98,2025-05-11,Card,Cancelled,2338.73
2982,742,24,2025-04-03,Cash,Delivered,1027.29
2983,3,1,2025-05-29,Cash,Cancelled,1239.04
2984,431,71,2025-03-01,UPI,Cancelled,546.07
2985,135,55,2025-08-11,UPI,Delivered,1981.86
2986,241,41,2025-12-20,Card,Cancelled,2353.78
2987,626,83,2025-04-22,Cash,Delivered,2417.05
2988,482,68,2025-12-01,UPI,Delivered,303.67
2989,106,79,2025-06-13,Cash,Cancelled,1301.23
2990,10,90,2025-07-08,UPI,Delivered,1189.91
2991,90,63,2025-11-06,Cash,Delivered,1938.16
2992,871,52,2025-07-22,Card,Cancelled,1400.1
2993,829,34,2025-09-16,Card,Delivered,589.77
2994,458,85,2025-05-18,Cash,Delivered,1446.62
2995,549,49,2025-12-06,UPI,Delivered,1126.01
2996,234,78,2025-11-03,Card,Delivered,1474.66
2997,418,37,2025-06-10,Cash,Cancelled,2786.25
2998,176,51,2025-06-14,Card,Cancelled,2096.86
2999,525,57,2025-06-05,Cash,Delivered,1712.42
3000,162,34,2025-12-19,Card,Delivered,961.8
3001,320,74,2025-12-01,Card,Cancelled,1784.12
3002,823,61,2025-06-01,UPI,Cancelled,925.96
3003,464,69,2025-03-08,Card,Cancelled,2900.6
3004,76,22,2025-08-02,Cash,Cancelled,789.45
3005,742,92,2025-10-17,Cash,Cancelled,2303.07
3006,304,72,2025-12-22,UPI,Delivered,562.61
3007,992,83,2025-04-04,Card,Cancelled,1912.69
3008,382,7,2025-06-02,Card,Delivered,436.54
3009,146,78,2025-09-30,UPI,Delivered,1787.17
3010,857,22,2025-09-17,UPI,Cancelled,1856.31
3011,115,90,2025-02-27,Card,Cancelled,1650.94
3012,410,10,2025-11-01,Cash,Delivered,1033.29
3013,339,35,2025-10-26,Cash,Cancelled,2430.61
3014,436,8,2025-01-03,Cash,Delivered,2839.07
3015,904,22,2025-09-13,UPI,Delivered,926.22
3016,192,50,2025-07-19,Card,Delivered,459.53
3017,424,97,2025-11-05,Card,Delivered,2884.06
3018,833,34,2025-08-28,Cash,Cancelled,2395.21
3019,503,64,2025-12-11,UPI,Cancelled,2991.4
3020,483,96,2025-04-24,Card,Delivered,1993.32
3021,629,61,2025-06-06,Cash,Cancelled,692.41
3022,450,36,2025-12-20,UPI,Delivered,2667.16
3023,644,69,2025-05-06,Cash,Cancelled,916.17
3024,82,77,2025-12-19,UPI,Delivered,1743.71
3025,198,11,2025-04-06,Card,Cancelled,1076.41
3026,73,45,2025-12-13,Cash,Cancelled,1154.5
3027,670,99,2025-06-19,Card,Delivered,335.64
3028,212,51,2025-06-14,Card,Cancelled,2951.75
3029,247,88,2025-07-25,UPI,Cancelled,1962.48
3030,189,37,2025-11-19,Cash,Delivered,2700.82
3031,174,19,2025-12-12,UPI,Delivered,597.68
3032,64,91,2025-08-01,Card,Cancelled,906.03
3033,592,36,2025-06-13,UPI,Cancelled,790.76
3034,635,31,2025-06-24,UPI,Delivered,955.93
3035,204,62,2025-01-17,Card,Cancelled,551.74
3036,523,58,2025-02-18,Cash,Cancelled,2101.77
3037,320,5,2025-01-19,UPI,Delivered,2285.24
3038,596,31,2025-11-26,UPI,Cancelled,387.6
3039,490,23,2025-02-12,Card,Cancelled,536.71
3040,915,25,2025-09-26,UPI,Delivered,2564.75
3041,778,94,2025-03-12,Cash,Delivered,436.44
3042,443,47,2025-09-05,Card,Cancelled,164.35
3043,456,92,2025-10-19,Cash,Delivered,717.59
3044,999,54,2025-08-16,Cash,Cancelled,2054.15
3045,251,55,2025-07-28,UPI,Cancelled,865.14
3046,425,60,2025-09-17,Cash,Delivered,421.16
3047,203,76,2025-10-14,Card,Cancelled,949.06
3048,620,48,2025-04-24,Card,Cancelled,1875.03
3049,892,28,2025-10-02,UPI,Cancelled,732.12
3050,688,49,2025-03-22,Card,Delivered,910.29
3051,197,64,2025-10-06,Card,Delivered,719.39
3052,685,80,2025-01-15,UPI,Delivered,2301.88
3053,442,58,2025-05-20,UPI,Cancelled,936.66
3054,649,82,2025-12-19,UPI,Delivered,1514.86
3055,157,8,2025-03-05,Card,Delivered,2703.43
3056,358,34,2025-06-16,Cash,Cancelled,688.29
3057,441,6,2025-03-24,UPI,Cancelled,2679.74
3058,631,58,2025-02-24,Cash,Cancelled,450.56
3059,215,92,2025-10-17,Card,Cancelled,1150.63
3060,505,55,2025-03-28,Cash,Delivered,2148.9
3061,992,1,2025-11-11,Card,Cancelled,1152.51
3062,639,28,2025-07-02,Cash,Cancelled,1498.97
3063,161,48,2025-05-25,Card,Cancelled,1169.93
3064,426,49,2025-10-26,Cash,Delivered,547.52
3065,78,16,2025-10-08,UPI,Delivered,1475.01
3066,495,77,2025-11-26,Cash,Cancelled,1198.2
3067,502,48,2025-01-28,Cash,Cancelled,236.86
3068,797,74,2025-09-24,Cash,Cancelled,2543.12
3069,850,62,2025-12-12,UPI,Cancelled,2791.45
3070,113,23,2025-12-13,Card,Cancelled,2122.69
3071,395,19,2025-06-29,Cash,Delivered,2088.15
3072,1000,90,2025-07-30,UPI,Cancelled,883.15
3073,992,16,2025-11-11,UPI,Cancelled,249.48
3074,39,77,2025-03-22,UPI,Delivered,2821.43
3075,322,91,2025-09-16,UPI,Delivered,2001.38
3076,312,48,2025-10-01,UPI,Cancelled,308.92
3077,452,3,2025-03-27,UPI,Cancelled,2563.04
3078,596,91,2025-11-09,Card,Cancelled,2999.49
3079,403,30,2025-06-09,UPI,Cancelled,1219.41
3080,390,4,2025-11-08,UPI,Cancelled,1283.79
3081,808,19,2025-12-17,UPI,Cancelled,804.28
3082,284,13,2025-04-30,Cash,Cancelled,309.79
3083,186,8,2025-03-30,Card,Cancelled,1176.74
3084,236,85,2025-03-17,Cash,Cancelled,2980.99
3085,918,49,2025-11-19,UPI,Cancelled,2747.66
3086,682,80,2025-12-29,Card,Delivered,2395.3
3087,73,54,2025-07-08,Card,Cancelled,1233.46
3088,732,99,2025-07-05,Cash,Delivered,2117.45
3089,997,72,2025-11-29,UPI,Delivered,1454.41
3090,119,24,2025-03-29,Card,Cancelled,1195.04
3091,862,75,2025-02-28,Cash,Delivered,2243.77
3092,936,68,2025-01-07,Card,Delivered,2232.13
3093,264,20,2025-04-13,Card,Delivered,632.04
3094,438,74,2025-07-27,UPI,Cancelled,1025.23
3095,844,52,2025-05-07,Cash,Delivered,1762.99
3096,355,20,2025-05-09,Card,Cancelled,2094.71
3097,542,25,2025-12-14,Cash,Delivered,579.39
3098,347,27,2025-03-04,Card,Delivered,620.11
3099,8,34,2025-02-18,Card,Cancelled,681.62
3100,257,37,2025-04-19,Cash,Delivered,691.13
3101,931,95,2025-06-08,Cash,Delivered,1425.58
3102,410,21,2025-01-18,Card,Delivered,2865.92
3103,555,54,2025-02-08,Cash,Delivered,2474.46
3104,158,3,2025-02-07,Cash,Delivered,2114.93
3105,536,73,2025-11-16,Card,Delivered,506.38
3106,692,52,2025-04-05,Card,Delivered,740.25
3107,454,40,2025-02-01,UPI,Delivered,411.27
3108,925,75,2025-08-05,Card,Delivered,1199.87
3109,128,88,2025-04-14,UPI,Cancelled,1372.5
3110,342,75,2025-09-16,Card,Cancelled,1831.65
3111,240,4,2025-06-03,Cash,Cancelled,920.42
3112,108,25,2025-09-12,UPI,Delivered,1114.94
3113,454,13,2025-12-28,UPI,Cancelled,1132.3
3114,326,88,2025-06-30,UPI,Delivered,1382.56
3115,598,88,2025-06-22,Cash,Cancelled,2515.82
3116,267,70,2025-08-24,Card,Cancelled,715.22
3117,731,34,2025-08-22,UPI,Cancelled,1704.2
3118,374,84,2025-03-03,Cash,Delivered,594.31
3119,408,63,2025-08-26,Cash,Cancelled,151.2
3120,101,33,2025-01-10,UPI,Cancelled,1552.99
3121,577,20,2025-06-30,UPI,Cancelled,630.16
3122,449,3,2025-05-10,Card,Cancelled,1335.17
3123,447,19,2025-12-11,Cash,Cancelled,458.12
3124,375,65,2025-01-22,UPI,Delivered,2529.41
3125,819,48,2025-09-06,UPI,Cancelled,1261.43
3126,501,74,2025-11-08,Card,Cancelled,2673.42
3127,714,30,2025-02-05,Cash,Delivered,2094.62
3128,606,51,2025-05-13,Card,Delivered,1585.76
3129,801,63,2025-01-02,Card,Cancelled,2010.21
3130,544,96,2025-08-05,UPI,Delivered,1996.37
3131,694,11,2025-12-24,Cash,Delivered,1446.62
3132,607,89,2025-06-12,UPI,Cancelled,163.51
3133,96,36,2025-03-01,Cash,Delivered,1836.44
3134,842,60,2025-01-31,Card,Delivered,496.47
3135,129,87,2025-12-04,UPI,Delivered,2960.11
3136,323,1,2025-09-02,Card,Cancelled,151.56
3137,655,85,2025-02-23,Card,Cancelled,695.52
3138,89,58,2025-06-14,Card,Cancelled,2268.85
3139,179,26,2025-04-08,Card,Cancelled,925.5
3140,471,22,2025-01-06,Cash,Delivered,2006.34
3141,744,95,2025-07-27,Cash,Delivered,673.79
3142,649,14,2025-06-14,Cash,Delivered,2667.64
3143,774,98,2025-09-06,Cash,Delivered,2805.05
3144,659,43,2025-05-09,Card,Cancelled,250.31
3145,435,27,2025-05-10,Cash,Cancelled,1786.58
3146,98,92,2025-11-16,Cash,Delivered,2829.14
3147,743,81,2025-04-22,UPI,Delivered,1463.5
3148,271,76,2025-04-25,Card,Cancelled,1326.64
3149,629,90,2025-02-25,Cash,Cancelled,217.05
3150,564,41,2025-05-01,UPI,Delivered,2322.82
3151,69,38,2025-06-20,UPI,Cancelled,1144.71
3152,361,20,2025-04-18,Cash,Delivered,1137.03
3153,682,9,2025-12-17,UPI,Cancelled,2403.99
3154,533,73,2025-06-01,UPI,Delivered,260.21
3155,885,97,2025-05-04,Card,Cancelled,2637.93
3156,405,2,2025-10-10,Card,Delivered,1755.58
3157,793,53,2025-07-30,Cash,Cancelled,808.21
3158,481,51,2025-12-09,Cash,Delivered,1465.83
3159,190,37,2025-08-13,UPI,Delivered,1304.19
3160,998,4,2025-05-15,Cash,Cancelled,935.62
3161,562,93,2025-06-08,Card,Cancelled,1867.85
3162,811,58,2025-09-24,UPI,Cancelled,2671.43
3163,220,88,2025-05-08,Card,Cancelled,1390.46
3164,104,31,2025-07-16,UPI,Cancelled,1593.48
3165,715,33,2025-07-16,UPI,Delivered,2382.87
3166,2,61,2025-07-27,Card,Cancelled,2311.76
3167,535,22,2025-10-05,Cash,Delivered,2642.17
3168,749,40,2025-12-18,UPI,Delivered,260.26
3169,668,92,2025-12-17,Cash,Cancelled,1944.45
3170,216,53,2025-01-04,Card,Cancelled,2118.73
3171,403,58,2025-06-30,UPI,Cancelled,619.85
3172,423,25,2025-05-29,Card,Delivered,2563.27
3173,68,69,2025-03-26,UPI,Cancelled,563.91
3174,739,6,2025-02-09,UPI,Delivered,2434.86
3175,207,17,2025-02-06,Card,Delivered,1443.35
3176,56,33,2025-08-03,Card,Cancelled,1815.82
3177,125,17,2025-02-08,UPI,Delivered,2266.18
3178,731,98,2025-11-21,UPI,Cancelled,2521.8
3179,147,79,2025-07-07,UPI,Delivered,489.42
3180,465,46,2025-09-04,Card,Delivered,1979.24
3181,392,92,2025-01-15,Card,Cancelled,2595.27
3182,481,97,2025-10-30,Card,Cancelled,343.18
3183,335,75,2025-07-10,Cash,Cancelled,1106.84
3184,292,87,2025-01-11,Cash,Delivered,983.56
3185,624,70,2025-06-19,Card,Delivered,1363.72
3186,664,88,2025-01-27,Cash,Delivered,163.32
3187,545,99,2025-07-31,Card,Delivered,940.13
3188,813,7,2025-12-28,Cash,Cancelled,2869.21
3189,780,42,2025-04-30,UPI,Cancelled,2630.56
3190,702,79,2025-09-26,UPI,Cancelled,2388.41
3191,238,49,2025-04-24,Cash,Delivered,2560.34
3192,900,65,2025-05-29,UPI,Delivered,200.15
3193,976,68,2025-05-23,Card,Delivered,1496.56
3194,60,86,2025-07-26,Card,Cancelled,1136.51
3195,196,21,2025-07-13,Card,Delivered,1126.34
3196,600,67,2025-11-21,Card,Cancelled,1718.17
3197,289,35,2025-10-13,UPI,Delivered,2512.59
3198,485,54,2025-02-05,Card,Delivered,741.1
3199,548,90,2025-05-27,UPI,Cancelled,1975.78
3200,889,63,2025-10-22,UPI,Delivered,171.59
3201,504,42,2025-09-13,Cash,Delivered,2420.02
3202,458,37,2025-08-28,Card,Delivered,1729.66
3203,77,74,2025-03-12,UPI,Delivered,1381.66
3204,224,3,2025-05-20,Card,Cancelled,2218.84
3205,949,35,2025-03-17,Card,Cancelled,2198.05
3206,846,11,2025-10-14,UPI,Cancelled,194.97
3207,738,91,2025-02-14,UPI,Delivered,1748.42
3208,393,60,2025-07-02,Cash,Delivered,1720.36
3209,631,48,2025-05-23,Cash,Delivered,557.07
3210,818,87,2025-03-20,UPI,Cancelled,2321.61
3211,183,98,2025-11-10,Card,Cancelled,1610.92
3212,592,14,2025-11-08,Card,Delivered,1191.63
3213,143,91,2025-08-21,Cash,Cancelled,1488.85
3214,62,71,2025-10-28,Card,Delivered,2638.09
3215,796,69,2025-05-25,UPI,Delivered,1941.75
3216,509,17,2025-08-31,Cash,Delivered,1472.37
3217,606,4,2025-10-15,Cash,Delivered,833.13
3218,260,81,2025-08-18,UPI,Cancelled,1032.54
3219,386,47,2025-11-17,Card,Delivered,1163.54
3220,656,92,2025-06-14,Card,Delivered,592.04
3221,9,95,2025-11-19,Card,Cancelled,2531.94
3222,203,77,2025-05-09,Card,Cancelled,2779.43
3223,353,63,2025-08-13,Cash,Cancelled,1044.27
3224,935,85,2025-06-05,UPI,Cancelled,465.31
3225,471,55,2025-04-24,Cash,Delivered,1656.3
3226,565,40,2025-11-27,UPI,Delivered,1973.72
3227,858,95,2025-05-31,UPI,Delivered,2762.62
3228,703,93,2025-09-10,UPI,Delivered,1529.13
3229,771,73,2025-05-08,Cash,Delivered,1249.62
3230,730,39,2025-07-24,UPI,Delivered,781.0
3231,600,43,2025-06-12,Cash,Cancelled,2290.9
3232,264,93,2025-08-07,UPI,Cancelled,886.13
3233,418,83,2025-06-19,UPI,Cancelled,210.48
3234,970,8,2025-09-26,Card,Cancelled,2216.3
3235,179,76,2025-07-26,Cash,Delivered,2034.36
3236,178,82,2025-04-22,UPI,Cancelled,2817.25
3237,663,34,2025-11-24,Cash,Cancelled,2409.09
3238,292,55,2025-03-22,Card,Cancelled,2743.16
3239,386,72,2025-07-24,UPI,Cancelled,2888.28
3240,983,37,2025-11-13,Card,Delivered,546.86
3241,862,51,2025-10-16,Cash,Delivered,1388.39
3242,664,55,2025-11-28,UPI,Cancelled,196.21
3243,338,73,2025-01-07,Card,Cancelled,2357.51
3244,129,77,2025-07-25,UPI,Delivered,2971.66
3245,119,42,2025-08-11,UPI,Delivered,2863.9
3246,237,47,2025-10-05,UPI,Cancelled,1937.28
3247,861,83,2025-12-02,UPI,Cancelled,2370.48
3248,728,34,2025-01-21,Card,Cancelled,272.86
3249,471,24,2025-01-07,UPI,Delivered,397.94
3250,974,60,2025-02-25,UPI,Cancelled,677.93
3251,436,52,2025-07-02,Cash,Cancelled,947.29
3252,552,81,2025-04-14,Cash,Delivered,840.25
3253,144,10,2025-05-08,UPI,Cancelled,1957.29
3254,634,54,2025-01-13,UPI,Cancelled,2018.55
3255,846,77,2025-02-19,UPI,Cancelled,822.47
3256,921,16,2025-03-03,UPI,Delivered,2200.4
3257,976,29,2025-07-20,Cash,Delivered,1123.88
3258,703,38,2025-09-14,Card,Cancelled,1748.92
3259,61,7,2025-09-19,Cash,Delivered,604.35
3260,559,25,2025-03-05,Card,Cancelled,2917.19
3261,212,4,2025-04-17,Cash,Delivered,2884.64
3262,425,85,2025-10-24,Card,Delivered,2329.76
3263,220,91,2025-12-15,Cash,Delivered,959.11
3264,816,23,2025-08-05,Cash,Delivered,2822.58
3265,507,83,2025-01-28,Card,Cancelled,2981.04
3266,977,49,2025-03-28,UPI,Cancelled,1391.92
3267,195,37,2025-03-14,Cash,Delivered,2253.66
3268,619,58,2025-11-01,Cash,Cancelled,1094.3
3269,104,2,2025-04-19,UPI,Delivered,717.87
3270,62,20,2025-11-03,Card,Delivered,1133.88
3271,699,54,2025-04-30,Card,Cancelled,1531.79
3272,924,55,2025-01-02,Card,Delivered,2304.45
3273,529,34,2025-08-09,UPI,Delivered,211.27
3274,121,69,2025-04-15,Cash,Cancelled,1303.85
3275,395,25,2025-10-12,Card,Delivered,493.14
3276,686,1,2025-08-18,UPI,Delivered,2403.37
3277,238,18,2025-01-18,Card,Cancelled,263.7
3278,983,5,2025-09-27,UPI,Cancelled,2446.09
3279,940,73,2025-04-02,Cash,Cancelled,2536.05
3280,311,83,2025-03-24,UPI,Delivered,934.6
3281,480,60,2025-02-12,UPI,Cancelled,764.82
3282,403,85,2025-08-01,UPI,Delivered,2461.64
3283,779,71,2025-04-06,UPI,Delivered,996.46
3284,164,80,2025-08-09,Cash,Delivered,957.99
3285,259,90,2025-05-16,Cash,Cancelled,726.94
3286,708,99,2025-12-26,UPI,Delivered,1408.41
3287,838,24,2025-06-06,Card,Cancelled,1995.89
3288,127,90,2025-10-09,UPI,Cancelled,2663.17
3289,299,63,2025-02-10,UPI,Cancelled,1785.63
3290,767,19,2025-03-24,Card,Delivered,1238.66
3291,991,32,2025-01-19,UPI,Cancelled,2865.23
3292,542,20,2025-12-30,UPI,Cancelled,1945.6
3293,944,19,2025-07-07,Cash,Delivered,1552.7
3294,359,51,2025-09-17,UPI,Cancelled,572.2
3295,714,24,2025-08-20,Card,Delivered,1400.77
3296,472,11,2025-02-15,UPI,Delivered,2990.96
3297,185,97,2025-12-07,Card,Delivered,2088.29
3298,597,8,2025-09-18,UPI,Cancelled,2002.3
3299,884,87,2025-07-20,Card,Delivered,1184.17
3300,712,42,2025-06-02,UPI,Delivered,1163.88
3301,876,71,2025-08-16,Cash,Delivered,2023.26
3302,937,91,2025-01-22,UPI,Cancelled,396.99
3303,733,82,2025-01-16,Cash,Cancelled,204.15
3304,208,49,2025-07-21,UPI,Delivered,2332.27
3305,453,70,2025-06-17,Cash,Cancelled,1175.86
3306,805,5,2025-04-16,Card,Cancelled,2640.23
3307,232,15,2025-12-24,UPI,Delivered,2358.78
3308,323,20,2025-06-23,UPI,Cancelled,895.15
3309,232,32,2025-02-05,Card,Delivered,2452.18
3310,631,93,2025-02-04,Cash,Delivered,566.31
3311,371,97,2025-03-02,UPI,Cancelled,2553.1
3312,52,17,2025-11-25,Cash,Cancelled,2983.83
3313,278,64,2025-04-04,Card,Cancelled,1026.68
3314,390,49,2025-02-11,UPI,Delivered,287.12
3315,472,85,2025-04-20,Card,Delivered,2793.86
3316,624,17,2025-08-27,Card,Cancelled,347.78
3317,834,79,2025-09-19,Card,Cancelled,2004.57
3318,528,24,2025-01-22,UPI,Delivered,2710.05
3319,736,30,2025-02-26,UPI,Delivered,191.93
3320,302,30,2025-03-01,Cash,Delivered,2437.6
3321,123,55,2025-06-18,Card,Cancelled,1483.9
3322,714,75,2025-12-11,UPI,Cancelled,1066.77
3323,818,15,2025-01-20,Card,Cancelled,1428.43
3324,660,92,2025-12-01,UPI,Cancelled,1243.29
3325,307,97,2025-01-06,Cash,Delivered,1401.22
3326,675,3,2025-05-02,UPI,Cancelled,1688.53
3327,97,40,2025-12-16,Cash,Cancelled,1055.51
3328,280,40,2025-05-27,Cash,Cancelled,1928.57
3329,891,44,2025-05-03,UPI,Delivered,1876.97
3330,133,29,2025-04-05,UPI,Delivered,262.5
3331,653,52,2025-01-05,Cash,Delivered,1740.0
3332,977,88,2025-11-11,Card,Cancelled,496.91
3333,871,27,2025-08-28,UPI,Cancelled,2068.01
3334,909,34,2025-12-16,Cash,Delivered,718.35
3335,299,73,2025-11-20,UPI,Delivered,2632.75
3336,104,100,2025-12-02,Card,Cancelled,2455.81
3337,765,65,2025-11-22,UPI,Cancelled,306.78
3338,825,74,2025-06-01,Cash,Delivered,2271.38
3339,960,8,2025-03-26,Cash,Cancelled,543.14
3340,874,61,2025-11-23,Card,Cancelled,896.02
3341,447,48,2025-11-25,Card,Delivered,1155.11
3342,742,67,2025-07-04,UPI,Cancelled,1004.38
3343,475,19,2025-11-01,UPI,Delivered,2765.29
3344,766,79,2025-07-26,Cash,Cancelled,1542.61
3345,259,92,2025-03-24,UPI,Cancelled,1675.79
3346,730,52,2025-03-06,UPI,Cancelled,1455.43
3347,514,42,2025-06-23,UPI,Delivered,643.4
3348,980,83,2025-12-15,Cash,Cancelled,708.61
3349,140,29,2025-12-16,UPI,Cancelled,557.75
3350,630,1,2025-01-16,Card,Cancelled,678.54
3351,375,34,2025-02-17,Cash,Cancelled,2663.77
3352,81,82,2025-08-22,Cash,Delivered,617.61
3353,842,75,2025-06-21,Card,Cancelled,1695.73
3354,363,54,2025-05-06,Cash,Cancelled,863.94
3355,412,5,2025-04-23,Cash,Delivered,2254.6
3356,398,26,2025-08-28,Card,Cancelled,1158.93
3357,122,35,2025-01-22,UPI,Cancelled,189.53
3358,511,44,2025-12-04,UPI,Cancelled,1961.5
3359,543,76,2025-02-01,Cash,Delivered,1928.68
3360,428,17,2025-08-23,Card,Delivered,560.77
3361,940,99,2025-08-28,Cash,Cancelled,400.86
3362,875,69,2025-05-23,Cash,Delivered,1378.47
3363,89,51,2025-10-10,Cash,Delivered,541.34
3364,487,65,2025-10-24,Card,Cancelled,1899.89
3365,653,74,2025-07-21,UPI,Cancelled,552.96
3366,385,21,2025-12-24,UPI,Cancelled,895.47
3367,967,97,2025-03-10,UPI,Cancelled,1814.68
3368,386,9,2025-03-24,UPI,Delivered,2285.26
3369,635,2,2025-03-05,Cash,Delivered,1552.9
3370,342,56,2025-10-09,UPI,Cancelled,1453.75
3371,930,30,2025-08-18,Cash,Cancelled,2806.16
3372,203,68,2025-06-04,UPI,Delivered,874.3
3373,707,88,2025-11-19,Cash,Delivered,2295.16
3374,319,97,2025-08-20,UPI,Delivered,2821.63
3375,508,13,2025-02-25,UPI,Delivered,2706.25
3376,636,43,2025-12-26,UPI,Cancelled,599.65
3377,629,37,2025-09-05,Cash,Cancelled,1775.13
3378,498,56,2025-05-27,Card,Delivered,426.1
3379,770,46,2025-06-11,Cash,Cancelled,2250.18
3380,693,59,2025-08-27,Card,Delivered,1084.63
3381,890,55,2025-03-01,Card,Cancelled,2831.63
3382,304,38,2025-09-29,Cash,Delivered,1831.61
3383,204,82,2025-12-22,UPI,Delivered,2246.5
3384,893,33,2025-06-06,UPI,Cancelled,1872.25
3385,421,5,2025-04-01,UPI,Cancelled,2318.27
3386,606,23,2025-11-06,UPI,Cancelled,1160.13
3387,413,74,2025-09-25,Card,Delivered,2688.31
3388,475,97,2025-05-12,UPI,Delivered,443.51
3389,157,92,2025-12-26,Card,Delivered,1961.58
3390,341,61,2025-12-20,Cash,Delivered,2512.42
3391,147,96,2025-03-07,Cash,Cancelled,1372.8
3392,548,88,2025-08-22,Card,Cancelled,433.37
3393,985,30,2025-03-29,UPI,Delivered,940.42
3394,504,99,2025-11-10,Cash,Delivered,2325.2
3395,430,9,2025-11-13,UPI,Delivered,345.96
3396,691,8,2025-08-17,Cash,Cancelled,1810.44
3397,408,29,2025-08-20,UPI,Cancelled,1510.47
3398,898,8,2025-06-09,UPI,Delivered,1193.55
3399,382,84,2025-12-27,Cash,Cancelled,1310.67
3400,618,74,2025-11-27,Card,Delivered,1408.29
3401,560,88,2025-02-25,UPI,Cancelled,2429.31
3402,604,70,2025-10-28,UPI,Cancelled,2914.0
3403,339,46,2025-01-12,UPI,Cancelled,550.72
3404,195,32,2025-07-24,Cash,Cancelled,655.43
3405,74,33,2025-12-16,UPI,Delivered,1890.43
3406,818,34,2025-07-21,UPI,Delivered,1248.75
3407,326,57,2025-01-08,Card,Cancelled,2326.49
3408,575,16,2025-08-26,Card,Delivered,809.27
3409,267,85,2025-07-19,Cash,Delivered,702.26
3410,525,47,2025-07-20,Cash,Cancelled,1053.88
3411,334,31,2025-07-24,UPI,Cancelled,693.79
3412,768,37,2025-04-16,Cash,Cancelled,577.56
3413,784,83,2025-01-24,Card,Cancelled,1749.14
3414,988,54,2025-05-09,Cash,Delivered,1661.69
3415,721,8,2025-04-16,Card,Delivered,467.88
3416,252,66,2025-07-23,Cash,Delivered,293.78
3417,322,45,2025-05-12,Cash,Cancelled,207.07
3418,769,86,2025-05-04,UPI,Delivered,1099.99
3419,905,13,2025-08-03,Card,Delivered,902.7
3420,954,91,2025-12-16,Cash,Delivered,1838.05
3421,211,68,2025-10-27,Card,Cancelled,1761.79
3422,929,17,2025-02-11,UPI,Cancelled,2341.09
3423,535,46,2025-04-11,Card,Cancelled,565.97
3424,874,100,2025-11-08,Cash,Delivered,1860.39
3425,831,63,2025-09-02,Card,Cancelled,1025.69
3426,376,62,2025-10-28,UPI,Delivered,192.83
3427,223,81,2025-09-19,Cash,Delivered,684.79
3428,134,100,2025-03-07,Cash,Delivered,192.75
3429,398,72,2025-05-20,Card,Cancelled,372.11
3430,276,14,2025-10-27,Cash,Cancelled,434.24
3431,435,78,2025-03-08,Card,Cancelled,942.2
3432,955,14,2025-11-25,UPI,Cancelled,892.71
3433,246,47,2025-06-24,UPI,Delivered,1419.95
3434,768,57,2025-01-27,Cash,Cancelled,2299.62
3435,410,43,2025-05-02,Cash,Delivered,1851.96
3436,415,41,2025-12-15,Cash,Delivered,317.08
3437,48,7,2025-06-30,UPI,Cancelled,252.15
3438,570,72,2025-11-01,Cash,Delivered,1451.48
3439,247,94,2025-03-05,Cash,Cancelled,1662.15
3440,996,86,2025-10-05,UPI,Delivered,584.87
3441,494,34,2025-08-15,Cash,Delivered,1224.73
3442,244,60,2025-09-13,UPI,Delivered,666.53
3443,483,26,2025-09-30,Cash,Delivered,1326.94
3444,905,42,2025-05-29,UPI,Delivered,248.78
3445,379,91,2025-11-23,UPI,Delivered,2442.07
3446,139,55,2025-11-23,Cash,Cancelled,791.58
3447,768,82,2025-02-14,UPI,Cancelled,1064.17
3448,427,56,2025-08-19,Card,Cancelled,2563.69
3449,1,51,2025-07-26,Cash,Cancelled,152.89
3450,592,72,2025-02-22,Card,Cancelled,1427.09
3451,761,94,2025-11-12,UPI,Cancelled,230.93
3452,111,87,2025-01-02,Card,Delivered,2316.25
3453,216,41,2025-02-21,Cash,Cancelled,1584.73
3454,130,48,2025-06-04,Cash,Cancelled,1062.33
3455,282,83,2025-01-01,Cash,Delivered,1232.28
3456,651,71,2025-08-21,Cash,Cancelled,462.85
3457,153,50,2025-02-08,UPI,Cancelled,1677.41
3458,652,69,2025-04-19,UPI,Cancelled,1726.05
3459,617,12,2025-04-19,Card,Cancelled,831.98
3460,604,29,2025-11-23,UPI,Delivered,2826.8
3461,65,97,2025-11-19,Cash,Cancelled,1693.77
3462,999,7,2025-08-25,Card,Cancelled,1586.94
3463,56,20,2025-02-05,UPI,Cancelled,2593.31
3464,47,9,2025-02-06,Cash,Delivered,1522.06
3465,108,90,2025-08-27,UPI,Cancelled,514.51
3466,154,56,2025-08-29,Card,Delivered,1022.19
3467,907,6,2025-07-16,Card,Delivered,241.05
3468,426,9,2025-09-01,Card,Cancelled,2810.44
3469,829,68,2025-06-28,Cash,Delivered,2162.53
3470,10,39,2025-06-03,Cash,Delivered,535.05
3471,149,53,2025-04-22,UPI,Delivered,652.71
3472,106,85,2025-09-01,Card,Delivered,916.83
3473,6,66,2025-02-07,Card,Cancelled,1425.12
3474,19,40,2025-07-10,UPI,Cancelled,1192.29
3475,143,45,2025-08-12,Card,Cancelled,1143.74
3476,330,34,2025-01-05,Cash,Cancelled,1422.26
3477,554,62,2025-12-18,Cash,Cancelled,825.44
3478,908,100,2025-07-15,Cash,Delivered,2699.83
3479,966,10,2025-12-07,Card,Delivered,1310.21
3480,92,31,2025-05-08,Card,Delivered,1044.54
3481,233,16,2025-02-12,Card,Cancelled,1150.88
3482,416,98,2025-07-23,Card,Cancelled,2153.38
3483,422,34,2025-09-04,Cash,Delivered,412.2
3484,440,7,2025-06-28,UPI,Delivered,2447.12
3485,816,14,2025-04-09,Cash,Cancelled,1175.5
3486,338,9,2025-07-25,UPI,Cancelled,2414.75
3487,932,22,2025-03-08,Card,Cancelled,915.38
3488,1000,60,2025-04-16,Cash,Cancelled,2304.5
3489,714,99,2025-02-03,Cash,Cancelled,1290.43
3490,464,84,2025-09-09,Card,Delivered,2729.19
3491,432,13,2025-05-20,Cash,Cancelled,965.53
3492,510,73,2025-12-18,Card,Delivered,2081.73
3493,985,49,2025-02-08,UPI,Delivered,1356.55
3494,302,8,2025-04-16,Card,Cancelled,1264.49
3495,263,32,2025-02-15,UPI,Cancelled,2042.72
3496,816,31,2025-09-27,UPI,Cancelled,2300.13
3497,100,10,2025-04-21,Card,Delivered,1105.75
3498,53,33,2025-12-12,UPI,Cancelled,711.68
3499,291,4,2025-07-04,Cash,Delivered,2531.93
3500,594,23,2025-03-27,Card,Delivered,2826.39
3501,811,82,2025-04-12,Card,Cancelled,2912.02
3502,604,75,2025-09-26,Cash,Cancelled,1762.54
3503,851,47,2025-04-18,Card,Delivered,532.78
3504,604,45,2025-02-20,Card,Cancelled,2891.43
3505,395,29,2025-11-07,Card,Cancelled,2526.11
3506,720,42,2025-08-16,UPI,Cancelled,1810.83
3507,931,77,2025-10-01,Card,Delivered,1041.47
3508,870,60,2025-04-02,UPI,Delivered,1203.11
3509,938,36,2025-03-25,UPI,Cancelled,2435.96
3510,556,59,2025-01-03,UPI,Delivered,2597.84
3511,638,53,2025-10-18,UPI,Cancelled,1162.6
3512,486,50,2025-09-07,Cash,Delivered,2434.89
3513,375,92,2025-09-29,Cash,Delivered,796.85
3514,413,22,2025-03-08,UPI,Delivered,782.97
3515,348,79,2025-08-10,UPI,Delivered,1067.05
3516,589,38,2025-06-21,UPI,Delivered,745.28
3517,236,22,2025-04-17,Cash,Cancelled,1018.44
3518,345,10,2025-12-13,Cash,Delivered,2355.15
3519,233,32,2025-12-31,UPI,Cancelled,1598.84
3520,893,87,2025-02-02,Cash,Cancelled,598.9
3521,520,14,2025-12-15,Card,Cancelled,231.06
3522,528,37,2025-04-26,Cash,Cancelled,2944.45
3523,611,56,2025-01-21,UPI,Delivered,1032.43
3524,50,86,2025-05-23,Cash,Cancelled,2753.67
3525,407,59,2025-11-27,Cash,Delivered,633.81
3526,320,57,2025-07-02,Card,Delivered,768.28
3527,87,94,2025-12-24,Cash,Cancelled,2733.65
3528,512,34,2025-10-25,Card,Cancelled,1291.34
3529,334,3,2025-08-14,Cash,Cancelled,1902.5
3530,965,53,2025-07-29,Cash,Cancelled,2129.77
3531,690,53,2025-11-19,Card,Cancelled,2921.52
3532,93,31,2025-06-30,UPI,Cancelled,712.04
3533,729,45,2025-02-10,Card,Cancelled,843.78
3534,126,43,2025-12-25,Card,Delivered,257.56
3535,785,65,2025-03-04,Card,Cancelled,2901.75
3536,284,30,2025-03-27,UPI,Delivered,2966.74
3537,609,8,2025-03-15,Card,Cancelled,931.38
3538,657,95,2025-09-18,Cash,Delivered,856.97
3539,638,37,2025-07-13,Card,Cancelled,1594.17
3540,776,89,2025-08-17,Cash,Delivered,2534.77
3541,648,23,2025-09-19,UPI,Cancelled,2179.84
3542,107,93,2025-04-29,Card,Cancelled,766.5
3543,949,55,2025-09-15,Cash,Delivered,2635.75
3544,336,90,2025-01-08,Cash,Cancelled,2847.47
3545,161,9,2025-01-07,Card,Cancelled,2647.22
3546,408,21,2025-09-30,Card,Delivered,2760.59
3547,552,16,2025-07-13,Card,Cancelled,2440.91
3548,978,81,2025-10-12,Cash,Cancelled,1824.1
3549,275,82,2025-04-08,Cash,Cancelled,2064.2
3550,371,43,2025-10-21,UPI,Delivered,1425.1
3551,657,19,2025-07-05,Cash,Cancelled,2455.94
3552,257,80,2025-01-10,UPI,Cancelled,216.95
3553,733,9,2025-05-08,Cash,Cancelled,2657.4
3554,702,97,2025-12-08,UPI,Cancelled,1524.69
3555,132,78,2025-09-28,UPI,Delivered,1619.36
3556,772,77,2025-10-30,Card,Cancelled,2520.13
3557,820,10,2025-05-22,Cash,Cancelled,729.25
3558,589,60,2025-03-14,Cash,Cancelled,790.06
3559,108,77,2025-04-30,Card,Cancelled,1419.93
3560,833,19,2025-09-06,Cash,Delivered,509.59
3561,466,61,2025-09-27,Cash,Delivered,1824.28
3562,641,98,2025-10-22,Cash,Cancelled,969.76
3563,689,68,2025-07-12,Card,Delivered,588.41
3564,798,54,2025-09-02,Card,Cancelled,755.47
3565,456,69,2025-05-31,Cash,Delivered,1155.46
3566,992,78,2025-08-23,Card,Cancelled,1774.39
3567,971,43,2025-08-14,UPI,Delivered,2654.84
3568,22,6,2025-08-18,Card,Delivered,438.56
3569,249,16,2025-01-23,Cash,Delivered,2181.37
3570,592,96,2025-06-17,Cash,Delivered,1536.55
3571,632,61,2025-01-02,UPI,Cancelled,1471.77
3572,368,47,2025-06-14,Card,Cancelled,1760.28
3573,843,17,2025-11-07,UPI,Delivered,2313.96
3574,475,25,2025-04-17,Card,Cancelled,2665.69
3575,89,43,2025-02-07,UPI,Delivered,1657.98
3576,17,18,2025-06-15,UPI,Delivered,1926.87
3577,566,24,2025-09-27,Cash,Delivered,2199.62
3578,149,24,2025-04-30,Card,Delivered,1167.69
3579,240,56,2025-04-19,Cash,Cancelled,2454.84
3580,131,74,2025-04-13,Card,Delivered,1310.9
3581,92,70,2025-12-18,UPI,Cancelled,2300.2
3582,865,83,2025-03-22,Card,Delivered,158.07
3583,307,92,2025-05-11,UPI,Delivered,2562.0
3584,252,38,2025-05-11,UPI,Cancelled,1561.04
3585,957,76,2025-05-01,UPI,Delivered,1746.84
3586,577,16,2025-02-20,Cash,Cancelled,823.15
3587,281,68,2025-06-04,Card,Delivered,498.21
3588,138,18,2025-11-24,Card,Cancelled,2362.91
3589,169,7,2025-09-02,Card,Cancelled,2315.67
3590,415,38,2025-03-07,Cash,Delivered,916.34
3591,89,71,2025-06-05,UPI,Cancelled,2903.73
3592,957,21,2025-01-23,UPI,Cancelled,581.07
3593,33,82,2025-07-16,UPI,Delivered,1660.97
3594,359,54,2025-05-18,UPI,Delivered,392.99
3595,682,6,2025-07-24,Card,Delivered,1506.22
3596,69,31,2025-12-03,Card,Cancelled,2696.62
3597,663,63,2025-03-04,UPI,Delivered,1626.07
3598,85,90,2025-08-14,Cash,Cancelled,782.61
3599,364,81,2025-02-19,Card,Delivered,421.4
3600,436,58,2025-08-21,Cash,Cancelled,1684.18
3601,356,90,2025-02-12,UPI,Delivered,2086.42
3602,469,9,2025-09-06,Card,Cancelled,2521.77
3603,181,59,2025-02-22,UPI,Delivered,2560.26
3604,630,31,2025-04-06,Card,Cancelled,2809.1
3605,959,78,2025-05-15,UPI,Cancelled,220.71
3606,136,40,2025-02-01,Cash,Cancelled,1095.51
3607,387,86,2025-02-14,UPI,Cancelled,2280.52
3608,185,55,2025-11-04,Card,Delivered,1396.1
3609,144,9,2025-12-03,Cash,Delivered,2881.1
3610,639,55,2025-05-09,Card,Cancelled,1086.89
3611,943,7,2025-02-21,UPI,Cancelled,1401.39
3612,412,34,2025-11-14,Card,Delivered,2941.02
3613,343,75,2025-07-12,UPI,Cancelled,2243.98
3614,859,17,2025-11-03,UPI,Delivered,1898.16
3615,723,63,2025-02-18,UPI,Delivered,1573.35
3616,614,66,2025-07-15,UPI,Delivered,2277.14
3617,575,97,2025-02-08,Card,Delivered,2507.32
3618,1000,5,2025-08-05,UPI,Cancelled,711.67
3619,738,94,2025-07-18,Cash,Cancelled,472.16
3620,798,85,2025-04-22,Cash,Delivered,1657.56
3621,805,63,2025-02-16,Cash,Cancelled,1588.31
3622,383,12,2025-07-13,Cash,Cancelled,977.04
3623,454,93,2025-10-12,UPI,Delivered,456.74
3624,712,26,2025-09-17,UPI,Cancelled,911.05
3625,546,82,2025-04-15,UPI,Delivered,814.83
3626,509,51,2025-02-19,Cash,Cancelled,2120.37
3627,607,38,2025-12-07,Cash,Delivered,969.06
3628,86,46,2025-02-10,Cash,Delivered,2498.04
3629,761,59,2025-06-10,Card,Delivered,605.82
3630,536,85,2025-11-24,Cash,Cancelled,345.73
3631,760,57,2025-01-18,UPI,Cancelled,2417.03
3632,749,79,2025-09-24,UPI,Cancelled,1181.66
3633,513,35,2025-06-21,Card,Delivered,1069.9
3634,597,56,2025-05-25,UPI,Cancelled,1807.92
3635,730,97,2025-07-16,UPI,Cancelled,1181.75
3636,116,54,2025-09-09,Cash,Delivered,1136.49
3637,121,37,2025-01-13,Cash,Cancelled,1573.15
3638,116,21,2025-10-08,UPI,Delivered,449.54
3639,141,2,2025-07-23,UPI,Delivered,2430.16
3640,609,3,2025-10-27,Cash,Cancelled,1184.45
3641,519,66,2025-05-19,Card,Delivered,2472.8
3642,816,79,2025-09-20,Cash,Delivered,2176.97
3643,739,81,2025-04-10,Cash,Cancelled,1619.77
3644,951,39,2025-04-29,UPI,Cancelled,2427.87
3645,846,8,2025-01-21,Card,Cancelled,647.07
3646,454,55,2025-04-03,Cash,Delivered,2454.21
3647,408,54,2025-07-25,UPI,Delivered,2183.84
3648,440,90,2025-11-17,Card,Cancelled,1182.89
3649,938,83,2025-01-28,Card,Cancelled,2852.95
3650,672,49,2025-11-13,UPI,Cancelled,728.05
3651,932,6,2025-11-25,Card,Delivered,660.85
3652,978,39,2025-06-10,Card,Delivered,897.75
3653,94,83,2025-10-23,UPI,Cancelled,1080.21
3654,906,76,2025-04-29,UPI,Cancelled,1330.71
3655,577,100,2025-11-22,UPI,Cancelled,879.86
3656,782,50,2025-04-04,Card,Cancelled,792.3
3657,825,60,2025-09-02,UPI,Delivered,2893.06
3658,504,17,2025-11-30,Card,Delivered,1165.08
3659,497,29,2025-12-25,UPI,Cancelled,1916.9
3660,818,85,2025-12-02,UPI,Delivered,286.07
3661,210,33,2025-10-27,Cash,Cancelled,2511.61
3662,942,45,2025-12-30,Cash,Cancelled,779.97
3663,321,77,2025-06-28,Card,Cancelled,1646.1
3664,672,43,2025-07-18,Cash,Cancelled,2149.64
3665,872,53,2025-07-26,Cash,Cancelled,1149.3
3666,61,93,2025-02-09,UPI,Cancelled,630.23
3667,569,80,2025-08-23,Card,Cancelled,277.2
3668,757,10,2025-10-19,Cash,Cancelled,2440.82
3669,542,57,2025-09-25,UPI,Cancelled,565.7
3670,322,6,2025-07-09,Cash,Delivered,1334.32
3671,596,72,2025-09-20,UPI,Cancelled,592.43
3672,870,81,2025-02-18,Card,Delivered,2704.71
3673,316,41,2025-08-28,UPI,Cancelled,1693.08
3674,54,45,2025-05-08,Cash,Delivered,232.33
3675,517,38,2025-07-24,Cash,Delivered,635.95
3676,672,13,2025-06-14,UPI,Delivered,1156.99
3677,555,89,2025-07-04,Cash,Cancelled,867.83
3678,46,92,2025-12-06,UPI,Cancelled,2704.89
3679,679,46,2025-01-22,Card,Cancelled,154.29
3680,944,74,2025-01-10,Cash,Delivered,945.84
3681,772,9,2025-05-01,Cash,Cancelled,2387.72
3682,664,52,2025-04-14,Card,Delivered,914.69
3683,657,22,2025-01-07,Cash,Cancelled,2552.89
3684,258,61,2025-05-29,Card,Cancelled,1956.81
3685,490,37,2025-12-20,UPI,Cancelled,191.67
3686,669,13,2025-06-20,UPI,Delivered,1981.26
3687,23,36,2025-06-13,Card,Delivered,174.68
3688,603,62,2025-08-02,UPI,Delivered,2872.86
3689,7,9,2025-07-09,UPI,Cancelled,1664.53
3690,894,42,2025-05-20,Card,Delivered,860.65
3691,272,7,2025-04-05,UPI,Delivered,1980.08
3692,992,57,2025-04-28,UPI,Cancelled,2011.7
3693,834,26,2025-11-12,Card,Delivered,495.96
3694,252,43,2025-02-13,UPI,Cancelled,1929.72
3695,127,6,2025-07-30,UPI,Cancelled,2797.42
3696,211,100,2025-05-17,UPI,Cancelled,1465.2
3697,243,17,2025-03-02,UPI,Cancelled,2093.78
3698,256,18,2025-03-22,Card,Cancelled,2384.45
3699,825,40,2025-05-28,UPI,Delivered,2018.77
3700,95,36,2025-05-07,UPI,Cancelled,1513.91
3701,387,29,2025-08-04,Card,Delivered,1933.16
3702,687,65,2025-10-16,Cash,Delivered,479.0
3703,851,6,2025-05-12,UPI,Delivered,1461.09
3704,41,84,2025-01-09,Card,Delivered,2939.9
3705,347,70,2025-10-27,Cash,Cancelled,1090.76
3706,735,64,2025-02-18,Card,Delivered,2733.31
3707,323,5,2025-11-28,Cash,Delivered,2375.9
3708,605,68,2025-10-31,Card,Cancelled,1869.48
3709,262,80,2025-01-26,UPI,Delivered,2413.23
3710,457,7,2025-10-21,Card,Delivered,1765.0
3711,260,37,2025-02-08,Cash,Delivered,2041.86
3712,437,15,2025-08-16,Card,Cancelled,665.87
3713,993,68,2025-03-12,Card,Cancelled,347.45
3714,451,85,2025-08-14,Card,Delivered,638.39
3715,963,55,2025-08-04,Cash,Cancelled,705.21
3716,890,5,2025-01-05,UPI,Delivered,2350.36
3717,457,13,2025-09-29,Cash,Delivered,2506.66
3718,979,84,2025-11-05,Cash,Delivered,588.48
3719,939,28,2025-01-02,Cash,Cancelled,1257.02
3720,244,66,2025-08-15,Card,Delivered,2569.59
3721,343,91,2025-05-05,Cash,Delivered,210.84
3722,65,100,2025-08-30,Card,Delivered,2133.12
3723,284,70,2025-11-17,UPI,Cancelled,2416.37
3724,25,65,2025-10-27,Card,Delivered,1973.31
3725,378,98,2025-02-07,Card,Cancelled,2249.76
3726,880,65,2025-12-10,Cash,Cancelled,742.15
3727,600,38,2025-01-24,Card,Cancelled,2516.61
3728,747,87,2025-12-30,Card,Cancelled,1444.02
3729,209,57,2025-06-10,Card,Cancelled,2582.06
3730,897,75,2025-12-02,Cash,Delivered,683.25
3731,601,80,2025-02-20,Cash,Delivered,1431.65
3732,169,33,2025-01-30,Cash,Cancelled,2055.49
3733,922,75,2025-04-29,Cash,Cancelled,629.2
3734,895,24,2025-05-28,Card,Cancelled,1326.96
3735,193,7,2025-07-04,UPI,Cancelled,879.1
3736,878,88,2025-12-04,UPI,Delivered,947.26
3737,216,35,2025-02-09,Card,Delivered,2208.79
3738,151,49,2025-12-20,UPI,Cancelled,1037.23
3739,715,23,2025-07-05,UPI,Delivered,508.96
3740,692,11,2025-09-28,UPI,Delivered,1448.57
3741,440,63,2025-05-12,Cash,Cancelled,1214.72
3742,94,85,2025-01-23,UPI,Delivered,1761.9
3743,908,63,2025-12-04,UPI,Delivered,399.26
3744,197,86,2025-04-01,Cash,Cancelled,2793.22
3745,575,49,2025-06-21,Cash,Cancelled,717.75
3746,685,51,2025-07-20,UPI,Cancelled,300.48
3747,123,43,2025-04-02,Cash,Delivered,942.84
3748,111,53,2025-12-10,Cash,Cancelled,2565.37
3749,457,44,2025-09-23,Card,Cancelled,2927.58
3750,81,29,2025-05-26,Card,Delivered,2872.66
3751,277,49,2025-05-25,UPI,Cancelled,637.94
3752,965,46,2025-01-05,Card,Delivered,1172.51
3753,719,51,2025-12-09,Card,Delivered,1882.78
3754,803,31,2025-05-10,Cash,Cancelled,239.72
3755,825,33,2025-11-25,UPI,Cancelled,206.25
3756,547,7,2025-04-24,UPI,Cancelled,2622.46
3757,233,57,2025-06-18,Cash,Cancelled,2995.15
3758,311,47,2025-07-28,Card,Delivered,2282.08
3759,422,64,2025-11-07,Cash,Delivered,1311.29
3760,479,70,2025-01-20,Card,Delivered,2462.54
3761,536,99,2025-12-12,Card,Cancelled,1462.08
3762,305,24,2025-04-13,Cash,Cancelled,2781.41
3763,478,12,2025-09-10,Cash,Delivered,202.18
3764,152,100,2025-06-25,UPI,Cancelled,1727.69
3765,728,100,2025-01-19,Card,Delivered,2345.21
3766,464,96,2025-04-13,Card,Delivered,1316.71
3767,112,58,2025-09-24,Cash,Cancelled,176.75
3768,494,34,2025-07-03,Card,Cancelled,712.05
3769,48,1,2025-12-01,UPI,Delivered,2206.23
3770,735,13,2025-05-17,Card,Cancelled,1400.89
3771,364,57,2025-07-17,Card,Cancelled,1454.33
3772,177,36,2025-07-26,Cash,Cancelled,1301.8
3773,148,34,2025-04-30,Cash,Delivered,1457.11
3774,982,17,2025-08-20,UPI,Delivered,1386.96
3775,489,20,2025-05-12,UPI,Cancelled,1434.28
3776,133,17,2025-10-13,Card,Cancelled,2217.28
3777,314,24,2025-02-10,Cash,Delivered,1540.58
3778,766,24,2025-07-13,Cash,Cancelled,2480.92
3779,819,90,2025-07-22,Card,Cancelled,1983.03
3780,917,45,2025-06-04,Card,Delivered,2808.49
3781,893,58,2025-12-16,Card,Cancelled,2619.29
3782,281,64,2025-05-12,UPI,Delivered,159.22
3783,425,42,2025-01-04,UPI,Delivered,2764.42
3784,865,6,2025-05-19,UPI,Cancelled,531.66
3785,421,77,2025-08-20,Cash,Cancelled,656.45
3786,942,5,2025-10-10,UPI,Cancelled,1181.33
3787,281,28,2025-11-16,Cash,Cancelled,2199.05
3788,288,38,2025-01-17,Card,Cancelled,2778.32
3789,467,25,2025-04-26,Cash,Cancelled,252.33
3790,378,88,2025-06-03,Cash,Delivered,2531.98
3791,9,31,2025-01-31,Card,Cancelled,773.23
3792,943,46,2025-11-04,Card,Delivered,2993.15
3793,527,96,2025-11-12,Cash,Cancelled,211.03
3794,190,55,2025-10-15,Card,Delivered,2550.43
3795,594,50,2025-01-01,Card,Delivered,1182.98
3796,276,56,2025-07-08,Cash,Cancelled,320.52
3797,959,8,2025-06-19,Card,Cancelled,1438.18
3798,32,83,2025-07-12,Card,Delivered,1350.05
3799,912,44,2025-04-19,Card,Delivered,2711.89
3800,958,96,2025-10-10,UPI,Delivered,2116.89
3801,523,49,2025-08-01,Cash,Cancelled,2529.47
3802,510,78,2025-09-15,Card,Cancelled,866.79
3803,987,39,2025-10-16,Card,Cancelled,1527.14
3804,140,10,2025-12-30,Card,Delivered,2008.02
3805,875,10,2025-02-01,Card,Delivered,2670.94
3806,327,75,2025-04-26,Card,Cancelled,2028.9
3807,39,53,2025-02-11,Card,Delivered,511.01
3808,948,94,2025-07-26,Card,Cancelled,983.87
3809,310,27,2025-01-29,Cash,Delivered,1773.28
3810,53,32,2025-10-24,Cash,Cancelled,2073.91
3811,612,69,2025-03-25,Cash,Delivered,2682.46
3812,22,77,2025-08-06,Card,Cancelled,718.35
3813,236,32,2025-04-03,UPI,Cancelled,1587.91
3814,965,47,2025-07-23,UPI,Delivered,1469.24
3815,223,68,2025-02-13,Cash,Cancelled,1006.28
3816,381,58,2025-09-13,UPI,Delivered,2985.54
3817,428,56,2025-11-04,UPI,Delivered,2395.97
3818,404,99,2025-02-09,Cash,Cancelled,2658.2
3819,2,47,2025-08-14,Cash,Cancelled,2436.7
3820,530,88,2025-03-30,Cash,Cancelled,2183.08
3821,352,13,2025-12-21,UPI,Cancelled,686.84
3822,835,69,2025-11-11,Cash,Delivered,496.49
3823,153,73,2025-11-13,Card,Delivered,1860.53
3824,407,84,2025-05-03,Card,Cancelled,2213.76
3825,83,100,2025-12-23,Card,Delivered,294.99
3826,618,62,2025-05-24,UPI,Cancelled,1064.95
3827,253,96,2025-11-17,Cash,Delivered,2091.3
3828,221,90,2025-06-30,Card,Cancelled,2854.68
3829,163,74,2025-12-07,Cash,Delivered,1573.73
3830,373,22,2025-09-02,UPI,Delivered,1893.84
3831,2,67,2025-04-15,Cash,Delivered,1194.72
3832,562,92,2025-10-09,Card,Delivered,425.47
3833,180,85,2025-04-20,Cash,Delivered,2917.81
3834,127,23,2025-06-06,UPI,Cancelled,1680.95
3835,113,13,2025-06-26,Card,Delivered,1604.49
3836,756,59,2025-05-22,UPI,Delivered,1153.26
3837,758,20,2025-07-30,Cash,Cancelled,404.41
3838,105,41,2025-02-10,Cash,Delivered,2968.02
3839,528,38,2025-10-29,Cash,Delivered,350.75
3840,936,23,2025-06-15,UPI,Cancelled,1391.36
3841,383,58,2025-05-16,Cash,Cancelled,2473.9
3842,587,97,2025-02-25,Card,Delivered,2927.91
3843,121,6,2025-04-02,UPI,Cancelled,2083.62
3844,361,9,2025-11-06,Card,Delivered,790.81
3845,798,67,2025-07-30,UPI,Cancelled,2855.42
3846,578,12,2025-04-24,Cash,Delivered,718.15
3847,798,44,2025-05-02,Cash,Delivered,2765.61
3848,137,45,2025-04-18,Card,Delivered,1388.34
3849,707,17,2025-03-31,Card,Cancelled,192.25
3850,736,70,2025-12-10,UPI,Delivered,1180.94
3851,708,22,2025-07-26,Card,Cancelled,709.2
3852,124,57,2025-10-02,UPI,Delivered,2214.17
3853,574,75,2025-10-26,Card,Cancelled,2821.85
3854,415,86,2025-03-19,UPI,Delivered,2716.9
3855,840,47,2025-11-14,Cash,Cancelled,596.42
3856,96,42,2025-02-10,Card,Cancelled,1709.27
3857,258,57,2025-03-23,Cash,Delivered,1886.24
3858,49,92,2025-06-03,Cash,Delivered,285.47
3859,501,78,2025-06-07,UPI,Cancelled,2465.36
3860,519,16,2025-02-07,UPI,Delivered,939.75
3861,672,97,2025-12-01,Cash,Cancelled,2676.84
3862,418,75,2025-11-30,UPI,Cancelled,2707.01
3863,860,46,2025-05-07,UPI,Cancelled,956.25
3864,98,92,2025-11-21,Cash,Delivered,1390.69
3865,617,8,2025-12-18,Cash,Delivered,2784.5
3866,356,47,2025-06-17,UPI,Cancelled,2661.04
3867,528,82,2025-02-22,UPI,Delivered,2491.21
3868,380,32,2025-01-04,Card,Cancelled,1284.78
3869,183,78,2025-04-08,UPI,Cancelled,1132.58
3870,960,18,2025-07-20,Cash,Delivered,2681.17
3871,921,97,2025-08-27,Cash,Delivered,2787.37
3872,829,78,2025-06-27,Card,Cancelled,1413.39
3873,188,64,2025-07-08,UPI,Delivered,1669.04
3874,204,18,2025-12-24,Cash,Delivered,1067.96
3875,699,74,2025-02-17,UPI,Cancelled,200.18
3876,259,2,2025-01-09,Card,Delivered,989.83
3877,736,4,2025-12-13,Cash,Delivered,2763.91
3878,485,46,2025-10-17,Card,Delivered,2061.33
3879,563,46,2025-12-11,Cash,Cancelled,2288.92
3880,109,79,2025-05-10,Cash,Cancelled,2832.25
3881,264,53,2025-12-24,Cash,Delivered,1489.72
3882,580,59,2025-02-27,UPI,Delivered,1765.24
3883,709,73,2025-12-18,UPI,Delivered,666.46
3884,263,19,2025-05-28,Card,Delivered,772.12
3885,96,95,2025-02-20,Card,Delivered,1044.39
3886,427,16,2025-03-09,Cash,Delivered,2108.86
3887,747,95,2025-11-24,UPI,Cancelled,158.29
3888,198,49,2025-03-26,Cash,Cancelled,1550.64
3889,817,96,2025-11-27,UPI,Delivered,973.94
3890,67,23,2025-05-05,Cash,Delivered,363.09
3891,222,53,2025-05-29,Cash,Delivered,2961.69
3892,678,30,2025-12-21,UPI,Cancelled,2575.88
3893,513,59,2025-08-02,Card,Delivered,1347.98
3894,560,6,2025-04-16,Cash,Cancelled,1023.95
3895,682,2,2025-05-03,Cash,Cancelled,1467.62
3896,535,57,2025-04-05,Card,Delivered,1953.46
3897,425,81,2025-11-30,Card,Cancelled,2160.38
3898,684,2,2025-09-29,UPI,Delivered,2835.39
3899,825,36,2025-09-13,UPI,Delivered,351.75
3900,746,19,2025-09-29,Cash,Cancelled,743.46
3901,778,59,2025-07-06,UPI,Delivered,1337.23
3902,325,45,2025-09-13,Card,Delivered,1606.58
3903,745,54,2025-12-24,Cash,Delivered,1149.58
3904,307,94,2025-03-01,UPI,Cancelled,2125.12
3905,751,58,2025-07-05,Cash,Cancelled,240.2
3906,557,27,2025-01-18,UPI,Delivered,1306.59
3907,665,75,2025-06-05,Cash,Cancelled,2971.05
3908,307,12,2025-03-20,Cash,Delivered,1672.95
3909,200,68,2025-03-31,Cash,Delivered,2007.12
3910,640,29,2025-06-25,Cash,Cancelled,2202.43
3911,322,52,2025-06-16,Cash,Delivered,1096.5
3912,897,73,2025-07-28,Cash,Delivered,1146.34
3913,232,72,2025-06-10,Cash,Cancelled,2509.46
3914,556,27,2025-09-07,UPI,Delivered,2805.11
3915,505,42,2025-03-28,Card,Cancelled,1046.96
3916,523,56,2025-08-09,UPI,Delivered,743.27
3917,471,77,2025-01-08,UPI,Cancelled,2898.11
3918,486,76,2025-02-20,UPI,Cancelled,2084.54
3919,24,41,2025-07-20,UPI,Delivered,1246.85
3920,786,31,2025-11-03,Cash,Delivered,2712.66
3921,824,55,2025-08-25,Card,Delivered,2033.68
3922,890,51,2025-01-30,Card,Cancelled,2163.37
3923,921,65,2025-11-21,Card,Cancelled,1064.74
3924,363,32,2025-01-12,UPI,Delivered,1730.26
3925,538,40,2025-04-21,Card,Delivered,1924.12
3926,116,23,2025-07-26,Cash,Cancelled,502.36
3927,150,33,2025-04-26,UPI,Delivered,1564.94
3928,512,73,2025-07-26,Card,Delivered,2228.17
3929,872,83,2025-07-08,Cash,Delivered,1423.7
3930,641,98,2025-11-14,Cash,Delivered,261.75
3931,767,16,2025-08-19,Card,Cancelled,2868.58
3932,926,95,2025-11-11,Card,Delivered,174.31
3933,569,68,2025-11-07,Card,Cancelled,632.62
3934,866,90,2025-01-21,UPI,Delivered,2617.15
3935,445,72,2025-01-08,Cash,Delivered,916.65
3936,436,10,2025-07-24,Cash,Cancelled,1318.77
3937,368,68,2025-08-12,UPI,Cancelled,1371.16
3938,576,73,2025-04-28,Card,Delivered,1834.64
3939,333,94,2025-09-08,Card,Delivered,282.32
3940,18,4,2025-01-03,Cash,Delivered,2821.49
3941,508,56,2025-09-12,Cash,Cancelled,2688.7
3942,467,75,2025-03-11,Card,Cancelled,547.39
3943,428,4,2025-02-25,Card,Delivered,1952.15
3944,94,77,2025-05-21,UPI,Delivered,2997.04
3945,1000,91,2025-05-19,Card,Delivered,1554.18
3946,862,88,2025-03-02,Cash,Delivered,320.21
3947,300,95,2025-10-27,Card,Delivered,2615.8
3948,482,8,2025-01-31,Cash,Cancelled,2014.21
3949,79,59,2025-01-24,UPI,Cancelled,2035.6
3950,511,23,2025-03-11,Card,Cancelled,1592.99
3951,266,41,2025-07-10,UPI,Cancelled,1528.95
3952,189,85,2025-05-01,Cash,Delivered,410.53
3953,618,44,2025-09-22,UPI,Delivered,1453.8
3954,377,98,2025-02-16,Card,Delivered,2929.08
3955,115,43,2025-07-11,Cash,Delivered,2005.56
3956,537,95,2025-04-20,UPI,Delivered,971.26
3957,783,19,2025-05-12,Card,Cancelled,2636.91
3958,834,48,2025-11-13,Cash,Cancelled,459.39
3959,978,93,2025-07-04,Card,Cancelled,2000.12
3960,917,41,2025-09-13,UPI,Cancelled,1528.09
3961,455,29,2025-02-12,Cash,Cancelled,1890.46
3962,398,35,2025-09-07,Cash,Cancelled,1661.24
3963,712,77,2025-01-05,UPI,Delivered,540.17
3964,928,24,2025-06-12,Cash,Cancelled,830.65
3965,956,12,2025-05-12,UPI,Delivered,1192.71
3966,307,52,2025-03-25,Card,Cancelled,1990.36
3967,156,81,2025-03-12,UPI,Delivered,2714.32
3968,160,59,2025-11-12,Card,Cancelled,2960.41
3969,610,59,2025-09-17,UPI,Delivered,2053.35
3970,833,85,2025-07-21,UPI,Delivered,1044.44
3971,694,67,2025-10-13,Cash,Cancelled,2665.88
3972,78,23,2025-03-19,UPI,Cancelled,2347.22
3973,650,22,2025-09-05,UPI,Delivered,2456.13
3974,824,6,2025-11-20,Cash,Delivered,353.38
3975,773,77,2025-04-13,UPI,Cancelled,2658.26
3976,455,60,2025-05-31,UPI,Cancelled,2672.05
3977,842,77,2025-01-12,Cash,Delivered,273.18
3978,669,79,2025-01-27,Cash,Delivered,1400.08
3979,340,13,2025-03-05,UPI,Delivered,1445.8
3980,325,9,2025-02-04,Cash,Delivered,1835.56
3981,67,22,2025-11-28,Card,Cancelled,1462.79
3982,944,85,2025-05-28,UPI,Cancelled,1042.72
3983,521,92,2025-02-23,Card,Delivered,2184.34
3984,472,95,2025-04-10,Card,Cancelled,2662.04
3985,716,48,2025-02-17,Cash,Delivered,2991.71
3986,367,44,2025-06-19,Cash,Delivered,163.63
3987,120,41,2025-08-18,UPI,Delivered,975.11
3988,830,58,2025-11-08,Cash,Delivered,2707.6
3989,920,87,2025-11-11,Card,Delivered,2200.14
3990,975,54,2025-12-17,UPI,Delivered,880.82
3991,19,67,2025-03-18,UPI,Delivered,1575.99
3992,842,73,2025-03-02,UPI,Cancelled,2226.88
3993,314,91,2025-01-27,UPI,Cancelled,1844.65
3994,564,42,2025-05-11,UPI,Cancelled,1876.9
3995,252,75,2025-08-21,Card,Delivered,2863.07
3996,637,45,2025-07-11,UPI,Delivered,2288.78
3997,964,31,2025-01-30,Cash,Cancelled,1218.46
3998,145,36,2025-09-06,UPI,Cancelled,509.8
3999,145,39,2025-01-29,UPI,Cancelled,1984.9
4000,957,82,2025-03-07,Cash,Cancelled,2937.21
4001,893,95,2025-09-09,UPI,Delivered,955.71
4002,659,100,2025-09-18,UPI,Cancelled,2555.79
4003,106,52,2025-06-03,Card,Cancelled,1908.62
4004,454,42,2025-12-30,Card,Cancelled,2368.2
4005,578,51,2025-08-19,UPI,Cancelled,2284.05
4006,726,61,2025-08-29,Cash,Cancelled,2101.54
4007,653,43,2025-12-10,UPI,Delivered,2476.84
4008,164,32,2025-06-18,Cash,Cancelled,605.09
4009,72,46,2025-05-16,Card,Delivered,558.62
4010,656,91,2025-11-19,UPI,Delivered,1732.31
4011,909,29,2025-04-04,Card,Cancelled,2497.74
4012,68,33,2025-04-14,Card,Cancelled,2706.98
4013,506,23,2025-03-03,Cash,Delivered,428.57
4014,388,81,2025-11-18,Card,Cancelled,2742.54
4015,23,50,2025-04-22,Cash,Delivered,1553.11
4016,226,28,2025-10-13,Cash,Delivered,1841.48
4017,46,65,2025-01-01,UPI,Cancelled,1164.8
4018,825,14,2025-03-03,Card,Cancelled,1599.82
4019,146,100,2025-08-13,Cash,Delivered,1851.79
4020,887,57,2025-02-22,Card,Cancelled,491.68
4021,249,95,2025-01-17,Card,Cancelled,744.03
4022,641,97,2025-03-18,UPI,Cancelled,1791.95
4023,883,18,2025-11-28,UPI,Delivered,2638.53
4024,347,22,2025-10-10,Cash,Delivered,2945.97
4025,37,7,2025-09-18,UPI,Delivered,2250.34
4026,896,58,2025-12-03,Card,Cancelled,1474.81
4027,519,18,2025-09-14,UPI,Delivered,1618.72
4028,12,47,2025-08-25,Card,Delivered,1555.1
4029,262,42,2025-07-06,UPI,Cancelled,756.68
4030,794,6,2025-01-12,Cash,Delivered,2625.46
4031,675,99,2025-06-17,Cash,Delivered,1090.99
4032,980,55,2025-09-15,UPI,Delivered,496.71
4033,429,88,2025-09-10,Cash,Delivered,2188.19
4034,662,25,2025-11-18,Card,Delivered,963.24
4035,585,83,2025-01-15,UPI,Delivered,2391.11
4036,310,72,2025-08-17,Card,Cancelled,2224.47
4037,290,3,2025-01-09,Card,Delivered,2234.21
4038,919,82,2025-04-13,Card,Delivered,1259.71
4039,612,64,2025-02-12,UPI,Delivered,657.34
4040,540,72,2025-07-04,UPI,Cancelled,2714.81
4041,554,7,2025-10-31,Cash,Delivered,1781.72
4042,834,8,2025-12-29,UPI,Cancelled,1907.22
4043,459,92,2025-06-25,Card,Delivered,2635.73
4044,490,97,2025-11-14,Card,Cancelled,1556.01
4045,912,56,2025-11-27,Cash,Delivered,2718.82
4046,745,88,2025-06-12,Cash,Delivered,494.13
4047,921,93,2025-12-18,UPI,Cancelled,1522.68
4048,146,91,2025-07-24,UPI,Cancelled,1806.02
4049,74,75,2025-03-05,UPI,Cancelled,2865.2
4050,573,5,2025-01-03,UPI,Cancelled,2353.54
4051,829,9,2025-08-26,Card,Delivered,2342.92
4052,331,91,2025-12-12,UPI,Delivered,2561.74
4053,197,49,2025-02-13,Card,Delivered,2502.26
4054,670,14,2025-12-09,UPI,Cancelled,2676.22
4055,230,64,2025-09-24,Card,Delivered,543.33
4056,540,38,2025-01-15,UPI,Cancelled,1604.9
4057,237,68,2025-01-26,Card,Cancelled,355.71
4058,501,5,2025-11-06,Card,Delivered,2662.4
4059,127,21,2025-12-29,Card,Cancelled,2547.52
4060,329,23,2025-07-26,UPI,Cancelled,2881.35
4061,795,50,2025-02-14,Cash,Cancelled,1958.75
4062,539,41,2025-05-01,Cash,Delivered,2086.96
4063,265,88,2025-12-02,Cash,Cancelled,1554.9
4064,528,51,2025-04-08,Card,Cancelled,818.14
4065,895,47,2025-04-15,Cash,Delivered,2261.11
4066,792,61,2025-08-31,Cash,Delivered,171.02
4067,118,23,2025-01-21,Cash,Cancelled,1874.69
4068,600,79,2025-08-24,Card,Delivered,2799.16
4069,161,16,2025-01-07,UPI,Cancelled,1697.75
4070,309,40,2025-08-02,UPI,Cancelled,664.16
4071,390,81,2025-08-23,Card,Delivered,2148.06
4072,923,56,2025-08-30,UPI,Delivered,2233.08
4073,697,76,2025-08-12,Card,Cancelled,1709.7
4074,554,31,2025-05-18,Cash,Cancelled,177.6
4075,680,15,2025-03-28,UPI,Cancelled,223.46
4076,800,87,2025-08-12,Card,Delivered,1215.72
4077,866,71,2025-09-26,Card,Cancelled,745.26
4078,952,95,2025-06-08,Cash,Cancelled,1198.79
4079,261,20,2025-03-30,Card,Delivered,1959.52
4080,73,64,2025-04-07,Cash,Delivered,335.79
4081,467,13,2025-05-07,Card,Delivered,1589.44
4082,854,26,2025-11-25,Card,Delivered,1704.56
4083,683,22,2025-09-12,Card,Cancelled,775.73
4084,682,26,2025-06-29,Card,Delivered,1633.81
4085,794,3,2025-10-03,UPI,Delivered,480.24
4086,173,91,2025-12-15,UPI,Delivered,1383.2
4087,915,20,2025-09-27,UPI,Delivered,583.09
4088,162,83,2025-11-22,Cash,Cancelled,1590.9
4089,261,49,2025-01-12,Card,Delivered,901.8
4090,349,94,2025-06-09,UPI,Delivered,935.8
4091,867,50,2025-01-01,Cash,Cancelled,1636.04
4092,814,96,2025-09-03,Cash,Cancelled,2600.98
4093,681,5,2025-10-29,Cash,Delivered,2839.27
4094,21,5,2025-06-13,Card,Cancelled,1488.88
4095,865,54,2025-07-28,Card,Cancelled,1652.6
4096,564,56,2025-06-11,Card,Cancelled,1536.16
4097,439,89,2025-03-08,UPI,Delivered,2188.75
4098,248,80,2025-11-25,Cash,Delivered,1045.48
4099,423,48,2025-10-15,UPI,Cancelled,1458.85
4100,622,44,2025-10-02,Card,Delivered,795.24
4101,281,54,2025-01-17,Card,Delivered,522.96
4102,326,8,2025-02-19,Cash,Delivered,609.86
4103,581,95,2025-07-08,UPI,Delivered,722.78
4104,52,65,2025-12-05,UPI,Delivered,2040.15
4105,752,26,2025-12-17,Card,Delivered,2465.71
4106,665,80,2025-05-04,Card,Delivered,2503.95
4107,837,29,2025-12-23,Cash,Cancelled,337.08
4108,700,91,2025-08-12,Cash,Delivered,1822.34
4109,257,7,2025-03-20,Cash,Delivered,2843.96
4110,506,73,2025-08-23,Card,Cancelled,1539.23
4111,356,21,2025-09-30,UPI,Delivered,1899.77
4112,787,31,2025-11-27,UPI,Cancelled,1028.16
4113,308,79,2025-01-19,Cash,Cancelled,1725.61
4114,358,19,2025-06-19,UPI,Delivered,1538.88
4115,138,48,2025-11-19,Card,Cancelled,2203.54
4116,938,48,2025-05-08,Cash,Delivered,1410.85
4117,216,40,2025-07-01,Card,Cancelled,524.75
4118,325,77,2025-05-12,UPI,Delivered,2027.44
4119,154,5,2025-12-20,UPI,Delivered,951.39
4120,721,39,2025-12-11,UPI,Cancelled,1662.16
4121,99,77,2025-11-18,UPI,Cancelled,1989.44
4122,44,10,2025-12-11,Cash,Delivered,1095.12
4123,570,4,2025-05-13,Cash,Delivered,2405.05
4124,66,25,2025-01-17,Card,Delivered,417.87
4125,293,48,2025-01-30,UPI,Cancelled,2534.27
4126,256,59,2025-12-09,UPI,Delivered,297.93
4127,449,84,2025-03-11,Card,Delivered,404.79
4128,161,43,2025-01-26,Cash,Delivered,2587.25
4129,122,12,2025-12-01,UPI,Cancelled,1056.15
4130,97,34,2025-12-08,Cash,Cancelled,2314.95
4131,30,19,2025-09-24,Card,Delivered,306.92
4132,276,68,2025-01-12,Cash,Cancelled,2281.51
4133,209,82,2025-09-08,Cash,Cancelled,2167.72
4134,451,2,2025-02-18,Card,Delivered,2240.97
4135,376,97,2025-02-07,Cash,Cancelled,2705.97
4136,328,81,2025-09-12,UPI,Cancelled,553.0
4137,670,53,2025-08-26,Cash,Delivered,1323.49
4138,644,87,2025-09-24,UPI,Cancelled,1028.01
4139,415,98,2025-02-02,Cash,Delivered,700.96
4140,464,37,2025-05-13,Card,Cancelled,647.08
4141,206,88,2025-08-20,UPI,Cancelled,2327.24
4142,798,80,2025-08-02,UPI,Cancelled,1871.39
4143,747,26,2025-09-07,Cash,Delivered,2711.64
4144,80,69,2025-02-13,UPI,Cancelled,980.55
4145,290,89,2025-10-07,Cash,Delivered,547.27
4146,725,73,2025-04-12,Cash,Cancelled,1187.22
4147,692,13,2025-07-14,Card,Delivered,1160.01
4148,258,32,2025-03-08,Card,Cancelled,2049.17
4149,943,49,2025-08-20,UPI,Delivered,2740.54
4150,778,30,2025-11-03,Card,Cancelled,567.59
4151,39,80,2025-10-25,UPI,Delivered,745.14
4152,610,16,2025-10-23,Card,Delivered,2534.83
4153,451,64,2025-04-08,UPI,Cancelled,2340.26
4154,679,36,2025-03-03,Card,Cancelled,765.79
4155,221,1,2025-07-31,Cash,Cancelled,257.15
4156,84,33,2025-04-02,Cash,Cancelled,196.5
4157,913,96,2025-08-01,UPI,Cancelled,758.69
4158,824,3,2025-01-31,Cash,Delivered,1224.59
4159,190,62,2025-11-17,Cash,Cancelled,154.64
4160,461,6,2025-09-14,Card,Delivered,1522.3
4161,673,60,2025-01-21,Cash,Delivered,1366.66
4162,625,52,2025-05-19,Cash,Cancelled,2884.04
4163,272,51,2025-05-22,Cash,Delivered,436.61
4164,707,64,2025-05-11,UPI,Cancelled,1471.41
4165,738,62,2025-07-05,UPI,Cancelled,1415.01
4166,669,78,2025-01-10,UPI,Delivered,2411.51
4167,874,92,2025-04-29,Card,Cancelled,2724.56
4168,322,93,2025-04-18,UPI,Delivered,2021.59
4169,888,53,2025-04-03,Card,Delivered,903.23
4170,156,1,2025-07-09,Cash,Cancelled,2947.87
4171,606,26,2025-10-28,Card,Cancelled,1265.96
4172,455,91,2025-09-21,Card,Cancelled,2330.72
4173,578,45,2025-12-13,UPI,Delivered,2462.77
4174,531,56,2025-05-30,Card,Delivered,2971.15
4175,155,78,2025-08-23,Card,Cancelled,2182.45
4176,364,72,2025-07-09,Card,Cancelled,2384.09
4177,887,29,2025-09-01,Cash,Delivered,588.56
4178,414,64,2025-01-14,Cash,Cancelled,263.18
4179,715,96,2025-05-12,Card,Cancelled,284.51
4180,107,81,2025-11-12,Card,Cancelled,2367.78
4181,829,27,2025-01-31,Card,Cancelled,1239.11
4182,659,22,2025-07-17,UPI,Cancelled,2952.83
4183,727,1,2025-10-24,Card,Cancelled,375.84
4184,499,56,2025-03-11,UPI,Delivered,935.28
4185,184,25,2025-10-30,UPI,Cancelled,225.28
4186,998,16,2025-08-07,UPI,Cancelled,2134.07
4187,807,100,2025-01-19,Cash,Delivered,1880.79
4188,705,72,2025-02-21,Cash,Cancelled,987.96
4189,400,2,2025-04-05,Cash,Cancelled,868.6
4190,455,19,2025-03-14,Card,Cancelled,2227.36
4191,740,64,2025-05-04,UPI,Delivered,2154.52
4192,731,56,2025-03-23,Card,Delivered,153.01
4193,41,86,2025-06-25,UPI,Delivered,2203.41
4194,208,36,2025-05-18,UPI,Cancelled,720.77
4195,780,91,2025-06-11,Card,Cancelled,1454.7
4196,286,30,2025-03-02,Card,Cancelled,2475.44
4197,910,82,2025-06-11,Cash,Cancelled,584.16
4198,88,62,2025-08-29,UPI,Delivered,2448.15
4199,814,95,2025-01-24,Cash,Cancelled,834.49
4200,376,25,2025-03-17,UPI,Delivered,2277.05
4201,350,25,2025-07-27,UPI,Delivered,2267.45
4202,435,25,2025-01-30,Card,Delivered,1256.39
4203,914,27,2025-07-21,UPI,Cancelled,382.42
4204,404,59,2025-11-05,Cash,Cancelled,2581.95
4205,484,56,2025-12-05,Card,Delivered,1182.1
4206,609,62,2025-03-03,UPI,Delivered,2372.34
4207,466,58,2025-06-15,Cash,Delivered,1432.49
4208,645,93,2025-08-04,UPI,Cancelled,701.84
4209,925,3,2025-07-27,UPI,Delivered,2189.52
4210,426,8,2025-05-06,UPI,Delivered,812.89
4211,867,7,2025-09-09,Cash,Delivered,607.69
4212,288,74,2025-07-18,UPI,Cancelled,1757.25
4213,614,76,2025-12-24,Card,Cancelled,2603.42
4214,90,21,2025-02-07,UPI,Cancelled,2027.48
4215,320,90,2025-03-21,Cash,Cancelled,586.35
4216,46,93,2025-06-18,Card,Cancelled,1253.13
4217,816,88,2025-06-28,Card,Delivered,2631.81
4218,507,36,2025-12-20,UPI,Delivered,2869.06
4219,903,73,2025-12-29,Cash,Cancelled,2352.11
4220,653,57,2025-02-27,Cash,Delivered,368.7
4221,288,71,2025-02-01,Card,Cancelled,2075.43
4222,6,81,2025-12-02,Card,Delivered,1415.92
4223,998,54,2025-11-09,Card,Delivered,434.25
4224,17,75,2025-09-05,Cash,Delivered,193.68
4225,798,7,2025-08-20,UPI,Delivered,1538.53
4226,645,15,2025-06-25,Card,Delivered,474.75
4227,45,23,2025-12-02,Card,Cancelled,687.05
4228,408,33,2025-08-03,Card,Cancelled,1463.02
4229,73,38,2025-03-22,Card,Cancelled,443.6
4230,557,89,2025-10-10,Cash,Cancelled,1200.43
4231,618,61,2025-08-18,Card,Delivered,1356.28
4232,611,30,2025-10-29,Cash,Delivered,1052.79
4233,11,24,2025-05-24,Cash,Delivered,2388.07
4234,63,80,2025-05-07,UPI,Cancelled,1243.4
4235,256,64,2025-09-14,Cash,Delivered,968.79
4236,568,36,2025-01-30,UPI,Delivered,551.28
4237,202,60,2025-03-12,UPI,Cancelled,1589.63
4238,81,12,2025-01-23,Cash,Cancelled,918.38
4239,492,98,2025-03-09,Card,Delivered,575.2
4240,125,18,2025-06-21,Card,Delivered,2086.28
4241,922,56,2025-09-24,UPI,Cancelled,1407.99
4242,40,87,2025-02-25,Card,Delivered,714.08
4243,385,6,2025-07-18,Cash,Cancelled,2909.72
4244,181,6,2025-02-20,UPI,Cancelled,657.71
4245,386,44,2025-08-29,UPI,Delivered,879.39
4246,280,56,2025-06-10,UPI,Delivered,1541.11
4247,472,32,2025-06-21,UPI,Cancelled,213.97
4248,27,85,2025-04-12,Card,Delivered,417.39
4249,964,55,2025-08-05,Cash,Cancelled,766.19
4250,559,23,2025-04-30,Card,Cancelled,761.65
4251,892,45,2025-08-15,Cash,Delivered,1652.77
4252,358,66,2025-05-08,UPI,Delivered,353.67
4253,802,3,2025-07-30,Cash,Delivered,262.79
4254,53,48,2025-02-16,Card,Cancelled,2579.64
4255,206,57,2025-11-12,Cash,Cancelled,780.89
4256,708,39,2025-03-25,Cash,Delivered,2163.82
4257,928,29,2025-09-02,Cash,Delivered,2987.37
4258,619,21,2025-11-25,UPI,Delivered,1736.84
4259,336,59,2025-08-21,Card,Delivered,360.13
4260,497,66,2025-01-25,UPI,Cancelled,1248.05
4261,158,25,2025-02-02,Card,Delivered,1860.86
4262,739,89,2025-05-29,UPI,Cancelled,2409.48
4263,737,37,2025-11-24,Card,Cancelled,1805.45
4264,121,88,2025-11-01,UPI,Delivered,2778.93
4265,750,22,2025-12-19,UPI,Delivered,2239.22
4266,753,92,2025-03-10,UPI,Cancelled,1796.56
4267,759,83,2025-05-24,Card,Cancelled,297.08
4268,46,20,2025-02-26,Cash,Delivered,188.9
4269,617,48,2025-03-21,Card,Delivered,325.95
4270,804,59,2025-11-16,Cash,Cancelled,2334.03
4271,995,50,2025-01-14,Card,Delivered,2167.73
4272,150,10,2025-01-02,Card,Delivered,1750.85
4273,182,69,2025-09-20,Cash,Cancelled,2520.9
4274,49,80,2025-10-04,Card,Cancelled,1361.8
4275,797,90,2025-02-21,Cash,Delivered,603.81
4276,814,99,2025-01-30,Cash,Cancelled,232.62
4277,450,47,2025-10-20,UPI,Cancelled,2643.84
4278,658,46,2025-08-01,Card,Cancelled,2603.95
4279,452,30,2025-06-10,Card,Delivered,1744.91
4280,44,67,2025-03-08,Card,Delivered,1172.38
4281,3,95,2025-06-05,Cash,Cancelled,2194.96
4282,99,51,2025-01-29,Card,Cancelled,1744.0
4283,365,62,2025-01-08,UPI,Delivered,2013.67
4284,615,69,2025-11-14,Card,Cancelled,2806.21
4285,598,68,2025-08-06,UPI,Cancelled,963.97
4286,73,84,2025-03-27,Card,Cancelled,501.71
4287,828,38,2025-12-10,Cash,Cancelled,2939.94
4288,306,12,2025-08-28,Card,Delivered,2208.55
4289,54,95,2025-04-02,Card,Delivered,1251.28
4290,651,66,2025-10-04,Cash,Delivered,2925.28
4291,156,39,2025-03-08,Card,Cancelled,2816.01
4292,929,19,2025-12-27,Card,Cancelled,1239.8
4293,735,19,2025-03-28,Card,Delivered,422.44
4294,849,21,2025-07-05,UPI,Cancelled,659.2
4295,990,93,2025-12-02,UPI,Cancelled,643.33
4296,617,92,2025-02-02,Card,Cancelled,1470.59
4297,839,14,2025-08-14,Card,Delivered,2856.21
4298,577,99,2025-10-07,UPI,Delivered,1300.38
4299,540,23,2025-02-20,Card,Delivered,563.83
4300,508,38,2025-02-10,Card,Delivered,871.49
4301,724,94,2025-10-14,Card,Delivered,508.23
4302,344,47,2025-03-06,Cash,Cancelled,1717.86
4303,205,65,2025-08-15,Card,Cancelled,2274.15
4304,177,71,2025-02-17,Card,Delivered,2486.15
4305,166,68,2025-03-28,Card,Delivered,1311.2
4306,548,72,2025-03-14,Card,Cancelled,2729.18
4307,906,2,2025-11-18,Cash,Cancelled,2340.95
4308,85,67,2025-03-06,Cash,Cancelled,2982.14
4309,967,61,2025-04-11,UPI,Cancelled,608.48
4310,18,71,2025-01-28,Card,Delivered,2708.38
4311,269,66,2025-10-09,Card,Cancelled,485.82
4312,134,46,2025-10-18,Cash,Delivered,2801.05
4313,370,50,2025-05-27,UPI,Cancelled,2706.34
4314,804,78,2025-04-23,Cash,Cancelled,2508.58
4315,98,99,2025-03-05,UPI,Cancelled,1749.19
4316,115,90,2025-06-23,Cash,Cancelled,2219.34
4317,502,65,2025-06-07,Cash,Delivered,2714.81
4318,468,17,2025-08-15,Card,Cancelled,1974.88
4319,859,17,2025-06-05,Cash,Cancelled,882.87
4320,337,74,2025-06-08,UPI,Delivered,224.01
4321,345,90,2025-11-30,Cash,Delivered,2823.25
4322,271,25,2025-08-21,Cash,Delivered,2513.03
4323,843,17,2025-11-02,Card,Cancelled,1533.79
4324,923,45,2025-01-24,Card,Delivered,2922.37
4325,21,45,2025-11-18,UPI,Delivered,1570.11
4326,600,8,2025-05-17,Card,Delivered,640.84
4327,199,43,2025-08-31,UPI,Cancelled,1662.55
4328,494,14,2025-12-31,Cash,Delivered,1868.0
4329,692,10,2025-07-12,Card,Cancelled,1729.91
4330,585,79,2025-07-12,Cash,Cancelled,2488.19
4331,24,19,2025-03-15,Cash,Delivered,1785.13
4332,469,59,2025-03-25,UPI,Cancelled,1857.02
4333,676,99,2025-11-14,UPI,Delivered,1461.98
4334,66,11,2025-08-09,UPI,Delivered,2703.42
4335,495,72,2025-04-06,UPI,Cancelled,330.65
4336,462,86,2025-09-16,Card,Delivered,2016.14
4337,295,43,2025-10-16,Cash,Delivered,1508.79
4338,146,61,2025-07-25,Card,Delivered,1611.09
4339,954,39,2025-11-06,Card,Cancelled,1312.03
4340,274,7,2025-06-10,UPI,Cancelled,1467.82
4341,467,44,2025-08-11,UPI,Delivered,2531.25
4342,907,38,2025-06-20,Cash,Delivered,2965.94
4343,110,41,2025-07-07,Card,Cancelled,1900.79
4344,373,39,2025-10-09,Card,Delivered,2285.41
4345,669,94,2025-06-22,Card,Delivered,2163.07
4346,285,11,2025-07-13,UPI,Delivered,1762.86
4347,122,87,2025-06-04,Cash,Delivered,2570.16
4348,75,6,2025-08-17,Cash,Delivered,2403.82
4349,997,6,2025-11-16,Cash,Cancelled,2263.59
4350,171,11,2025-07-12,UPI,Cancelled,2062.2
4351,26,11,2025-10-14,Card,Delivered,1348.52
4352,1000,27,2025-10-10,Cash,Cancelled,2825.3
4353,663,95,2025-08-20,Card,Delivered,1856.91
4354,625,59,2025-10-15,UPI,Cancelled,2355.15
4355,234,43,2025-03-03,Cash,Delivered,1874.67
4356,197,32,2025-03-13,UPI,Delivered,251.09
4357,59,95,2025-02-27,Card,Delivered,489.26
4358,290,67,2025-11-02,Card,Delivered,825.92
4359,419,38,2025-04-10,Cash,Cancelled,791.77
4360,160,48,2025-06-06,UPI,Delivered,768.07
4361,170,9,2025-04-17,UPI,Delivered,767.05
4362,159,65,2025-08-08,Cash,Delivered,1559.8
4363,407,58,2025-11-24,Cash,Cancelled,818.35
4364,799,42,2025-06-04,UPI,Delivered,2534.55
4365,799,15,2025-05-20,Cash,Delivered,1964.19
4366,647,11,2025-05-04,Cash,Cancelled,873.22
4367,58,100,2025-09-14,Card,Cancelled,2796.58
4368,956,14,2025-02-24,UPI,Delivered,322.64
4369,504,14,2025-11-19,Card,Cancelled,2455.56
4370,495,37,2025-05-24,UPI,Cancelled,323.41
4371,884,30,2025-03-23,UPI,Cancelled,2722.55
4372,147,5,2025-09-25,Cash,Cancelled,1321.74
4373,282,63,2025-05-22,Cash,Delivered,2536.84
4374,722,64,2025-07-13,Cash,Delivered,257.77
4375,110,63,2025-02-17,Card,Cancelled,1163.99
4376,10,19,2025-10-08,Card,Delivered,2242.04
4377,171,22,2025-12-30,Cash,Cancelled,1875.9
4378,552,81,2025-04-07,UPI,Cancelled,2367.76
4379,715,45,2025-07-06,Card,Cancelled,2814.51
4380,246,86,2025-04-04,UPI,Delivered,2680.13
4381,650,61,2025-05-27,UPI,Cancelled,2580.2
4382,75,91,2025-08-09,UPI,Delivered,929.52
4383,120,99,2025-05-09,Cash,Delivered,1965.12
4384,979,2,2025-10-12,Card,Delivered,2241.46
4385,567,17,2025-04-02,UPI,Cancelled,2778.88
4386,19,68,2025-05-03,Card,Delivered,2330.14
4387,27,17,2025-01-20,Card,Cancelled,2141.77
4388,46,62,2025-09-19,Card,Delivered,2644.18
4389,135,76,2025-03-13,UPI,Cancelled,2052.28
4390,23,11,2025-08-06,Card,Cancelled,519.6
4391,489,74,2025-03-04,Card,Delivered,2047.23
4392,153,7,2025-12-15,Cash,Delivered,2961.86
4393,181,18,2025-05-15,Card,Delivered,2477.93
4394,796,26,2025-07-12,Cash,Cancelled,2248.38
4395,726,98,2025-06-03,UPI,Cancelled,851.34
4396,108,25,2025-04-05,Card,Cancelled,950.37
4397,547,62,2025-12-31,Card,Delivered,421.59
4398,55,79,2025-08-24,Cash,Cancelled,1684.22
4399,132,84,2025-05-10,Cash,Cancelled,1252.91
4400,251,23,2025-10-05,Card,Cancelled,2000.8
4401,399,47,2025-11-09,UPI,Delivered,2506.46
4402,719,85,2025-07-24,Cash,Delivered,2992.4
4403,553,17,2025-05-06,Card,Cancelled,1817.14
4404,755,67,2025-11-09,Card,Cancelled,1163.32
4405,917,67,2025-04-01,UPI,Delivered,2572.16
4406,52,67,2025-03-23,Cash,Cancelled,365.35
4407,314,66,2025-10-21,Card,Cancelled,384.77
4408,491,16,2025-11-21,Cash,Delivered,799.18
4409,804,9,2025-04-19,Cash,Delivered,2981.58
4410,985,16,2025-12-12,Cash,Cancelled,1877.48
4411,218,20,2025-09-09,UPI,Delivered,2883.47
4412,269,50,2025-05-05,Card,Cancelled,1753.37
4413,57,34,2025-04-05,Cash,Delivered,2228.42
4414,297,35,2025-08-10,Cash,Cancelled,318.68
4415,791,25,2025-07-08,Cash,Cancelled,1408.86
4416,676,76,2025-11-25,UPI,Cancelled,444.05
4417,951,13,2025-03-28,UPI,Delivered,2392.36
4418,410,18,2025-03-18,UPI,Cancelled,1764.37
4419,800,29,2025-05-08,Card,Delivered,2407.01
4420,514,1,2025-12-01,Cash,Delivered,1562.45
4421,712,1,2025-03-31,Cash,Cancelled,1962.24
4422,589,93,2025-04-30,Card,Delivered,2791.57
4423,871,55,2025-11-13,Card,Delivered,327.1
4424,9,74,2025-03-28,Card,Delivered,251.31
4425,540,77,2025-03-08,UPI,Cancelled,2495.45
4426,166,13,2025-09-19,UPI,Delivered,2556.22
4427,858,85,2025-07-28,Card,Cancelled,252.86
4428,614,51,2025-09-10,Card,Cancelled,2384.73
4429,133,5,2025-03-06,UPI,Cancelled,1104.25
4430,336,28,2025-06-14,Card,Delivered,2672.74
4431,702,79,2025-05-31,Cash,Delivered,1592.14
4432,523,24,2025-11-11,Card,Cancelled,687.23
4433,624,28,2025-09-15,UPI,Cancelled,2863.22
4434,311,96,2025-07-07,Card,Delivered,2471.35
4435,529,55,2025-02-08,Cash,Cancelled,2073.73
4436,695,32,2025-09-02,Cash,Delivered,463.82
4437,631,37,2025-12-28,Card,Cancelled,2005.35
4438,316,32,2025-03-18,Cash,Delivered,1733.67
4439,447,42,2025-02-05,UPI,Delivered,2583.06
4440,964,74,2025-03-30,Card,Delivered,2791.09
4441,463,16,2025-03-26,Cash,Delivered,2361.85
4442,562,17,2025-03-30,Card,Cancelled,1932.01
4443,742,93,2025-10-30,Card,Delivered,2176.2
4444,318,50,2025-11-26,Cash,Cancelled,775.65
4445,142,66,2025-05-18,Cash,Cancelled,424.35
4446,963,20,2025-06-05,Card,Cancelled,2474.87
4447,952,21,2025-12-31,UPI,Cancelled,2537.06
4448,663,50,2025-09-14,Cash,Delivered,2625.36
4449,680,63,2025-01-03,Cash,Cancelled,1924.44
4450,311,4,2025-06-03,Card,Delivered,661.78
4451,126,65,2025-06-16,Card,Cancelled,761.43
4452,744,47,2025-02-19,UPI,Cancelled,2766.78
4453,621,25,2025-11-13,Card,Cancelled,769.48
4454,572,79,2025-03-15,UPI,Cancelled,1030.29
4455,971,58,2025-05-24,UPI,Cancelled,975.26
4456,48,8,2025-09-14,UPI,Delivered,2347.85
4457,325,25,2025-03-07,UPI,Cancelled,1316.59
4458,286,32,2025-09-17,Cash,Delivered,1978.71
4459,551,29,2025-12-10,Cash,Cancelled,567.43
4460,456,53,2025-04-16,UPI,Delivered,828.77
4461,43,100,2025-04-05,UPI,Cancelled,539.45
4462,147,84,2025-09-26,Cash,Cancelled,1502.0
4463,958,49,2025-04-27,Card,Cancelled,1210.12
4464,203,2,2025-07-09,UPI,Cancelled,2555.41
4465,299,35,2025-07-08,UPI,Delivered,755.0
4466,385,9,2025-07-25,Card,Cancelled,2101.61
4467,925,71,2025-11-22,Card,Delivered,963.77
4468,524,59,2025-04-14,Cash,Delivered,2915.56
4469,672,90,2025-07-15,UPI,Delivered,829.22
4470,489,40,2025-12-17,Cash,Delivered,1599.63
4471,1,19,2025-02-08,Card,Delivered,2329.94
4472,851,6,2025-09-23,Cash,Delivered,2874.58
4473,509,2,2025-09-19,UPI,Cancelled,1091.61
4474,112,28,2025-09-12,Card,Cancelled,1602.19
4475,515,10,2025-10-19,Card,Delivered,758.9
4476,234,95,2025-07-27,Card,Cancelled,1284.39
4477,664,44,2025-04-11,UPI,Cancelled,434.66
4478,500,99,2025-07-14,Cash,Delivered,1369.14
4479,331,53,2025-05-09,Cash,Cancelled,2877.54
4480,80,89,2025-04-28,Cash,Cancelled,278.23
4481,198,26,2025-07-02,Cash,Delivered,2969.98
4482,625,93,2025-01-04,Card,Delivered,1417.4
4483,569,53,2025-12-10,UPI,Cancelled,1262.32
4484,11,100,2025-11-24,Card,Cancelled,1568.73
4485,18,47,2025-03-31,Cash,Cancelled,2820.79
4486,742,68,2025-07-06,Card,Cancelled,964.8
4487,933,8,2025-05-26,Cash,Delivered,2235.18
4488,983,29,2025-03-08,UPI,Cancelled,1806.45
4489,916,31,2025-11-13,UPI,Cancelled,366.5
4490,167,25,2025-09-17,UPI,Cancelled,472.91
4491,441,33,2025-10-02,UPI,Delivered,460.65
4492,564,48,2025-07-19,Cash,Cancelled,2078.09
4493,688,60,2025-08-29,Cash,Delivered,1243.71
4494,868,33,2025-07-31,Card,Cancelled,418.28
4495,51,38,2025-08-11,Cash,Cancelled,430.87
4496,947,24,2025-09-21,UPI,Delivered,681.68
4497,449,45,2025-12-24,UPI,Cancelled,2196.97
4498,335,58,2025-06-09,Cash,Cancelled,2714.96
4499,858,50,2025-06-24,UPI,Delivered,2092.9
4500,558,85,2025-10-17,Card,Delivered,2653.61
4501,972,99,2025-01-09,Card,Delivered,1353.17
4502,124,31,2025-01-02,Cash,Cancelled,1517.72
4503,551,74,2025-11-14,Card,Delivered,615.4
4504,796,57,2025-04-23,Card,Cancelled,407.23
4505,311,75,2025-11-28,Card,Cancelled,1044.97
4506,828,29,2025-06-28,Card,Cancelled,2533.8
4507,537,24,2025-04-13,UPI,Delivered,398.14
4508,513,16,2025-01-13,Card,Delivered,1738.47
4509,590,87,2025-09-08,UPI,Cancelled,469.11
4510,511,57,2025-12-29,UPI,Delivered,2858.9
4511,79,85,2025-09-02,UPI,Cancelled,1279.87
4512,331,38,2025-08-27,Card,Cancelled,1659.24
4513,406,79,2025-12-14,UPI,Cancelled,2391.89
4514,381,32,2025-04-06,Cash,Delivered,2103.55
4515,210,2,2025-08-12,Cash,Delivered,1054.48
4516,401,59,2025-05-14,Cash,Cancelled,1398.58
4517,153,46,2025-10-08,Card,Delivered,420.44
4518,38,97,2025-02-17,Cash,Cancelled,2964.77
4519,234,38,2025-08-30,Cash,Delivered,1170.15
4520,915,94,2025-10-12,Card,Delivered,2282.02
4521,427,5,2025-10-28,UPI,Delivered,1107.08
4522,565,9,2025-12-31,UPI,Cancelled,1058.6
4523,436,33,2025-06-04,Card,Delivered,2228.43
4524,899,99,2025-07-13,UPI,Cancelled,2625.31
4525,597,53,2025-05-04,UPI,Delivered,2706.61
4526,529,9,2025-06-24,UPI,Delivered,2441.83
4527,344,77,2025-07-26,UPI,Delivered,2551.35
4528,539,68,2025-12-03,Card,Cancelled,2444.98
4529,672,96,2025-08-25,UPI,Cancelled,1592.9
4530,301,84,2025-07-13,UPI,Delivered,1266.95
4531,800,83,2025-05-12,UPI,Delivered,1337.29
4532,277,46,2025-04-09,Card,Cancelled,723.48
4533,914,55,2025-08-16,UPI,Cancelled,2641.15
4534,250,95,2025-07-16,UPI,Cancelled,975.15
4535,342,84,2025-10-19,Cash,Delivered,2455.28
4536,142,63,2025-02-08,Cash,Cancelled,1039.1
4537,756,15,2025-06-05,Card,Cancelled,1485.24
4538,259,38,2025-10-13,Cash,Cancelled,2955.42
4539,737,20,2025-11-08,Card,Delivered,639.23
4540,1000,32,2025-03-18,Card,Cancelled,645.18
4541,601,3,2025-04-22,UPI,Delivered,1597.04
4542,420,44,2025-07-19,Cash,Delivered,1618.09
4543,880,67,2025-05-19,UPI,Cancelled,1181.34
4544,652,99,2025-11-11,Cash,Cancelled,2285.11
4545,423,74,2025-10-31,UPI,Cancelled,1987.86
4546,766,4,2025-04-30,Card,Delivered,1734.25
4547,935,49,2025-06-27,Card,Delivered,2150.96
4548,216,82,2025-03-08,Cash,Cancelled,2844.73
4549,452,39,2025-10-28,Cash,Delivered,219.4
4550,859,47,2025-12-23,UPI,Delivered,1267.47
4551,820,27,2025-01-31,UPI,Cancelled,1248.27
4552,537,86,2025-04-07,Card,Delivered,231.79
4553,272,54,2025-04-29,UPI,Delivered,746.99
4554,612,91,2025-06-17,Cash,Cancelled,970.71
4555,827,26,2025-08-09,Cash,Delivered,2103.48
4556,944,5,2025-06-04,Cash,Delivered,2437.49
4557,84,76,2025-07-14,Cash,Delivered,223.64
4558,647,32,2025-07-21,UPI,Cancelled,1564.0
4559,157,60,2025-10-01,Card,Delivered,663.99
4560,358,100,2025-11-15,Cash,Cancelled,199.28
4561,960,66,2025-01-02,Cash,Delivered,963.33
4562,270,84,2025-02-28,Cash,Cancelled,605.57
4563,34,35,2025-10-04,Cash,Cancelled,2044.25
4564,857,65,2025-03-02,Cash,Delivered,159.51
4565,214,5,2025-07-19,UPI,Cancelled,925.26
4566,993,5,2025-04-28,Card,Delivered,797.8
4567,196,79,2025-02-28,UPI,Delivered,920.07
4568,661,20,2025-11-21,Cash,Delivered,1355.03
4569,755,5,2025-08-10,UPI,Cancelled,2407.05
4570,192,59,2025-06-04,UPI,Cancelled,2872.64
4571,798,69,2025-01-20,Card,Delivered,2064.81
4572,36,97,2025-07-28,Cash,Delivered,2598.9
4573,2,77,2025-01-24,Cash,Cancelled,1719.64
4574,11,27,2025-12-31,Cash,Cancelled,165.14
4575,407,48,2025-12-27,Card,Cancelled,486.39
4576,900,92,2025-11-06,UPI,Delivered,982.9
4577,620,71,2025-12-31,Card,Delivered,1502.24
4578,384,31,2025-03-07,UPI,Delivered,1918.74
4579,609,4,2025-02-08,Card,Delivered,2623.49
4580,75,97,2025-09-29,Card,Delivered,2560.07
4581,734,78,2025-01-05,Card,Cancelled,445.34
4582,784,96,2025-09-05,Cash,Delivered,2178.4
4583,810,52,2025-11-10,Card,Delivered,2446.07
4584,185,58,2025-09-10,Card,Cancelled,2894.85
4585,747,21,2025-06-25,UPI,Cancelled,211.19
4586,932,29,2025-12-06,Card,Delivered,2199.82
4587,428,4,2025-07-09,Cash,Delivered,791.18
4588,634,29,2025-03-09,Cash,Cancelled,2379.54
4589,759,46,2025-07-24,Cash,Cancelled,2251.69
4590,519,51,2025-10-12,Cash,Cancelled,1592.72
4591,222,98,2025-07-31,UPI,Cancelled,2729.23
4592,36,89,2025-11-03,Cash,Cancelled,2246.6
4593,922,60,2025-10-16,Card,Cancelled,655.08
4594,270,36,2025-03-04,Card,Cancelled,1840.56
4595,450,92,2025-12-03,Cash,Cancelled,2208.61
4596,600,57,2025-12-18,Card,Cancelled,2547.81
4597,108,84,2025-06-05,Cash,Cancelled,1394.86
4598,893,36,2025-05-17,UPI,Cancelled,1370.67
4599,450,47,2025-03-26,UPI,Cancelled,452.02
4600,669,41,2025-04-25,Cash,Delivered,1393.7
4601,692,10,2025-05-23,Card,Cancelled,539.66
4602,279,33,2025-11-20,Cash,Delivered,1933.23
4603,977,11,2025-08-17,Cash,Cancelled,2174.53
4604,257,41,2025-08-03,UPI,Delivered,2055.3
4605,268,35,2025-01-12,UPI,Delivered,1821.06
4606,461,49,2025-02-08,Card,Cancelled,525.92
4607,151,64,2025-09-17,Card,Delivered,910.2
4608,83,92,2025-02-24,Cash,Delivered,2883.87
4609,792,49,2025-12-05,Card,Cancelled,1880.54
4610,145,19,2025-04-17,UPI,Delivered,2945.63
4611,767,74,2025-03-18,UPI,Cancelled,152.26
4612,647,97,2025-09-05,Cash,Delivered,913.08
4613,307,70,2025-11-02,Card,Delivered,886.23
4614,829,17,2025-10-22,UPI,Cancelled,993.36
4615,372,25,2025-05-21,UPI,Cancelled,1753.28
4616,399,43,2025-01-27,Card,Cancelled,1290.27
4617,432,29,2025-04-25,Card,Cancelled,2984.76
4618,988,86,2025-08-09,UPI,Cancelled,252.01
4619,335,1,2025-05-14,Cash,Delivered,1192.5
4620,244,81,2025-04-20,UPI,Cancelled,594.66
4621,745,86,2025-02-11,UPI,Cancelled,1261.71
4622,423,4,2025-03-14,Cash,Delivered,834.68
4623,611,60,2025-08-25,Cash,Cancelled,728.34
4624,426,62,2025-06-13,UPI,Delivered,889.69
4625,641,17,2025-02-27,Cash,Cancelled,1593.24
4626,178,94,2025-07-11,Card,Cancelled,882.87
4627,879,47,2025-01-11,Card,Cancelled,439.99
4628,271,6,2025-10-09,Card,Delivered,1668.14
4629,691,63,2025-08-12,UPI,Delivered,1318.05
4630,931,43,2025-01-27,UPI,Cancelled,1333.31
4631,482,71,2025-11-25,UPI,Delivered,1793.65
4632,83,22,2025-06-24,UPI,Cancelled,1369.45
4633,106,89,2025-09-23,UPI,Delivered,701.09
4634,209,72,2025-07-15,Cash,Delivered,2082.83
4635,208,18,2025-11-18,UPI,Delivered,806.93
4636,546,79,2025-11-28,Cash,Delivered,2407.65
4637,219,66,2025-10-31,Card,Cancelled,1103.68
4638,713,2,2025-10-23,UPI,Delivered,1313.94
4639,352,65,2025-11-01,Card,Delivered,1533.18
4640,311,40,2025-07-02,Card,Cancelled,2854.37
4641,273,87,2025-10-11,Card,Delivered,2621.18
4642,692,92,2025-09-16,Card,Cancelled,1698.19
4643,588,25,2025-07-03,UPI,Delivered,1010.93
4644,911,94,2025-08-30,Cash,Delivered,1264.73
4645,309,70,2025-06-05,UPI,Cancelled,2616.47
4646,855,84,2025-02-05,Cash,Cancelled,2566.23
4647,201,8,2025-01-01,Cash,Cancelled,2639.8
4648,886,99,2025-11-01,Card,Cancelled,871.34
4649,226,18,2025-11-11,UPI,Delivered,157.76
4650,963,24,2025-01-24,Cash,Cancelled,2089.69
4651,960,7,2025-02-24,Card,Delivered,2461.5
4652,999,57,2025-04-25,UPI,Cancelled,1592.81
4653,465,76,2025-08-08,Cash,Cancelled,2579.96
4654,818,19,2025-06-06,Card,Delivered,671.39
4655,77,68,2025-05-14,Card,Delivered,2751.82
4656,842,20,2025-06-14,Cash,Delivered,2407.01
4657,921,100,2025-12-29,UPI,Cancelled,2516.8
4658,370,55,2025-11-21,Card,Cancelled,970.02
4659,114,52,2025-09-27,Cash,Delivered,2131.3
4660,289,70,2025-08-13,Cash,Cancelled,2731.01
4661,682,43,2025-06-23,Cash,Cancelled,2545.4
4662,838,55,2025-12-15,Cash,Delivered,2511.57
4663,793,18,2025-05-13,Card,Delivered,1753.44
4664,591,92,2025-09-14,Cash,Cancelled,1106.74
4665,779,97,2025-04-21,UPI,Delivered,1521.97
4666,7,87,2025-10-09,UPI,Cancelled,324.26
4667,699,80,2025-08-09,Cash,Cancelled,529.09
4668,725,58,2025-04-06,Card,Delivered,2000.94
4669,886,61,2025-03-13,UPI,Cancelled,1516.26
4670,431,86,2025-01-20,Cash,Cancelled,2542.0
4671,47,54,2025-02-18,UPI,Delivered,2858.02
4672,135,37,2025-04-18,Card,Cancelled,2590.75
4673,103,97,2025-04-21,Card,Cancelled,1021.37
4674,949,57,2025-12-03,UPI,Cancelled,2244.57
4675,523,87,2025-12-09,Cash,Cancelled,2227.28
4676,374,15,2025-11-04,Card,Delivered,2027.94
4677,975,40,2025-08-10,UPI,Delivered,2224.99
4678,255,30,2025-01-16,Cash,Delivered,2470.18
4679,308,93,2025-06-10,UPI,Cancelled,2858.26
4680,459,85,2025-07-31,Cash,Cancelled,816.69
4681,209,19,2025-04-16,UPI,Cancelled,2201.83
4682,115,26,2025-03-23,Cash,Cancelled,1020.19
4683,988,20,2025-09-01,Cash,Delivered,2948.31
4684,235,31,2025-01-25,UPI,Delivered,545.04
4685,12,58,2025-05-01,Card,Cancelled,1350.87
4686,6,59,2025-12-19,Card,Cancelled,1449.24
4687,422,87,2025-11-26,Card,Delivered,926.41
4688,618,17,2025-01-21,Cash,Delivered,2903.74
4689,489,97,2025-05-10,Cash,Cancelled,1445.23
4690,591,69,2025-04-06,UPI,Delivered,1360.19
4691,701,50,2025-03-16,Card,Delivered,377.66
4692,252,63,2025-12-10,Cash,Delivered,2507.71
4693,66,81,2025-12-24,Card,Delivered,2039.91
4694,974,87,2025-05-07,UPI,Cancelled,847.84
4695,15,22,2025-10-28,Card,Delivered,1488.09
4696,831,45,2025-12-29,UPI,Cancelled,2304.48
4697,56,44,2025-11-26,UPI,Delivered,1466.39
4698,236,84,2025-09-16,Cash,Cancelled,2867.47
4699,306,79,2025-12-04,Cash,Delivered,2013.19
4700,815,61,2025-03-06,Cash,Cancelled,2857.3
4701,355,100,2025-06-27,UPI,Cancelled,2837.99
4702,350,17,2025-05-25,UPI,Delivered,1161.34
4703,925,91,2025-02-12,UPI,Delivered,1491.57
4704,954,64,2025-11-14,UPI,Delivered,1869.88
4705,299,56,2025-03-31,Cash,Cancelled,2448.89
4706,670,74,2025-05-23,Card,Delivered,2298.2
4707,437,97,2025-09-01,Cash,Cancelled,793.72
4708,782,42,2025-04-20,Card,Delivered,993.73
4709,853,42,2025-04-18,Card,Delivered,676.36
4710,80,47,2025-04-01,Cash,Cancelled,425.85
4711,399,37,2025-01-28,Card,Cancelled,1092.49
4712,912,20,2025-12-01,Card,Cancelled,2526.45
4713,780,39,2025-10-28,UPI,Delivered,1451.84
4714,384,93,2025-11-06,Cash,Cancelled,2238.4
4715,678,19,2025-10-24,Card,Cancelled,2343.63
4716,986,74,2025-10-17,UPI,Delivered,1767.13
4717,906,87,2025-12-08,Card,Cancelled,2742.11
4718,55,62,2025-04-26,Card,Delivered,2194.85
4719,350,80,2025-04-24,Cash,Cancelled,2042.11
4720,418,5,2025-08-01,Card,Delivered,2386.73
4721,380,32,2025-08-29,Cash,Cancelled,1158.19
4722,255,50,2025-12-07,UPI,Delivered,1581.33
4723,39,48,2025-05-28,Card,Delivered,2769.84
4724,653,28,2025-06-23,Cash,Cancelled,1665.13
4725,75,18,2025-03-22,Cash,Delivered,2265.73
4726,864,100,2025-05-17,UPI,Cancelled,1551.63
4727,248,63,2025-11-21,UPI,Delivered,2027.02
4728,178,93,2025-05-11,Cash,Cancelled,2340.11
4729,250,77,2025-07-31,Card,Delivered,1326.26
4730,424,92,2025-09-11,Cash,Cancelled,1368.48
4731,481,4,2025-01-04,Card,Cancelled,1012.96
4732,574,42,2025-08-27,Cash,Cancelled,2872.29
4733,700,28,2025-11-12,Cash,Cancelled,797.64
4734,462,3,2025-05-16,Card,Cancelled,1464.0
4735,305,7,2025-01-19,UPI,Cancelled,1708.24
4736,887,51,2025-07-19,UPI,Cancelled,432.59
4737,835,61,2025-03-22,Card,Cancelled,2091.3
4738,511,57,2025-10-22,Card,Cancelled,1814.07
4739,782,9,2025-06-15,Card,Delivered,1554.43
4740,1000,71,2025-02-12,Cash,Cancelled,1641.88
4741,292,13,2025-09-12,UPI,Cancelled,2836.78
4742,700,13,2025-05-26,Card,Cancelled,2835.14
4743,276,4,2025-04-09,UPI,Delivered,2062.34
4744,866,58,2025-08-17,UPI,Cancelled,166.51
4745,458,31,2025-10-16,Card,Cancelled,1751.76
4746,589,72,2025-08-17,UPI,Delivered,2564.26
4747,972,48,2025-10-21,Cash,Cancelled,1416.7
4748,474,51,2025-09-28,Cash,Cancelled,2527.14
4749,552,2,2025-07-22,Cash,Cancelled,2947.36
4750,486,46,2025-09-19,UPI,Delivered,1024.9
4751,425,2,2025-05-23,UPI,Cancelled,830.72
4752,879,46,2025-06-25,Card,Delivered,2294.95
4753,443,29,2025-01-06,Cash,Cancelled,1564.36
4754,11,4,2025-11-12,Cash,Cancelled,710.98
4755,661,34,2025-03-17,Cash,Delivered,287.07
4756,913,11,2025-10-02,UPI,Cancelled,438.27
4757,10,55,2025-03-04,Cash,Delivered,501.29
4758,894,24,2025-11-20,Cash,Delivered,797.15
4759,35,60,2025-03-18,UPI,Delivered,1137.77
4760,849,56,2025-09-22,Card,Cancelled,456.95
4761,659,60,2025-02-23,Card,Delivered,2721.57
4762,532,22,2025-04-18,Cash,Cancelled,1730.04
4763,236,14,2025-04-18,Card,Delivered,237.16
4764,710,45,2025-10-19,Card,Delivered,2037.32
4765,19,1,2025-04-18,Cash,Delivered,1643.56
4766,464,69,2025-06-27,Card,Cancelled,2061.9
4767,797,31,2025-07-13,Card,Delivered,2645.02
4768,620,95,2025-11-04,Card,Delivered,1703.92
4769,486,5,2025-09-22,UPI,Delivered,2924.79
4770,391,98,2025-12-14,Card,Cancelled,2283.0
4771,847,10,2025-10-02,Cash,Delivered,1154.78
4772,867,69,2025-08-25,Card,Cancelled,736.88
4773,660,55,2025-08-03,UPI,Cancelled,1314.41
4774,621,31,2025-09-01,Cash,Delivered,543.68
4775,561,100,2025-10-02,Card,Delivered,1317.75
4776,187,68,2025-01-22,UPI,Delivered,2322.05
4777,261,51,2025-12-29,Card,Cancelled,2587.45
4778,666,72,2025-01-24,Cash,Delivered,2588.68
4779,395,28,2025-03-06,Card,Cancelled,2517.78
4780,263,56,2025-04-22,Card,Delivered,1400.8
4781,234,91,2025-07-30,Card,Delivered,984.7
4782,100,42,2025-12-23,Cash,Delivered,370.17
4783,157,28,2025-05-05,Card,Cancelled,1623.54
4784,273,1,2025-11-15,Cash,Cancelled,2078.65
4785,864,40,2025-02-20,UPI,Cancelled,2841.65
4786,291,95,2025-05-30,UPI,Cancelled,2770.44
4787,842,97,2025-01-15,UPI,Cancelled,2415.96
4788,685,93,2025-09-02,Cash,Delivered,1251.25
4789,932,7,2025-12-31,Cash,Cancelled,827.15
4790,877,90,2025-05-01,Cash,Cancelled,2825.86
4791,922,96,2025-10-31,UPI,Cancelled,660.74
4792,336,31,2025-09-26,UPI,Delivered,1941.58
4793,162,71,2025-10-31,Cash,Cancelled,2149.92
4794,449,36,2025-01-18,Card,Delivered,2840.05
4795,505,67,2025-01-06,UPI,Delivered,2427.09
4796,96,41,2025-11-23,Cash,Delivered,2450.64
4797,443,64,2025-02-20,UPI,Cancelled,2408.61
4798,2,55,2025-04-22,Card,Delivered,253.92
4799,499,95,2025-02-25,Card,Cancelled,2115.08
4800,15,76,2025-03-11,UPI,Delivered,514.37
4801,501,6,2025-11-06,Cash,Delivered,1528.29
4802,361,68,2025-02-20,UPI,Delivered,1304.29
4803,240,37,2025-08-16,Card,Cancelled,2030.56
4804,601,47,2025-08-06,Cash,Delivered,724.85
4805,108,98,2025-09-21,UPI,Cancelled,887.4
4806,68,46,2025-05-31,Cash,Cancelled,992.86
4807,308,86,2025-05-25,Card,Delivered,1536.21
4808,394,8,2025-12-31,UPI,Delivered,2269.52
4809,955,60,2025-09-13,Cash,Cancelled,2082.23
4810,72,88,2025-10-01,Card,Delivered,629.62
4811,269,74,2025-11-17,Card,Cancelled,2543.38
4812,720,31,2025-05-12,UPI,Delivered,1292.51
4813,910,75,2025-12-15,Cash,Cancelled,1459.75
4814,285,14,2025-08-23,Cash,Cancelled,347.41
4815,648,81,2025-10-11,Cash,Cancelled,903.47
4816,121,21,2025-09-09,Cash,Cancelled,292.32
4817,489,55,2025-05-09,Cash,Cancelled,2582.74
4818,620,1,2025-01-16,Card,Cancelled,974.76
4819,428,12,2025-06-14,Card,Cancelled,2392.02
4820,461,12,2025-07-02,UPI,Delivered,2505.12
4821,807,11,2025-03-24,Cash,Delivered,1967.71
4822,391,12,2025-01-10,Cash,Cancelled,2348.94
4823,764,83,2025-09-05,Card,Delivered,2944.04
4824,528,89,2025-08-29,Card,Cancelled,697.49
4825,74,52,2025-05-16,Card,Cancelled,644.66
4826,462,24,2025-04-30,Cash,Cancelled,2043.96
4827,90,23,2025-04-05,Cash,Cancelled,1175.42
4828,904,45,2025-04-02,Card,Cancelled,225.73
4829,306,81,2025-06-07,UPI,Delivered,2302.25
4830,338,39,2025-01-08,Card,Cancelled,1854.39
4831,173,69,2025-04-27,Card,Delivered,1587.98
4832,877,96,2025-04-27,Cash,Delivered,2131.97
4833,764,62,2025-01-21,Card,Cancelled,1275.03
4834,77,25,2025-02-07,UPI,Cancelled,2263.59
4835,127,43,2025-02-16,UPI,Cancelled,747.16
4836,300,30,2025-01-31,Card,Delivered,1684.63
4837,598,64,2025-03-07,Card,Cancelled,2394.29
4838,365,52,2025-11-11,Cash,Cancelled,1512.57
4839,699,6,2025-04-01,Card,Cancelled,2661.85
4840,514,37,2025-03-05,UPI,Cancelled,2556.79
4841,930,98,2025-11-12,UPI,Delivered,1628.5
4842,321,25,2025-10-11,Cash,Delivered,1833.69
4843,902,50,2025-12-18,UPI,Delivered,2527.14
4844,916,76,2025-04-08,Card,Delivered,1456.52
4845,86,67,2025-09-14,Cash,Delivered,738.41
4846,307,34,2025-11-14,Card,Delivered,1054.81
4847,671,96,2025-12-01,Cash,Delivered,2111.99
4848,673,5,2025-11-05,UPI,Cancelled,1730.56
4849,776,76,2025-10-31,Card,Cancelled,2025.79
4850,242,63,2025-11-03,UPI,Delivered,1484.1
4851,301,7,2025-05-01,Card,Delivered,570.92
4852,772,51,2025-02-06,Card,Delivered,2924.56
4853,691,7,2025-04-13,Cash,Delivered,350.6
4854,64,22,2025-07-18,Cash,Cancelled,1665.61
4855,936,49,2025-01-05,UPI,Delivered,1769.96
4856,814,41,2025-10-30,UPI,Cancelled,2611.31
4857,197,1,2025-01-07,Card,Delivered,615.62
4858,417,74,2025-09-11,Cash,Cancelled,2062.53
4859,360,97,2025-02-13,Card,Delivered,2888.14
4860,198,2,2025-06-19,Card,Delivered,2162.16
4861,168,81,2025-06-10,UPI,Cancelled,1974.82
4862,270,52,2025-03-03,Card,Delivered,2511.91
4863,243,14,2025-10-22,Card,Cancelled,2016.27
4864,525,43,2025-11-30,UPI,Cancelled,1086.58
4865,419,83,2025-12-29,UPI,Delivered,1009.3
4866,615,7,2025-01-31,UPI,Delivered,2362.72
4867,594,96,2025-05-29,Card,Delivered,2814.59
4868,959,100,2025-10-18,Cash,Delivered,2593.4
4869,710,17,2025-09-19,Cash,Cancelled,2538.75
4870,805,99,2025-12-07,Cash,Cancelled,1260.97
4871,234,32,2025-07-24,Cash,Delivered,497.31
4872,108,76,2025-06-06,Cash,Delivered,585.48
4873,709,28,2025-07-24,Cash,Cancelled,443.48
4874,725,79,2025-03-02,Cash,Cancelled,1100.9
4875,281,17,2025-10-15,Card,Cancelled,1551.6
4876,533,13,2025-06-20,UPI,Delivered,1665.2
4877,356,1,2025-05-21,Card,Cancelled,195.64
4878,456,13,2025-08-10,Cash,Cancelled,2684.23
4879,610,60,2025-08-05,Cash,Cancelled,1697.86
4880,990,60,2025-07-04,UPI,Delivered,2317.07
4881,353,10,2025-03-10,UPI,Delivered,2067.66
4882,905,78,2025-03-13,Cash,Cancelled,883.63
4883,640,6,2025-08-30,UPI,Delivered,1670.04
4884,644,30,2025-03-01,Cash,Cancelled,1682.03
4885,32,3,2025-09-02,Card,Cancelled,1623.47
4886,633,14,2025-10-21,Card,Cancelled,525.11
4887,737,98,2025-12-26,Card,Cancelled,199.19
4888,666,95,2025-04-07,Card,Delivered,736.12
4889,691,55,2025-05-30,Card,Cancelled,747.65
4890,23,97,2025-01-04,Card,Delivered,1701.95
4891,259,23,2025-04-19,Cash,Delivered,1874.64
4892,508,83,2025-11-06,Card,Delivered,2732.35
4893,834,6,2025-07-22,Cash,Cancelled,2511.8
4894,145,54,2025-03-24,Card,Cancelled,2885.4
4895,636,1,2025-06-01,UPI,Cancelled,2038.54
4896,285,99,2025-04-11,Card,Cancelled,194.2
4897,356,100,2025-09-06,Card,Cancelled,2335.43
4898,108,29,2025-07-24,Cash,Delivered,2629.39
4899,530,75,2025-05-18,Card,Cancelled,2257.99
4900,518,50,2025-01-17,UPI,Delivered,1192.92
4901,648,89,2025-04-14,Cash,Delivered,1711.88
4902,170,68,2025-10-12,UPI,Cancelled,2726.85
4903,769,93,2025-11-05,Card,Delivered,2577.91
4904,653,95,2025-04-26,Card,Delivered,2037.75
4905,725,16,2025-05-11,UPI,Cancelled,1594.21
4906,580,48,2025-04-07,UPI,Cancelled,881.99
4907,428,85,2025-06-10,Cash,Cancelled,2966.12
4908,610,38,2025-02-17,Cash,Delivered,1576.08
4909,47,73,2025-06-23,UPI,Delivered,1894.65
4910,155,100,2025-03-07,UPI,Cancelled,2385.61
4911,356,5,2025-04-28,Card,Cancelled,2288.09
4912,185,34,2025-07-13,Cash,Delivered,743.69
4913,721,86,2025-03-04,UPI,Delivered,566.39
4914,240,83,2025-09-14,Cash,Cancelled,1189.18
4915,630,12,2025-05-17,Cash,Delivered,2357.28
4916,288,83,2025-04-25,UPI,Cancelled,688.19
4917,65,8,2025-02-20,Cash,Delivered,2703.88
4918,119,74,2025-05-22,UPI,Cancelled,2254.88
4919,133,40,2025-05-08,Cash,Cancelled,1479.03
4920,25,1,2025-12-08,Card,Cancelled,1464.17
4921,784,80,2025-01-11,UPI,Delivered,2747.32
4922,295,99,2025-11-03,Cash,Delivered,174.07
4923,93,9,2025-07-22,UPI,Cancelled,330.92
4924,882,55,2025-10-30,Card,Delivered,2126.37
4925,431,98,2025-09-29,UPI,Cancelled,951.74
4926,868,37,2025-02-27,UPI,Cancelled,296.83
4927,273,96,2025-06-05,Cash,Delivered,1196.12
4928,35,3,2025-03-10,Card,Delivered,614.4
4929,110,95,2025-06-28,UPI,Delivered,420.81
4930,45,29,2025-05-29,Card,Cancelled,1487.36
4931,107,68,2025-11-30,Card,Delivered,1107.89
4932,771,92,2025-01-11,Card,Delivered,2903.69
4933,828,11,2025-01-24,Cash,Delivered,1949.76
4934,93,34,2025-08-14,Cash,Delivered,316.39
4935,790,19,2025-09-11,Card,Delivered,1435.12
4936,460,52,2025-02-01,Cash,Cancelled,2182.16
4937,476,16,2025-03-29,Cash,Delivered,2302.43
4938,317,97,2025-08-11,Card,Delivered,315.87
4939,850,52,2025-10-20,UPI,Delivered,1502.95
4940,841,98,2025-03-03,UPI,Cancelled,365.19
4941,713,51,2025-07-29,UPI,Delivered,652.9
4942,5,9,2025-12-26,Card,Delivered,1153.41
4943,784,47,2025-02-15,Cash,Delivered,2130.05
4944,147,79,2025-05-17,UPI,Delivered,1562.61
4945,589,34,2025-06-01,Card,Delivered,715.86
4946,107,85,2025-09-17,Card,Delivered,189.85
4947,430,53,2025-11-12,Cash,Cancelled,289.35
4948,684,47,2025-05-08,Card,Delivered,2747.27
4949,469,50,2025-10-01,UPI,Delivered,802.53
4950,823,1,2025-10-30,UPI,Delivered,2308.95
4951,809,53,2025-07-17,Cash,Cancelled,873.65
4952,597,65,2025-10-30,Card,Cancelled,748.23
4953,452,44,2025-05-01,Cash,Cancelled,2851.86
4954,394,39,2025-11-23,UPI,Cancelled,1663.93
4955,827,88,2025-08-30,Cash,Delivered,1610.2
4956,469,65,2025-08-01,Card,Delivered,1075.73
4957,326,33,2025-04-25,Card,Delivered,1952.29
4958,44,49,2025-12-20,Card,Cancelled,2486.28
4959,695,81,2025-04-20,Card,Cancelled,1630.32
4960,341,96,2025-03-11,Card,Cancelled,1137.05
4961,193,65,2025-05-12,Card,Cancelled,1453.96
4962,850,1,2025-06-14,Card,Cancelled,1366.03
4963,235,44,2025-09-03,UPI,Cancelled,2485.31
4964,142,55,2025-05-11,UPI,Cancelled,2084.38
4965,544,3,2025-04-02,Cash,Cancelled,493.15
4966,521,22,2025-06-17,Cash,Delivered,369.96
4967,5,59,2025-12-07,UPI,Cancelled,1150.45
4968,641,65,2025-08-25,Cash,Cancelled,2086.98
4969,226,96,2025-01-01,UPI,Delivered,1610.46
4970,894,6,2025-01-10,Card,Cancelled,2814.51
4971,463,32,2025-09-06,Cash,Delivered,2980.07
4972,915,82,2025-04-22,UPI,Cancelled,907.4
4973,735,34,2025-01-19,Card,Delivered,2058.68
4974,130,56,2025-08-12,Card,Cancelled,1599.03
4975,663,68,2025-07-25,Card,Cancelled,1763.03
4976,72,98,2025-08-05,Card,Cancelled,486.1
4977,494,49,2025-06-03,Cash,Delivered,1518.06
4978,65,49,2025-10-31,Card,Delivered,503.13
4979,521,21,2025-02-07,Cash,Cancelled,592.41
4980,864,21,2025-06-24,Cash,Cancelled,2825.52
4981,436,4,2025-12-03,Card,Delivered,977.49
4982,434,78,2025-08-21,UPI,Delivered,832.38
4983,841,95,2025-10-18,Card,Delivered,1576.23
4984,459,89,2025-12-04,Card,Delivered,2285.39
4985,884,51,2025-04-25,Card,Cancelled,1461.33
4986,334,29,2025-07-21,Card,Cancelled,2854.74
4987,407,48,2025-07-23,UPI,Cancelled,2933.3
4988,838,57,2025-08-07,Card,Delivered,2310.25
4989,583,21,2025-01-28,Card,Cancelled,1687.57
4990,102,44,2025-09-12,Cash,Delivered,2760.84
4991,402,38,2025-09-14,Card,Delivered,2613.25
4992,926,55,2025-12-28,Cash,Cancelled,390.93
4993,360,91,2025-10-20,Cash,Cancelled,643.1
4994,197,46,2025-11-06,UPI,Cancelled,815.18
4995,954,71,2025-09-11,UPI,Cancelled,933.95
4996,551,8,2025-12-16,Card,Cancelled,379.55
4997,912,65,2025-08-10,Card,Delivered,2049.21
4998,13,37,2025-05-03,Card,Delivered,386.32
4999,573,97,2025-01-11,Cash,Delivered,2034.02
5000,713,25,2025-05-08,Cash,Cancelled,1132.62
5001,526,81,2025-08-09,Card,Delivered,431.26
5002,996,34,2025-11-27,Card,Delivered,953.43
5003,782,80,2025-11-19,UPI,Cancelled,1313.35
5004,324,9,2025-06-16,UPI,Cancelled,2247.77
5005,337,67,2025-11-18,Cash,Delivered,1505.72
5006,616,31,2025-01-15,Cash,Cancelled,599.01
5007,194,35,2025-06-15,Cash,Cancelled,190.36
5008,825,23,2025-07-17,UPI,Delivered,1846.39
5009,64,91,2025-07-30,UPI,Delivered,1379.45
5010,43,95,2025-03-19,UPI,Cancelled,1513.17
5011,440,31,2025-02-27,UPI,Delivered,2948.77
5012,727,81,2025-06-23,UPI,Delivered,1471.49
5013,819,20,2025-03-01,UPI,Cancelled,2132.84
5014,780,82,2025-08-13,Cash,Delivered,1755.71
5015,771,16,2025-04-07,Cash,Delivered,1122.15
5016,96,23,2025-09-11,Card,Cancelled,454.56
5017,120,10,2025-06-18,UPI,Cancelled,1913.82
5018,5,56,2025-02-15,Card,Delivered,314.47
5019,621,72,2025-04-16,UPI,Cancelled,711.16
5020,640,82,2025-04-06,Cash,Cancelled,292.61
5021,465,88,2025-08-17,Cash,Delivered,2640.87
5022,688,30,2025-06-03,Card,Delivered,2753.8
5023,402,25,2025-03-24,Cash,Delivered,1020.04
5024,649,62,2025-06-04,UPI,Delivered,2284.1
5025,797,34,2025-07-29,Card,Delivered,2888.01
5026,691,86,2025-03-24,Card,Delivered,1731.03
5027,789,17,2025-02-21,UPI,Cancelled,1094.85
5028,679,80,2025-12-26,Card,Delivered,233.81
5029,402,92,2025-10-08,Cash,Delivered,411.59
5030,959,25,2025-09-14,Card,Cancelled,1484.65
5031,989,29,2025-03-12,Card,Delivered,1337.96
5032,436,32,2025-07-17,UPI,Cancelled,1040.74
5033,266,78,2025-11-17,Cash,Delivered,1758.22
5034,466,68,2025-12-03,Cash,Cancelled,2158.58
5035,458,10,2025-05-22,Card,Delivered,2969.25
5036,142,11,2025-05-28,Card,Delivered,2873.07
5037,609,74,2025-03-23,Card,Cancelled,1935.43
5038,936,66,2025-01-12,Card,Delivered,2326.34
5039,722,50,2025-04-18,Card,Delivered,2896.37
5040,904,4,2025-08-13,Card,Delivered,1168.93
5041,812,69,2025-05-02,UPI,Cancelled,1194.4
5042,581,49,2025-05-14,UPI,Cancelled,2179.81
5043,81,50,2025-12-07,Card,Cancelled,2081.97
5044,244,44,2025-11-30,UPI,Cancelled,743.93
5045,488,49,2025-12-05,Cash,Cancelled,534.92
5046,449,31,2025-12-20,Card,Cancelled,1108.97
5047,691,2,2025-07-09,Cash,Cancelled,1021.63
5048,167,20,2025-09-04,Cash,Cancelled,377.4
5049,245,97,2025-05-16,UPI,Delivered,2519.12
5050,606,34,2025-04-21,Card,Cancelled,1353.09
5051,150,86,2025-06-22,Cash,Cancelled,331.83
5052,739,67,2025-11-27,Cash,Delivered,2042.93
5053,930,18,2025-08-06,UPI,Cancelled,2688.74
5054,875,25,2025-12-02,UPI,Delivered,2233.83
5055,194,80,2025-05-03,UPI,Cancelled,2863.4
5056,772,81,2025-04-27,UPI,Delivered,698.69
5057,317,42,2025-05-06,Cash,Cancelled,2259.69
5058,826,26,2025-01-04,UPI,Cancelled,1691.43
5059,407,24,2025-08-02,Card,Cancelled,2719.31
5060,647,6,2025-11-18,Card,Delivered,1897.64
5061,841,19,2025-04-29,Card,Delivered,2828.1
5062,357,22,2025-09-30,UPI,Cancelled,1377.2
5063,532,56,2025-04-15,UPI,Delivered,2815.02
5064,340,96,2025-05-18,Card,Cancelled,164.63
5065,572,86,2025-11-03,UPI,Cancelled,630.37
5066,486,21,2025-12-22,Card,Cancelled,1231.25
5067,22,58,2025-09-21,UPI,Delivered,1318.49
5068,840,22,2025-11-19,UPI,Delivered,342.77
5069,590,35,2025-01-14,UPI,Delivered,2082.14
5070,873,72,2025-08-21,Cash,Delivered,1101.8
5071,362,1,2025-11-23,UPI,Cancelled,154.85
5072,685,39,2025-01-28,Card,Cancelled,389.61
5073,859,47,2025-12-12,Cash,Cancelled,501.3
5074,491,88,2025-10-31,Card,Delivered,1903.27
5075,973,70,2025-02-20,UPI,Cancelled,1497.73
5076,208,25,2025-02-06,Cash,Delivered,540.52
5077,421,65,2025-04-14,Card,Cancelled,534.63
5078,400,9,2025-12-02,Card,Delivered,2515.07
5079,167,67,2025-01-02,Cash,Delivered,2615.84
5080,412,51,2025-12-03,Card,Cancelled,1713.41
5081,879,100,2025-03-29,UPI,Delivered,2791.26
5082,480,38,2025-12-25,Cash,Delivered,1486.81
5083,206,52,2025-04-10,Cash,Cancelled,2383.0
5084,606,4,2025-08-06,Card,Cancelled,952.78
5085,697,61,2025-10-14,Cash,Delivered,274.7
5086,343,3,2025-12-01,UPI,Delivered,2321.69
5087,62,61,2025-09-27,Cash,Cancelled,701.94
5088,920,40,2025-05-04,Cash,Cancelled,1788.84
5089,649,27,2025-05-24,UPI,Delivered,2195.55
5090,53,69,2025-07-07,Cash,Delivered,2174.35
5091,71,35,2025-04-11,Cash,Cancelled,1286.44
5092,722,99,2025-06-21,UPI,Delivered,1382.57
5093,443,20,2025-07-09,Cash,Cancelled,1872.92
5094,332,34,2025-03-09,Card,Cancelled,944.57
5095,47,6,2025-12-15,Cash,Delivered,1625.27
5096,302,43,2025-01-27,Card,Delivered,1336.47
5097,755,64,2025-02-08,UPI,Cancelled,512.24
5098,715,18,2025-08-19,Cash,Cancelled,2827.89
5099,822,2,2025-01-08,Cash,Cancelled,2893.51
5100,284,69,2025-07-27,Card,Cancelled,2388.75
5101,526,43,2025-07-18,Cash,Delivered,999.5
5102,840,98,2025-02-25,Card,Delivered,1045.68
5103,609,32,2025-03-10,Cash,Delivered,507.1
5104,456,61,2025-07-04,Card,Cancelled,2501.77
5105,987,6,2025-07-17,Cash,Delivered,2906.69
5106,294,49,2025-10-27,Cash,Cancelled,525.51
5107,136,97,2025-02-25,Cash,Delivered,303.33
5108,229,75,2025-08-21,Card,Cancelled,2354.19
5109,763,78,2025-03-05,Card,Cancelled,581.05
5110,464,38,2025-07-18,Cash,Cancelled,1389.98
5111,31,96,2025-08-31,UPI,Cancelled,1427.07
5112,963,31,2025-06-28,Cash,Cancelled,2294.17
5113,239,90,2025-01-26,Card,Cancelled,419.13
5114,983,74,2025-04-23,UPI,Delivered,2850.12
5115,544,98,2025-04-20,Cash,Delivered,2469.17
5116,294,3,2025-10-03,Card,Delivered,748.33
5117,1000,29,2025-01-04,UPI,Delivered,702.85
5118,536,93,2025-04-08,Cash,Delivered,1682.9
5119,72,58,2025-09-07,Cash,Cancelled,1250.25
5120,815,6,2025-08-03,Card,Delivered,2636.63
5121,474,82,2025-05-26,Card,Delivered,419.66
5122,898,21,2025-08-07,Cash,Cancelled,1029.14
5123,263,49,2025-06-10,Cash,Cancelled,2716.47
5124,220,38,2025-05-13,UPI,Delivered,1808.68
5125,927,89,2025-07-28,Card,Cancelled,1966.74
5126,130,30,2025-05-13,Card,Cancelled,1586.77
5127,798,88,2025-08-09,Card,Delivered,1921.81
5128,705,89,2025-08-29,UPI,Cancelled,869.43
5129,691,75,2025-08-13,UPI,Delivered,1536.57
5130,379,48,2025-12-13,Cash,Cancelled,299.66
5131,822,56,2025-07-13,Card,Delivered,2472.8
5132,559,24,2025-07-14,UPI,Cancelled,1108.19
5133,601,53,2025-03-24,Card,Delivered,489.17
5134,217,96,2025-01-07,Card,Cancelled,162.66
5135,71,56,2025-10-04,UPI,Cancelled,2429.83
5136,548,55,2025-12-03,UPI,Delivered,2498.53
5137,828,18,2025-11-22,Cash,Delivered,1172.73
5138,11,3,2025-01-22,Card,Delivered,483.3
5139,388,44,2025-02-07,Cash,Cancelled,627.16
5140,624,55,2025-01-05,Cash,Cancelled,1405.02
5141,718,29,2025-02-13,UPI,Cancelled,263.63
5142,711,73,2025-05-13,Card,Cancelled,1446.63
5143,252,15,2025-01-24,Card,Cancelled,1403.09
5144,966,36,2025-12-08,Cash,Cancelled,191.99
5145,121,75,2025-01-06,Card,Delivered,2109.95
5146,853,92,2025-03-24,Cash,Delivered,2043.33
5147,92,45,2025-08-10,Card,Cancelled,426.42
5148,259,96,2025-04-15,Cash,Cancelled,1225.45
5149,772,43,2025-07-25,Cash,Delivered,1248.32
5150,542,76,2025-04-24,UPI,Delivered,216.63
5151,105,45,2025-12-18,Card,Cancelled,2433.3
5152,941,20,2025-01-02,Cash,Cancelled,2570.86
5153,407,74,2025-03-22,Cash,Delivered,1800.36
5154,626,11,2025-06-13,Cash,Delivered,266.88
5155,68,62,2025-09-07,Cash,Cancelled,1545.34
5156,848,16,2025-07-29,UPI,Cancelled,2547.11
5157,359,70,2025-01-29,Cash,Delivered,964.08
5158,93,95,2025-12-19,Card,Delivered,2108.4
5159,892,13,2025-06-12,Cash,Cancelled,517.59
5160,963,25,2025-01-14,Card,Cancelled,2851.2
5161,682,51,2025-09-17,Cash,Delivered,913.26
5162,655,8,2025-06-06,Card,Cancelled,903.72
5163,409,88,2025-12-03,Card,Cancelled,1358.28
5164,661,50,2025-12-07,Card,Delivered,2770.44
5165,769,1,2025-01-05,Cash,Cancelled,1498.05
5166,181,9,2025-11-21,UPI,Cancelled,266.18
5167,706,76,2025-09-15,UPI,Delivered,648.19
5168,249,4,2025-11-13,Card,Delivered,181.25
5169,933,79,2025-07-11,Cash,Cancelled,939.47
5170,753,32,2025-02-16,Card,Delivered,253.63
5171,91,16,2025-06-08,Cash,Cancelled,1907.6
5172,156,64,2025-05-26,UPI,Cancelled,1460.21
5173,596,72,2025-06-19,UPI,Cancelled,2141.49
5174,424,34,2025-03-08,UPI,Cancelled,228.0
5175,989,78,2025-05-30,Card,Delivered,964.78
5176,510,57,2025-01-13,Cash,Cancelled,1687.08
5177,17,99,2025-04-29,Card,Delivered,2209.91
5178,419,65,2025-05-19,Card,Delivered,2470.28
5179,486,89,2025-09-10,Card,Cancelled,1228.5
5180,472,88,2025-09-14,Cash,Delivered,1360.26
5181,621,86,2025-04-25,Cash,Delivered,2174.76
5182,702,91,2025-04-24,Cash,Cancelled,2438.73
5183,460,85,2025-12-24,Card,Delivered,1495.72
5184,6,33,2025-05-11,Cash,Cancelled,2641.47
5185,275,24,2025-08-12,Cash,Delivered,1980.78
5186,758,58,2025-05-21,Card,Cancelled,183.41
5187,816,81,2025-05-13,UPI,Cancelled,377.77
5188,573,33,2025-04-16,Card,Cancelled,1026.89
5189,423,43,2025-02-27,Card,Delivered,1117.13
5190,343,55,2025-03-26,Cash,Delivered,1032.98
5191,981,25,2025-01-20,Card,Cancelled,1325.24
5192,839,36,2025-03-18,Card,Delivered,788.76
5193,751,55,2025-08-05,Cash,Delivered,801.1
5194,773,62,2025-06-08,Cash,Cancelled,1797.28
5195,373,63,2025-01-28,Cash,Delivered,2548.16
5196,524,72,2025-05-11,Cash,Delivered,562.68
5197,629,83,2025-09-21,UPI,Delivered,448.88
5198,668,13,2025-11-04,Card,Cancelled,1811.97
5199,34,15,2025-11-20,Card,Cancelled,1446.17
5200,445,16,2025-06-20,UPI,Delivered,706.37
5201,286,57,2025-08-28,Card,Delivered,536.68
5202,479,12,2025-12-16,UPI,Delivered,2879.27
5203,616,62,2025-03-17,Card,Delivered,625.75
5204,230,15,2025-01-01,Card,Cancelled,2261.84
5205,560,17,2025-07-03,Cash,Delivered,1868.39
5206,641,40,2025-10-31,UPI,Cancelled,520.72
5207,241,13,2025-11-05,Cash,Delivered,1017.3
5208,435,32,2025-08-12,Card,Delivered,2503.36
5209,411,59,2025-07-25,Cash,Delivered,1736.92
5210,423,22,2025-08-25,Card,Delivered,2390.07
5211,764,15,2025-01-30,UPI,Delivered,2372.75
5212,479,51,2025-10-06,UPI,Cancelled,2681.14
5213,822,97,2025-01-16,UPI,Delivered,2466.35
5214,80,36,2025-09-03,Cash,Delivered,2627.12
5215,932,10,2025-12-21,UPI,Delivered,220.09
5216,442,73,2025-03-10,Card,Delivered,251.18
5217,185,86,2025-09-26,Cash,Delivered,1803.47
5218,493,93,2025-01-20,Card,Delivered,925.13
5219,382,33,2025-01-08,Card,Delivered,2415.4
5220,120,94,2025-03-23,UPI,Delivered,1896.21
5221,232,85,2025-10-15,Cash,Cancelled,2043.26
5222,619,93,2025-05-28,UPI,Delivered,539.04
5223,681,41,2025-12-30,Card,Delivered,2761.7
5224,845,10,2025-04-11,UPI,Delivered,1171.18
5225,869,93,2025-10-07,UPI,Delivered,2360.48
5226,312,63,2025-11-10,Cash,Cancelled,2838.34
5227,643,47,2025-12-25,Cash,Cancelled,1045.36
5228,129,22,2025-10-15,Cash,Cancelled,625.91
5229,327,28,2025-12-22,Card,Delivered,1717.26
5230,848,37,2025-01-28,Cash,Cancelled,1950.05
5231,839,33,2025-04-17,UPI,Delivered,1279.23
5232,860,46,2025-12-15,UPI,Cancelled,2279.38
5233,179,77,2025-02-06,Card,Delivered,1349.96
5234,284,46,2025-06-03,Cash,Cancelled,1699.72
5235,2,89,2025-11-25,Card,Delivered,1848.15
5236,877,59,2025-04-03,Card,Cancelled,208.17
5237,18,6,2025-11-01,UPI,Cancelled,240.5
5238,251,55,2025-02-18,Cash,Cancelled,2433.39
5239,39,70,2025-03-13,Cash,Delivered,1286.0
5240,660,66,2025-10-06,Card,Delivered,2188.3
5241,742,76,2025-06-17,Cash,Cancelled,369.95
5242,480,43,2025-03-25,Cash,Delivered,1114.02
5243,510,53,2025-04-26,Cash,Delivered,2608.66
5244,393,31,2025-01-16,Card,Delivered,1712.62
5245,565,75,2025-02-10,UPI,Cancelled,503.18
5246,936,6,2025-11-28,Cash,Delivered,736.03
5247,962,26,2025-11-03,Card,Cancelled,2759.67
5248,181,52,2025-12-15,UPI,Cancelled,470.85
5249,289,70,2025-03-07,UPI,Cancelled,2454.15
5250,845,6,2025-06-09,Cash,Delivered,1160.0
5251,268,16,2025-09-05,UPI,Delivered,2998.26
5252,549,63,2025-12-26,Cash,Delivered,1353.08
5253,486,32,2025-06-07,Cash,Delivered,1754.2
5254,397,100,2025-10-08,Cash,Cancelled,2048.88
5255,306,9,2025-01-31,UPI,Delivered,166.11
5256,328,92,2025-05-28,UPI,Delivered,684.29
5257,264,63,2025-07-31,Cash,Cancelled,2300.27
5258,679,73,2025-06-13,UPI,Cancelled,2451.7
5259,3,99,2025-07-04,Card,Cancelled,1280.3
5260,26,13,2025-04-09,Card,Cancelled,521.62
5261,501,16,2025-11-15,UPI,Cancelled,2893.83
5262,236,36,2025-05-27,UPI,Cancelled,715.88
5263,573,41,2025-11-26,UPI,Delivered,786.98
5264,576,23,2025-09-04,Cash,Delivered,1014.4
5265,510,73,2025-10-30,Cash,Cancelled,780.91
5266,52,24,2025-09-02,UPI,Delivered,2670.47
5267,89,100,2025-09-29,Card,Delivered,2036.97
5268,670,98,2025-01-23,Card,Delivered,2715.41
5269,844,65,2025-05-29,Card,Cancelled,1851.27
5270,660,22,2025-04-21,Cash,Delivered,2485.34
5271,736,18,2025-05-04,Cash,Cancelled,1124.68
5272,13,50,2025-08-03,UPI,Cancelled,2921.86
5273,810,76,2025-07-11,Card,Delivered,337.74
5274,655,91,2025-09-09,Card,Cancelled,195.57
5275,852,45,2025-06-19,Cash,Cancelled,1154.45
5276,350,87,2025-01-14,Cash,Delivered,1835.37
5277,904,54,2025-07-05,UPI,Delivered,718.61
5278,350,62,2025-03-28,Card,Delivered,682.5
5279,923,18,2025-01-31,Card,Delivered,2859.81
5280,434,17,2025-04-16,Card,Cancelled,1800.13
5281,931,75,2025-06-17,UPI,Cancelled,2438.73
5282,84,38,2025-04-20,UPI,Cancelled,1531.86
5283,177,84,2025-10-10,Card,Delivered,2425.49
5284,125,2,2025-09-26,UPI,Delivered,2748.02
5285,470,2,2025-10-02,UPI,Cancelled,1929.2
5286,150,73,2025-09-03,Cash,Delivered,2367.98
5287,206,33,2025-04-18,Cash,Cancelled,2683.08
5288,203,57,2025-03-13,Card,Cancelled,1730.57
5289,11,63,2025-07-08,UPI,Delivered,462.06
5290,409,60,2025-03-18,UPI,Cancelled,1266.97
5291,604,92,2025-12-19,Card,Cancelled,1440.88
5292,738,7,2025-03-06,Card,Cancelled,2958.12
5293,704,64,2025-04-23,Cash,Delivered,1775.83
5294,24,42,2025-05-26,UPI,Cancelled,2202.84
5295,846,24,2025-05-17,UPI,Delivered,2119.88
5296,982,80,2025-10-23,Cash,Cancelled,774.13
5297,963,62,2025-03-20,Card,Cancelled,1106.5
5298,10,22,2025-07-30,UPI,Delivered,394.94
5299,662,30,2025-12-16,Card,Delivered,1084.37
5300,174,78,2025-04-15,UPI,Delivered,2004.87
5301,776,44,2025-04-14,Card,Delivered,2073.56
5302,726,67,2025-04-29,Card,Cancelled,2529.02
5303,530,65,2025-08-04,Card,Cancelled,680.03
5304,565,95,2025-12-08,Card,Cancelled,505.76
5305,521,7,2025-06-18,UPI,Delivered,473.74
5306,152,66,2025-12-10,Card,Cancelled,1879.04
5307,19,12,2025-12-09,Card,Delivered,869.95
5308,870,88,2025-06-07,UPI,Cancelled,2164.46
5309,675,2,2025-04-13,Card,Cancelled,1594.9
5310,51,99,2025-04-12,Card,Delivered,1077.03
5311,772,80,2025-08-07,Cash,Delivered,345.13
5312,577,28,2025-07-27,UPI,Cancelled,201.88
5313,308,83,2025-10-12,Cash,Delivered,542.71
5314,598,83,2025-09-02,Card,Delivered,1087.93
5315,497,52,2025-11-15,Card,Cancelled,1720.39
5316,954,72,2025-02-27,Card,Delivered,1461.47
5317,448,33,2025-08-25,Cash,Delivered,1750.03
5318,444,72,2025-01-06,Cash,Delivered,1874.92
5319,981,24,2025-07-24,UPI,Cancelled,346.61
5320,381,72,2025-12-28,Cash,Cancelled,1721.44
5321,62,62,2025-01-01,Cash,Delivered,1657.74
5322,841,5,2025-01-23,UPI,Delivered,1675.24
5323,689,17,2025-02-19,Cash,Delivered,368.65
5324,917,20,2025-03-16,Card,Delivered,737.94
5325,325,35,2025-05-07,UPI,Delivered,1951.58
5326,845,94,2025-03-13,UPI,Cancelled,2761.87
5327,681,33,2025-11-06,UPI,Cancelled,1004.12
5328,765,50,2025-08-13,UPI,Delivered,1130.19
5329,609,10,2025-07-25,UPI,Delivered,2260.6
5330,807,57,2025-02-06,Card,Delivered,2530.57
5331,808,93,2025-11-30,Card,Delivered,1465.74
5332,576,35,2025-08-22,Cash,Cancelled,1228.25
5333,751,58,2025-08-08,Card,Delivered,342.46
5334,223,50,2025-05-09,Cash,Cancelled,2552.37
5335,882,31,2025-07-20,Card,Delivered,2495.75
5336,731,43,2025-05-27,Cash,Delivered,1541.91
5337,485,35,2025-07-11,Card,Delivered,298.23
5338,272,6,2025-02-15,Cash,Delivered,432.97
5339,116,17,2025-11-22,Card,Cancelled,259.59
5340,613,6,2025-10-21,UPI,Delivered,2728.56
5341,589,21,2025-08-25,UPI,Delivered,1415.94
5342,662,30,2025-06-19,Card,Delivered,2673.77
5343,619,59,2025-04-16,Card,Cancelled,2995.22
5344,824,55,2025-10-20,UPI,Cancelled,2518.22
5345,240,52,2025-08-24,UPI,Delivered,1399.83
5346,750,89,2025-09-18,Card,Cancelled,2825.41
5347,962,95,2025-04-18,Card,Cancelled,856.27
5348,697,32,2025-01-27,Card,Cancelled,753.22
5349,340,76,2025-07-06,UPI,Delivered,298.32
5350,955,89,2025-08-07,UPI,Delivered,716.6
5351,900,44,2025-12-15,Cash,Cancelled,2643.09
5352,246,24,2025-08-06,Cash,Delivered,213.75
5353,580,7,2025-04-11,UPI,Delivered,2438.77
5354,120,73,2025-05-24,Card,Delivered,691.51
5355,91,70,2025-11-15,UPI,Delivered,1017.27
5356,611,52,2025-07-10,UPI,Cancelled,2466.03
5357,419,46,2025-05-14,UPI,Cancelled,1396.48
5358,23,16,2025-11-03,Cash,Cancelled,2480.22
5359,585,47,2025-10-29,UPI,Cancelled,1568.08
5360,900,33,2025-06-27,UPI,Delivered,343.47
5361,498,51,2025-07-05,Cash,Delivered,1791.89
5362,424,43,2025-11-08,Card,Delivered,1190.21
5363,129,76,2025-02-10,Cash,Delivered,2129.89
5364,430,94,2025-09-19,UPI,Cancelled,1971.73
5365,2,27,2025-08-15,Card,Cancelled,1809.1
5366,111,25,2025-03-08,UPI,Delivered,2712.62
5367,220,53,2025-04-27,Card,Delivered,2678.33
5368,602,25,2025-08-18,Card,Cancelled,1346.58
5369,60,54,2025-12-10,Cash,Delivered,2464.25
5370,115,19,2025-10-22,Card,Delivered,2923.38
5371,732,5,2025-11-14,Cash,Cancelled,1734.78
5372,642,64,2025-12-16,UPI,Cancelled,409.92
5373,612,2,2025-04-01,UPI,Delivered,335.24
5374,312,41,2025-10-20,Cash,Cancelled,2252.16
5375,965,1,2025-03-10,Cash,Cancelled,1265.85
5376,236,18,2025-03-01,UPI,Cancelled,2253.03
5377,715,28,2025-11-22,UPI,Delivered,2112.43
5378,592,35,2025-12-29,UPI,Cancelled,1966.74
5379,32,29,2025-12-29,UPI,Cancelled,2686.13
5380,341,29,2025-03-23,Card,Cancelled,1815.9
5381,348,51,2025-10-23,UPI,Delivered,2038.19
5382,608,80,2025-03-16,Cash,Cancelled,2344.36
5383,913,6,2025-03-28,Card,Delivered,2773.16
5384,155,60,2025-02-12,Card,Cancelled,1937.83
5385,536,62,2025-12-16,Cash,Cancelled,2464.07
5386,196,86,2025-11-10,UPI,Cancelled,1707.76
5387,85,80,2025-04-02,UPI,Delivered,605.67
5388,217,60,2025-07-07,UPI,Delivered,568.7
5389,637,52,2025-09-13,Cash,Cancelled,1101.2
5390,65,89,2025-05-09,Cash,Delivered,1478.55
5391,547,75,2025-04-28,UPI,Delivered,1561.17
5392,959,88,2025-11-27,Card,Delivered,2332.0
5393,785,79,2025-06-28,Cash,Cancelled,2339.44
5394,231,99,2025-08-28,Cash,Delivered,501.75
5395,582,60,2025-09-04,Card,Cancelled,915.47
5396,949,39,2025-04-04,UPI,Cancelled,617.79
5397,615,85,2025-11-21,UPI,Cancelled,2015.49
5398,851,44,2025-08-27,Card,Cancelled,1971.73
5399,895,88,2025-07-07,Cash,Cancelled,2706.6
5400,724,23,2025-06-07,Cash,Delivered,1199.58
5401,399,96,2025-04-30,Card,Delivered,1327.18
5402,62,6,2025-10-31,Card,Delivered,2750.95
5403,224,87,2025-11-23,Cash,Delivered,459.62
5404,644,75,2025-01-01,Cash,Delivered,2908.45
5405,136,11,2025-06-29,UPI,Delivered,365.26
5406,540,67,2025-08-01,Card,Cancelled,2930.85
5407,817,54,2025-12-26,Cash,Cancelled,1715.23
5408,241,10,2025-05-02,Card,Cancelled,2632.18
5409,133,16,2025-10-26,UPI,Delivered,416.11
5410,512,33,2025-12-23,Cash,Cancelled,2092.18
5411,996,48,2025-12-31,Card,Delivered,199.74
5412,982,52,2025-08-11,UPI,Delivered,560.29
5413,624,66,2025-12-07,Card,Cancelled,921.58
5414,323,76,2025-03-29,UPI,Delivered,2275.44
5415,357,8,2025-11-05,Card,Cancelled,1178.67
5416,236,71,2025-07-12,UPI,Cancelled,882.54
5417,467,43,2025-07-11,Cash,Delivered,2060.0
5418,974,1,2025-08-11,Card,Delivered,410.01
5419,40,41,2025-08-21,Card,Delivered,1568.93
5420,421,89,2025-10-20,Card,Cancelled,2917.95
5421,564,100,2025-10-18,Card,Delivered,1132.12
5422,824,66,2025-05-12,Card,Cancelled,2842.9
5423,577,27,2025-03-10,Card,Delivered,1007.36
5424,783,56,2025-11-27,Cash,Delivered,2315.67
5425,135,71,2025-02-12,UPI,Cancelled,1005.27
5426,691,80,2025-11-23,UPI,Delivered,514.21
5427,228,48,2025-03-03,Cash,Delivered,285.62
5428,152,69,2025-04-01,UPI,Delivered,2920.11
5429,16,100,2025-10-27,Card,Delivered,299.68
5430,579,13,2025-03-26,Card,Cancelled,231.49
5431,194,78,2025-03-02,Cash,Delivered,1290.28
5432,21,28,2025-06-28,UPI,Delivered,1233.03
5433,514,21,2025-02-11,Cash,Cancelled,1632.21
5434,742,3,2025-06-25,UPI,Delivered,431.15
5435,475,9,2025-10-21,Card,Delivered,1356.97
5436,623,61,2025-12-24,UPI,Cancelled,283.87
5437,1000,5,2025-04-22,Card,Delivered,1846.61
5438,418,86,2025-09-15,Card,Cancelled,2285.97
5439,503,3,2025-09-04,UPI,Delivered,2795.35
5440,649,75,2025-01-19,Card,Delivered,1365.81
5441,647,47,2025-03-07,Card,Cancelled,1450.77
5442,490,6,2025-10-01,UPI,Cancelled,2919.23
5443,936,58,2025-05-12,UPI,Delivered,2775.53
5444,747,96,2025-08-16,Cash,Delivered,2089.52
5445,973,76,2025-05-08,Card,Delivered,1734.72
5446,144,46,2025-03-11,UPI,Cancelled,2507.25
5447,431,30,2025-06-15,Card,Delivered,429.95
5448,717,96,2025-08-02,UPI,Delivered,1590.17
5449,384,32,2025-02-07,UPI,Cancelled,2223.11
5450,129,96,2025-02-23,Card,Cancelled,2351.56
5451,890,45,2025-08-05,UPI,Delivered,2139.46
5452,336,53,2025-12-03,UPI,Cancelled,1135.39
5453,899,45,2025-06-23,Cash,Cancelled,2632.91
5454,293,61,2025-09-07,Card,Cancelled,536.75
5455,516,92,2025-06-26,UPI,Delivered,1557.02
5456,763,59,2025-11-18,UPI,Cancelled,2554.86
5457,532,24,2025-02-10,Cash,Delivered,2197.95
5458,340,42,2025-11-01,Card,Delivered,2281.51
5459,771,68,2025-08-04,Card,Delivered,2214.43
5460,196,45,2025-11-08,UPI,Delivered,2516.31
5461,180,50,2025-09-23,Cash,Cancelled,1010.16
5462,328,26,2025-03-12,UPI,Cancelled,177.27
5463,121,83,2025-06-19,Card,Delivered,2317.64
5464,651,61,2025-02-06,Card,Cancelled,2573.44
5465,55,84,2025-12-14,Card,Cancelled,771.08
5466,286,72,2025-02-10,UPI,Delivered,2466.13
5467,645,67,2025-03-26,Card,Cancelled,2501.5
5468,550,56,2025-01-01,Card,Delivered,1179.04
5469,468,28,2025-04-19,Card,Delivered,376.13
5470,30,80,2025-04-18,Card,Delivered,667.44
5471,555,42,2025-04-17,UPI,Cancelled,2002.5
5472,520,59,2025-05-17,Cash,Delivered,1588.93
5473,299,46,2025-09-21,UPI,Delivered,1066.13
5474,822,33,2025-06-19,Card,Delivered,2255.82
5475,856,77,2025-02-19,UPI,Delivered,1032.1
5476,175,68,2025-03-25,Cash,Delivered,1038.22
5477,995,18,2025-05-08,Card,Delivered,2821.95
5478,418,82,2025-07-04,Card,Cancelled,2433.59
5479,384,44,2025-08-31,Cash,Delivered,981.78
5480,776,34,2025-05-12,Card,Cancelled,381.87
5481,307,91,2025-09-02,Cash,Delivered,2266.0
5482,561,21,2025-10-01,Cash,Cancelled,1498.11
5483,286,82,2025-04-11,Cash,Delivered,1120.03
5484,3,88,2025-02-06,Card,Cancelled,2630.68
5485,803,28,2025-04-22,UPI,Cancelled,2310.29
5486,833,85,2025-10-12,Cash,Cancelled,1308.21
5487,87,6,2025-11-06,Card,Delivered,1685.83
5488,145,31,2025-06-04,Card,Cancelled,2740.32
5489,190,5,2025-06-13,Cash,Cancelled,1081.94
5490,615,29,2025-10-07,Card,Delivered,898.25
5491,657,26,2025-03-17,UPI,Cancelled,1635.61
5492,551,32,2025-03-26,Cash,Delivered,1934.24
5493,136,28,2025-08-11,Card,Delivered,810.48
5494,702,91,2025-07-06,Cash,Delivered,432.49
5495,470,85,2025-12-31,UPI,Cancelled,1975.37
5496,562,43,2025-01-18,Cash,Delivered,2385.04
5497,549,46,2025-08-29,Card,Delivered,306.55
5498,326,72,2025-08-26,Card,Delivered,2832.12
5499,258,96,2025-02-04,Card,Delivered,1527.76
5500,504,42,2025-09-18,Card,Delivered,1296.32
5501,371,70,2025-03-21,Cash,Delivered,2445.38
5502,474,24,2025-11-26,Cash,Delivered,167.0
5503,334,47,2025-07-24,Card,Delivered,2579.31
5504,219,48,2025-08-25,Card,Delivered,2196.43
5505,681,60,2025-11-03,UPI,Cancelled,964.23
5506,1000,66,2025-01-15,UPI,Delivered,2317.52
5507,906,22,2025-01-18,UPI,Cancelled,898.52
5508,49,43,2025-01-30,Card,Delivered,369.78
5509,600,51,2025-01-21,UPI,Cancelled,1435.88
5510,765,43,2025-05-29,Card,Cancelled,849.09
5511,242,50,2025-10-12,Card,Delivered,1694.19
5512,756,83,2025-11-26,UPI,Delivered,1571.77
5513,592,8,2025-09-04,Card,Delivered,1169.2
5514,390,52,2025-08-21,UPI,Delivered,1053.78
5515,674,34,2025-08-31,Card,Cancelled,394.78
5516,999,90,2025-01-02,Card,Cancelled,2800.0
5517,418,32,2025-07-25,Card,Delivered,696.77
5518,477,41,2025-03-26,UPI,Delivered,2420.02
5519,176,87,2025-12-17,Cash,Delivered,2102.59
5520,21,6,2025-10-08,Cash,Delivered,1601.09
5521,669,85,2025-05-07,Card,Cancelled,1621.77
5522,733,67,2025-03-06,Cash,Cancelled,1039.09
5523,481,6,2025-06-05,Card,Cancelled,1849.33
5524,362,72,2025-01-06,Card,Delivered,2548.11
5525,295,92,2025-09-12,Card,Delivered,1124.23
5526,355,41,2025-06-20,Card,Cancelled,481.09
5527,17,73,2025-08-22,Card,Cancelled,2064.22
5528,482,58,2025-07-18,Cash,Cancelled,1185.1
5529,345,57,2025-01-11,UPI,Cancelled,927.69
5530,772,21,2025-10-31,Card,Delivered,2993.26
5531,716,36,2025-01-12,Card,Cancelled,592.43
5532,646,81,2025-03-29,Card,Cancelled,172.36
5533,143,68,2025-11-03,UPI,Cancelled,942.21
5534,614,41,2025-04-17,Cash,Cancelled,1858.31
5535,377,5,2025-07-12,Card,Delivered,2613.31
5536,797,1,2025-08-23,Cash,Delivered,2080.89
5537,195,21,2025-09-04,UPI,Delivered,562.48
5538,746,70,2025-11-16,Card,Delivered,866.09
5539,904,87,2025-03-28,Card,Delivered,1836.31
5540,77,86,2025-12-19,UPI,Cancelled,2895.11
5541,109,77,2025-05-29,Card,Delivered,543.49
5542,348,54,2025-02-10,UPI,Delivered,2717.45
5543,682,37,2025-11-09,UPI,Delivered,671.98
5544,568,100,2025-08-19,UPI,Cancelled,1922.8
5545,342,66,2025-08-18,Cash,Delivered,2887.91
5546,964,46,2025-07-27,UPI,Delivered,2847.35
5547,885,6,2025-08-20,Card,Cancelled,2497.7
5548,491,51,2025-05-30,Cash,Cancelled,2955.47
5549,125,83,2025-09-24,Card,Cancelled,2297.25
5550,930,34,2025-08-08,Card,Cancelled,708.66
5551,69,26,2025-11-05,UPI,Cancelled,1246.02
5552,309,69,2025-09-28,UPI,Delivered,1945.28
5553,600,4,2025-08-23,Cash,Delivered,435.1
5554,468,1,2025-09-28,Cash,Cancelled,2503.06
5555,788,83,2025-04-01,Cash,Delivered,1706.26
5556,39,86,2025-04-09,UPI,Cancelled,1410.48
5557,918,13,2025-12-03,Card,Cancelled,1328.32
5558,642,27,2025-08-09,UPI,Delivered,1789.26
5559,136,99,2025-10-06,UPI,Cancelled,1848.39
5560,608,13,2025-08-01,Cash,Delivered,1053.05
5561,397,97,2025-09-19,Card,Cancelled,1424.99
5562,155,76,2025-08-09,UPI,Delivered,2983.26
5563,907,10,2025-09-13,UPI,Delivered,2107.19
5564,571,67,2025-05-18,Card,Cancelled,1654.63
5565,442,50,2025-05-24,Card,Cancelled,1638.72
5566,462,80,2025-03-14,Card,Cancelled,2126.73
5567,205,5,2025-06-10,Card,Cancelled,624.25
5568,126,92,2025-09-30,Cash,Cancelled,1770.55
5569,765,26,2025-06-08,UPI,Cancelled,1883.23
5570,526,48,2025-11-22,Card,Delivered,1918.3
5571,820,1,2025-05-18,UPI,Delivered,1499.5
5572,282,86,2025-09-27,Cash,Cancelled,2248.14
5573,308,41,2025-06-28,Cash,Delivered,2671.09
5574,2,17,2025-10-22,UPI,Delivered,996.65
5575,38,21,2025-06-12,Cash,Cancelled,2703.75
5576,16,59,2025-08-21,Card,Delivered,2379.43
5577,546,83,2025-02-17,UPI,Cancelled,335.5
5578,633,90,2025-11-23,Card,Cancelled,1191.6
5579,433,61,2025-07-25,UPI,Delivered,621.29
5580,634,60,2025-02-06,UPI,Cancelled,2672.59
5581,859,99,2025-12-22,UPI,Cancelled,915.35
5582,855,91,2025-12-26,Cash,Delivered,2531.53
5583,775,38,2025-01-14,Card,Cancelled,2104.03
5584,835,49,2025-03-31,Cash,Delivered,1791.99
5585,196,16,2025-01-04,Cash,Delivered,2390.86
5586,393,23,2025-02-03,Card,Delivered,1976.69
5587,182,50,2025-04-25,Card,Delivered,2037.02
5588,746,64,2025-02-13,Cash,Cancelled,1008.45
5589,615,35,2025-04-03,Cash,Cancelled,485.11
5590,157,78,2025-02-11,Cash,Cancelled,797.5
5591,916,68,2025-11-02,Card,Cancelled,748.52
5592,937,92,2025-03-17,Card,Delivered,2936.35
5593,661,43,2025-01-18,Cash,Cancelled,289.54
5594,770,45,2025-07-06,Card,Cancelled,2784.01
5595,3,79,2025-03-11,UPI,Delivered,2743.55
5596,19,8,2025-08-23,Card,Cancelled,1381.78
5597,617,17,2025-03-19,Cash,Cancelled,1098.36
5598,375,38,2025-10-29,UPI,Cancelled,851.7
5599,47,44,2025-03-27,Cash,Cancelled,1708.59
5600,174,54,2025-01-01,UPI,Delivered,2028.91
5601,764,81,2025-05-16,UPI,Delivered,1846.07
5602,963,69,2025-04-19,Card,Delivered,2369.34
5603,46,5,2025-06-29,Cash,Delivered,2762.83
5604,619,45,2025-07-07,Card,Cancelled,1351.32
5605,189,70,2025-11-11,Cash,Cancelled,2601.14
5606,356,53,2025-02-23,Card,Cancelled,2705.54
5607,365,57,2025-03-14,Cash,Delivered,1297.39
5608,834,91,2025-03-04,Card,Cancelled,678.84
5609,608,53,2025-11-11,UPI,Delivered,344.8
5610,156,77,2025-01-19,Card,Cancelled,489.85
5611,971,77,2025-03-11,UPI,Delivered,2585.47
5612,268,79,2025-12-20,UPI,Cancelled,2006.99
5613,766,25,2025-03-23,UPI,Delivered,1587.26
5614,508,97,2025-01-04,UPI,Delivered,1154.92
5615,436,27,2025-10-27,Cash,Delivered,1155.14
5616,135,54,2025-03-09,Card,Cancelled,1411.24
5617,784,61,2025-10-23,UPI,Delivered,914.52
5618,206,37,2025-02-12,Card,Delivered,713.7
5619,212,12,2025-09-27,Cash,Delivered,882.12
5620,666,17,2025-11-24,Card,Delivered,190.18
5621,895,71,2025-11-11,Cash,Delivered,2920.51
5622,837,59,2025-05-09,UPI,Delivered,1743.27
5623,658,58,2025-09-24,Card,Cancelled,1452.04
5624,660,16,2025-07-14,UPI,Delivered,1685.83
5625,32,7,2025-02-21,UPI,Cancelled,331.16
5626,351,82,2025-10-04,Cash,Cancelled,1072.96
5627,715,77,2025-11-15,UPI,Delivered,954.12
5628,552,51,2025-06-25,UPI,Delivered,1775.45
5629,251,74,2025-05-12,Card,Cancelled,1437.1
5630,189,13,2025-05-12,Cash,Delivered,2809.94
5631,490,59,2025-09-21,UPI,Delivered,1019.46
5632,669,11,2025-10-27,Card,Cancelled,778.21
5633,219,12,2025-06-27,Card,Delivered,1911.2
5634,765,100,2025-12-27,Cash,Cancelled,677.54
5635,27,86,2025-10-15,Card,Delivered,1461.1
5636,690,69,2025-04-18,Card,Cancelled,263.5
5637,568,43,2025-11-11,UPI,Delivered,1891.58
5638,212,22,2025-06-29,UPI,Cancelled,1890.23
5639,650,3,2025-07-14,Cash,Cancelled,2455.02
5640,968,17,2025-09-11,Cash,Delivered,1607.88
5641,731,32,2025-12-02,UPI,Delivered,653.58
5642,996,22,2025-06-13,Cash,Cancelled,1052.3
5643,376,17,2025-05-18,UPI,Cancelled,1772.44
5644,365,21,2025-06-13,UPI,Cancelled,2830.15
5645,772,81,2025-05-01,Cash,Delivered,712.65
5646,740,17,2025-01-22,Cash,Delivered,570.76
5647,884,15,2025-12-20,Cash,Delivered,347.9
5648,201,89,2025-03-04,Card,Cancelled,2734.83
5649,543,52,2025-05-11,UPI,Delivered,1802.84
5650,340,30,2025-10-15,Cash,Delivered,361.52
5651,728,53,2025-08-12,UPI,Cancelled,365.47
5652,786,91,2025-11-28,Card,Cancelled,339.36
5653,513,67,2025-11-22,UPI,Delivered,1665.67
5654,672,75,2025-12-04,UPI,Cancelled,815.94
5655,856,52,2025-12-02,Card,Cancelled,299.54
5656,743,65,2025-06-15,Cash,Cancelled,1472.05
5657,144,94,2025-07-03,Card,Cancelled,310.03
5658,52,87,2025-02-15,Card,Cancelled,858.0
5659,203,51,2025-03-05,Cash,Delivered,849.05
5660,752,18,2025-10-22,UPI,Delivered,747.75
5661,815,58,2025-03-02,Cash,Cancelled,479.2
5662,793,93,2025-05-13,Cash,Delivered,1993.41
5663,636,94,2025-02-13,Card,Delivered,1618.34
5664,404,33,2025-06-26,UPI,Delivered,2250.99
5665,167,39,2025-09-13,UPI,Cancelled,1392.31
5666,472,50,2025-05-12,UPI,Delivered,704.54
5667,714,72,2025-07-16,UPI,Cancelled,2641.47
5668,739,66,2025-08-26,UPI,Delivered,2171.09
5669,545,96,2025-05-27,Card,Cancelled,1777.51
5670,392,77,2025-05-26,Card,Delivered,2272.09
5671,996,43,2025-10-23,Cash,Cancelled,835.38
5672,166,64,2025-05-25,Cash,Delivered,1360.56
5673,828,85,2025-11-04,UPI,Delivered,2457.9
5674,490,100,2025-08-17,Cash,Cancelled,1657.06
5675,757,88,2025-04-12,Card,Delivered,2011.98
5676,362,82,2025-10-14,Card,Delivered,2355.22
5677,716,24,2025-07-02,UPI,Delivered,2433.88
5678,455,33,2025-06-18,Cash,Delivered,515.64
5679,338,98,2025-06-24,Card,Cancelled,2842.05
5680,152,74,2025-06-13,Card,Cancelled,1676.28
5681,267,9,2025-08-24,Card,Cancelled,848.51
5682,185,31,2025-08-31,Card,Delivered,1036.75
5683,864,100,2025-05-17,UPI,Cancelled,290.49
5684,361,93,2025-03-02,Cash,Delivered,2366.61
5685,350,21,2025-05-18,Cash,Cancelled,1556.37
5686,691,100,2025-03-29,UPI,Cancelled,806.19
5687,815,55,2025-04-15,Cash,Cancelled,444.85
5688,460,23,2025-08-14,Card,Delivered,1180.89
5689,660,38,2025-10-17,Card,Cancelled,2477.38
5690,385,32,2025-07-11,UPI,Cancelled,856.45
5691,923,5,2025-03-23,Card,Delivered,2609.43
5692,781,34,2025-08-05,Card,Cancelled,2207.09
5693,63,67,2025-11-03,UPI,Cancelled,2526.37
5694,634,96,2025-10-02,Card,Cancelled,297.38
5695,208,30,2025-08-18,Card,Delivered,985.2
5696,33,98,2025-02-06,Card,Delivered,1769.42
5697,397,29,2025-02-28,UPI,Cancelled,2910.34
5698,843,78,2025-10-23,UPI,Cancelled,2998.21
5699,293,9,2025-12-11,Cash,Delivered,1328.57
5700,480,76,2025-08-11,Card,Delivered,585.61
5701,781,10,2025-06-29,Cash,Cancelled,1338.47
5702,640,12,2025-03-28,UPI,Cancelled,1228.9
5703,582,18,2025-11-12,Cash,Delivered,1262.0
5704,368,24,2025-03-29,Cash,Cancelled,439.43
5705,4,25,2025-07-30,UPI,Cancelled,544.46
5706,18,36,2025-05-01,Card,Cancelled,770.38
5707,40,36,2025-09-04,UPI,Cancelled,2381.32
5708,452,100,2025-05-23,UPI,Delivered,2380.22
5709,368,98,2025-02-25,UPI,Delivered,2883.1
5710,890,65,2025-04-17,Card,Delivered,2652.88
5711,776,68,2025-01-29,Card,Delivered,195.8
5712,929,2,2025-09-24,UPI,Delivered,329.76
5713,565,67,2025-12-11,Cash,Delivered,2546.71
5714,833,83,2025-10-08,UPI,Cancelled,2152.38
5715,297,56,2025-08-26,Cash,Delivered,2021.77
5716,16,79,2025-04-28,UPI,Delivered,950.54
5717,336,35,2025-01-21,UPI,Cancelled,2026.2
5718,540,16,2025-02-17,Cash,Delivered,784.82
5719,629,54,2025-08-30,Cash,Delivered,616.1
5720,326,86,2025-04-12,Card,Delivered,1622.62
5721,858,12,2025-09-27,UPI,Cancelled,271.48
5722,623,34,2025-03-31,Cash,Cancelled,2294.16
5723,884,48,2025-01-09,Card,Cancelled,2176.98
5724,741,56,2025-05-13,UPI,Delivered,2554.74
5725,601,48,2025-12-02,UPI,Delivered,942.63
5726,810,94,2025-12-24,Cash,Cancelled,1546.12
5727,562,32,2025-10-29,Cash,Delivered,2946.36
5728,162,66,2025-04-11,UPI,Delivered,2876.37
5729,2,33,2025-12-06,UPI,Delivered,2595.86
5730,979,40,2025-04-11,Cash,Cancelled,1646.61
5731,61,78,2025-03-03,UPI,Cancelled,1997.47
5732,696,67,2025-08-28,UPI,Cancelled,2161.81
5733,502,58,2025-01-27,UPI,Delivered,2719.02
5734,768,13,2025-02-24,UPI,Delivered,1130.19
5735,582,73,2025-06-14,Cash,Cancelled,2844.69
5736,584,77,2025-06-18,Cash,Cancelled,1442.0
5737,423,27,2025-12-15,UPI,Cancelled,1114.6
5738,186,44,2025-12-19,Card,Delivered,308.75
5739,423,28,2025-01-30,Card,Cancelled,2537.84
5740,962,18,2025-10-29,Card,Delivered,1174.86
5741,747,61,2025-10-23,Card,Cancelled,1157.16
5742,393,52,2025-12-03,Card,Delivered,2960.01
5743,788,77,2025-12-24,Cash,Cancelled,2087.87
5744,812,10,2025-08-14,Card,Cancelled,202.76
5745,222,6,2025-06-21,Cash,Cancelled,959.96
5746,526,83,2025-08-26,UPI,Cancelled,974.46
5747,207,60,2025-01-03,Card,Delivered,324.6
5748,328,49,2025-09-19,UPI,Delivered,1831.42
5749,214,22,2025-09-12,UPI,Delivered,704.79
5750,401,18,2025-08-14,Card,Delivered,2763.91
5751,353,89,2025-12-04,UPI,Cancelled,933.38
5752,892,20,2025-09-08,Card,Cancelled,2890.88
5753,489,22,2025-01-05,UPI,Cancelled,1129.27
5754,840,75,2025-05-07,Card,Delivered,2042.13
5755,893,25,2025-02-25,UPI,Delivered,1354.08
5756,266,31,2025-09-21,Card,Cancelled,494.55
5757,49,6,2025-07-22,Cash,Delivered,1669.81
5758,517,66,2025-04-10,Cash,Delivered,1204.16
5759,309,5,2025-03-08,Cash,Delivered,1918.76
5760,351,58,2025-10-02,UPI,Cancelled,2966.61
5761,771,85,2025-12-13,Card,Cancelled,171.9
5762,773,40,2025-06-23,UPI,Cancelled,1666.2
5763,871,11,2025-08-25,Card,Delivered,2871.01
5764,212,69,2025-12-18,Cash,Cancelled,1386.63
5765,275,61,2025-02-02,Cash,Delivered,1467.71
5766,592,31,2025-05-01,Cash,Delivered,2421.26
5767,310,7,2025-07-26,UPI,Cancelled,2653.21
5768,854,67,2025-03-22,Cash,Delivered,2420.87
5769,293,26,2025-07-02,Cash,Delivered,2113.5
5770,350,55,2025-05-05,Card,Delivered,1974.52
5771,738,58,2025-02-10,Cash,Cancelled,1091.9
5772,196,31,2025-02-10,UPI,Cancelled,2548.79
5773,378,100,2025-07-16,Cash,Cancelled,2623.67
5774,799,41,2025-05-15,UPI,Cancelled,1837.6
5775,849,88,2025-03-30,UPI,Delivered,194.1
5776,8,64,2025-06-15,Card,Cancelled,371.52
5777,524,19,2025-03-28,UPI,Delivered,557.02
5778,569,92,2025-02-16,Card,Cancelled,1870.1
5779,676,22,2025-11-26,Card,Cancelled,2711.85
5780,422,94,2025-02-20,Cash,Cancelled,1576.89
5781,821,16,2025-11-15,UPI,Cancelled,650.34
5782,43,9,2025-09-08,Cash,Cancelled,1625.83
5783,804,77,2025-05-12,Cash,Delivered,2890.72
5784,796,21,2025-10-29,Card,Delivered,1554.11
5785,390,41,2025-05-19,Card,Cancelled,685.62
5786,897,42,2025-01-11,Card,Delivered,1868.7
5787,503,13,2025-05-12,Cash,Cancelled,1840.61
5788,231,50,2025-01-17,Card,Cancelled,2135.56
5789,225,45,2025-05-21,UPI,Cancelled,2845.36
5790,817,30,2025-01-04,Cash,Delivered,881.0
5791,277,82,2025-07-02,Card,Cancelled,2037.21
5792,21,83,2025-04-02,UPI,Delivered,820.34
5793,292,75,2025-07-01,Card,Delivered,2943.92
5794,225,60,2025-01-12,Card,Cancelled,175.61
5795,154,31,2025-07-06,UPI,Delivered,2406.64
5796,636,86,2025-03-16,Card,Delivered,1754.3
5797,94,78,2025-08-10,Card,Delivered,1415.38
5798,686,41,2025-04-21,UPI,Cancelled,1784.74
5799,222,73,2025-09-20,Cash,Cancelled,681.12
5800,542,61,2025-10-13,Card,Cancelled,214.77
5801,358,56,2025-12-02,Card,Delivered,404.76
5802,584,62,2025-04-24,UPI,Cancelled,807.89
5803,587,11,2025-12-01,Card,Cancelled,1481.1
5804,273,26,2025-10-27,Cash,Cancelled,658.6
5805,268,12,2025-12-09,Card,Delivered,2158.12
5806,607,78,2025-04-08,Cash,Cancelled,833.16
5807,840,27,2025-02-20,Card,Cancelled,905.2
5808,987,43,2025-05-17,Card,Delivered,899.09
5809,81,52,2025-10-17,UPI,Delivered,2386.48
5810,525,17,2025-11-09,Cash,Delivered,874.13
5811,95,74,2025-09-22,Card,Delivered,2551.4
5812,377,10,2025-03-10,Card,Delivered,641.43
5813,387,95,2025-08-04,UPI,Cancelled,434.45
5814,430,33,2025-08-03,Cash,Delivered,2954.9
5815,946,27,2025-08-30,Cash,Cancelled,2516.59
5816,624,71,2025-02-02,UPI,Cancelled,1661.66
5817,448,13,2025-10-31,UPI,Cancelled,1277.36
5818,648,68,2025-09-16,UPI,Cancelled,1073.23
5819,149,74,2025-11-16,UPI,Delivered,2856.14
5820,414,87,2025-09-24,Card,Delivered,660.64
5821,846,2,2025-08-07,UPI,Delivered,1263.52
5822,624,62,2025-10-10,UPI,Cancelled,1281.95
5823,658,33,2025-07-23,Card,Cancelled,315.23
5824,218,23,2025-11-16,Card,Cancelled,751.51
5825,554,18,2025-09-14,Cash,Delivered,2903.65
5826,363,51,2025-11-29,UPI,Delivered,1264.9
5827,272,43,2025-03-11,Card,Cancelled,1853.57
5828,130,79,2025-12-08,Cash,Cancelled,886.95
5829,51,4,2025-11-17,Cash,Delivered,907.63
5830,214,1,2025-07-01,UPI,Cancelled,324.27
5831,194,30,2025-08-21,Cash,Cancelled,181.5
5832,443,40,2025-10-20,UPI,Cancelled,2435.74
5833,233,47,2025-05-15,UPI,Cancelled,2930.99
5834,667,19,2025-01-12,Card,Delivered,1900.25
5835,649,77,2025-08-04,Card,Cancelled,2502.44
5836,8,55,2025-11-13,Cash,Cancelled,1470.49
5837,611,26,2025-05-19,UPI,Delivered,1652.54
5838,29,10,2025-05-17,Cash,Delivered,1623.64
5839,345,34,2025-01-26,Card,Delivered,357.38
5840,773,8,2025-11-30,Card,Delivered,2170.64
5841,773,40,2025-01-10,Card,Delivered,680.96
5842,397,56,2025-11-27,Cash,Delivered,2991.89
5843,273,10,2025-02-12,Card,Cancelled,2730.09
5844,397,94,2025-06-27,Card,Cancelled,2825.96
5845,855,4,2025-03-24,Cash,Delivered,1248.76
5846,678,65,2025-07-21,Cash,Delivered,495.96
5847,718,99,2025-06-21,Cash,Delivered,1545.0
5848,637,78,2025-08-23,UPI,Delivered,1050.95
5849,744,95,2025-06-22,UPI,Delivered,1220.73
5850,158,88,2025-03-14,Card,Cancelled,2686.08
5851,458,69,2025-02-28,Cash,Delivered,445.5
5852,241,49,2025-01-16,Cash,Cancelled,1187.33
5853,976,2,2025-09-30,Card,Delivered,2760.87
5854,708,1,2025-11-05,UPI,Cancelled,1368.37
5855,516,47,2025-06-10,UPI,Delivered,424.45
5856,306,78,2025-02-02,Card,Cancelled,2252.73
5857,620,3,2025-07-20,Card,Cancelled,2189.59
5858,385,4,2025-10-05,UPI,Cancelled,1919.23
5859,201,46,2025-12-09,UPI,Delivered,1227.82
5860,628,64,2025-10-30,Card,Cancelled,307.16
5861,400,64,2025-07-29,Card,Delivered,2555.22
5862,665,1,2025-12-14,Card,Delivered,795.27
5863,511,28,2025-05-24,UPI,Cancelled,1238.68
5864,873,17,2025-03-31,UPI,Delivered,828.85
5865,158,16,2025-03-08,Card,Delivered,1857.42
5866,109,37,2025-04-20,Card,Delivered,2130.43
5867,615,7,2025-10-05,Cash,Cancelled,973.79
5868,318,48,2025-01-27,Cash,Cancelled,1768.26
5869,200,24,2025-06-26,UPI,Delivered,2290.62
5870,853,81,2025-04-07,Cash,Cancelled,299.69
5871,701,15,2025-09-22,UPI,Delivered,185.36
5872,122,35,2025-06-23,UPI,Delivered,1509.52
5873,907,94,2025-07-25,Card,Cancelled,2113.53
5874,761,3,2025-09-15,Cash,Cancelled,1031.39
5875,525,75,2025-01-27,UPI,Cancelled,1394.03
5876,708,61,2025-04-03,Cash,Delivered,2544.37
5877,42,69,2025-09-20,Cash,Delivered,1657.13
5878,127,36,2025-06-12,Card,Delivered,1178.56
5879,834,39,2025-01-20,Cash,Delivered,459.57
5880,345,36,2025-08-21,Cash,Cancelled,1014.39
5881,439,3,2025-10-29,UPI,Delivered,2381.8
5882,560,3,2025-08-19,Card,Delivered,402.95
5883,669,20,2025-02-03,Cash,Delivered,2031.89
5884,723,77,2025-10-01,UPI,Cancelled,1852.29
5885,359,81,2025-07-30,UPI,Delivered,2152.24
5886,908,68,2025-11-20,UPI,Cancelled,872.64
5887,17,55,2025-12-18,Card,Cancelled,2816.64
5888,934,66,2025-12-23,UPI,Delivered,2976.37
5889,486,92,2025-03-31,Cash,Delivered,177.79
5890,214,36,2025-06-05,Cash,Delivered,594.1
5891,349,15,2025-12-13,Card,Cancelled,1794.5
5892,656,59,2025-04-06,Cash,Cancelled,2387.06
5893,882,51,2025-10-28,UPI,Delivered,1992.04
5894,866,94,2025-12-01,Cash,Delivered,1772.13
5895,594,66,2025-03-13,Cash,Cancelled,457.04
5896,343,82,2025-12-09,Card,Cancelled,526.17
5897,489,24,2025-09-07,Cash,Delivered,490.29
5898,866,11,2025-02-18,Card,Delivered,905.56
5899,239,32,2025-12-18,Card,Cancelled,1641.1
5900,451,51,2025-02-10,UPI,Delivered,2611.13
5901,781,14,2025-11-29,UPI,Delivered,2828.69
5902,835,80,2025-05-26,Card,Cancelled,416.73
5903,683,76,2025-10-26,Cash,Cancelled,1432.05
5904,600,49,2025-02-26,Card,Delivered,2635.23
5905,901,7,2025-08-24,Cash,Delivered,627.21
5906,124,58,2025-03-30,Cash,Cancelled,760.9
5907,465,96,2025-12-04,Card,Delivered,2529.84
5908,586,64,2025-08-30,Cash,Cancelled,178.82
5909,584,74,2025-11-24,Cash,Cancelled,925.48
5910,61,85,2025-12-24,Card,Delivered,216.81
5911,999,40,2025-09-26,Card,Cancelled,810.93
5912,696,3,2025-03-26,Cash,Delivered,1125.93
5913,304,41,2025-04-07,UPI,Cancelled,2227.2
5914,862,33,2025-12-25,Card,Delivered,662.98
5915,753,95,2025-07-18,Cash,Delivered,283.95
5916,757,91,2025-01-29,Card,Delivered,2456.65
5917,272,77,2025-01-04,UPI,Delivered,357.16
5918,405,51,2025-07-29,UPI,Cancelled,1823.18
5919,851,42,2025-06-20,Cash,Delivered,483.1
5920,877,49,2025-10-18,Card,Cancelled,1318.02
5921,586,96,2025-02-12,UPI,Cancelled,2703.3
5922,762,71,2025-02-14,UPI,Delivered,1401.79
5923,920,5,2025-06-12,UPI,Cancelled,1455.63
5924,874,16,2025-05-19,Card,Cancelled,2951.79
5925,681,87,2025-02-14,Cash,Cancelled,1680.06
5926,8,59,2025-09-27,Cash,Cancelled,733.42
5927,358,3,2025-12-18,Card,Delivered,2734.69
5928,279,32,2025-11-27,UPI,Cancelled,1653.78
5929,92,87,2025-10-14,Card,Cancelled,2317.72
5930,79,83,2025-07-30,Cash,Cancelled,1348.95
5931,534,64,2025-08-27,Card,Delivered,364.15
5932,379,84,2025-10-09,Cash,Cancelled,1847.68
5933,571,100,2025-01-31,UPI,Cancelled,1840.23
5934,519,13,2025-10-06,Card,Delivered,2933.19
5935,289,30,2025-09-17,Card,Cancelled,2510.64
5936,743,57,2025-09-30,Cash,Delivered,1786.16
5937,906,98,2025-07-07,Card,Cancelled,1458.59
5938,656,54,2025-10-27,Cash,Cancelled,578.57
5939,459,47,2025-08-18,Cash,Cancelled,1299.64
5940,152,71,2025-01-26,UPI,Cancelled,2341.83
5941,479,30,2025-09-07,Card,Cancelled,2785.94
5942,60,71,2025-01-30,UPI,Cancelled,1607.18
5943,893,70,2025-06-12,Cash,Cancelled,2381.22
5944,32,46,2025-10-02,Cash,Delivered,739.27
5945,94,65,2025-07-20,UPI,Delivered,2490.07
5946,633,55,2025-10-07,Cash,Delivered,159.95
5947,38,2,2025-07-23,UPI,Delivered,314.84
5948,944,8,2025-04-17,Cash,Cancelled,921.38
5949,621,55,2025-10-04,Cash,Delivered,277.33
5950,170,37,2025-03-03,Card,Delivered,2174.23
5951,835,18,2025-07-20,Card,Delivered,689.39
5952,52,11,2025-11-26,Card,Delivered,1786.31
5953,348,6,2025-08-22,Card,Cancelled,323.02
5954,397,98,2025-12-10,Card,Delivered,2346.81
5955,916,72,2025-09-19,Cash,Cancelled,2699.17
5956,260,87,2025-10-14,Card,Cancelled,1124.75
5957,177,5,2025-12-24,Card,Cancelled,1024.87
5958,251,29,2025-12-12,UPI,Delivered,1787.01
5959,505,15,2025-11-22,Cash,Delivered,710.41
5960,510,77,2025-12-25,Card,Cancelled,2886.08
5961,99,69,2025-05-12,Card,Cancelled,531.01
5962,79,19,2025-12-23,Cash,Delivered,2159.4
5963,267,64,2025-08-16,Cash,Delivered,2545.24
5964,539,89,2025-12-16,Cash,Delivered,566.21
5965,813,83,2025-11-27,UPI,Cancelled,1392.22
5966,696,52,2025-11-05,UPI,Cancelled,2733.09
5967,310,36,2025-10-02,Card,Cancelled,1247.11
5968,792,91,2025-08-08,UPI,Cancelled,1794.11
5969,889,28,2025-03-21,Card,Cancelled,2302.55
5970,906,20,2025-10-19,Card,Delivered,1046.62
5971,170,40,2025-01-30,Cash,Cancelled,1327.8
5972,779,58,2025-11-25,Card,Cancelled,1796.21
5973,757,18,2025-11-19,Card,Cancelled,1895.94
5974,228,42,2025-05-15,Cash,Cancelled,201.7
5975,734,69,2025-03-13,Cash,Cancelled,981.3
5976,497,30,2025-12-07,Cash,Delivered,430.87
5977,470,61,2025-12-31,UPI,Cancelled,1021.41
5978,854,15,2025-06-12,Card,Cancelled,480.36
5979,689,90,2025-07-28,Cash,Cancelled,2010.24
5980,911,70,2025-01-04,UPI,Cancelled,2533.83
5981,197,81,2025-05-30,Cash,Delivered,2922.61
5982,905,93,2025-11-09,Cash,Cancelled,2451.92
5983,57,24,2025-09-07,Cash,Delivered,1592.65
5984,746,9,2025-07-01,Card,Cancelled,2729.4
5985,769,62,2025-03-15,UPI,Cancelled,257.48
5986,67,81,2025-08-29,Card,Delivered,1757.05
5987,93,52,2025-11-04,Card,Delivered,854.32
5988,107,36,2025-11-05,UPI,Cancelled,1536.02
5989,137,15,2025-12-09,Cash,Cancelled,264.6
5990,266,73,2025-09-04,Cash,Cancelled,2215.34
5991,105,71,2025-11-10,Card,Cancelled,2694.46
5992,763,66,2025-08-27,Cash,Delivered,2392.57
5993,973,98,2025-06-06,UPI,Delivered,441.85
5994,789,88,2025-12-27,Card,Delivered,691.36
5995,553,85,2025-08-07,Card,Delivered,1980.21
5996,248,32,2025-08-23,Card,Cancelled,1027.24
5997,665,41,2025-12-10,UPI,Delivered,735.52
5998,4,32,2025-08-24,Card,Cancelled,946.62
5999,363,54,2025-04-20,UPI,Delivered,189.22
6000,760,8,2025-05-12,UPI,Delivered,1007.08
6001,95,33,2025-04-05,Cash,Cancelled,794.58
6002,553,18,2025-10-24,Card,Delivered,481.22
6003,560,1,2025-09-29,Cash,Cancelled,2584.78
6004,297,77,2025-06-24,UPI,Cancelled,2402.08
6005,604,83,2025-03-16,UPI,Cancelled,862.59
6006,646,73,2025-01-21,Cash,Cancelled,557.65
6007,993,64,2025-04-21,UPI,Cancelled,1942.1
6008,975,86,2025-10-20,Cash,Cancelled,2913.83
6009,930,74,2025-01-18,Card,Delivered,1732.98
6010,231,7,2025-09-21,Cash,Delivered,1200.85
6011,266,25,2025-01-29,Cash,Cancelled,1758.93
6012,351,23,2025-08-14,Cash,Cancelled,798.2
6013,761,35,2025-06-06,Cash,Delivered,1390.64
6014,30,98,2025-07-31,UPI,Delivered,340.49
6015,764,11,2025-06-20,Card,Delivered,2241.48
6016,400,80,2025-01-13,UPI,Delivered,2816.73
6017,315,34,2025-10-30,Cash,Cancelled,2830.34
6018,749,20,2025-07-05,Cash,Cancelled,2222.79
6019,284,6,2025-02-24,UPI,Delivered,1676.05
6020,986,66,2025-11-17,Cash,Delivered,423.17
6021,256,83,2025-11-20,UPI,Cancelled,1241.64
6022,86,66,2025-09-19,UPI,Cancelled,2347.4
6023,624,22,2025-10-20,Card,Cancelled,1086.83
6024,873,27,2025-12-04,UPI,Cancelled,1126.12
6025,365,20,2025-01-05,UPI,Cancelled,551.36
6026,6,22,2025-05-09,UPI,Cancelled,1705.88
6027,950,87,2025-02-17,Cash,Cancelled,864.13
6028,507,53,2025-07-02,Card,Delivered,1487.53
6029,891,46,2025-05-29,Cash,Cancelled,2531.28
6030,131,62,2025-07-27,Card,Delivered,257.57
6031,69,32,2025-03-26,Card,Cancelled,952.48
6032,744,13,2025-10-21,Cash,Cancelled,1768.27
6033,630,69,2025-07-12,Cash,Cancelled,703.25
6034,153,100,2025-12-13,Cash,Cancelled,2514.05
6035,445,89,2025-06-30,Card,Delivered,1308.97
6036,608,59,2025-10-22,UPI,Delivered,514.38
6037,735,100,2025-10-06,UPI,Delivered,2600.56
6038,217,2,2025-08-15,Cash,Cancelled,786.58
6039,287,42,2025-12-07,Cash,Cancelled,2271.21
6040,748,23,2025-08-25,UPI,Delivered,1358.1
6041,862,83,2025-04-07,Cash,Delivered,1442.51
6042,12,28,2025-07-25,UPI,Delivered,689.9
6043,794,99,2025-02-03,UPI,Delivered,533.68
6044,460,57,2025-04-04,Cash,Delivered,1765.07
6045,854,34,2025-08-27,Card,Delivered,771.86
6046,186,45,2025-04-18,UPI,Delivered,1443.07
6047,930,25,2025-01-23,Card,Delivered,864.04
6048,8,52,2025-02-21,Cash,Delivered,1674.96
6049,489,100,2025-08-12,UPI,Cancelled,2557.51
6050,710,78,2025-04-26,UPI,Delivered,1973.53
6051,635,2,2025-09-19,Card,Cancelled,606.65
6052,175,83,2025-03-26,Card,Delivered,1612.88
6053,689,74,2025-02-15,Cash,Delivered,963.13
6054,95,36,2025-08-17,Card,Delivered,1747.47
6055,630,11,2025-02-07,Cash,Delivered,2280.94
6056,970,11,2025-08-20,Cash,Cancelled,1612.7
6057,174,50,2025-03-22,Cash,Cancelled,2225.31
6058,463,53,2025-12-05,Card,Cancelled,1797.0
6059,869,55,2025-07-30,UPI,Cancelled,1529.65
6060,460,50,2025-04-04,Cash,Cancelled,803.56
6061,530,19,2025-05-21,Card,Delivered,1372.15
6062,529,23,2025-01-07,UPI,Cancelled,558.4
6063,336,87,2025-03-16,UPI,Delivered,1212.76
6064,770,29,2025-12-31,Card,Cancelled,2420.76
6065,854,91,2025-10-08,Card,Delivered,1574.52
6066,566,53,2025-03-21,UPI,Cancelled,1751.72
6067,266,26,2025-03-11,Cash,Cancelled,2676.0
6068,137,20,2025-11-06,UPI,Cancelled,2366.86
6069,786,35,2025-01-18,Card,Cancelled,704.59
6070,746,46,2025-02-11,Card,Delivered,2632.94
6071,154,11,2025-03-09,Card,Cancelled,532.29
6072,462,88,2025-06-07,Card,Cancelled,1284.92
6073,981,41,2025-11-16,Cash,Cancelled,227.59
6074,466,70,2025-07-28,Cash,Delivered,1413.03
6075,220,64,2025-05-13,Cash,Delivered,1632.07
6076,52,50,2025-04-30,Card,Delivered,1297.41
6077,964,31,2025-12-08,Card,Delivered,1836.56
6078,96,88,2025-02-27,UPI,Delivered,1482.86
6079,431,3,2025-12-11,Card,Cancelled,400.6
6080,743,80,2025-01-19,UPI,Cancelled,2806.9
6081,599,6,2025-10-23,UPI,Cancelled,1421.41
6082,644,86,2025-06-01,Cash,Cancelled,2205.5
6083,150,66,2025-05-07,UPI,Cancelled,553.26
6084,394,79,2025-10-11,UPI,Delivered,1305.45
6085,396,29,2025-06-12,Cash,Cancelled,2794.28
6086,410,53,2025-02-27,UPI,Delivered,1422.86
6087,370,17,2025-09-17,Card,Delivered,161.54
6088,742,72,2025-09-14,Card,Cancelled,1453.67
6089,439,28,2025-06-17,Cash,Delivered,1229.9
6090,296,60,2025-09-02,Cash,Cancelled,984.09
6091,488,31,2025-05-31,Cash,Delivered,2388.55
6092,631,30,2025-12-03,Card,Delivered,2351.91
6093,524,53,2025-08-12,UPI,Delivered,2297.34
6094,261,12,2025-08-15,UPI,Cancelled,745.56
6095,205,89,2025-01-03,Card,Cancelled,2344.1
6096,135,24,2025-08-09,Cash,Delivered,1790.97
6097,208,36,2025-09-01,UPI,Delivered,2974.29
6098,672,56,2025-06-01,UPI,Cancelled,1183.15
6099,621,20,2025-10-03,Cash,Delivered,2067.99
6100,44,28,2025-08-22,Cash,Delivered,2363.69
6101,707,39,2025-07-06,Card,Cancelled,868.89
6102,238,31,2025-05-20,UPI,Cancelled,524.42
6103,374,38,2025-01-03,UPI,Delivered,2379.08
6104,27,5,2025-05-05,UPI,Cancelled,1654.03
6105,816,16,2025-02-02,Cash,Delivered,1659.15
6106,898,23,2025-02-16,Card,Delivered,2105.38
6107,545,9,2025-06-03,Card,Cancelled,234.4
6108,735,31,2025-06-23,Cash,Cancelled,1529.01
6109,160,18,2025-01-20,Card,Delivered,1765.54
6110,261,90,2025-07-13,Cash,Delivered,316.04
6111,274,74,2025-11-04,Cash,Delivered,1437.06
6112,40,58,2025-08-15,Cash,Cancelled,2503.94
6113,350,20,2025-06-14,Card,Cancelled,1508.59
6114,182,75,2025-12-03,Cash,Delivered,1320.13
6115,945,42,2025-10-27,UPI,Delivered,1394.39
6116,714,76,2025-04-10,UPI,Delivered,1593.85
6117,745,80,2025-05-09,Cash,Delivered,1390.76
6118,515,14,2025-05-11,UPI,Delivered,1811.77
6119,666,80,2025-12-24,Cash,Cancelled,2993.26
6120,119,13,2025-07-10,UPI,Delivered,1646.64
6121,454,95,2025-06-05,Card,Cancelled,1693.79
6122,574,26,2025-11-28,Cash,Cancelled,1879.87
6123,750,98,2025-07-17,Card,Cancelled,239.21
6124,935,57,2025-09-01,Card,Cancelled,1758.11
6125,994,32,2025-03-08,Cash,Cancelled,675.38
6126,553,24,2025-11-14,UPI,Delivered,647.66
6127,528,65,2025-01-13,Cash,Delivered,1209.12
6128,493,99,2025-10-20,UPI,Cancelled,1907.67
6129,114,63,2025-11-14,Cash,Delivered,2654.76
6130,488,17,2025-06-24,UPI,Delivered,1486.79
6131,351,1,2025-05-05,Card,Cancelled,2510.63
6132,941,56,2025-06-28,Cash,Delivered,799.94
6133,847,70,2025-03-23,Card,Cancelled,1373.28
6134,312,51,2025-02-04,UPI,Delivered,436.3
6135,380,62,2025-12-04,UPI,Delivered,892.01
6136,467,3,2025-08-01,UPI,Delivered,2756.49
6137,156,60,2025-08-24,Card,Delivered,832.94
6138,714,68,2025-02-01,Cash,Cancelled,627.9
6139,594,72,2025-01-18,Cash,Delivered,1658.78
6140,484,65,2025-07-28,Card,Delivered,2281.26
6141,581,77,2025-11-20,Cash,Delivered,2350.02
6142,275,31,2025-06-17,Cash,Delivered,466.81
6143,7,64,2025-06-10,Card,Delivered,2494.29
6144,449,71,2025-12-05,UPI,Delivered,426.72
6145,892,62,2025-05-24,Card,Cancelled,342.65
6146,312,30,2025-09-14,UPI,Delivered,394.86
6147,566,44,2025-03-07,Cash,Delivered,751.87
6148,435,47,2025-01-28,Cash,Cancelled,1266.3
6149,411,90,2025-02-02,UPI,Cancelled,795.15
6150,380,49,2025-11-07,UPI,Delivered,2696.82
6151,571,97,2025-07-04,UPI,Cancelled,1568.4
6152,835,74,2025-06-21,Cash,Cancelled,1078.95
6153,579,93,2025-04-13,Cash,Cancelled,1998.35
6154,347,60,2025-01-28,UPI,Delivered,1279.54
6155,129,57,2025-04-19,UPI,Cancelled,2148.43
6156,649,67,2025-05-22,Cash,Delivered,1789.1
6157,121,15,2025-10-20,Card,Delivered,1612.33
6158,484,17,2025-12-19,Card,Cancelled,344.54
6159,724,53,2025-10-25,Card,Delivered,1840.24
6160,287,40,2025-07-15,UPI,Delivered,2328.38
6161,13,15,2025-03-11,Cash,Cancelled,989.04
6162,747,73,2025-11-12,Cash,Cancelled,1783.28
6163,269,56,2025-10-14,Card,Cancelled,1851.39
6164,70,12,2025-11-30,Cash,Delivered,2500.52
6165,678,69,2025-08-31,UPI,Delivered,839.19
6166,954,2,2025-12-02,Cash,Delivered,1340.2
6167,345,26,2025-03-30,Cash,Delivered,2679.14
6168,873,28,2025-07-06,Cash,Delivered,2044.37
6169,500,60,2025-08-28,Card,Cancelled,2942.23
6170,774,15,2025-04-19,Cash,Cancelled,1737.65
6171,787,84,2025-12-22,Card,Cancelled,2815.3
6172,550,67,2025-01-24,UPI,Cancelled,2053.68
6173,533,60,2025-04-22,Card,Delivered,2756.31
6174,447,63,2025-02-05,Card,Delivered,2995.21
6175,191,40,2025-07-08,UPI,Cancelled,2153.13
6176,388,74,2025-05-08,UPI,Cancelled,2467.87
6177,512,84,2025-01-08,UPI,Delivered,1277.21
6178,532,69,2025-12-29,Card,Cancelled,2050.57
6179,39,84,2025-08-26,Cash,Delivered,2916.99
6180,820,59,2025-12-10,Cash,Cancelled,2414.75
6181,136,59,2025-02-10,Card,Delivered,322.11
6182,786,34,2025-08-30,UPI,Cancelled,1076.7
6183,488,97,2025-01-06,Card,Cancelled,514.06
6184,689,60,2025-05-16,Card,Cancelled,733.73
6185,432,88,2025-12-09,Card,Delivered,1145.72
6186,712,6,2025-09-12,UPI,Delivered,2425.02
6187,372,12,2025-11-15,UPI,Delivered,349.9
6188,54,56,2025-08-27,Cash,Cancelled,2259.24
6189,554,95,2025-02-16,Card,Delivered,451.83
6190,201,28,2025-09-06,Cash,Delivered,272.21
6191,514,66,2025-10-26,UPI,Cancelled,629.3
6192,189,64,2025-10-10,UPI,Cancelled,1733.74
6193,227,28,2025-01-03,Cash,Delivered,823.75
6194,76,36,2025-05-31,Card,Cancelled,1601.01
6195,780,71,2025-12-04,UPI,Delivered,1488.44
6196,441,35,2025-09-02,UPI,Delivered,1386.46
6197,195,88,2025-06-27,UPI,Cancelled,589.19
6198,489,98,2025-11-02,UPI,Cancelled,298.69
6199,114,30,2025-04-07,UPI,Delivered,561.67
6200,161,35,2025-08-29,Cash,Delivered,2690.24
6201,397,24,2025-10-06,Cash,Cancelled,958.34
6202,870,73,2025-12-26,Card,Delivered,1978.05
6203,871,23,2025-04-16,UPI,Cancelled,2660.39
6204,307,48,2025-11-26,Card,Cancelled,1051.85
6205,57,91,2025-04-04,Card,Cancelled,505.68
6206,729,9,2025-08-07,Cash,Cancelled,1136.76
6207,415,71,2025-03-07,Card,Delivered,1291.08
6208,574,3,2025-02-24,UPI,Cancelled,1540.48
6209,597,2,2025-10-20,UPI,Delivered,1563.63
6210,637,6,2025-03-27,UPI,Cancelled,935.75
6211,323,57,2025-03-01,UPI,Cancelled,2340.9
6212,338,94,2025-11-02,Card,Cancelled,2808.89
6213,631,19,2025-08-31,Card,Delivered,1109.84
6214,215,5,2025-10-10,Cash,Cancelled,990.28
6215,531,30,2025-04-23,Card,Delivered,2549.75
6216,636,94,2025-03-08,Card,Cancelled,413.1
6217,197,63,2025-08-21,Cash,Delivered,570.12
6218,900,19,2025-02-22,UPI,Delivered,334.44
6219,416,50,2025-01-18,UPI,Cancelled,879.57
6220,575,74,2025-06-23,Card,Cancelled,1965.77
6221,503,98,2025-11-04,Cash,Delivered,2025.45
6222,919,3,2025-04-02,Cash,Cancelled,833.94
6223,179,71,2025-07-14,UPI,Delivered,2997.45
6224,20,60,2025-07-19,Cash,Delivered,2728.6
6225,123,1,2025-08-22,UPI,Cancelled,2188.46
6226,497,3,2025-01-28,Card,Cancelled,1111.54
6227,529,88,2025-07-02,Cash,Cancelled,830.25
6228,557,67,2025-11-16,UPI,Cancelled,905.11
6229,54,58,2025-03-23,UPI,Delivered,2594.29
6230,723,73,2025-04-29,UPI,Delivered,630.24
6231,470,28,2025-11-17,UPI,Cancelled,710.76
6232,945,80,2025-04-27,Cash,Delivered,390.43
6233,93,1,2025-06-02,Cash,Cancelled,2805.18
6234,108,59,2025-01-07,Cash,Cancelled,540.21
6235,520,29,2025-12-20,Card,Cancelled,771.29
6236,740,69,2025-11-14,UPI,Cancelled,894.86
6237,502,33,2025-09-14,Cash,Delivered,1325.68
6238,541,82,2025-03-04,UPI,Cancelled,2082.31
6239,10,4,2025-01-08,Cash,Cancelled,2101.85
6240,962,82,2025-01-30,Cash,Delivered,203.15
6241,482,73,2025-09-11,Cash,Delivered,1157.97
6242,924,60,2025-03-24,Card,Delivered,283.66
6243,44,47,2025-12-07,Cash,Cancelled,1824.56
6244,981,83,2025-06-30,Cash,Cancelled,1081.65
6245,929,90,2025-10-20,Cash,Cancelled,2156.45
6246,769,93,2025-02-24,Card,Delivered,2053.35
6247,569,80,2025-11-27,Card,Delivered,407.25
6248,691,99,2025-03-26,UPI,Delivered,731.86
6249,326,1,2025-08-08,Cash,Delivered,490.19
6250,188,84,2025-09-28,Cash,Delivered,2713.78
6251,907,31,2025-07-09,UPI,Cancelled,2952.66
6252,510,16,2025-01-30,Cash,Delivered,2094.75
6253,276,100,2025-05-28,Card,Delivered,1711.16
6254,252,64,2025-05-03,Card,Delivered,1529.75
6255,794,100,2025-03-11,Cash,Delivered,974.63
6256,956,23,2025-04-01,Card,Cancelled,1457.72
6257,136,69,2025-04-03,UPI,Cancelled,290.16
6258,301,71,2025-09-10,Card,Cancelled,2754.17
6259,745,48,2025-05-01,UPI,Delivered,2381.7
6260,902,8,2025-11-11,Cash,Cancelled,1705.59
6261,334,97,2025-06-12,Cash,Cancelled,192.1
6262,291,3,2025-10-18,Card,Cancelled,2821.64
6263,378,6,2025-09-20,Card,Delivered,2105.65
6264,939,15,2025-02-09,Cash,Cancelled,2678.3
6265,125,89,2025-03-10,Cash,Cancelled,2398.0
6266,366,40,2025-05-08,UPI,Cancelled,187.56
6267,894,53,2025-08-10,Card,Delivered,1815.35
6268,585,77,2025-04-16,Cash,Cancelled,1490.89
6269,40,75,2025-03-20,Card,Cancelled,561.02
6270,342,91,2025-07-07,UPI,Cancelled,1894.21
6271,70,64,2025-04-08,UPI,Cancelled,880.75
6272,871,39,2025-12-26,Cash,Cancelled,2309.22
6273,730,39,2025-07-08,Card,Cancelled,1218.12
6274,188,78,2025-10-03,UPI,Cancelled,191.26
6275,334,91,2025-04-16,UPI,Cancelled,926.67
6276,611,6,2025-03-28,UPI,Cancelled,2097.05
6277,871,4,2025-02-16,UPI,Cancelled,1610.4
6278,553,24,2025-12-20,UPI,Cancelled,2362.88
6279,655,56,2025-12-24,Card,Delivered,2286.16
6280,586,14,2025-10-13,UPI,Delivered,2173.68
6281,373,7,2025-12-18,Card,Cancelled,627.21
6282,395,44,2025-08-11,Card,Cancelled,2185.36
6283,911,85,2025-01-08,Card,Delivered,558.57
6284,102,22,2025-01-14,Card,Cancelled,2415.69
6285,966,83,2025-07-15,Cash,Delivered,1249.99
6286,331,78,2025-03-18,Card,Cancelled,948.66
6287,554,55,2025-09-14,Cash,Delivered,258.19
6288,821,13,2025-05-15,UPI,Delivered,2219.59
6289,564,12,2025-07-14,UPI,Cancelled,1978.33
6290,675,52,2025-09-20,Cash,Cancelled,1471.0
6291,582,10,2025-02-27,UPI,Delivered,267.21
6292,688,28,2025-05-30,Cash,Cancelled,911.4
6293,302,7,2025-06-16,Cash,Delivered,948.84
6294,100,73,2025-06-05,Card,Cancelled,1646.39
6295,592,83,2025-11-30,UPI,Delivered,1144.09
6296,495,72,2025-11-20,Card,Cancelled,1364.55
6297,122,47,2025-11-20,Cash,Delivered,2866.16
6298,628,92,2025-06-16,Cash,Delivered,988.37
6299,564,91,2025-01-25,Card,Cancelled,2992.05
6300,153,79,2025-09-15,Cash,Cancelled,2340.27
6301,796,22,2025-03-29,Cash,Cancelled,325.57
6302,886,75,2025-10-06,Card,Delivered,1498.42
6303,817,37,2025-02-28,Cash,Delivered,1468.71
6304,408,77,2025-09-07,Card,Delivered,1857.75
6305,446,80,2025-06-30,UPI,Delivered,2488.23
6306,482,55,2025-06-07,UPI,Cancelled,1708.11
6307,890,15,2025-05-10,Cash,Cancelled,2213.92
6308,560,62,2025-02-17,Card,Delivered,1720.95
6309,564,26,2025-12-01,Cash,Delivered,1584.57
6310,603,53,2025-12-12,Cash,Delivered,2804.27
6311,903,86,2025-11-27,Card,Cancelled,2595.06
6312,467,14,2025-07-12,UPI,Delivered,2408.49
6313,338,4,2025-06-16,UPI,Cancelled,355.15
6314,284,47,2025-12-12,UPI,Delivered,1981.16
6315,237,5,2025-10-27,Card,Cancelled,783.28
6316,142,70,2025-04-20,Card,Cancelled,2108.1
6317,871,32,2025-05-17,UPI,Delivered,179.17
6318,143,88,2025-08-29,UPI,Cancelled,1329.69
6319,953,50,2025-10-23,Cash,Cancelled,1923.68
6320,554,13,2025-08-10,Cash,Cancelled,426.2
6321,279,18,2025-06-11,Card,Delivered,1589.15
6322,102,23,2025-10-28,UPI,Cancelled,2315.29
6323,183,93,2025-07-26,UPI,Cancelled,2126.82
6324,670,44,2025-11-23,Cash,Delivered,1210.27
6325,564,20,2025-07-12,UPI,Cancelled,1246.44
6326,118,37,2025-04-04,UPI,Delivered,1744.43
6327,419,53,2025-10-07,Cash,Cancelled,2141.4
6328,681,41,2025-02-26,Card,Cancelled,220.37
6329,8,95,2025-08-11,UPI,Delivered,2293.02
6330,562,80,2025-02-20,Cash,Delivered,2218.84
6331,351,60,2025-09-14,Card,Cancelled,1794.7
6332,395,29,2025-01-11,UPI,Delivered,1096.27
6333,857,66,2025-04-15,UPI,Delivered,567.52
6334,706,34,2025-08-29,UPI,Delivered,2942.67
6335,220,2,2025-05-28,UPI,Cancelled,435.97
6336,187,78,2025-09-16,Cash,Delivered,2667.76
6337,383,91,2025-12-21,UPI,Delivered,709.9
6338,811,72,2025-07-11,Card,Delivered,2085.22
6339,785,4,2025-09-20,UPI,Delivered,561.5
6340,282,64,2025-04-22,Cash,Cancelled,2170.76
6341,886,33,2025-03-30,Cash,Cancelled,700.67
6342,608,83,2025-10-30,Card,Cancelled,950.09
6343,489,67,2025-01-15,UPI,Cancelled,1118.04
6344,111,43,2025-06-02,UPI,Cancelled,522.06
6345,40,53,2025-11-03,Card,Cancelled,2123.75
6346,95,28,2025-12-30,UPI,Cancelled,1486.57
6347,684,65,2025-07-09,Card,Delivered,2259.02
6348,625,93,2025-03-08,Cash,Delivered,2717.09
6349,818,70,2025-12-11,Cash,Cancelled,699.04
6350,814,43,2025-01-07,Cash,Cancelled,730.8
6351,189,48,2025-06-29,UPI,Delivered,2879.58
6352,344,25,2025-02-20,Card,Delivered,305.43
6353,129,77,2025-03-04,Card,Cancelled,1869.45
6354,837,7,2025-07-09,UPI,Delivered,1693.88
6355,453,85,2025-01-11,Card,Cancelled,2358.27
6356,712,85,2025-11-05,UPI,Delivered,2296.55
6357,251,20,2025-04-05,UPI,Delivered,1544.52
6358,540,17,2025-06-11,UPI,Delivered,880.88
6359,767,5,2025-07-05,UPI,Cancelled,1544.15
6360,45,60,2025-12-01,Cash,Delivered,647.12
6361,170,33,2025-05-02,Cash,Cancelled,1084.98
6362,738,40,2025-01-14,Card,Delivered,246.46
6363,374,51,2025-03-29,Card,Delivered,741.91
6364,854,26,2025-07-14,UPI,Delivered,1678.86
6365,790,85,2025-07-25,UPI,Cancelled,2962.46
6366,191,2,2025-03-11,Card,Cancelled,2018.1
6367,572,28,2025-06-10,Cash,Cancelled,1264.38
6368,949,77,2025-03-26,UPI,Cancelled,1448.03
6369,688,27,2025-02-17,UPI,Cancelled,1766.76
6370,540,95,2025-07-23,Card,Cancelled,1118.11
6371,699,39,2025-11-08,UPI,Delivered,1935.4
6372,315,48,2025-11-15,UPI,Delivered,2954.65
6373,289,75,2025-05-12,Card,Cancelled,1042.51
6374,257,28,2025-04-20,Card,Cancelled,624.76
6375,897,22,2025-08-05,UPI,Delivered,2847.65
6376,861,1,2025-12-11,UPI,Delivered,700.54
6377,555,37,2025-12-24,UPI,Cancelled,268.74
6378,229,21,2025-08-03,Card,Delivered,744.13
6379,479,49,2025-01-08,Cash,Cancelled,1012.95
6380,406,51,2025-03-19,Cash,Cancelled,405.06
6381,588,6,2025-12-27,Cash,Delivered,1065.9
6382,585,65,2025-11-12,UPI,Cancelled,391.84
6383,269,48,2025-01-11,Cash,Delivered,401.19
6384,216,1,2025-11-05,UPI,Delivered,1454.94
6385,365,29,2025-02-19,Card,Cancelled,340.28
6386,320,11,2025-07-28,Card,Delivered,1895.12
6387,407,66,2025-10-30,UPI,Delivered,2479.9
6388,402,20,2025-11-24,UPI,Cancelled,1613.71
6389,365,24,2025-05-13,Card,Cancelled,2875.57
6390,964,64,2025-03-20,Cash,Cancelled,1161.36
6391,480,77,2025-03-10,Card,Cancelled,1008.13
6392,331,65,2025-08-14,Card,Delivered,1004.83
6393,371,24,2025-12-17,Cash,Cancelled,1126.79
6394,910,66,2025-12-27,UPI,Delivered,1793.32
6395,929,37,2025-12-01,Card,Delivered,2564.42
6396,741,55,2025-02-07,Card,Cancelled,832.86
6397,696,90,2025-07-12,UPI,Delivered,995.22
6398,204,75,2025-11-20,Cash,Delivered,1712.58
6399,745,15,2025-05-02,Card,Delivered,2298.95
6400,724,89,2025-11-16,Cash,Cancelled,512.9
6401,675,6,2025-01-25,UPI,Cancelled,1340.79
6402,19,26,2025-03-22,Cash,Cancelled,2142.32
6403,791,80,2025-12-05,Cash,Cancelled,1709.56
6404,151,75,2025-07-24,Card,Cancelled,1676.98
6405,338,10,2025-03-21,UPI,Cancelled,2150.38
6406,754,93,2025-05-30,Card,Delivered,1617.52
6407,910,99,2025-01-26,Cash,Delivered,2025.86
6408,856,54,2025-04-27,Cash,Cancelled,2089.53
6409,616,84,2025-02-17,UPI,Cancelled,1837.92
6410,165,74,2025-06-20,UPI,Delivered,231.55
6411,657,40,2025-07-23,Card,Cancelled,2080.44
6412,946,11,2025-06-13,Card,Cancelled,873.32
6413,79,84,2025-04-18,Card,Cancelled,2232.46
6414,640,1,2025-05-30,Card,Delivered,2929.43
6415,935,88,2025-05-20,Cash,Cancelled,335.46
6416,700,8,2025-12-01,UPI,Cancelled,1973.22
6417,206,28,2025-10-24,UPI,Delivered,2131.15
6418,34,7,2025-08-07,UPI,Cancelled,1881.54
6419,658,5,2025-12-02,UPI,Delivered,2387.9
6420,259,63,2025-08-14,Cash,Cancelled,2576.09
6421,725,51,2025-05-30,UPI,Delivered,247.86
6422,807,69,2025-02-14,Card,Delivered,2016.44
6423,792,45,2025-07-26,UPI,Delivered,2238.65
6424,243,18,2025-07-26,UPI,Cancelled,2551.94
6425,304,19,2025-11-03,UPI,Cancelled,599.72
6426,563,66,2025-01-03,Cash,Cancelled,676.87
6427,566,18,2025-06-04,Cash,Cancelled,1353.42
6428,214,48,2025-09-21,UPI,Delivered,1854.16
6429,197,39,2025-09-24,Cash,Delivered,457.5
6430,667,33,2025-06-24,Cash,Cancelled,2023.42
6431,680,10,2025-12-06,UPI,Delivered,2110.56
6432,527,7,2025-08-06,Cash,Cancelled,953.22
6433,931,48,2025-07-13,Card,Delivered,1851.12
6434,818,66,2025-05-24,Card,Delivered,1278.09
6435,773,27,2025-03-21,Card,Delivered,341.24
6436,804,93,2025-11-01,Cash,Delivered,858.13
6437,862,88,2025-07-03,UPI,Cancelled,2857.43
6438,855,95,2025-01-18,Cash,Cancelled,374.07
6439,134,92,2025-10-31,UPI,Delivered,2888.69
6440,744,50,2025-01-28,Cash,Cancelled,503.67
6441,273,19,2025-07-29,UPI,Delivered,2288.42
6442,678,20,2025-11-02,Card,Cancelled,1670.78
6443,35,75,2025-12-10,UPI,Delivered,2876.06
6444,992,31,2025-06-15,UPI,Cancelled,1947.88
6445,409,55,2025-03-17,UPI,Cancelled,1369.12
6446,258,56,2025-06-03,Card,Cancelled,258.28
6447,742,32,2025-04-06,UPI,Delivered,2860.2
6448,336,26,2025-11-19,UPI,Cancelled,1468.19
6449,221,18,2025-06-30,UPI,Cancelled,929.04
6450,18,62,2025-07-18,Card,Delivered,401.86
6451,368,86,2025-12-12,Card,Delivered,487.64
6452,650,9,2025-12-02,Card,Cancelled,922.04
6453,119,49,2025-07-04,UPI,Cancelled,2294.48
6454,550,73,2025-12-07,Card,Cancelled,910.17
6455,643,23,2025-09-13,Card,Cancelled,1701.68
6456,86,35,2025-01-18,UPI,Delivered,2417.85
6457,963,76,2025-05-23,Card,Cancelled,1119.7
6458,763,65,2025-09-19,Card,Cancelled,1354.14
6459,633,48,2025-10-02,Cash,Cancelled,2021.24
6460,303,6,2025-10-11,Card,Delivered,2227.9
6461,878,88,2025-09-22,Cash,Delivered,825.64
6462,180,50,2025-06-29,Card,Delivered,587.34
6463,543,69,2025-05-27,UPI,Delivered,1548.16
6464,672,80,2025-10-17,Cash,Cancelled,976.1
6465,667,75,2025-04-13,Card,Delivered,2043.73
6466,120,16,2025-01-27,Cash,Delivered,2187.13
6467,730,7,2025-07-24,UPI,Cancelled,700.31
6468,524,36,2025-08-04,UPI,Delivered,2143.04
6469,380,50,2025-03-15,Cash,Cancelled,536.61
6470,418,41,2025-05-26,Cash,Cancelled,1053.05
6471,243,6,2025-03-08,UPI,Delivered,1231.17
6472,994,39,2025-11-11,Cash,Delivered,1322.68
6473,633,8,2025-01-24,Card,Cancelled,2061.96
6474,21,37,2025-05-27,Cash,Cancelled,413.98
6475,663,70,2025-08-06,Card,Cancelled,2531.32
6476,538,6,2025-06-15,Card,Cancelled,2379.94
6477,621,9,2025-04-06,UPI,Delivered,750.11
6478,661,73,2025-07-02,UPI,Cancelled,2008.74
6479,290,55,2025-09-02,Cash,Cancelled,1098.21
6480,883,83,2025-03-06,Cash,Cancelled,899.08
6481,299,31,2025-07-26,Cash,Cancelled,1252.54
6482,365,60,2025-09-26,UPI,Cancelled,555.66
6483,795,28,2025-09-13,UPI,Cancelled,1794.31
6484,208,64,2025-03-31,Card,Cancelled,1831.52
6485,645,54,2025-08-04,Cash,Cancelled,322.16
6486,571,20,2025-08-06,UPI,Delivered,1989.09
6487,682,92,2025-07-31,UPI,Cancelled,682.1
6488,468,32,2025-02-16,Card,Delivered,2381.4
6489,618,50,2025-06-13,Cash,Delivered,2104.55
6490,321,78,2025-06-26,UPI,Delivered,858.79
6491,280,78,2025-07-23,UPI,Cancelled,2657.23
6492,424,91,2025-08-13,UPI,Delivered,1567.21
6493,250,99,2025-10-16,UPI,Cancelled,1738.94
6494,593,60,2025-06-08,Cash,Cancelled,2468.5
6495,952,25,2025-08-26,Card,Cancelled,238.68
6496,21,92,2025-10-18,Card,Cancelled,1054.0
6497,165,64,2025-10-18,Cash,Cancelled,386.4
6498,307,46,2025-06-07,Card,Cancelled,2225.96
6499,445,57,2025-11-26,Card,Cancelled,1932.34
6500,822,37,2025-11-26,UPI,Delivered,1171.25
6501,786,73,2025-12-14,Cash,Cancelled,1551.03
6502,407,44,2025-12-01,Cash,Cancelled,2725.79
6503,908,52,2025-04-30,Cash,Cancelled,2697.94
6504,109,40,2025-08-22,UPI,Cancelled,563.55
6505,438,71,2025-05-31,Cash,Delivered,2342.47
6506,637,63,2025-02-20,UPI,Cancelled,1328.5
6507,297,45,2025-06-22,UPI,Cancelled,1653.39
6508,519,16,2025-06-29,Card,Delivered,2106.61
6509,720,8,2025-02-28,Card,Cancelled,659.72
6510,758,31,2025-07-16,UPI,Delivered,1761.84
6511,592,2,2025-07-05,Card,Delivered,1679.37
6512,483,40,2025-09-29,UPI,Delivered,1978.87
6513,126,16,2025-07-05,Card,Cancelled,1371.02
6514,262,90,2025-04-24,Cash,Delivered,754.01
6515,66,73,2025-06-05,Card,Cancelled,1068.07
6516,599,6,2025-06-19,UPI,Cancelled,872.48
6517,242,69,2025-01-15,Card,Cancelled,225.53
6518,597,50,2025-08-05,UPI,Delivered,2872.3
6519,9,18,2025-06-14,Cash,Delivered,1243.53
6520,832,72,2025-10-08,UPI,Cancelled,484.39
6521,955,85,2025-11-10,Card,Delivered,393.98
6522,339,54,2025-02-08,Card,Cancelled,840.25
6523,691,87,2025-08-29,Cash,Delivered,2868.03
6524,439,22,2025-12-14,UPI,Cancelled,708.93
6525,842,79,2025-06-01,Card,Delivered,2160.21
6526,624,92,2025-01-27,UPI,Delivered,885.19
6527,406,89,2025-05-27,Card,Cancelled,1843.83
6528,85,13,2025-08-16,Cash,Cancelled,670.71
6529,654,78,2025-08-27,UPI,Cancelled,960.33
6530,244,66,2025-04-13,UPI,Delivered,1543.93
6531,474,77,2025-12-24,Cash,Cancelled,2065.65
6532,9,20,2025-03-31,UPI,Cancelled,2359.32
6533,280,86,2025-03-22,UPI,Cancelled,2657.2
6534,361,53,2025-03-11,Cash,Delivered,1533.29
6535,456,74,2025-01-19,Card,Delivered,2847.18
6536,717,49,2025-02-25,UPI,Cancelled,1330.9
6537,898,71,2025-02-04,UPI,Cancelled,1440.36
6538,970,77,2025-07-14,Cash,Delivered,2663.52
6539,423,50,2025-05-16,Card,Delivered,977.83
6540,757,66,2025-07-17,UPI,Cancelled,505.41
6541,643,84,2025-01-08,UPI,Cancelled,650.11
6542,506,84,2025-04-19,UPI,Cancelled,1802.49
6543,695,85,2025-03-18,UPI,Cancelled,427.97
6544,158,65,2025-07-28,Card,Delivered,2263.59
6545,130,69,2025-01-17,UPI,Delivered,2079.96
6546,184,46,2025-09-03,Card,Delivered,2189.91
6547,782,35,2025-08-04,Card,Delivered,1807.21
6548,747,72,2025-03-05,UPI,Delivered,337.76
6549,654,23,2025-04-09,UPI,Delivered,1702.3
6550,167,64,2025-02-13,UPI,Delivered,2963.18
6551,715,41,2025-04-03,Card,Cancelled,680.39
6552,843,34,2025-03-04,Cash,Delivered,1276.71
6553,922,2,2025-03-23,UPI,Delivered,347.11
6554,494,54,2025-05-15,Card,Delivered,862.86
6555,883,49,2025-11-20,Card,Delivered,2815.36
6556,841,54,2025-12-07,Cash,Delivered,1541.07
6557,596,24,2025-01-11,Card,Delivered,1624.28
6558,586,12,2025-06-20,Card,Delivered,2524.76
6559,78,53,2025-04-10,Card,Delivered,1352.03
6560,919,83,2025-06-16,UPI,Cancelled,2391.45
6561,392,20,2025-01-12,Card,Delivered,362.27
6562,691,90,2025-07-05,UPI,Delivered,1768.03
6563,299,38,2025-01-17,Cash,Cancelled,2619.99
6564,884,76,2025-09-04,Cash,Cancelled,1129.28
6565,992,27,2025-07-04,UPI,Cancelled,372.78
6566,726,1,2025-04-11,Card,Delivered,433.48
6567,845,9,2025-09-11,UPI,Cancelled,2332.13
6568,892,26,2025-02-17,UPI,Cancelled,1015.31
6569,971,12,2025-10-31,Cash,Delivered,948.9
6570,384,46,2025-11-22,Card,Delivered,1153.06
6571,982,73,2025-09-16,UPI,Cancelled,1185.35
6572,9,85,2025-07-10,Cash,Cancelled,1772.66
6573,813,84,2025-11-09,Card,Cancelled,690.38
6574,735,48,2025-09-06,Cash,Delivered,360.47
6575,686,87,2025-01-20,UPI,Cancelled,1734.82
6576,63,1,2025-10-22,UPI,Cancelled,1301.78
6577,393,21,2025-11-26,UPI,Cancelled,1825.42
6578,714,28,2025-01-04,Cash,Cancelled,624.08
6579,878,13,2025-12-03,Card,Cancelled,2348.66
6580,989,54,2025-11-18,Card,Cancelled,2023.3
6581,680,51,2025-04-14,Cash,Delivered,1048.91
6582,39,41,2025-03-22,Cash,Delivered,1915.93
6583,923,18,2025-07-29,Cash,Delivered,1783.5
6584,970,76,2025-09-16,Cash,Cancelled,1728.46
6585,147,34,2025-09-01,Card,Cancelled,304.43
6586,365,95,2025-11-12,Card,Cancelled,1064.83
6587,325,8,2025-06-07,Cash,Delivered,704.29
6588,31,30,2025-07-12,Cash,Delivered,2726.01
6589,567,16,2025-09-12,UPI,Cancelled,166.56
6590,992,53,2025-07-28,Cash,Cancelled,478.38
6591,902,64,2025-09-11,UPI,Delivered,1299.37
6592,52,55,2025-03-03,Cash,Delivered,1004.6
6593,782,66,2025-07-22,Card,Delivered,1485.12
6594,152,65,2025-04-07,Cash,Cancelled,888.42
6595,958,83,2025-03-04,Cash,Cancelled,874.68
6596,101,34,2025-02-08,Card,Delivered,1640.84
6597,555,97,2025-04-01,Cash,Delivered,2326.65
6598,86,14,2025-02-11,Cash,Cancelled,1065.63
6599,900,42,2025-08-11,UPI,Cancelled,1163.54
6600,831,19,2025-03-31,Card,Cancelled,2277.02
6601,2,70,2025-03-17,UPI,Delivered,1974.01
6602,33,84,2025-03-05,UPI,Cancelled,2549.9
6603,859,96,2025-03-09,Card,Cancelled,1155.78
6604,821,19,2025-01-20,Cash,Delivered,2155.27
6605,490,43,2025-11-12,Card,Delivered,2115.66
6606,676,82,2025-02-18,Cash,Delivered,2240.99
6607,487,28,2025-09-29,Card,Cancelled,2105.81
6608,91,82,2025-06-30,Card,Delivered,2677.02
6609,694,75,2025-12-02,Cash,Cancelled,2920.43
6610,663,22,2025-09-02,Cash,Delivered,2298.08
6611,441,62,2025-11-20,Cash,Delivered,2405.96
6612,589,78,2025-11-29,Card,Delivered,2359.5
6613,227,14,2025-04-05,Card,Delivered,2758.63
6614,609,47,2025-08-20,Card,Cancelled,1994.78
6615,885,56,2025-12-14,UPI,Delivered,280.51
6616,908,26,2025-03-20,Cash,Delivered,2839.7
6617,697,94,2025-06-20,UPI,Cancelled,2171.01
6618,920,60,2025-11-08,Card,Cancelled,2703.15
6619,747,95,2025-04-24,Cash,Delivered,2177.77
6620,572,82,2025-01-29,Card,Cancelled,1939.48
6621,646,95,2025-11-13,Card,Delivered,2586.89
6622,100,40,2025-09-16,UPI,Delivered,786.95
6623,673,71,2025-06-05,UPI,Delivered,2266.01
6624,448,64,2025-05-23,Card,Delivered,2345.41
6625,692,6,2025-08-05,Cash,Cancelled,669.16
6626,703,43,2025-11-12,Cash,Cancelled,1728.39
6627,743,63,2025-07-29,Card,Delivered,2774.64
6628,659,32,2025-01-30,Cash,Cancelled,1906.03
6629,373,48,2025-11-28,Card,Cancelled,194.27
6630,745,43,2025-04-05,Card,Cancelled,2371.41
6631,998,46,2025-12-01,Cash,Delivered,1769.95
6632,889,58,2025-03-24,Cash,Delivered,563.17
6633,680,58,2025-08-12,UPI,Cancelled,477.52
6634,77,52,2025-10-23,Card,Delivered,1280.56
6635,113,18,2025-08-05,Card,Cancelled,1157.3
6636,216,18,2025-09-10,UPI,Delivered,1146.87
6637,928,43,2025-01-11,Cash,Cancelled,716.52
6638,131,93,2025-12-31,Card,Cancelled,2092.62
6639,589,95,2025-07-31,UPI,Delivered,444.27
6640,243,57,2025-06-25,UPI,Cancelled,2378.48
6641,178,75,2025-02-03,Cash,Cancelled,1183.93
6642,355,16,2025-03-18,Cash,Cancelled,1294.62
6643,339,6,2025-11-14,UPI,Delivered,727.82
6644,160,17,2025-06-19,Cash,Delivered,2358.86
6645,319,38,2025-08-04,Card,Delivered,1054.04
6646,466,94,2025-09-20,UPI,Delivered,567.7
6647,426,28,2025-07-14,Cash,Cancelled,1490.02
6648,828,25,2025-11-16,Card,Delivered,449.74
6649,264,66,2025-11-30,Cash,Delivered,883.22
6650,721,80,2025-03-02,Card,Delivered,2555.52
6651,858,60,2025-02-09,Card,Cancelled,1547.56
6652,40,35,2025-09-04,Card,Delivered,2984.01
6653,246,31,2025-05-15,Cash,Delivered,251.97
6654,863,7,2025-06-27,UPI,Cancelled,347.45
6655,213,88,2025-10-12,Card,Cancelled,1426.36
6656,166,32,2025-02-26,Card,Cancelled,1231.15
6657,998,68,2025-07-03,Cash,Cancelled,2708.14
6658,792,47,2025-07-17,Cash,Delivered,2279.03
6659,517,39,2025-04-25,UPI,Cancelled,1874.36
6660,599,17,2025-03-04,Card,Cancelled,448.55
6661,265,33,2025-07-30,Card,Cancelled,2053.56
6662,530,52,2025-01-12,Cash,Cancelled,623.79
6663,950,47,2025-06-20,UPI,Cancelled,2656.11
6664,182,29,2025-09-20,Card,Cancelled,810.28
6665,37,16,2025-02-21,Card,Cancelled,1762.77
6666,673,8,2025-03-16,Card,Cancelled,841.76
6667,787,82,2025-10-15,Card,Cancelled,459.6
6668,606,50,2025-03-16,UPI,Delivered,2121.48
6669,111,70,2025-02-17,Card,Cancelled,2281.39
6670,96,63,2025-09-06,Cash,Delivered,1373.8
6671,821,85,2025-03-27,Cash,Cancelled,2114.59
6672,566,57,2025-05-23,Cash,Delivered,2833.23
6673,862,21,2025-11-09,UPI,Delivered,210.11
6674,659,71,2025-08-25,Cash,Delivered,993.72
6675,575,51,2025-02-14,Cash,Cancelled,1740.88
6676,735,30,2025-10-02,Cash,Cancelled,151.71
6677,390,79,2025-09-09,Card,Delivered,1864.99
6678,558,43,2025-01-24,Card,Delivered,292.19
6679,601,12,2025-11-26,Cash,Cancelled,2588.1
6680,485,73,2025-07-23,UPI,Delivered,1998.29
6681,430,76,2025-01-31,UPI,Cancelled,651.33
6682,478,75,2025-06-08,UPI,Delivered,881.6
6683,229,65,2025-11-20,UPI,Cancelled,384.7
6684,15,37,2025-05-28,Cash,Cancelled,2407.96
6685,113,22,2025-04-10,UPI,Delivered,240.28
6686,765,95,2025-11-04,Cash,Cancelled,2108.78
6687,200,26,2025-09-04,Card,Delivered,2533.88
6688,619,69,2025-03-21,Cash,Delivered,2566.56
6689,254,94,2025-01-29,UPI,Delivered,430.81
6690,376,4,2025-03-05,Card,Cancelled,1919.68
6691,595,32,2025-12-05,Cash,Cancelled,1396.49
6692,181,88,2025-07-16,Card,Cancelled,2530.25
6693,57,6,2025-03-23,Card,Delivered,2371.93
6694,756,96,2025-01-03,Card,Cancelled,519.93
6695,311,55,2025-07-11,UPI,Delivered,860.61
6696,927,45,2025-10-03,UPI,Delivered,2218.41
6697,275,10,2025-09-16,UPI,Delivered,1998.76
6698,901,96,2025-05-23,UPI,Cancelled,2544.98
6699,829,97,2025-04-18,Card,Cancelled,746.32
6700,440,2,2025-05-01,UPI,Cancelled,1702.8
6701,269,94,2025-10-19,UPI,Cancelled,1709.68
6702,660,66,2025-03-30,Card,Cancelled,1399.93
6703,721,51,2025-04-24,UPI,Delivered,1210.51
6704,724,44,2025-08-24,Card,Delivered,2586.43
6705,762,1,2025-01-20,Card,Delivered,2628.46
6706,923,71,2025-11-11,Cash,Delivered,1324.82
6707,921,17,2025-07-05,Card,Cancelled,2811.13
6708,98,16,2025-11-22,Card,Cancelled,1591.36
6709,590,6,2025-10-03,UPI,Cancelled,2347.39
6710,579,15,2025-07-13,UPI,Cancelled,983.08
6711,343,25,2025-12-17,Card,Delivered,1379.68
6712,391,7,2025-07-06,UPI,Cancelled,1513.18
6713,829,16,2025-12-07,Card,Cancelled,2280.62
6714,355,94,2025-06-09,UPI,Delivered,729.86
6715,385,6,2025-06-17,Card,Delivered,2957.54
6716,290,75,2025-06-25,Cash,Delivered,1781.99
6717,162,70,2025-03-04,Cash,Cancelled,254.61
6718,947,85,2025-01-18,Cash,Cancelled,664.04
6719,394,18,2025-03-18,Cash,Delivered,342.68
6720,668,26,2025-07-24,Card,Cancelled,2152.5
6721,295,22,2025-02-19,UPI,Cancelled,1452.76
6722,296,62,2025-02-22,UPI,Delivered,364.5
6723,624,86,2025-03-28,Card,Cancelled,365.17
6724,168,35,2025-05-29,Cash,Delivered,1077.66
6725,480,9,2025-02-01,UPI,Delivered,1035.0
6726,518,9,2025-09-16,Card,Cancelled,2632.79
6727,509,60,2025-01-25,UPI,Delivered,2360.55
6728,816,49,2025-09-07,Card,Delivered,1575.09
6729,501,71,2025-10-26,UPI,Delivered,986.16
6730,435,35,2025-11-18,Cash,Delivered,1693.87
6731,769,53,2025-07-23,Card,Delivered,2898.6
6732,223,86,2025-11-21,Card,Delivered,1645.02
6733,710,22,2025-10-16,Card,Cancelled,2863.72
6734,638,75,2025-09-25,Cash,Delivered,2083.32
6735,697,78,2025-07-24,Cash,Delivered,2209.7
6736,471,77,2025-07-19,Card,Delivered,656.77
6737,3,13,2025-10-24,UPI,Delivered,1085.36
6738,1000,64,2025-05-09,Cash,Cancelled,1526.94
6739,375,52,2025-11-05,Card,Delivered,947.33
6740,407,50,2025-12-16,UPI,Delivered,2234.02
6741,4,35,2025-03-24,Card,Cancelled,1858.84
6742,134,77,2025-04-28,Cash,Delivered,1839.66
6743,860,3,2025-09-17,Cash,Cancelled,972.45
6744,243,59,2025-04-27,Card,Delivered,2622.86
6745,411,37,2025-11-25,UPI,Delivered,2910.21
6746,92,95,2025-11-07,Card,Cancelled,2516.38
6747,805,48,2025-07-28,UPI,Delivered,2628.27
6748,898,79,2025-05-06,UPI,Delivered,965.71
6749,257,37,2025-11-04,Card,Delivered,1154.12
6750,550,39,2025-12-04,UPI,Cancelled,974.3
6751,126,32,2025-08-07,Cash,Cancelled,1034.83
6752,718,72,2025-02-23,Card,Cancelled,1017.31
6753,672,20,2025-06-25,UPI,Cancelled,2576.29
6754,366,99,2025-03-18,UPI,Cancelled,1697.68
6755,238,44,2025-04-23,Card,Cancelled,494.85
6756,103,46,2025-01-28,UPI,Cancelled,1461.24
6757,166,61,2025-08-11,Cash,Cancelled,207.41
6758,818,72,2025-01-10,UPI,Delivered,1974.61
6759,795,68,2025-02-02,Cash,Delivered,1032.51
6760,367,81,2025-07-01,UPI,Cancelled,539.15
6761,479,53,2025-02-01,Cash,Delivered,952.92
6762,229,52,2025-03-27,Cash,Cancelled,2079.6
6763,481,33,2025-03-24,Card,Delivered,1199.96
6764,51,16,2025-12-16,Cash,Cancelled,1001.99
6765,102,76,2025-06-27,Card,Delivered,1039.01
6766,393,29,2025-04-30,Card,Delivered,1762.67
6767,719,100,2025-11-28,UPI,Delivered,468.34
6768,476,10,2025-06-10,UPI,Delivered,1988.58
6769,334,87,2025-02-10,UPI,Delivered,1590.75
6770,898,39,2025-02-13,Card,Delivered,2348.93
6771,999,51,2025-07-25,Card,Delivered,2853.57
6772,151,36,2025-01-09,Card,Delivered,1299.23
6773,428,9,2025-12-01,UPI,Cancelled,2433.23
6774,19,93,2025-10-15,Card,Cancelled,798.02
6775,266,24,2025-08-28,Card,Cancelled,863.09
6776,906,27,2025-07-23,Card,Delivered,1297.48
6777,547,72,2025-04-27,Cash,Cancelled,2963.27
6778,974,36,2025-04-05,UPI,Delivered,2158.07
6779,176,62,2025-04-03,UPI,Delivered,2485.77
6780,594,60,2025-09-28,Card,Cancelled,2379.42
6781,204,48,2025-10-29,Card,Cancelled,803.64
6782,214,62,2025-02-23,Cash,Cancelled,2932.96
6783,928,31,2025-09-12,UPI,Delivered,2586.95
6784,603,40,2025-06-10,Cash,Delivered,2593.01
6785,546,63,2025-09-15,Cash,Delivered,1396.48
6786,552,51,2025-08-10,Card,Delivered,1786.53
6787,77,89,2025-03-17,UPI,Delivered,1603.98
6788,373,39,2025-09-12,Cash,Delivered,1018.32
6789,538,32,2025-10-28,UPI,Cancelled,152.89
6790,112,4,2025-02-03,Cash,Cancelled,1426.98
6791,27,70,2025-05-30,Card,Delivered,425.66
6792,929,11,2025-10-10,UPI,Delivered,1222.29
6793,2,38,2025-06-10,Cash,Cancelled,1405.75
6794,393,67,2025-04-02,UPI,Cancelled,1583.0
6795,450,30,2025-08-15,UPI,Cancelled,1110.15
6796,616,32,2025-03-03,Cash,Cancelled,2036.79
6797,664,38,2025-10-01,Card,Delivered,435.81
6798,333,58,2025-05-12,UPI,Delivered,1139.26
6799,52,36,2025-10-15,UPI,Cancelled,616.2
6800,421,97,2025-09-25,UPI,Cancelled,749.59
6801,73,9,2025-10-26,Cash,Delivered,216.55
6802,308,49,2025-04-23,UPI,Delivered,981.69
6803,50,83,2025-01-20,Cash,Cancelled,170.04
6804,505,82,2025-02-18,Cash,Cancelled,1072.86
6805,181,59,2025-04-29,Cash,Delivered,2008.8
6806,263,92,2025-01-08,Cash,Cancelled,2908.3
6807,854,37,2025-11-14,Cash,Cancelled,795.52
6808,18,77,2025-04-29,Card,Cancelled,1810.06
6809,957,86,2025-06-05,UPI,Delivered,544.27
6810,400,79,2025-10-18,Card,Delivered,2004.18
6811,270,38,2025-12-14,Cash,Delivered,2436.42
6812,372,92,2025-08-06,Card,Delivered,854.15
6813,333,3,2025-12-04,Card,Delivered,1154.3
6814,748,31,2025-03-12,UPI,Cancelled,2364.59
6815,566,28,2025-07-18,UPI,Delivered,1633.08
6816,266,92,2025-11-28,Card,Cancelled,429.65
6817,326,58,2025-08-01,UPI,Delivered,193.25
6818,870,40,2025-03-20,UPI,Cancelled,151.73
6819,215,34,2025-02-26,UPI,Delivered,2533.82
6820,569,50,2025-11-24,UPI,Delivered,1684.72
6821,570,37,2025-09-17,Card,Cancelled,2113.45
6822,228,39,2025-04-08,Card,Cancelled,2648.65
6823,386,2,2025-01-18,Card,Cancelled,2464.59
6824,610,37,2025-05-25,UPI,Cancelled,263.35
6825,427,89,2025-02-12,Card,Delivered,1673.49
6826,95,13,2025-10-01,Cash,Cancelled,852.03
6827,492,95,2025-03-25,Cash,Delivered,332.44
6828,907,62,2025-12-19,Cash,Cancelled,1794.06
6829,521,74,2025-06-01,Card,Delivered,496.97
6830,262,39,2025-05-03,Cash,Cancelled,2603.71
6831,11,79,2025-08-11,Cash,Delivered,1611.47
6832,59,59,2025-11-09,UPI,Delivered,969.61
6833,263,29,2025-11-12,Cash,Cancelled,2602.59
6834,138,47,2025-04-26,UPI,Delivered,1323.93
6835,892,70,2025-10-08,Card,Delivered,782.32
6836,222,10,2025-11-12,Card,Delivered,1915.84
6837,768,18,2025-06-12,Cash,Delivered,2481.63
6838,165,32,2025-06-20,Card,Delivered,1445.0
6839,652,97,2025-07-17,Card,Delivered,1211.56
6840,244,26,2025-04-15,Cash,Cancelled,282.09
6841,177,63,2025-08-07,Card,Cancelled,1524.8
6842,879,54,2025-04-14,Card,Delivered,1469.91
6843,970,97,2025-02-23,Cash,Cancelled,1137.15
6844,524,98,2025-10-28,Card,Cancelled,828.76
6845,8,25,2025-12-30,UPI,Cancelled,2769.25
6846,53,100,2025-03-09,Cash,Cancelled,615.07
6847,634,70,2025-03-23,UPI,Cancelled,373.29
6848,719,7,2025-03-28,Cash,Cancelled,1361.94
6849,678,16,2025-01-16,UPI,Delivered,2271.96
6850,144,25,2025-05-09,Cash,Delivered,2778.93
6851,274,92,2025-01-14,Card,Cancelled,219.97
6852,292,20,2025-12-23,UPI,Delivered,590.96
6853,714,77,2025-06-23,Card,Cancelled,2866.11
6854,511,24,2025-07-31,UPI,Delivered,2914.89
6855,239,4,2025-12-02,UPI,Cancelled,1865.37
6856,444,30,2025-05-27,Cash,Delivered,2968.77
6857,211,68,2025-10-11,Cash,Cancelled,2688.8
6858,696,34,2025-03-10,UPI,Delivered,1495.8
6859,345,88,2025-06-02,Cash,Delivered,2410.25
6860,913,39,2025-08-06,Card,Cancelled,913.98
6861,300,37,2025-10-02,UPI,Delivered,1364.9
6862,737,98,2025-06-19,Cash,Delivered,1315.41
6863,966,33,2025-01-03,Cash,Cancelled,2094.0
6864,517,30,2025-10-06,UPI,Cancelled,895.81
6865,571,44,2025-03-10,Card,Cancelled,164.19
6866,287,37,2025-10-08,Card,Delivered,418.4
6867,644,68,2025-02-07,Cash,Delivered,483.59
6868,241,90,2025-04-10,Card,Cancelled,381.6
6869,281,55,2025-09-02,Cash,Cancelled,537.75
6870,364,42,2025-09-07,Card,Cancelled,1204.4
6871,832,40,2025-06-24,Card,Cancelled,2897.97
6872,343,78,2025-05-29,Card,Delivered,739.92
6873,75,60,2025-04-07,Cash,Cancelled,560.09
6874,581,22,2025-03-01,Cash,Delivered,2043.78
6875,135,23,2025-06-15,Card,Delivered,181.63
6876,610,75,2025-06-12,UPI,Cancelled,1950.44
6877,633,24,2025-07-31,Card,Delivered,1687.36
6878,430,50,2025-06-10,Card,Cancelled,2269.51
6879,40,81,2025-02-16,Card,Cancelled,813.26
6880,935,31,2025-02-17,UPI,Cancelled,1567.15
6881,258,65,2025-03-22,UPI,Delivered,2707.0
6882,104,92,2025-12-03,Card,Cancelled,653.18
6883,573,92,2025-12-05,Cash,Delivered,2689.22
6884,13,82,2025-12-27,Card,Delivered,1449.96
6885,206,82,2025-09-07,Cash,Cancelled,2893.16
6886,168,60,2025-07-21,Card,Delivered,2669.89
6887,276,63,2025-03-16,UPI,Delivered,686.92
6888,358,3,2025-01-06,Cash,Cancelled,985.75
6889,372,63,2025-10-12,Card,Delivered,1140.69
6890,873,61,2025-03-15,UPI,Delivered,1299.76
6891,184,60,2025-06-20,Cash,Cancelled,1658.57
6892,457,97,2025-10-28,Card,Delivered,2550.7
6893,736,12,2025-01-07,Card,Delivered,1698.0
6894,459,62,2025-07-27,Card,Cancelled,2949.35
6895,231,63,2025-03-09,UPI,Delivered,897.21
6896,542,69,2025-10-04,Cash,Cancelled,2506.23
6897,818,22,2025-02-03,Cash,Delivered,2209.11
6898,376,24,2025-02-19,Cash,Delivered,1379.61
6899,555,71,2025-09-21,Cash,Delivered,1063.1
6900,348,50,2025-04-16,Cash,Delivered,2534.09
6901,10,24,2025-12-02,Cash,Cancelled,534.01
6902,957,79,2025-09-09,Cash,Cancelled,1137.35
6903,157,37,2025-07-10,Card,Cancelled,1479.92
6904,356,98,2025-11-19,Card,Cancelled,2413.59
6905,613,34,2025-05-22,Cash,Cancelled,2517.46
6906,276,4,2025-06-01,Cash,Cancelled,317.44
6907,113,40,2025-09-25,Card,Delivered,651.47
6908,371,71,2025-05-08,UPI,Cancelled,2236.18
6909,536,32,2025-11-10,Cash,Cancelled,255.94
6910,522,89,2025-12-08,Card,Cancelled,323.39
6911,673,64,2025-10-30,Card,Cancelled,1620.95
6912,975,84,2025-04-02,Cash,Cancelled,2075.31
6913,884,90,2025-02-05,Card,Cancelled,377.21
6914,273,40,2025-10-29,Cash,Delivered,919.55
6915,346,25,2025-04-05,UPI,Delivered,743.67
6916,85,2,2025-05-30,UPI,Cancelled,847.61
6917,92,71,2025-02-15,UPI,Delivered,1828.98
6918,302,49,2025-09-30,UPI,Cancelled,353.58
6919,202,2,2025-10-13,UPI,Delivered,1021.98
6920,443,47,2025-07-21,Cash,Delivered,1968.57
6921,700,77,2025-05-20,Cash,Cancelled,581.43
6922,826,14,2025-10-18,Card,Cancelled,2921.89
6923,836,57,2025-03-09,Cash,Delivered,1023.21
6924,548,93,2025-08-12,UPI,Delivered,2638.05
6925,945,71,2025-05-13,Card,Cancelled,1538.71
6926,111,86,2025-03-17,UPI,Delivered,623.08
6927,175,38,2025-05-28,Card,Cancelled,769.6
6928,67,19,2025-02-24,UPI,Delivered,800.51
6929,414,78,2025-01-01,UPI,Cancelled,182.82
6930,929,47,2025-06-12,Cash,Delivered,2291.16
6931,851,62,2025-12-21,Card,Cancelled,1553.68
6932,771,54,2025-09-21,Cash,Cancelled,1280.13
6933,168,59,2025-03-02,Cash,Delivered,1355.1
6934,184,4,2025-06-02,Card,Cancelled,2221.79
6935,800,22,2025-04-15,UPI,Cancelled,774.81
6936,397,24,2025-05-04,Cash,Delivered,1414.26
6937,262,64,2025-03-07,Cash,Cancelled,251.86
6938,413,61,2025-01-09,UPI,Cancelled,1905.73
6939,545,22,2025-09-26,Card,Delivered,2006.92
6940,329,28,2025-05-31,Cash,Cancelled,2050.41
6941,439,93,2025-11-11,UPI,Delivered,560.57
6942,715,38,2025-04-15,UPI,Delivered,1739.12
6943,59,39,2025-11-16,UPI,Delivered,377.78
6944,889,31,2025-03-13,Card,Cancelled,211.19
6945,972,53,2025-07-11,UPI,Delivered,2525.35
6946,69,65,2025-06-28,Card,Cancelled,598.77
6947,167,95,2025-02-24,Cash,Cancelled,1733.61
6948,7,89,2025-11-01,Card,Delivered,2143.41
6949,359,51,2025-07-24,Card,Delivered,2660.1
6950,479,5,2025-03-23,Cash,Cancelled,2563.73
6951,916,77,2025-02-23,Cash,Delivered,985.56
6952,306,35,2025-11-24,Cash,Delivered,696.27
6953,460,36,2025-06-06,UPI,Cancelled,1191.92
6954,474,54,2025-11-30,UPI,Cancelled,1360.7
6955,574,71,2025-03-18,UPI,Delivered,2602.75
6956,618,81,2025-02-26,Cash,Cancelled,2732.76
6957,298,45,2025-09-12,Cash,Delivered,1490.33
6958,92,38,2025-07-30,Cash,Cancelled,1452.91
6959,640,57,2025-09-20,Card,Delivered,2534.01
6960,572,90,2025-01-27,Cash,Delivered,2340.92
6961,465,46,2025-01-30,Card,Delivered,2747.91
6962,422,53,2025-08-04,Card,Cancelled,1899.24
6963,916,63,2025-03-14,UPI,Cancelled,1187.74
6964,821,67,2025-05-21,Card,Cancelled,2617.47
6965,71,16,2025-11-17,UPI,Delivered,967.18
6966,387,11,2025-12-10,UPI,Delivered,1493.66
6967,626,57,2025-04-15,Cash,Cancelled,1762.56
6968,832,61,2025-12-27,Cash,Delivered,486.59
6969,551,14,2025-09-23,Cash,Cancelled,2274.83
6970,340,44,2025-02-25,Card,Delivered,922.33
6971,110,21,2025-03-09,Card,Cancelled,1011.18
6972,753,95,2025-05-20,Cash,Delivered,1992.46
6973,981,28,2025-09-23,Cash,Cancelled,2108.65
6974,32,71,2025-01-30,Cash,Delivered,447.34
6975,841,20,2025-04-13,Cash,Cancelled,1832.24
6976,915,35,2025-12-07,UPI,Cancelled,404.84
6977,796,30,2025-12-13,Cash,Delivered,1100.46
6978,577,13,2025-07-15,Cash,Delivered,1512.95
6979,378,67,2025-05-12,UPI,Delivered,868.02
6980,475,64,2025-08-12,Card,Cancelled,1523.46
6981,438,72,2025-10-24,UPI,Cancelled,2119.32
6982,276,80,2025-07-25,Cash,Delivered,2390.6
6983,241,76,2025-06-01,Card,Cancelled,2015.27
6984,413,57,2025-03-07,Card,Delivered,1358.56
6985,393,100,2025-10-13,Cash,Delivered,434.47
6986,222,83,2025-05-22,UPI,Cancelled,1875.23
6987,364,27,2025-03-17,Card,Cancelled,1126.14
6988,677,11,2025-06-17,UPI,Delivered,2856.43
6989,303,40,2025-04-09,UPI,Cancelled,700.52
6990,24,46,2025-10-15,Cash,Cancelled,927.06
6991,868,16,2025-07-28,Card,Delivered,2156.83
6992,806,66,2025-05-16,Card,Delivered,1495.86
6993,269,22,2025-01-25,Card,Cancelled,964.61
6994,479,79,2025-03-22,Cash,Delivered,1076.39
6995,336,89,2025-02-26,UPI,Delivered,2007.52
6996,441,39,2025-09-25,Cash,Delivered,848.25
6997,938,51,2025-08-24,Card,Cancelled,1311.86
6998,881,31,2025-12-26,UPI,Cancelled,1206.04
6999,520,5,2025-03-08,Card,Delivered,1863.46
7000,213,63,2025-12-20,Cash,Delivered,2084.28
7001,991,69,2025-07-26,Card,Delivered,306.55
7002,614,56,2025-01-15,UPI,Cancelled,1495.68
7003,127,40,2025-03-24,Cash,Delivered,2636.83
7004,470,22,2025-01-17,Card,Delivered,2522.57
7005,386,31,2025-04-05,Cash,Cancelled,445.02
7006,238,46,2025-07-28,UPI,Delivered,2093.98
7007,701,92,2025-01-07,UPI,Delivered,1869.64
7008,918,56,2025-03-23,Cash,Cancelled,1330.48
7009,907,30,2025-04-12,Cash,Delivered,1441.12
7010,109,96,2025-12-10,Cash,Delivered,2949.71
7011,193,26,2025-10-13,Cash,Delivered,716.63
7012,521,67,2025-02-08,UPI,Cancelled,2476.06
7013,730,86,2025-11-20,UPI,Cancelled,2884.98
7014,972,26,2025-02-04,Cash,Cancelled,369.28
7015,100,5,2025-10-22,Card,Delivered,2467.96
7016,567,92,2025-04-14,UPI,Cancelled,836.25
7017,330,64,2025-10-19,Card,Delivered,670.57
7018,333,7,2025-08-21,Cash,Delivered,2441.98
7019,668,20,2025-03-18,Cash,Delivered,2906.75
7020,829,49,2025-04-04,UPI,Cancelled,505.62
7021,867,68,2025-05-11,UPI,Cancelled,759.09
7022,883,67,2025-06-26,UPI,Cancelled,2684.86
7023,406,28,2025-03-29,Card,Cancelled,2732.53
7024,843,33,2025-02-03,Card,Cancelled,496.37
7025,136,97,2025-02-14,Card,Cancelled,1094.63
7026,559,22,2025-01-30,UPI,Cancelled,2590.1
7027,696,19,2025-07-29,UPI,Cancelled,571.58
7028,664,88,2025-06-10,Card,Delivered,1214.35
7029,68,1,2025-10-28,UPI,Delivered,392.44
7030,755,76,2025-12-13,Card,Cancelled,2407.35
7031,695,68,2025-07-25,Cash,Cancelled,1664.2
7032,336,38,2025-10-17,Card,Cancelled,225.47
7033,3,23,2025-03-08,UPI,Cancelled,2959.0
7034,512,63,2025-07-27,Cash,Delivered,973.38
7035,78,29,2025-10-10,Card,Delivered,2464.43
7036,538,45,2025-07-24,UPI,Cancelled,338.17
7037,22,3,2025-09-05,Card,Delivered,1857.94
7038,720,91,2025-11-15,UPI,Cancelled,1281.57
7039,445,59,2025-10-06,Cash,Delivered,2727.61
7040,197,46,2025-05-17,Cash,Delivered,470.54
7041,214,20,2025-02-12,Cash,Delivered,2565.33
7042,819,13,2025-01-29,Cash,Delivered,327.35
7043,578,31,2025-06-08,Cash,Cancelled,734.75
7044,687,85,2025-02-19,UPI,Cancelled,2041.08
7045,83,83,2025-06-08,UPI,Delivered,864.07
7046,934,59,2025-08-23,Cash,Delivered,521.45
7047,493,45,2025-04-27,Cash,Cancelled,2844.23
7048,395,93,2025-03-03,Card,Cancelled,1248.83
7049,768,85,2025-08-30,Cash,Delivered,1913.91
7050,987,83,2025-09-14,UPI,Cancelled,572.31
7051,894,85,2025-10-24,UPI,Cancelled,2005.28
7052,931,13,2025-09-08,UPI,Cancelled,1879.59
7053,677,88,2025-10-12,Cash,Delivered,167.19
7054,194,62,2025-06-22,UPI,Cancelled,1770.83
7055,860,64,2025-07-08,Card,Cancelled,2127.87
7056,975,7,2025-03-01,Card,Delivered,1407.54
7057,35,90,2025-02-03,Cash,Delivered,2159.51
7058,931,80,2025-08-21,Cash,Delivered,753.64
7059,753,90,2025-07-09,UPI,Delivered,1747.72
7060,577,33,2025-06-06,UPI,Cancelled,2350.09
7061,750,39,2025-11-28,UPI,Cancelled,2358.59
7062,41,68,2025-04-17,Card,Delivered,402.68
7063,908,65,2025-04-24,Card,Cancelled,1333.06
7064,434,45,2025-05-25,Card,Delivered,2237.66
7065,829,19,2025-10-23,Card,Delivered,1842.99
7066,525,64,2025-04-25,UPI,Cancelled,583.55
7067,868,32,2025-07-15,UPI,Delivered,2774.97
7068,964,93,2025-12-02,Card,Cancelled,1316.51
7069,189,65,2025-03-11,Cash,Cancelled,2306.94
7070,63,78,2025-06-07,Card,Delivered,2628.2
7071,263,46,2025-09-30,UPI,Delivered,2813.14
7072,296,3,2025-08-24,Card,Cancelled,2081.06
7073,451,69,2025-04-14,Card,Cancelled,2202.23
7074,359,61,2025-09-01,Card,Cancelled,2267.72
7075,182,40,2025-10-17,Card,Cancelled,2499.48
7076,829,78,2025-12-18,Cash,Cancelled,2095.3
7077,39,92,2025-05-03,Card,Delivered,2758.34
7078,414,1,2025-07-16,UPI,Delivered,2383.24
7079,925,45,2025-01-25,UPI,Cancelled,462.26
7080,767,77,2025-04-16,UPI,Cancelled,2423.13
7081,655,98,2025-09-14,Cash,Cancelled,2150.13
7082,278,99,2025-11-15,Card,Cancelled,443.84
7083,312,46,2025-01-18,Cash,Delivered,316.89
7084,726,96,2025-03-20,Card,Cancelled,2984.17
7085,738,3,2025-11-14,Cash,Delivered,2871.4
7086,436,69,2025-06-15,UPI,Delivered,1877.93
7087,317,75,2025-09-18,UPI,Delivered,1846.78
7088,917,10,2025-04-28,Card,Cancelled,1808.8
7089,711,49,2025-02-15,Card,Cancelled,2919.09
7090,19,86,2025-06-30,Cash,Delivered,387.91
7091,203,10,2025-06-08,Card,Delivered,328.04
7092,286,83,2025-10-15,Cash,Cancelled,2542.31
7093,663,16,2025-07-18,Cash,Cancelled,2460.97
7094,767,37,2025-11-08,Cash,Cancelled,1138.19
7095,778,70,2025-10-06,Cash,Cancelled,455.31
7096,550,18,2025-12-01,UPI,Cancelled,1101.13
7097,220,94,2025-03-28,Card,Delivered,2108.49
7098,73,43,2025-12-28,Cash,Cancelled,1920.66
7099,548,31,2025-06-07,Card,Delivered,397.34
7100,608,54,2025-10-10,Card,Cancelled,2610.46
7101,340,64,2025-10-29,Card,Delivered,1939.96
7102,246,21,2025-09-02,Cash,Cancelled,356.91
7103,930,89,2025-12-17,Cash,Delivered,2814.37
7104,254,43,2025-10-11,Card,Cancelled,377.94
7105,265,29,2025-02-12,Card,Cancelled,2760.09
7106,103,55,2025-02-07,Card,Cancelled,576.19
7107,202,37,2025-09-19,UPI,Cancelled,2322.53
7108,194,64,2025-01-12,Cash,Delivered,913.56
7109,186,68,2025-06-06,UPI,Cancelled,395.92
7110,54,79,2025-02-04,Cash,Cancelled,2386.82
7111,598,13,2025-08-10,UPI,Delivered,1472.48
7112,387,5,2025-10-12,UPI,Cancelled,964.99
7113,278,88,2025-01-01,Card,Cancelled,162.81
7114,850,61,2025-07-03,Cash,Cancelled,1082.44
7115,105,41,2025-01-30,UPI,Cancelled,2389.71
7116,268,83,2025-12-12,Card,Cancelled,869.71
7117,829,90,2025-07-24,UPI,Delivered,2771.56
7118,712,47,2025-11-03,Cash,Cancelled,1741.54
7119,757,94,2025-04-04,UPI,Delivered,2869.12
7120,288,2,2025-09-07,UPI,Cancelled,2169.78
7121,906,30,2025-08-19,UPI,Cancelled,2369.61
7122,61,78,2025-02-16,Cash,Delivered,477.02
7123,265,17,2025-03-16,UPI,Cancelled,1680.98
7124,830,68,2025-11-23,UPI,Cancelled,2904.54
7125,508,50,2025-07-21,Card,Cancelled,888.46
7126,215,1,2025-03-26,Card,Cancelled,594.78
7127,817,80,2025-08-07,Card,Delivered,1589.74
7128,282,93,2025-06-04,Cash,Cancelled,750.06
7129,520,38,2025-09-18,UPI,Delivered,1678.13
7130,497,9,2025-05-11,Cash,Delivered,997.99
7131,390,42,2025-07-14,Cash,Cancelled,1631.57
7132,472,65,2025-03-30,Card,Delivered,1563.03
7133,432,9,2025-12-01,UPI,Delivered,502.5
7134,11,2,2025-03-06,Cash,Cancelled,1205.48
7135,548,62,2025-04-18,Cash,Delivered,337.22
7136,68,36,2025-06-11,Cash,Cancelled,1496.95
7137,436,70,2025-10-08,UPI,Cancelled,904.0
7138,351,82,2025-07-04,UPI,Cancelled,459.04
7139,567,84,2025-07-06,Cash,Delivered,1072.97
7140,792,96,2025-01-08,Cash,Delivered,2288.56
7141,633,22,2025-02-06,UPI,Cancelled,181.6
7142,809,73,2025-12-07,Cash,Delivered,194.63
7143,141,55,2025-07-03,UPI,Cancelled,2245.9
7144,833,28,2025-07-19,UPI,Delivered,2385.38
7145,286,44,2025-01-28,Cash,Delivered,1173.44
7146,751,19,2025-05-08,Card,Delivered,1375.94
7147,163,75,2025-12-30,UPI,Delivered,2670.15
7148,805,51,2025-07-11,Card,Cancelled,500.95
7149,564,17,2025-08-12,Cash,Delivered,1231.51
7150,120,61,2025-01-09,Cash,Cancelled,2306.74
7151,834,24,2025-04-21,Cash,Cancelled,2294.29
7152,122,72,2025-09-30,Card,Cancelled,2655.29
7153,969,43,2025-07-07,Card,Cancelled,1794.1
7154,30,8,2025-03-23,UPI,Delivered,1949.28
7155,460,14,2025-03-28,Cash,Delivered,1389.07
7156,270,76,2025-10-31,Cash,Cancelled,2805.03
7157,244,20,2025-08-28,Cash,Delivered,1768.82
7158,554,61,2025-01-11,Cash,Cancelled,1125.13
7159,620,17,2025-03-30,Card,Delivered,2076.02
7160,893,32,2025-01-16,Cash,Cancelled,1348.68
7161,454,19,2025-12-29,Cash,Cancelled,544.62
7162,465,39,2025-08-20,Cash,Cancelled,1447.71
7163,123,62,2025-04-07,Card,Delivered,1323.93
7164,202,42,2025-01-09,Card,Delivered,1110.4
7165,889,40,2025-04-15,UPI,Cancelled,486.37
7166,491,34,2025-03-16,UPI,Delivered,448.12
7167,774,37,2025-05-19,UPI,Cancelled,213.31
7168,241,53,2025-08-29,Cash,Cancelled,2765.66
7169,97,53,2025-12-25,Card,Delivered,711.78
7170,96,67,2025-11-29,Card,Delivered,715.52
7171,585,4,2025-03-04,Cash,Delivered,506.83
7172,353,71,2025-06-03,Cash,Cancelled,2909.84
7173,542,29,2025-07-03,UPI,Cancelled,2428.8
7174,632,71,2025-11-19,UPI,Cancelled,792.33
7175,695,82,2025-02-20,UPI,Delivered,2848.61
7176,924,59,2025-03-15,Card,Cancelled,174.46
7177,117,31,2025-01-21,Card,Delivered,2518.21
7178,595,68,2025-09-01,Card,Cancelled,2827.25
7179,648,80,2025-01-16,UPI,Delivered,2628.81
7180,346,83,2025-06-03,Card,Cancelled,271.6
7181,234,62,2025-06-08,UPI,Cancelled,2821.72
7182,659,77,2025-10-08,Cash,Cancelled,1624.28
7183,163,68,2025-06-04,Card,Delivered,1971.41
7184,644,59,2025-09-22,Cash,Delivered,468.98
7185,445,92,2025-01-07,Cash,Delivered,2776.4
7186,716,9,2025-04-09,UPI,Delivered,1317.86
7187,915,87,2025-08-04,UPI,Delivered,1662.98
7188,186,64,2025-02-25,Cash,Cancelled,2584.05
7189,796,51,2025-12-19,Card,Cancelled,1693.43
7190,33,48,2025-05-22,Card,Cancelled,1287.82
7191,667,78,2025-05-23,UPI,Delivered,1950.24
7192,380,61,2025-06-09,Card,Delivered,2669.7
7193,668,99,2025-01-21,UPI,Cancelled,275.99
7194,523,53,2025-08-23,Cash,Delivered,2153.7
7195,411,67,2025-07-09,Card,Cancelled,179.28
7196,417,79,2025-07-28,Card,Delivered,1555.65
7197,122,82,2025-04-24,Cash,Delivered,1407.04
7198,573,7,2025-02-14,UPI,Delivered,846.7
7199,281,84,2025-10-20,UPI,Delivered,1813.29
7200,660,31,2025-11-22,UPI,Cancelled,977.9
7201,268,30,2025-09-25,UPI,Cancelled,166.92
7202,833,98,2025-11-26,Card,Cancelled,2117.77
7203,915,59,2025-04-02,Cash,Cancelled,1179.27
7204,99,68,2025-06-01,Cash,Delivered,2054.72
7205,516,2,2025-07-30,Card,Delivered,2394.25
7206,463,35,2025-06-16,Cash,Delivered,764.52
7207,235,41,2025-10-13,Cash,Cancelled,1371.51
7208,670,37,2025-11-09,UPI,Cancelled,2937.26
7209,653,72,2025-04-09,Cash,Delivered,2420.02
7210,425,14,2025-12-19,UPI,Cancelled,2002.54
7211,290,14,2025-10-24,Card,Delivered,1766.84
7212,908,30,2025-05-20,UPI,Delivered,1381.04
7213,165,17,2025-10-28,Cash,Delivered,2513.03
7214,163,82,2025-04-07,Card,Cancelled,759.86
7215,382,52,2025-02-18,Cash,Delivered,1073.07
7216,708,18,2025-10-10,UPI,Delivered,2767.64
7217,531,39,2025-10-30,Card,Delivered,2542.07
7218,379,60,2025-03-02,Cash,Delivered,2147.28
7219,650,82,2025-11-02,Card,Cancelled,1471.89
7220,641,15,2025-11-07,UPI,Delivered,1584.2
7221,552,35,2025-02-20,Card,Delivered,2021.55
7222,936,19,2025-04-03,Cash,Cancelled,1977.39
7223,466,97,2025-11-13,Card,Delivered,2432.47
7224,197,94,2025-03-01,Cash,Delivered,1111.84
7225,799,28,2025-11-09,Card,Delivered,160.98
7226,671,87,2025-02-11,Card,Delivered,2736.05
7227,943,61,2025-01-21,Card,Delivered,1765.47
7228,948,22,2025-02-20,Cash,Cancelled,1054.38
7229,673,53,2025-01-02,Cash,Cancelled,1581.33
7230,952,82,2025-01-07,Card,Delivered,1658.95
7231,33,40,2025-06-02,Card,Delivered,1091.75
7232,660,84,2025-02-17,UPI,Cancelled,544.86
7233,199,93,2025-03-14,UPI,Delivered,2841.09
7234,312,96,2025-04-23,Card,Cancelled,2554.89
7235,15,75,2025-07-06,Cash,Cancelled,334.13
7236,477,39,2025-09-16,UPI,Delivered,2925.33
7237,248,83,2025-02-05,UPI,Delivered,2245.69
7238,333,61,2025-04-18,Card,Delivered,425.53
7239,192,55,2025-08-20,Cash,Cancelled,2287.66
7240,228,21,2025-05-27,Cash,Delivered,1614.38
7241,775,85,2025-12-30,Cash,Delivered,580.45
7242,690,26,2025-12-07,Cash,Cancelled,2714.2
7243,130,18,2025-10-17,UPI,Cancelled,930.34
7244,828,87,2025-07-28,UPI,Delivered,2102.09
7245,194,87,2025-08-24,Cash,Cancelled,1483.83
7246,198,61,2025-07-14,Card,Cancelled,2804.93
7247,35,41,2025-02-19,Cash,Delivered,265.64
7248,258,92,2025-11-01,Cash,Cancelled,967.47
7249,684,20,2025-06-22,Cash,Cancelled,2387.09
7250,603,43,2025-02-21,UPI,Delivered,1059.29
7251,258,35,2025-10-09,Card,Delivered,1072.18
7252,108,92,2025-08-07,Card,Cancelled,2189.87
7253,763,35,2025-01-14,Cash,Delivered,2274.6
7254,867,3,2025-01-07,Card,Delivered,1483.83
7255,285,85,2025-02-16,Card,Cancelled,1628.43
7256,119,30,2025-09-13,Cash,Delivered,2613.11
7257,102,21,2025-03-09,Cash,Delivered,221.41
7258,779,73,2025-01-09,UPI,Cancelled,1128.89
7259,635,97,2025-02-14,Cash,Delivered,2471.51
7260,748,42,2025-10-19,UPI,Cancelled,2654.18
7261,332,15,2025-05-24,Card,Delivered,2151.47
7262,643,30,2025-01-18,Cash,Cancelled,547.92
7263,99,90,2025-09-04,UPI,Delivered,921.3
7264,525,40,2025-11-05,Cash,Cancelled,2524.66
7265,566,37,2025-08-12,Cash,Delivered,993.98
7266,416,40,2025-10-19,Card,Cancelled,2907.4
7267,339,59,2025-06-07,Cash,Cancelled,1403.7
7268,178,6,2025-01-26,UPI,Delivered,717.06
7269,8,26,2025-02-28,Card,Cancelled,2942.1
7270,150,83,2025-01-26,Cash,Delivered,2966.97
7271,126,65,2025-05-29,Cash,Delivered,519.43
7272,438,81,2025-03-22,Card,Delivered,1624.08
7273,415,19,2025-05-15,Cash,Delivered,339.79
7274,179,76,2025-03-30,Card,Delivered,2271.29
7275,301,88,2025-02-23,UPI,Cancelled,1663.44
7276,269,35,2025-10-21,Cash,Cancelled,2699.45
7277,719,38,2025-10-16,UPI,Cancelled,2740.81
7278,999,5,2025-09-05,UPI,Delivered,1638.78
7279,557,67,2025-08-13,Card,Delivered,2026.12
7280,747,60,2025-12-28,Cash,Delivered,1773.21
7281,82,53,2025-05-13,Cash,Cancelled,583.38
7282,731,34,2025-08-21,UPI,Delivered,340.4
7283,63,52,2025-06-09,Card,Cancelled,1561.08
7284,889,99,2025-12-18,UPI,Cancelled,2582.77
7285,312,63,2025-09-13,UPI,Cancelled,2412.91
7286,884,86,2025-01-28,Cash,Cancelled,2349.41
7287,390,49,2025-08-29,UPI,Delivered,1822.6
7288,444,92,2025-05-12,UPI,Cancelled,2670.19
7289,441,78,2025-03-30,Card,Delivered,2744.55
7290,713,91,2025-09-02,Cash,Delivered,322.59
7291,783,98,2025-01-11,Card,Cancelled,1660.6
7292,954,93,2025-09-02,Cash,Delivered,600.32
7293,65,73,2025-12-29,UPI,Cancelled,416.36
7294,480,83,2025-09-04,UPI,Cancelled,317.1
7295,200,28,2025-11-10,UPI,Delivered,2148.25
7296,378,20,2025-06-21,UPI,Cancelled,2906.37
7297,648,39,2025-06-19,UPI,Cancelled,1207.24
7298,94,48,2025-11-26,Card,Cancelled,994.99
7299,543,84,2025-10-04,UPI,Cancelled,197.65
7300,594,71,2025-08-29,UPI,Delivered,634.41
7301,520,47,2025-11-11,Card,Delivered,2960.09
7302,146,70,2025-07-18,Cash,Delivered,2476.05
7303,543,87,2025-02-10,UPI,Cancelled,788.34
7304,89,28,2025-02-22,UPI,Delivered,838.41
7305,35,9,2025-11-02,Card,Delivered,2805.72
7306,934,95,2025-05-12,Card,Cancelled,1269.76
7307,935,65,2025-12-09,Card,Cancelled,2107.69
7308,772,66,2025-07-08,Card,Delivered,1386.66
7309,990,86,2025-03-06,Card,Delivered,1570.76
7310,535,24,2025-01-15,Card,Cancelled,2937.15
7311,344,74,2025-05-26,Card,Cancelled,902.75
7312,126,100,2025-04-23,Card,Cancelled,1484.31
7313,257,96,2025-04-12,UPI,Delivered,1267.55
7314,133,71,2025-11-03,Card,Cancelled,1892.57
7315,185,17,2025-06-11,UPI,Cancelled,2880.58
7316,577,61,2025-07-06,Cash,Delivered,1272.25
7317,482,7,2025-07-24,Card,Cancelled,2943.49
7318,797,92,2025-03-18,Cash,Cancelled,1623.11
7319,365,29,2025-11-07,Card,Cancelled,1877.73
7320,607,60,2025-10-15,Cash,Delivered,1368.54
7321,256,61,2025-03-11,UPI,Cancelled,1598.26
7322,314,23,2025-06-14,UPI,Cancelled,1823.75
7323,49,46,2025-05-16,Cash,Delivered,277.22
7324,928,73,2025-12-28,Card,Delivered,928.0
7325,423,91,2025-07-01,Card,Delivered,2188.37
7326,544,79,2025-04-07,Cash,Delivered,655.52
7327,182,53,2025-09-20,Cash,Cancelled,305.59
7328,713,17,2025-09-08,UPI,Delivered,2006.15
7329,7,21,2025-05-02,UPI,Delivered,1900.73
7330,791,20,2025-04-04,Card,Cancelled,1546.68
7331,900,63,2025-06-30,Card,Cancelled,343.99
7332,236,45,2025-02-08,Cash,Cancelled,441.74
7333,661,71,2025-04-18,Cash,Delivered,553.68
7334,291,50,2025-07-08,UPI,Delivered,691.62
7335,974,98,2025-06-21,Cash,Cancelled,590.95
7336,978,98,2025-06-24,Card,Cancelled,2562.92
7337,916,67,2025-03-04,UPI,Cancelled,1419.88
7338,467,55,2025-11-17,Card,Delivered,1049.29
7339,886,84,2025-03-13,UPI,Delivered,177.49
7340,616,65,2025-06-06,UPI,Cancelled,2193.93
7341,715,48,2025-08-04,Cash,Cancelled,1746.36
7342,613,77,2025-07-06,Cash,Delivered,2576.45
7343,152,64,2025-02-05,Card,Cancelled,1916.88
7344,650,20,2025-06-14,Card,Cancelled,1642.92
7345,198,52,2025-02-22,Cash,Cancelled,1593.34
7346,487,71,2025-03-20,Cash,Delivered,1486.38
7347,676,71,2025-05-15,Card,Delivered,1642.11
7348,854,71,2025-08-14,UPI,Delivered,802.19
7349,89,39,2025-09-13,Cash,Cancelled,2989.06
7350,522,13,2025-08-11,Cash,Delivered,2866.58
7351,456,23,2025-12-05,UPI,Delivered,976.57
7352,750,74,2025-01-10,Cash,Delivered,1706.45
7353,850,43,2025-03-27,Card,Delivered,183.39
7354,375,81,2025-04-02,Cash,Cancelled,797.67
7355,336,40,2025-04-01,Cash,Cancelled,1428.57
7356,909,83,2025-05-27,UPI,Delivered,626.42
7357,511,90,2025-11-29,UPI,Delivered,448.36
7358,323,64,2025-01-06,Cash,Cancelled,1981.25
7359,47,53,2025-02-05,UPI,Cancelled,2080.0
7360,259,35,2025-02-09,UPI,Cancelled,1979.86
7361,739,72,2025-04-16,Cash,Cancelled,2648.97
7362,442,52,2025-02-26,Cash,Cancelled,1009.86
7363,732,27,2025-12-22,Card,Delivered,1370.94
7364,69,11,2025-07-26,Card,Delivered,154.43
7365,881,26,2025-07-28,Cash,Cancelled,1231.23
7366,778,19,2025-06-21,UPI,Cancelled,2760.88
7367,765,45,2025-08-14,Card,Cancelled,1287.3
7368,482,49,2025-08-25,UPI,Cancelled,2462.6
7369,402,14,2025-12-29,UPI,Delivered,175.91
7370,500,59,2025-05-16,Cash,Delivered,2252.77
7371,669,12,2025-02-21,Cash,Delivered,1545.69
7372,499,92,2025-07-14,Card,Delivered,1598.24
7373,930,41,2025-01-27,UPI,Cancelled,728.47
7374,390,71,2025-03-05,Cash,Delivered,1658.33
7375,904,24,2025-11-25,Cash,Cancelled,2300.36
7376,290,62,2025-10-26,UPI,Cancelled,459.65
7377,100,35,2025-09-03,Cash,Delivered,1899.03
7378,30,60,2025-04-22,Card,Cancelled,1272.35
7379,544,23,2025-03-03,Card,Delivered,598.95
7380,99,32,2025-10-24,Card,Delivered,1246.44
7381,991,78,2025-01-03,Card,Cancelled,2326.89
7382,378,89,2025-10-20,UPI,Cancelled,2080.61
7383,956,81,2025-11-14,Card,Delivered,715.85
7384,422,15,2025-04-01,Card,Delivered,2030.73
7385,719,73,2025-11-21,Card,Cancelled,517.22
7386,104,37,2025-05-26,UPI,Delivered,2127.0
7387,514,34,2025-08-20,UPI,Delivered,1781.42
7388,657,52,2025-02-07,Card,Delivered,376.65
7389,331,31,2025-01-07,Card,Delivered,397.85
7390,860,76,2025-06-14,Card,Delivered,1481.36
7391,486,78,2025-03-19,Cash,Delivered,1402.08
7392,139,32,2025-05-08,UPI,Delivered,1625.92
7393,984,41,2025-08-05,Card,Delivered,1364.85
7394,972,88,2025-01-05,Card,Delivered,347.99
7395,154,67,2025-04-13,Card,Cancelled,1060.98
7396,373,84,2025-06-06,Cash,Cancelled,2718.93
7397,451,90,2025-03-06,Card,Delivered,2733.49
7398,934,6,2025-05-27,Card,Cancelled,404.32
7399,209,41,2025-03-07,Cash,Cancelled,2317.08
7400,807,14,2025-08-13,UPI,Cancelled,2635.54
7401,739,89,2025-04-19,Cash,Delivered,900.87
7402,781,78,2025-06-13,Cash,Delivered,271.87
7403,956,31,2025-05-12,UPI,Delivered,1859.67
7404,439,46,2025-01-18,Card,Cancelled,2888.87
7405,617,17,2025-07-22,Cash,Delivered,892.89
7406,658,52,2025-10-03,Cash,Delivered,958.14
7407,947,51,2025-02-20,Cash,Delivered,624.73
7408,146,86,2025-11-01,Card,Delivered,707.81
7409,420,9,2025-01-27,Cash,Delivered,899.44
7410,25,55,2025-08-16,UPI,Cancelled,978.77
7411,787,37,2025-02-04,Cash,Delivered,2887.6
7412,589,62,2025-11-27,UPI,Delivered,697.61
7413,301,87,2025-03-16,Card,Cancelled,2081.52
7414,932,25,2025-10-28,UPI,Cancelled,1613.87
7415,714,80,2025-02-20,Cash,Delivered,875.98
7416,937,15,2025-09-15,UPI,Cancelled,2023.55
7417,570,14,2025-09-12,UPI,Delivered,1906.0
7418,140,96,2025-09-28,Card,Delivered,224.55
7419,980,32,2025-11-05,Card,Cancelled,2572.12
7420,767,10,2025-03-02,UPI,Cancelled,1026.55
7421,753,70,2025-02-28,UPI,Delivered,2029.26
7422,232,65,2025-03-14,UPI,Cancelled,2402.06
7423,844,47,2025-03-14,UPI,Cancelled,2023.06
7424,47,4,2025-12-10,UPI,Delivered,1275.57
7425,307,6,2025-02-28,Card,Cancelled,2198.2
7426,328,63,2025-07-04,Cash,Delivered,2620.78
7427,301,61,2025-05-07,Cash,Cancelled,2114.7
7428,276,80,2025-05-09,Card,Delivered,2465.59
7429,358,80,2025-02-07,UPI,Cancelled,1706.68
7430,301,88,2025-07-16,UPI,Delivered,513.86
7431,50,91,2025-07-15,Cash,Delivered,519.51
7432,67,32,2025-03-21,Cash,Delivered,599.98
7433,613,55,2025-10-18,Cash,Delivered,1817.69
7434,809,41,2025-08-14,Card,Cancelled,1801.6
7435,808,85,2025-03-11,Cash,Delivered,1933.74
7436,805,84,2025-08-04,Cash,Delivered,387.42
7437,99,22,2025-04-12,UPI,Cancelled,1392.07
7438,289,99,2025-02-01,Cash,Cancelled,2633.65
7439,109,53,2025-05-16,Cash,Delivered,2873.19
7440,29,23,2025-01-02,Cash,Delivered,974.91
7441,914,11,2025-09-15,Cash,Delivered,1756.32
7442,3,53,2025-08-28,UPI,Cancelled,504.61
7443,270,97,2025-11-23,UPI,Delivered,1637.32
7444,244,66,2025-04-05,Cash,Delivered,1235.27
7445,251,63,2025-01-03,Card,Cancelled,627.28
7446,510,4,2025-12-09,Cash,Cancelled,2272.82
7447,330,34,2025-08-07,Card,Delivered,2656.39
7448,81,73,2025-11-23,Cash,Delivered,2397.09
7449,474,66,2025-01-12,Card,Delivered,2863.85
7450,431,79,2025-06-27,Card,Cancelled,1076.7
7451,473,100,2025-01-12,Cash,Cancelled,1733.83
7452,95,69,2025-08-24,Cash,Delivered,316.24
7453,639,93,2025-06-23,Card,Cancelled,1477.76
7454,515,79,2025-07-19,UPI,Delivered,2835.69
7455,68,7,2025-12-12,Card,Delivered,2031.84
7456,819,95,2025-08-27,UPI,Delivered,725.12
7457,802,94,2025-06-08,Card,Cancelled,1707.97
7458,955,27,2025-09-28,Cash,Delivered,2295.58
7459,779,64,2025-07-03,UPI,Delivered,1480.82
7460,587,58,2025-03-12,Cash,Delivered,2046.53
7461,751,93,2025-02-23,Card,Delivered,1022.31
7462,808,78,2025-01-01,UPI,Delivered,669.25
7463,315,67,2025-05-06,UPI,Cancelled,917.12
7464,676,95,2025-02-03,Card,Delivered,759.54
7465,880,33,2025-06-01,Cash,Cancelled,2996.36
7466,317,34,2025-02-11,Cash,Delivered,770.75
7467,382,51,2025-11-23,UPI,Delivered,2500.45
7468,361,17,2025-10-21,UPI,Delivered,2797.76
7469,200,43,2025-09-29,UPI,Delivered,2071.33
7470,334,71,2025-01-21,Card,Cancelled,1285.18
7471,911,100,2025-08-10,Card,Delivered,2679.73
7472,91,43,2025-01-11,Cash,Cancelled,1856.08
7473,721,92,2025-07-18,Card,Cancelled,1253.28
7474,528,91,2025-10-01,Card,Cancelled,482.05
7475,910,64,2025-04-08,Card,Delivered,1158.23
7476,118,75,2025-03-21,Cash,Delivered,449.33
7477,693,74,2025-09-16,Card,Cancelled,1210.04
7478,437,9,2025-05-31,UPI,Delivered,2338.07
7479,387,79,2025-02-05,Cash,Delivered,1876.75
7480,955,80,2025-06-27,UPI,Delivered,2706.81
7481,403,32,2025-01-07,UPI,Cancelled,2091.16
7482,779,47,2025-05-23,Cash,Delivered,985.21
7483,497,76,2025-08-14,UPI,Delivered,1930.68
7484,286,56,2025-03-13,UPI,Delivered,1734.66
7485,171,95,2025-06-22,Card,Cancelled,1445.63
7486,705,79,2025-01-22,UPI,Cancelled,1634.84
7487,252,31,2025-01-09,UPI,Delivered,942.86
7488,92,61,2025-04-10,Cash,Delivered,2211.98
7489,302,15,2025-09-22,Card,Cancelled,1196.88
7490,527,14,2025-10-27,Card,Cancelled,2420.63
7491,579,85,2025-09-13,UPI,Delivered,1593.15
7492,19,98,2025-07-21,Cash,Cancelled,899.43
7493,984,78,2025-05-16,UPI,Cancelled,2498.68
7494,696,36,2025-12-18,Cash,Delivered,2232.93
7495,911,6,2025-01-06,Card,Delivered,1756.24
7496,517,93,2025-06-21,UPI,Delivered,1468.3
7497,130,30,2025-12-23,Cash,Delivered,2019.82
7498,887,19,2025-08-06,Card,Delivered,2299.0
7499,879,22,2025-09-14,UPI,Delivered,1008.04
7500,54,50,2025-01-13,UPI,Delivered,1061.73
7501,942,79,2025-11-23,Cash,Delivered,1092.06
7502,527,60,2025-04-01,Card,Cancelled,766.13
7503,22,44,2025-03-13,Cash,Delivered,1101.61
7504,334,70,2025-07-13,UPI,Cancelled,2608.38
7505,486,74,2025-10-31,UPI,Cancelled,2990.81
7506,907,20,2025-12-08,Cash,Delivered,2095.9
7507,80,38,2025-11-24,Card,Delivered,2433.35
7508,642,34,2025-08-31,Cash,Delivered,2017.76
7509,956,61,2025-02-14,Cash,Delivered,957.02
7510,598,50,2025-10-30,Card,Delivered,2650.66
7511,128,11,2025-11-25,Card,Delivered,1457.65
7512,292,14,2025-07-24,UPI,Cancelled,2613.62
7513,161,93,2025-03-13,UPI,Delivered,671.62
7514,118,89,2025-03-11,Card,Delivered,206.57
7515,949,13,2025-02-11,Cash,Delivered,228.49
7516,570,57,2025-01-22,Card,Delivered,1032.62
7517,750,42,2025-11-27,Card,Cancelled,1349.23
7518,940,64,2025-08-29,UPI,Delivered,2082.21
7519,427,67,2025-11-11,Cash,Cancelled,2291.09
7520,666,58,2025-02-02,Cash,Cancelled,2033.3
7521,8,75,2025-08-31,Cash,Cancelled,614.81
7522,445,74,2025-12-13,UPI,Cancelled,2191.02
7523,807,16,2025-04-15,UPI,Delivered,1296.58
7524,427,42,2025-02-28,UPI,Delivered,1445.57
7525,125,80,2025-05-17,Card,Delivered,1944.97
7526,222,15,2025-10-03,Card,Delivered,2817.56
7527,959,34,2025-06-01,Cash,Cancelled,2753.28
7528,61,62,2025-06-07,UPI,Delivered,1990.74
7529,156,44,2025-07-13,Cash,Cancelled,288.85
7530,107,39,2025-03-04,Card,Cancelled,926.23
7531,567,74,2025-11-12,UPI,Cancelled,1345.76
7532,468,72,2025-04-02,Card,Delivered,868.82
7533,90,68,2025-09-15,Cash,Delivered,634.11
7534,62,59,2025-03-03,Card,Cancelled,1320.36
7535,999,50,2025-09-25,UPI,Delivered,1768.61
7536,498,57,2025-11-11,Cash,Delivered,2023.0
7537,553,39,2025-05-17,UPI,Delivered,2018.05
7538,343,70,2025-03-27,Card,Cancelled,275.29
7539,969,29,2025-05-16,UPI,Cancelled,1285.6
7540,210,48,2025-04-28,Card,Cancelled,257.43
7541,644,21,2025-06-18,Cash,Delivered,2608.77
7542,985,19,2025-06-02,Card,Delivered,1268.15
7543,497,36,2025-10-20,Cash,Delivered,357.89
7544,100,60,2025-11-13,Card,Delivered,1818.3
7545,354,87,2025-10-27,UPI,Delivered,325.94
7546,633,38,2025-03-15,UPI,Cancelled,2249.56
7547,480,66,2025-08-09,UPI,Delivered,2808.35
7548,874,36,2025-06-12,Card,Delivered,1593.58
7549,98,95,2025-08-28,UPI,Delivered,1527.26
7550,192,38,2025-12-12,UPI,Cancelled,2236.25
7551,951,87,2025-11-06,Cash,Delivered,2964.89
7552,742,43,2025-09-12,Cash,Cancelled,1241.63
7553,537,18,2025-12-21,UPI,Delivered,2315.3
7554,916,78,2025-09-26,Cash,Cancelled,1200.41
7555,331,62,2025-07-12,Cash,Cancelled,2002.91
7556,6,61,2025-05-10,UPI,Cancelled,567.04
7557,689,72,2025-01-06,Cash,Delivered,790.72
7558,187,94,2025-08-26,Card,Cancelled,690.06
7559,996,22,2025-08-29,UPI,Cancelled,2306.2
7560,156,38,2025-07-23,UPI,Delivered,375.74
7561,282,9,2025-01-04,Card,Delivered,1162.35
7562,628,71,2025-01-20,Card,Cancelled,2147.56
7563,206,31,2025-01-17,Card,Delivered,1421.45
7564,144,38,2025-06-01,Cash,Delivered,314.24
7565,506,33,2025-07-15,Card,Cancelled,303.0
7566,213,93,2025-04-11,Cash,Delivered,2945.61
7567,993,15,2025-04-18,Card,Cancelled,2462.37
7568,996,99,2025-04-20,Cash,Cancelled,303.12
7569,242,12,2025-07-07,Card,Delivered,551.04
7570,949,34,2025-10-28,Cash,Delivered,1204.69
7571,183,9,2025-09-18,Card,Cancelled,411.27
7572,78,46,2025-11-09,Cash,Delivered,963.6
7573,577,70,2025-03-24,Card,Cancelled,407.32
7574,512,4,2025-07-17,Cash,Delivered,2749.95
7575,794,66,2025-07-24,Card,Delivered,1294.32
7576,497,75,2025-04-11,UPI,Delivered,2576.82
7577,419,24,2025-08-26,Card,Delivered,1911.3
7578,487,17,2025-05-11,Cash,Delivered,875.59
7579,362,67,2025-01-16,Cash,Delivered,2435.89
7580,433,87,2025-06-05,UPI,Delivered,1841.24
7581,975,23,2025-11-08,UPI,Cancelled,1164.63
7582,143,14,2025-03-08,Card,Cancelled,2325.28
7583,254,72,2025-03-15,UPI,Cancelled,2045.42
7584,644,87,2025-10-29,UPI,Cancelled,2338.51
7585,724,87,2025-10-17,Cash,Delivered,2427.81
7586,22,13,2025-09-13,Card,Delivered,2154.84
7587,533,38,2025-03-31,UPI,Cancelled,730.45
7588,324,18,2025-10-25,Card,Cancelled,1885.81
7589,458,95,2025-10-09,UPI,Delivered,1522.61
7590,652,90,2025-04-09,Cash,Cancelled,2404.74
7591,758,34,2025-05-29,Card,Cancelled,1051.79
7592,186,63,2025-12-18,Cash,Delivered,234.0
7593,419,16,2025-05-11,Card,Cancelled,2128.59
7594,296,22,2025-09-04,Card,Cancelled,1799.37
7595,86,67,2025-08-12,UPI,Cancelled,2625.41
7596,575,31,2025-07-19,UPI,Delivered,584.23
7597,894,73,2025-05-03,UPI,Delivered,1126.79
7598,274,50,2025-07-14,UPI,Delivered,2914.44
7599,129,2,2025-03-02,Card,Delivered,418.91
7600,909,89,2025-10-16,Card,Cancelled,664.52
7601,770,69,2025-05-08,Cash,Cancelled,2301.1
7602,979,21,2025-06-13,Cash,Delivered,2470.99
7603,123,80,2025-08-18,UPI,Delivered,1932.96
7604,533,61,2025-04-22,Card,Cancelled,633.93
7605,220,87,2025-11-05,Card,Cancelled,2712.93
7606,871,69,2025-01-03,Cash,Delivered,2475.03
7607,846,23,2025-02-14,Cash,Cancelled,2680.08
7608,416,51,2025-07-25,Cash,Delivered,1607.63
7609,247,41,2025-08-25,Cash,Delivered,2093.44
7610,692,14,2025-12-23,Cash,Cancelled,2091.26
7611,850,99,2025-12-08,Card,Delivered,938.37
7612,995,30,2025-12-07,Cash,Cancelled,1855.1
7613,748,78,2025-03-31,Cash,Cancelled,945.47
7614,458,53,2025-02-25,Cash,Cancelled,1459.72
7615,835,90,2025-07-12,Cash,Delivered,1857.2
7616,701,10,2025-04-01,UPI,Delivered,2042.84
7617,335,38,2025-04-06,UPI,Delivered,1100.68
7618,839,42,2025-08-24,Card,Delivered,2632.41
7619,723,54,2025-11-27,UPI,Cancelled,2111.02
7620,907,92,2025-08-03,Card,Cancelled,1025.26
7621,277,65,2025-12-25,Cash,Delivered,1140.47
7622,846,5,2025-01-06,UPI,Cancelled,386.65
7623,406,5,2025-11-28,Cash,Delivered,1203.5
7624,665,54,2025-02-04,Card,Cancelled,2149.27
7625,370,80,2025-05-09,Card,Delivered,2179.35
7626,14,97,2025-11-21,Cash,Cancelled,2269.37
7627,25,84,2025-06-04,Card,Delivered,1380.9
7628,158,22,2025-07-03,UPI,Cancelled,457.77
7629,946,20,2025-04-06,Card,Cancelled,2873.08
7630,70,24,2025-03-05,Card,Cancelled,1677.83
7631,242,4,2025-04-16,Cash,Delivered,2045.52
7632,142,20,2025-06-16,Cash,Delivered,274.46
7633,390,56,2025-06-24,Cash,Cancelled,1936.12
7634,30,26,2025-02-05,UPI,Cancelled,1693.55
7635,585,98,2025-01-02,UPI,Delivered,2653.44
7636,632,45,2025-05-19,UPI,Delivered,1241.87
7637,848,58,2025-11-03,Cash,Delivered,433.23
7638,91,19,2025-01-24,Card,Delivered,2842.38
7639,329,57,2025-03-10,Card,Cancelled,2435.33
7640,930,98,2025-08-02,UPI,Delivered,1080.24
7641,346,65,2025-06-03,Cash,Delivered,1369.42
7642,75,36,2025-01-28,Card,Cancelled,2095.88
7643,976,18,2025-09-04,Card,Delivered,2215.0
7644,425,33,2025-06-15,UPI,Cancelled,2215.83
7645,304,38,2025-03-27,Cash,Delivered,2368.2
7646,912,25,2025-04-20,UPI,Cancelled,300.85
7647,607,98,2025-12-05,Card,Cancelled,495.76
7648,964,45,2025-05-22,Card,Delivered,901.23
7649,363,44,2025-03-20,UPI,Cancelled,2147.66
7650,160,63,2025-02-07,UPI,Cancelled,2461.38
7651,982,38,2025-07-04,Cash,Cancelled,1685.06
7652,510,46,2025-04-11,Card,Delivered,2613.43
7653,964,35,2025-05-13,UPI,Delivered,2445.39
7654,289,18,2025-09-14,Cash,Delivered,1010.99
7655,867,95,2025-10-01,UPI,Cancelled,340.34
7656,46,44,2025-05-10,UPI,Delivered,2365.44
7657,442,35,2025-05-24,Cash,Cancelled,1868.62
7658,818,50,2025-07-21,UPI,Delivered,1862.45
7659,234,56,2025-08-08,Cash,Delivered,2266.19
7660,884,99,2025-04-09,Cash,Delivered,527.03
7661,195,54,2025-02-21,UPI,Delivered,1911.73
7662,779,40,2025-04-28,Cash,Delivered,1169.45
7663,331,7,2025-09-22,Card,Cancelled,1320.48
7664,978,48,2025-07-17,UPI,Cancelled,2801.56
7665,625,71,2025-10-12,Cash,Cancelled,1967.57
7666,50,42,2025-01-20,Card,Cancelled,2452.66
7667,482,28,2025-11-22,UPI,Delivered,590.88
7668,967,31,2025-04-04,Card,Delivered,1360.5
7669,362,41,2025-02-26,UPI,Cancelled,1427.88
7670,875,37,2025-08-14,Cash,Delivered,2357.27
7671,211,26,2025-06-21,Card,Cancelled,1896.36
7672,583,47,2025-01-27,Card,Cancelled,445.09
7673,294,57,2025-03-30,Cash,Cancelled,375.67
7674,338,77,2025-08-22,Card,Cancelled,2568.22
7675,398,80,2025-07-27,Card,Cancelled,1929.04
7676,171,91,2025-08-13,Cash,Cancelled,1416.14
7677,663,37,2025-10-18,Card,Delivered,185.42
7678,658,97,2025-07-14,Cash,Delivered,220.43
7679,921,67,2025-02-02,UPI,Delivered,894.45
7680,561,45,2025-11-17,Cash,Delivered,538.56
7681,882,99,2025-10-11,Cash,Cancelled,2767.38
7682,892,26,2025-04-09,UPI,Delivered,656.27
7683,752,80,2025-02-01,Card,Delivered,1276.92
7684,876,62,2025-09-26,Card,Cancelled,438.76
7685,628,60,2025-07-31,UPI,Cancelled,2005.49
7686,371,1,2025-02-02,Card,Delivered,2415.81
7687,232,28,2025-09-29,Cash,Delivered,718.44
7688,53,77,2025-10-03,Cash,Delivered,2811.71
7689,665,62,2025-03-26,Card,Cancelled,2493.38
7690,838,30,2025-02-04,Card,Cancelled,2839.67
7691,812,74,2025-07-04,Cash,Cancelled,1319.44
7692,203,100,2025-11-30,UPI,Cancelled,1388.11
7693,639,90,2025-07-15,Card,Delivered,2895.73
7694,781,60,2025-04-04,Card,Delivered,2857.89
7695,786,69,2025-03-07,Card,Delivered,1040.21
7696,173,42,2025-01-31,Card,Delivered,1484.73
7697,154,54,2025-01-10,Cash,Cancelled,740.7
7698,315,56,2025-08-09,Card,Delivered,2520.17
7699,665,33,2025-07-09,Cash,Delivered,2014.41
7700,24,15,2025-10-22,Cash,Delivered,1742.53
7701,849,23,2025-05-12,Cash,Cancelled,1539.05
7702,428,98,2025-03-06,Cash,Delivered,2745.61
7703,900,29,2025-05-30,UPI,Delivered,1833.45
7704,837,71,2025-10-03,Cash,Delivered,2689.57
7705,801,69,2025-05-24,UPI,Delivered,1869.98
7706,209,69,2025-05-08,UPI,Cancelled,2439.65
7707,492,49,2025-02-01,Cash,Delivered,2606.96
7708,735,62,2025-07-09,Cash,Cancelled,769.64
7709,5,60,2025-06-23,Cash,Cancelled,955.12
7710,440,44,2025-12-05,UPI,Cancelled,1962.18
7711,459,92,2025-06-16,UPI,Cancelled,1221.55
7712,824,54,2025-07-12,Card,Cancelled,479.77
7713,416,93,2025-11-30,Card,Delivered,1613.13
7714,267,59,2025-02-28,UPI,Delivered,2772.3
7715,506,11,2025-03-27,Card,Cancelled,1104.47
7716,783,19,2025-11-06,Cash,Delivered,1153.08
7717,651,94,2025-07-06,UPI,Cancelled,1254.97
7718,410,39,2025-03-04,Card,Delivered,1159.84
7719,180,6,2025-07-29,Cash,Cancelled,815.1
7720,940,58,2025-05-13,Cash,Cancelled,2335.35
7721,652,89,2025-09-17,UPI,Delivered,1386.72
7722,142,93,2025-11-22,Cash,Cancelled,1219.83
7723,936,85,2025-04-16,Cash,Cancelled,827.06
7724,351,50,2025-08-13,UPI,Delivered,2874.73
7725,935,38,2025-01-18,Card,Delivered,758.07
7726,377,18,2025-02-05,Card,Cancelled,1361.4
7727,730,71,2025-07-02,Card,Delivered,1970.37
7728,153,93,2025-06-13,UPI,Cancelled,2044.66
7729,851,81,2025-08-14,UPI,Delivered,890.45
7730,660,22,2025-06-06,Cash,Cancelled,824.74
7731,202,63,2025-01-16,Card,Cancelled,661.53
7732,937,60,2025-02-22,UPI,Delivered,2977.47
7733,346,26,2025-08-25,UPI,Cancelled,2323.35
7734,669,85,2025-01-16,Card,Cancelled,1342.91
7735,219,78,2025-09-10,UPI,Cancelled,1630.58
7736,394,1,2025-02-26,UPI,Cancelled,2531.22
7737,80,42,2025-08-22,Cash,Cancelled,416.13
7738,518,3,2025-12-05,Card,Delivered,179.14
7739,190,66,2025-10-24,Card,Delivered,1311.33
7740,369,9,2025-06-22,UPI,Cancelled,2683.54
7741,497,37,2025-04-15,Card,Cancelled,2944.43
7742,375,77,2025-03-29,Cash,Delivered,563.56
7743,562,66,2025-05-30,Cash,Cancelled,2128.28
7744,43,15,2025-02-04,Card,Cancelled,1122.07
7745,854,2,2025-08-13,Card,Delivered,2665.24
7746,106,62,2025-11-18,Cash,Cancelled,474.02
7747,843,88,2025-08-25,Card,Cancelled,2554.21
7748,975,6,2025-05-24,Card,Delivered,1052.39
7749,9,57,2025-02-25,UPI,Cancelled,963.19
7750,981,11,2025-05-09,Cash,Delivered,2522.95
7751,672,18,2025-04-22,Cash,Cancelled,2233.5
7752,461,53,2025-12-21,Cash,Delivered,2442.94
7753,646,38,2025-07-21,Cash,Cancelled,1179.02
7754,419,72,2025-08-10,Cash,Cancelled,2289.05
7755,61,72,2025-07-09,Cash,Cancelled,1026.24
7756,425,92,2025-02-16,UPI,Delivered,1915.34
7757,938,43,2025-10-20,UPI,Cancelled,1657.83
7758,746,55,2025-10-18,UPI,Cancelled,751.77
7759,243,72,2025-11-12,Card,Cancelled,1202.5
7760,167,33,2025-06-19,Cash,Delivered,2082.38
7761,529,89,2025-12-31,Cash,Delivered,1226.1
7762,885,13,2025-12-04,Card,Cancelled,1854.54
7763,493,64,2025-02-19,UPI,Delivered,2700.34
7764,451,2,2025-02-13,UPI,Cancelled,1802.3
7765,957,62,2025-08-10,UPI,Delivered,207.18
7766,568,48,2025-05-10,UPI,Delivered,1869.13
7767,8,43,2025-09-15,Cash,Delivered,1652.62
7768,974,48,2025-10-07,UPI,Delivered,1247.9
7769,515,20,2025-02-20,UPI,Cancelled,2100.85
7770,865,82,2025-12-22,UPI,Delivered,1460.15
7771,328,44,2025-05-09,Cash,Cancelled,2859.19
7772,188,44,2025-05-20,Cash,Cancelled,2951.2
7773,526,23,2025-05-31,Card,Delivered,717.38
7774,631,90,2025-03-01,Cash,Cancelled,1882.47
7775,213,82,2025-07-28,Cash,Delivered,2659.58
7776,529,10,2025-09-19,UPI,Cancelled,433.46
7777,802,84,2025-02-06,Card,Delivered,1498.22
7778,155,85,2025-02-16,Cash,Cancelled,1119.8
7779,847,44,2025-11-22,Card,Cancelled,441.78
7780,948,88,2025-06-22,Card,Cancelled,1186.7
7781,890,23,2025-01-21,Card,Cancelled,876.29
7782,375,54,2025-08-07,UPI,Cancelled,2600.18
7783,986,61,2025-06-21,Card,Delivered,816.91
7784,553,89,2025-09-11,Cash,Cancelled,1136.87
7785,465,97,2025-08-24,Cash,Delivered,2293.78
7786,201,65,2025-10-27,UPI,Delivered,1405.58
7787,476,20,2025-03-21,UPI,Cancelled,2282.42
7788,83,42,2025-04-26,UPI,Cancelled,2894.91
7789,237,89,2025-03-14,Cash,Cancelled,494.69
7790,506,2,2025-04-03,Card,Delivered,894.92
7791,553,58,2025-12-23,Cash,Cancelled,775.92
7792,727,14,2025-01-02,Cash,Cancelled,277.17
7793,410,2,2025-03-12,Card,Delivered,2515.32
7794,290,6,2025-07-14,Card,Cancelled,2679.94
7795,641,82,2025-09-07,Card,Delivered,1424.39
7796,699,61,2025-10-20,Cash,Delivered,1166.36
7797,396,37,2025-08-06,Cash,Delivered,2370.04
7798,174,52,2025-07-28,Cash,Cancelled,2420.98
7799,173,8,2025-11-05,Card,Delivered,1736.22
7800,695,32,2025-01-07,UPI,Delivered,1490.94
7801,608,10,2025-03-11,UPI,Cancelled,684.66
7802,669,30,2025-08-04,UPI,Cancelled,2902.58
7803,415,93,2025-06-12,Cash,Delivered,433.86
7804,185,70,2025-06-08,Card,Delivered,2048.93
7805,109,36,2025-01-04,Card,Cancelled,2672.59
7806,174,74,2025-10-28,Card,Delivered,1023.38
7807,838,69,2025-07-10,UPI,Cancelled,299.64
7808,159,70,2025-05-16,Card,Cancelled,1559.15
7809,297,42,2025-11-28,UPI,Delivered,1470.59
7810,942,83,2025-08-12,UPI,Cancelled,1578.18
7811,601,21,2025-06-08,Cash,Cancelled,907.14
7812,219,67,2025-08-26,Card,Cancelled,883.39
7813,849,16,2025-05-29,Cash,Cancelled,2067.91
7814,761,80,2025-07-13,Cash,Cancelled,2345.38
7815,687,62,2025-05-02,UPI,Cancelled,889.59
7816,715,35,2025-08-30,Cash,Cancelled,645.71
7817,470,38,2025-02-18,Card,Delivered,327.4
7818,131,42,2025-07-03,Card,Delivered,1398.09
7819,678,84,2025-10-22,UPI,Delivered,808.96
7820,461,81,2025-03-25,Card,Delivered,2853.5
7821,801,62,2025-11-02,Cash,Delivered,1747.54
7822,648,8,2025-01-24,UPI,Cancelled,1508.42
7823,779,26,2025-06-28,Cash,Delivered,2929.93
7824,229,74,2025-11-29,Cash,Delivered,2409.54
7825,888,27,2025-01-25,UPI,Cancelled,1438.52
7826,47,100,2025-11-22,Card,Cancelled,337.07
7827,110,41,2025-02-15,Card,Cancelled,2414.03
7828,983,72,2025-12-26,Cash,Cancelled,210.85
7829,23,61,2025-06-15,Card,Cancelled,2612.87
7830,940,10,2025-01-26,Cash,Delivered,243.66
7831,398,41,2025-05-27,UPI,Cancelled,2490.13
7832,136,100,2025-01-14,Cash,Cancelled,997.62
7833,651,88,2025-02-16,Card,Delivered,1150.1
7834,243,53,2025-08-15,UPI,Delivered,1126.07
7835,759,97,2025-06-14,UPI,Delivered,2044.42
7836,970,31,2025-02-23,Cash,Cancelled,1354.58
7837,638,48,2025-11-10,Card,Delivered,1294.07
7838,828,92,2025-05-25,UPI,Delivered,1215.76
7839,296,99,2025-10-27,UPI,Cancelled,2796.82
7840,882,67,2025-11-11,Cash,Cancelled,754.37
7841,468,36,2025-03-24,Cash,Delivered,558.64
7842,289,7,2025-07-26,Card,Cancelled,374.36
7843,6,71,2025-11-04,Cash,Delivered,2254.35
7844,19,99,2025-03-24,Card,Delivered,1625.42
7845,207,63,2025-05-09,Card,Cancelled,322.73
7846,164,78,2025-12-04,UPI,Cancelled,706.2
7847,259,59,2025-10-06,UPI,Cancelled,794.84
7848,704,75,2025-06-14,Card,Delivered,391.07
7849,512,97,2025-03-07,Cash,Cancelled,2932.73
7850,169,46,2025-11-27,Cash,Cancelled,745.3
7851,474,71,2025-10-24,UPI,Delivered,1371.5
7852,821,4,2025-05-03,Card,Cancelled,2862.16
7853,438,94,2025-04-19,Card,Delivered,2608.06
7854,239,55,2025-11-30,Card,Delivered,1043.48
7855,439,60,2025-03-06,UPI,Delivered,1493.81
7856,339,94,2025-10-04,Card,Cancelled,1823.04
7857,702,31,2025-04-03,Cash,Cancelled,924.27
7858,88,10,2025-09-08,Card,Cancelled,779.83
7859,971,89,2025-12-07,Card,Delivered,2463.37
7860,644,16,2025-10-22,Cash,Cancelled,687.65
7861,505,34,2025-03-12,Card,Delivered,2964.98
7862,959,93,2025-05-13,Card,Delivered,1366.9
7863,730,94,2025-10-23,Cash,Cancelled,1176.13
7864,736,75,2025-08-03,UPI,Delivered,2573.43
7865,994,44,2025-07-06,UPI,Cancelled,1070.34
7866,874,22,2025-03-28,UPI,Delivered,1006.95
7867,267,18,2025-07-05,Card,Delivered,1482.89
7868,632,36,2025-04-11,Card,Cancelled,2224.67
7869,868,100,2025-08-24,UPI,Cancelled,1319.68
7870,832,45,2025-05-16,Card,Cancelled,2656.56
7871,207,21,2025-11-05,UPI,Cancelled,1613.27
7872,15,72,2025-10-18,Cash,Delivered,2556.02
7873,299,9,2025-06-12,UPI,Delivered,1176.71
7874,920,21,2025-06-26,Card,Delivered,717.96
7875,266,23,2025-01-29,UPI,Delivered,759.21
7876,41,89,2025-10-10,Cash,Delivered,2452.83
7877,41,3,2025-10-30,UPI,Cancelled,1647.37
7878,723,9,2025-12-08,Card,Delivered,2103.34
7879,140,75,2025-02-08,Card,Delivered,755.17
7880,382,32,2025-07-21,UPI,Delivered,658.29
7881,847,19,2025-05-15,UPI,Delivered,2767.2
7882,152,10,2025-02-01,Card,Cancelled,2547.59
7883,995,11,2025-04-22,UPI,Delivered,919.86
7884,782,63,2025-11-11,UPI,Delivered,1366.16
7885,562,53,2025-05-20,Cash,Delivered,2541.88
7886,683,88,2025-11-26,Card,Delivered,1907.51
7887,795,32,2025-07-14,Card,Cancelled,2856.41
7888,361,22,2025-06-04,Card,Cancelled,1056.12
7889,215,18,2025-12-27,UPI,Delivered,1386.13
7890,321,35,2025-11-17,UPI,Delivered,704.37
7891,170,26,2025-08-10,Cash,Delivered,733.39
7892,37,51,2025-04-13,Cash,Delivered,1258.25
7893,831,31,2025-05-24,Cash,Cancelled,614.81
7894,789,58,2025-05-06,Cash,Cancelled,1322.89
7895,302,43,2025-10-18,UPI,Cancelled,1843.01
7896,575,85,2025-03-08,Cash,Delivered,2128.21
7897,300,69,2025-10-16,Card,Delivered,944.75
7898,715,14,2025-01-20,Card,Delivered,1189.02
7899,203,89,2025-01-23,Cash,Cancelled,1614.3
7900,52,29,2025-06-02,UPI,Cancelled,524.68
7901,420,64,2025-09-30,UPI,Cancelled,1725.45
7902,554,12,2025-12-29,Cash,Delivered,485.98
7903,164,21,2025-02-09,UPI,Cancelled,1759.4
7904,928,9,2025-04-24,Cash,Cancelled,2386.29
7905,477,78,2025-11-02,Card,Delivered,659.94
7906,951,98,2025-06-15,Card,Cancelled,2639.74
7907,571,51,2025-02-12,Card,Cancelled,2615.98
7908,19,25,2025-06-27,Cash,Cancelled,1977.64
7909,175,21,2025-12-24,Cash,Delivered,2584.18
7910,543,10,2025-04-03,Cash,Cancelled,725.88
7911,70,1,2025-02-25,Cash,Cancelled,2687.91
7912,353,54,2025-08-23,UPI,Cancelled,1671.98
7913,190,57,2025-03-16,UPI,Cancelled,936.58
7914,546,41,2025-05-27,Card,Delivered,1784.61
7915,437,95,2025-10-27,Cash,Delivered,1641.91
7916,859,21,2025-11-30,UPI,Cancelled,2019.17
7917,997,97,2025-03-10,Cash,Cancelled,1355.06
7918,574,4,2025-10-03,Card,Delivered,1153.49
7919,995,58,2025-09-03,Card,Cancelled,2639.1
7920,876,39,2025-06-09,Card,Delivered,2002.37
7921,235,63,2025-02-27,UPI,Delivered,2123.57
7922,563,7,2025-08-17,Card,Cancelled,1538.24
7923,505,90,2025-10-05,UPI,Cancelled,1808.62
7924,989,2,2025-05-11,Cash,Cancelled,1359.7
7925,589,42,2025-02-06,Cash,Delivered,1960.94
7926,683,43,2025-03-25,Card,Cancelled,1524.19
7927,514,3,2025-02-26,UPI,Delivered,1177.34
7928,680,69,2025-11-04,UPI,Delivered,1467.35
7929,100,77,2025-11-27,Card,Delivered,2392.61
7930,139,65,2025-09-08,UPI,Cancelled,714.41
7931,640,95,2025-02-09,Card,Delivered,683.89
7932,526,63,2025-10-12,Cash,Delivered,1524.77
7933,584,68,2025-10-11,Cash,Cancelled,2993.12
7934,290,63,2025-12-29,UPI,Delivered,486.98
7935,385,55,2025-10-06,Cash,Delivered,235.82
7936,178,12,2025-07-31,Card,Cancelled,1199.6
7937,586,81,2025-03-22,UPI,Cancelled,2916.52
7938,203,56,2025-04-05,UPI,Cancelled,1461.4
7939,975,31,2025-11-16,Cash,Cancelled,1481.38
7940,910,35,2025-10-27,UPI,Delivered,238.91
7941,498,16,2025-10-26,Card,Cancelled,965.59
7942,864,52,2025-07-16,UPI,Delivered,260.22
7943,922,26,2025-04-01,Card,Delivered,381.06
7944,437,42,2025-08-24,Card,Delivered,1983.91
7945,849,34,2025-07-30,UPI,Cancelled,1803.27
7946,572,48,2025-03-15,Cash,Delivered,905.58
7947,803,27,2025-07-26,Cash,Delivered,177.0
7948,82,12,2025-06-06,UPI,Cancelled,2325.58
7949,694,44,2025-03-31,UPI,Delivered,2332.62
7950,610,44,2025-04-27,UPI,Cancelled,728.23
7951,389,21,2025-01-18,Cash,Delivered,741.69
7952,362,85,2025-02-26,Cash,Delivered,2846.68
7953,222,6,2025-05-22,Cash,Cancelled,852.05
7954,211,54,2025-01-13,Card,Delivered,726.52
7955,871,52,2025-10-19,Card,Delivered,2850.87
7956,709,8,2025-12-27,UPI,Cancelled,1550.14
7957,323,34,2025-09-12,Cash,Delivered,1726.39
7958,712,26,2025-12-08,Card,Delivered,2491.38
7959,538,13,2025-09-12,Cash,Delivered,2195.29
7960,175,29,2025-07-30,Card,Delivered,312.12
7961,274,83,2025-09-07,UPI,Delivered,915.78
7962,133,77,2025-09-28,Card,Delivered,757.56
7963,305,27,2025-01-01,Cash,Cancelled,2468.99
7964,742,44,2025-07-01,Card,Cancelled,2889.65
7965,127,60,2025-06-14,UPI,Cancelled,2593.28
7966,883,17,2025-11-26,UPI,Cancelled,794.0
7967,718,90,2025-12-13,Cash,Delivered,285.53
7968,121,35,2025-12-11,Cash,Cancelled,1595.08
7969,431,84,2025-12-18,UPI,Cancelled,315.73
7970,515,31,2025-06-23,Card,Delivered,2454.55
7971,31,72,2025-10-01,Cash,Cancelled,1273.2
7972,753,53,2025-05-31,UPI,Cancelled,153.88
7973,469,41,2025-09-07,UPI,Cancelled,2948.23
7974,546,6,2025-05-10,Card,Delivered,2810.28
7975,32,44,2025-06-17,Card,Cancelled,547.97
7976,899,23,2025-01-03,UPI,Delivered,2930.37
7977,755,100,2025-03-01,Card,Cancelled,2166.71
7978,461,33,2025-08-19,UPI,Delivered,1129.78
7979,440,9,2025-12-25,UPI,Delivered,2825.87
7980,449,54,2025-12-17,UPI,Delivered,1271.77
7981,841,70,2025-05-15,Card,Delivered,1421.97
7982,874,8,2025-02-11,Cash,Delivered,1301.76
7983,928,24,2025-10-09,UPI,Delivered,677.65
7984,853,16,2025-04-01,Cash,Delivered,1674.49
7985,726,24,2025-10-29,Cash,Delivered,531.54
7986,158,56,2025-06-13,UPI,Delivered,787.15
7987,45,59,2025-07-02,UPI,Delivered,736.7
7988,34,58,2025-08-24,UPI,Cancelled,2974.05
7989,606,30,2025-08-22,Card,Cancelled,322.78
7990,962,88,2025-04-24,Card,Cancelled,2185.06
7991,724,25,2025-09-06,Card,Cancelled,1224.59
7992,232,30,2025-12-30,UPI,Delivered,1271.81
7993,707,61,2025-11-23,UPI,Cancelled,2316.72
7994,938,94,2025-06-27,Card,Cancelled,2742.56
7995,95,100,2025-12-08,UPI,Delivered,1493.35
7996,553,15,2025-07-11,UPI,Cancelled,2087.56
7997,375,34,2025-12-25,Card,Cancelled,1015.47
7998,207,31,2025-01-26,UPI,Delivered,1376.99
7999,7,39,2025-02-09,Cash,Delivered,1280.17
8000,407,86,2025-09-20,UPI,Delivered,1712.1
8001,119,7,2025-06-14,Cash,Delivered,2230.25
8002,476,100,2025-03-08,UPI,Cancelled,384.65
8003,2,20,2025-04-10,Cash,Cancelled,2162.74
8004,230,50,2025-01-15,UPI,Cancelled,2969.94
8005,55,48,2025-07-05,Cash,Delivered,2193.29
8006,748,68,2025-12-23,Cash,Delivered,1515.56
8007,294,35,2025-03-20,UPI,Cancelled,1599.89
8008,331,94,2025-03-12,UPI,Cancelled,794.99
8009,622,26,2025-01-03,Cash,Cancelled,2921.05
8010,322,55,2025-02-28,UPI,Delivered,1827.48
8011,131,6,2025-10-03,Cash,Cancelled,2183.29
8012,666,30,2025-03-20,UPI,Cancelled,331.82
8013,242,92,2025-01-05,Card,Delivered,2173.19
8014,895,40,2025-10-11,Cash,Delivered,1293.81
8015,354,32,2025-12-14,UPI,Cancelled,1405.58
8016,354,30,2025-09-29,Cash,Delivered,1790.81
8017,771,45,2025-04-24,UPI,Delivered,973.23
8018,21,40,2025-11-17,Card,Delivered,254.71
8019,650,36,2025-08-18,UPI,Cancelled,917.63
8020,352,61,2025-12-01,Card,Delivered,2094.65
8021,834,35,2025-04-11,Card,Cancelled,2267.26
8022,544,99,2025-11-13,UPI,Delivered,372.61
8023,854,12,2025-09-21,Cash,Cancelled,2736.82
8024,333,9,2025-06-24,Cash,Cancelled,274.45
8025,728,18,2025-06-20,Card,Delivered,2490.13
8026,406,65,2025-04-04,Card,Delivered,633.56
8027,430,79,2025-03-29,Card,Cancelled,2424.14
8028,858,42,2025-03-13,Card,Delivered,298.16
8029,743,37,2025-01-05,Card,Cancelled,2472.02
8030,831,32,2025-01-22,Card,Cancelled,1182.75
8031,179,26,2025-11-03,UPI,Delivered,2100.64
8032,117,33,2025-12-08,UPI,Cancelled,1695.21
8033,972,71,2025-12-19,Cash,Cancelled,1626.23
8034,446,52,2025-12-16,Cash,Delivered,2382.14
8035,820,17,2025-05-21,Cash,Delivered,2863.01
8036,752,23,2025-09-24,Cash,Delivered,1208.51
8037,236,13,2025-06-12,UPI,Cancelled,2717.09
8038,954,56,2025-12-31,UPI,Cancelled,813.4
8039,738,75,2025-05-19,UPI,Cancelled,886.5
8040,970,29,2025-09-22,Card,Delivered,751.64
8041,460,30,2025-05-20,Cash,Cancelled,1151.02
8042,279,5,2025-07-26,Card,Delivered,2194.54
8043,501,46,2025-04-06,Cash,Cancelled,213.08
8044,384,71,2025-04-25,Cash,Cancelled,1821.57
8045,253,99,2025-06-23,Card,Delivered,731.83
8046,113,35,2025-04-10,Card,Delivered,2318.42
8047,995,48,2025-06-10,Card,Delivered,1776.73
8048,621,79,2025-04-03,UPI,Cancelled,1342.22
8049,474,53,2025-01-06,Cash,Delivered,659.94
8050,468,70,2025-01-06,Card,Delivered,1521.31
8051,976,67,2025-04-11,UPI,Cancelled,281.15
8052,911,56,2025-03-18,UPI,Cancelled,1163.08
8053,556,8,2025-07-05,Cash,Delivered,444.45
8054,972,25,2025-04-07,Card,Cancelled,1575.59
8055,680,41,2025-06-25,UPI,Delivered,2991.24
8056,827,84,2025-06-05,Card,Delivered,2768.22
8057,414,76,2025-02-24,Cash,Delivered,2948.79
8058,702,54,2025-07-07,Cash,Delivered,1183.92
8059,743,60,2025-05-18,Cash,Delivered,365.97
8060,557,54,2025-02-16,Card,Cancelled,2521.73
8061,842,35,2025-04-21,Card,Delivered,824.18
8062,753,36,2025-12-04,Card,Delivered,1599.42
8063,79,9,2025-02-16,Card,Cancelled,2156.91
8064,908,80,2025-02-17,UPI,Cancelled,2181.76
8065,885,14,2025-02-25,Cash,Cancelled,1123.69
8066,912,68,2025-03-25,Cash,Cancelled,1308.59
8067,596,94,2025-09-10,Cash,Cancelled,589.78
8068,92,97,2025-01-20,Cash,Delivered,551.79
8069,51,44,2025-07-04,Cash,Cancelled,274.15
8070,212,7,2025-08-17,UPI,Delivered,2005.8
8071,455,81,2025-02-15,UPI,Delivered,1737.11
8072,762,16,2025-12-25,Card,Delivered,572.29
8073,480,76,2025-09-07,Cash,Cancelled,2181.74
8074,537,64,2025-09-09,Card,Cancelled,1890.47
8075,400,100,2025-05-19,Card,Cancelled,771.6
8076,29,9,2025-05-22,UPI,Delivered,2198.57
8077,230,69,2025-09-14,UPI,Cancelled,939.23
8078,183,85,2025-10-03,UPI,Delivered,1963.7
8079,19,69,2025-01-05,UPI,Cancelled,1731.61
8080,690,38,2025-04-01,Card,Cancelled,2030.93
8081,878,57,2025-04-25,Card,Delivered,1451.76
8082,28,45,2025-03-19,Cash,Cancelled,1139.42
8083,643,28,2025-10-05,UPI,Cancelled,2201.8
8084,257,49,2025-03-04,UPI,Delivered,2554.3
8085,655,56,2025-04-09,Card,Cancelled,2706.62
8086,768,34,2025-07-06,UPI,Delivered,310.65
8087,117,40,2025-10-15,Cash,Delivered,1255.33
8088,674,67,2025-08-18,UPI,Cancelled,1312.96
8089,166,41,2025-10-12,UPI,Cancelled,1243.18
8090,524,56,2025-03-21,Cash,Cancelled,2668.37
8091,50,26,2025-01-17,Card,Cancelled,2949.27
8092,962,78,2025-09-06,Card,Cancelled,1808.95
8093,87,33,2025-12-13,Card,Delivered,2165.03
8094,196,88,2025-05-08,Card,Cancelled,373.42
8095,759,6,2025-11-13,Cash,Delivered,2856.03
8096,960,17,2025-01-20,Card,Cancelled,2120.05
8097,142,38,2025-08-01,UPI,Delivered,1971.75
8098,826,1,2025-08-26,UPI,Delivered,2558.13
8099,848,27,2025-03-06,Cash,Cancelled,1293.73
8100,115,85,2025-02-16,UPI,Cancelled,955.15
8101,532,50,2025-09-28,Card,Cancelled,1149.88
8102,170,13,2025-05-23,Cash,Delivered,2216.02
8103,820,97,2025-11-09,Card,Cancelled,2296.51
8104,990,64,2025-01-18,Card,Delivered,1119.51
8105,189,5,2025-08-13,Card,Cancelled,1925.37
8106,315,52,2025-04-15,UPI,Delivered,1407.5
8107,962,62,2025-12-28,Cash,Cancelled,2738.21
8108,511,100,2025-06-25,Card,Delivered,1276.89
8109,179,53,2025-04-19,Card,Delivered,675.6
8110,814,11,2025-03-13,Cash,Delivered,2777.38
8111,310,33,2025-09-17,Cash,Cancelled,628.58
8112,391,96,2025-06-01,Card,Delivered,914.62
8113,651,31,2025-09-17,Card,Cancelled,2438.65
8114,669,46,2025-09-20,UPI,Delivered,2183.4
8115,602,32,2025-03-17,UPI,Cancelled,1570.03
8116,296,67,2025-09-12,Card,Delivered,1004.63
8117,167,76,2025-05-04,Card,Cancelled,862.43
8118,913,19,2025-02-09,Card,Delivered,453.11
8119,737,59,2025-09-24,UPI,Cancelled,2098.59
8120,654,55,2025-02-01,Cash,Delivered,2365.51
8121,948,23,2025-12-27,Card,Cancelled,2183.96
8122,135,72,2025-09-01,Card,Delivered,2011.46
8123,342,9,2025-06-15,Card,Cancelled,2149.4
8124,952,85,2025-05-28,UPI,Cancelled,2102.98
8125,500,17,2025-03-07,Cash,Delivered,470.99
8126,277,50,2025-06-27,UPI,Delivered,473.82
8127,489,64,2025-12-26,Card,Delivered,346.86
8128,456,33,2025-09-07,Cash,Delivered,1041.38
8129,377,9,2025-09-25,Cash,Cancelled,1632.96
8130,289,99,2025-03-07,Card,Cancelled,2780.04
8131,541,76,2025-08-23,Cash,Delivered,693.92
8132,512,35,2025-05-01,Card,Delivered,2768.13
8133,362,19,2025-06-10,Card,Delivered,330.73
8134,755,54,2025-05-04,UPI,Delivered,2477.17
8135,191,31,2025-08-16,UPI,Delivered,2496.86
8136,634,10,2025-05-26,UPI,Cancelled,666.38
8137,539,31,2025-09-25,UPI,Delivered,2959.29
8138,457,15,2025-07-21,Card,Delivered,2418.15
8139,100,3,2025-05-11,Card,Delivered,355.92
8140,403,90,2025-08-22,Cash,Cancelled,482.22
8141,329,46,2025-12-20,Card,Cancelled,1268.76
8142,984,73,2025-09-29,Card,Cancelled,1010.93
8143,940,54,2025-05-20,Card,Cancelled,1345.89
8144,479,56,2025-08-26,UPI,Delivered,1029.02
8145,769,30,2025-05-16,Cash,Cancelled,1740.85
8146,467,97,2025-01-20,Cash,Cancelled,282.14
8147,76,13,2025-04-05,UPI,Delivered,1629.67
8148,871,52,2025-07-29,Card,Cancelled,2312.43
8149,10,59,2025-07-11,Cash,Cancelled,2450.73
8150,764,94,2025-12-17,UPI,Cancelled,1977.01
8151,845,5,2025-07-16,Cash,Delivered,415.57
8152,236,49,2025-02-03,UPI,Delivered,2916.66
8153,506,86,2025-08-10,Cash,Delivered,449.57
8154,24,97,2025-02-10,Card,Cancelled,2483.18
8155,622,98,2025-10-12,Cash,Delivered,681.85
8156,633,21,2025-12-21,Cash,Cancelled,225.67
8157,441,99,2025-05-14,Card,Delivered,1876.58
8158,928,38,2025-09-08,Card,Cancelled,1346.49
8159,843,79,2025-11-27,Cash,Delivered,2561.82
8160,226,78,2025-10-04,Cash,Cancelled,1401.02
8161,920,60,2025-12-12,UPI,Cancelled,1090.86
8162,564,53,2025-05-10,Card,Delivered,1020.7
8163,751,37,2025-07-10,UPI,Delivered,2740.47
8164,459,19,2025-10-10,Card,Delivered,2122.53
8165,631,25,2025-12-15,Cash,Cancelled,1516.89
8166,813,19,2025-07-29,Cash,Cancelled,2755.61
8167,978,96,2025-09-14,Cash,Cancelled,2850.9
8168,349,2,2025-11-20,Cash,Delivered,1849.71
8169,314,82,2025-12-14,Card,Cancelled,876.27
8170,618,11,2025-07-19,Card,Cancelled,1132.39
8171,444,48,2025-10-21,Cash,Cancelled,621.84
8172,177,33,2025-08-25,Cash,Cancelled,2862.19
8173,754,60,2025-03-25,Card,Delivered,2774.02
8174,707,44,2025-07-31,Cash,Delivered,494.08
8175,683,81,2025-01-23,Card,Cancelled,1687.09
8176,911,68,2025-02-12,UPI,Cancelled,1938.52
8177,942,54,2025-12-11,Cash,Cancelled,399.07
8178,623,73,2025-09-24,UPI,Delivered,950.01
8179,683,37,2025-01-26,Cash,Cancelled,309.87
8180,205,99,2025-02-11,Cash,Cancelled,2287.74
8181,737,23,2025-03-26,Cash,Delivered,912.15
8182,341,30,2025-03-12,Cash,Cancelled,2409.08
8183,927,67,2025-08-11,UPI,Delivered,2478.18
8184,897,15,2025-07-24,UPI,Cancelled,2695.63
8185,195,61,2025-10-15,Cash,Cancelled,938.53
8186,159,21,2025-10-06,Cash,Cancelled,340.08
8187,216,58,2025-02-09,Cash,Cancelled,2008.7
8188,127,20,2025-05-10,Cash,Cancelled,2457.79
8189,236,8,2025-08-05,UPI,Cancelled,2272.05
8190,69,41,2025-05-07,UPI,Delivered,1061.69
8191,642,37,2025-12-05,Cash,Delivered,385.76
8192,374,7,2025-03-21,Card,Cancelled,1468.91
8193,749,47,2025-01-18,UPI,Cancelled,2136.35
8194,960,2,2025-10-24,Cash,Cancelled,2287.84
8195,302,38,2025-06-13,Cash,Delivered,1094.04
8196,734,21,2025-11-28,UPI,Cancelled,1999.19
8197,427,77,2025-08-18,UPI,Delivered,1662.0
8198,432,12,2025-04-24,Cash,Cancelled,1827.02
8199,190,75,2025-05-26,Cash,Cancelled,503.81
8200,514,66,2025-06-16,Card,Cancelled,1416.83
8201,626,67,2025-01-09,Card,Delivered,2062.24
8202,273,44,2025-06-27,Cash,Cancelled,1407.61
8203,737,11,2025-11-07,Cash,Delivered,2483.88
8204,914,25,2025-12-18,Cash,Cancelled,2508.33
8205,763,13,2025-08-28,Cash,Delivered,1948.34
8206,708,48,2025-01-18,Card,Delivered,2002.66
8207,372,64,2025-03-22,Cash,Delivered,2837.17
8208,270,32,2025-07-08,UPI,Delivered,1645.07
8209,777,58,2025-03-06,Cash,Delivered,2141.51
8210,460,58,2025-04-14,Card,Cancelled,1682.61
8211,362,69,2025-03-20,Card,Delivered,2764.5
8212,270,67,2025-01-14,Card,Delivered,1908.07
8213,847,77,2025-10-30,Cash,Cancelled,659.07
8214,765,13,2025-09-04,Card,Cancelled,1501.42
8215,585,84,2025-10-19,UPI,Delivered,196.19
8216,555,15,2025-06-17,Cash,Cancelled,2797.99
8217,268,35,2025-03-26,Cash,Cancelled,292.41
8218,508,7,2025-05-13,Cash,Delivered,1036.18
8219,491,94,2025-08-05,Cash,Cancelled,625.98
8220,952,74,2025-06-11,Card,Delivered,627.3
8221,82,48,2025-12-16,UPI,Delivered,2506.2
8222,247,84,2025-10-11,Card,Delivered,217.09
8223,878,97,2025-08-05,UPI,Cancelled,1302.1
8224,797,93,2025-04-24,Card,Cancelled,2752.38
8225,168,86,2025-07-14,UPI,Cancelled,1129.47
8226,11,90,2025-06-22,Card,Delivered,2260.79
8227,523,50,2025-10-27,UPI,Cancelled,2528.47
8228,989,8,2025-12-17,Card,Cancelled,1125.51
8229,470,22,2025-04-20,Card,Delivered,1504.55
8230,981,5,2025-09-13,Cash,Delivered,731.28
8231,261,89,2025-04-10,UPI,Delivered,290.0
8232,111,90,2025-09-26,Card,Delivered,1712.22
8233,51,57,2025-07-30,UPI,Delivered,538.83
8234,992,17,2025-10-26,UPI,Delivered,2977.13
8235,345,44,2025-05-20,Card,Cancelled,2130.77
8236,929,98,2025-07-19,Card,Cancelled,767.85
8237,14,33,2025-11-23,Cash,Cancelled,1370.37
8238,602,9,2025-07-11,Cash,Delivered,2689.06
8239,524,16,2025-01-09,Card,Cancelled,627.67
8240,232,63,2025-10-03,Card,Delivered,262.35
8241,263,32,2025-05-04,UPI,Delivered,1703.08
8242,214,9,2025-02-03,Card,Delivered,2982.44
8243,762,38,2025-09-19,Cash,Delivered,1591.29
8244,779,35,2025-07-12,UPI,Delivered,286.51
8245,373,94,2025-01-07,Cash,Delivered,2204.8
8246,259,3,2025-03-23,Card,Cancelled,842.25
8247,715,65,2025-03-16,Cash,Cancelled,1732.2
8248,58,36,2025-10-10,Cash,Delivered,2525.18
8249,207,49,2025-04-19,Card,Delivered,1424.3
8250,728,26,2025-08-03,Cash,Cancelled,2619.47
8251,188,47,2025-11-27,Card,Delivered,2725.78
8252,814,89,2025-12-03,Card,Delivered,190.77
8253,548,90,2025-10-05,Cash,Delivered,1775.33
8254,306,99,2025-09-03,Cash,Delivered,2788.08
8255,671,13,2025-09-22,Cash,Cancelled,1033.48
8256,544,11,2025-01-31,Card,Delivered,1260.17
8257,930,13,2025-09-25,Cash,Cancelled,211.09
8258,316,88,2025-07-25,Card,Delivered,899.44
8259,260,70,2025-06-16,UPI,Cancelled,779.25
8260,631,31,2025-12-05,UPI,Delivered,2508.53
8261,823,55,2025-04-30,Card,Delivered,1938.47
8262,932,91,2025-11-03,UPI,Delivered,1230.74
8263,715,97,2025-10-24,Card,Delivered,435.19
8264,594,73,2025-07-19,UPI,Cancelled,2324.16
8265,581,82,2025-10-31,Cash,Cancelled,1494.52
8266,344,87,2025-02-02,UPI,Cancelled,984.18
8267,605,72,2025-07-02,Cash,Cancelled,225.33
8268,370,49,2025-07-03,UPI,Delivered,979.68
8269,605,62,2025-06-16,Cash,Cancelled,1702.58
8270,325,10,2025-02-22,Card,Cancelled,2985.28
8271,74,91,2025-05-09,Cash,Delivered,1226.66
8272,739,55,2025-03-29,UPI,Delivered,311.78
8273,138,33,2025-09-30,Cash,Delivered,2834.13
8274,271,9,2025-12-16,UPI,Cancelled,618.46
8275,947,61,2025-06-10,Cash,Delivered,1602.19
8276,989,41,2025-10-11,Cash,Cancelled,1345.67
8277,126,12,2025-03-21,Cash,Delivered,520.89
8278,35,76,2025-08-24,Cash,Cancelled,1726.25
8279,289,38,2025-10-24,Card,Cancelled,444.41
8280,396,22,2025-07-03,Cash,Cancelled,2469.02
8281,775,47,2025-07-23,UPI,Delivered,2421.88
8282,338,52,2025-06-24,Cash,Cancelled,939.42
8283,798,83,2025-09-15,Card,Delivered,2782.02
8284,612,9,2025-05-06,UPI,Delivered,2096.37
8285,211,35,2025-03-02,Cash,Delivered,1735.41
8286,278,29,2025-11-12,Cash,Cancelled,1808.47
8287,121,77,2025-12-25,Cash,Cancelled,1481.87
8288,17,81,2025-02-20,UPI,Cancelled,657.78
8289,397,59,2025-07-24,UPI,Delivered,2210.71
8290,866,42,2025-11-06,Cash,Delivered,912.6
8291,820,34,2025-07-17,Card,Delivered,2632.55
8292,7,48,2025-12-17,Cash,Cancelled,515.48
8293,197,78,2025-09-01,Card,Cancelled,2009.6
8294,875,43,2025-04-03,Cash,Cancelled,1999.36
8295,884,62,2025-12-09,Cash,Cancelled,2806.74
8296,907,54,2025-09-08,Cash,Delivered,2142.66
8297,828,81,2025-02-19,Cash,Delivered,1804.3
8298,73,54,2025-05-11,Card,Cancelled,382.23
8299,918,72,2025-09-27,Card,Cancelled,500.32
8300,640,23,2025-05-16,Cash,Cancelled,1251.32
8301,865,23,2025-10-12,UPI,Delivered,1242.22
8302,425,71,2025-11-20,Card,Cancelled,2322.57
8303,313,79,2025-08-16,Card,Delivered,1631.86
8304,400,59,2025-12-20,UPI,Delivered,1721.94
8305,131,93,2025-01-11,UPI,Cancelled,1908.56
8306,530,13,2025-10-04,Card,Cancelled,2610.92
8307,446,99,2025-03-31,UPI,Cancelled,1542.52
8308,277,78,2025-09-06,UPI,Cancelled,211.69
8309,194,19,2025-01-31,UPI,Cancelled,2752.45
8310,974,43,2025-08-31,UPI,Delivered,156.64
8311,395,69,2025-01-12,Card,Delivered,1385.88
8312,196,6,2025-06-06,Cash,Cancelled,413.93
8313,601,81,2025-06-05,UPI,Delivered,1972.05
8314,590,34,2025-01-18,Card,Delivered,346.48
8315,347,23,2025-08-13,Cash,Cancelled,2243.98
8316,828,87,2025-05-04,UPI,Delivered,251.73
8317,992,98,2025-09-13,Cash,Delivered,396.53
8318,40,28,2025-06-23,Card,Delivered,755.41
8319,354,95,2025-09-19,Cash,Delivered,2323.27
8320,417,33,2025-12-12,Card,Delivered,239.39
8321,915,84,2025-04-03,Cash,Cancelled,1556.47
8322,726,55,2025-11-20,Cash,Cancelled,2220.62
8323,707,28,2025-09-21,UPI,Cancelled,549.88
8324,724,66,2025-06-15,Cash,Cancelled,2090.35
8325,147,84,2025-06-10,Card,Cancelled,473.05
8326,194,8,2025-11-16,Cash,Cancelled,1315.74
8327,206,52,2025-09-27,Card,Delivered,2037.13
8328,553,64,2025-03-01,Cash,Cancelled,352.15
8329,573,53,2025-10-09,Card,Delivered,2471.5
8330,49,10,2025-07-16,UPI,Cancelled,2068.16
8331,174,19,2025-10-07,Card,Delivered,621.06
8332,938,62,2025-01-19,Cash,Delivered,445.2
8333,772,97,2025-02-23,Cash,Cancelled,1583.5
8334,408,21,2025-02-24,Card,Cancelled,1524.0
8335,970,61,2025-12-29,UPI,Delivered,2225.3
8336,560,68,2025-05-10,UPI,Cancelled,688.51
8337,860,49,2025-06-18,Cash,Cancelled,1648.89
8338,486,53,2025-04-21,Card,Cancelled,1221.3
8339,469,17,2025-03-20,Card,Cancelled,2062.09
8340,85,56,2025-11-10,Card,Delivered,291.84
8341,928,89,2025-03-09,Card,Delivered,2550.66
8342,296,61,2025-08-20,Card,Delivered,1147.85
8343,45,7,2025-11-05,UPI,Delivered,752.04
8344,999,86,2025-06-21,Card,Delivered,2301.36
8345,212,85,2025-07-13,Card,Delivered,1477.88
8346,861,40,2025-08-07,UPI,Cancelled,1626.34
8347,471,77,2025-10-19,Cash,Cancelled,1205.9
8348,4,50,2025-11-08,UPI,Delivered,2498.28
8349,552,41,2025-05-26,Card,Delivered,1910.89
8350,652,68,2025-09-15,Cash,Cancelled,1418.77
8351,71,27,2025-12-29,UPI,Cancelled,1029.48
8352,476,94,2025-05-04,Card,Cancelled,1018.32
8353,558,80,2025-06-27,Cash,Delivered,1552.98
8354,136,75,2025-01-22,Cash,Cancelled,1206.9
8355,204,65,2025-03-23,UPI,Cancelled,1492.06
8356,837,82,2025-05-02,Cash,Cancelled,2180.11
8357,593,91,2025-03-15,Cash,Cancelled,903.13
8358,607,79,2025-05-10,UPI,Delivered,2605.0
8359,523,26,2025-08-16,Cash,Cancelled,355.45
8360,203,74,2025-09-17,Cash,Cancelled,2244.65
8361,336,1,2025-07-22,Card,Cancelled,475.1
8362,292,36,2025-08-16,Cash,Cancelled,1850.77
8363,757,9,2025-09-23,Cash,Cancelled,1985.97
8364,47,94,2025-06-02,Cash,Delivered,2290.91
8365,387,3,2025-05-29,Card,Delivered,608.68
8366,290,100,2025-04-13,UPI,Cancelled,1193.41
8367,215,6,2025-09-01,UPI,Cancelled,1901.96
8368,98,1,2025-10-20,Cash,Delivered,537.86
8369,260,98,2025-11-14,Card,Cancelled,1670.52
8370,772,14,2025-10-14,UPI,Cancelled,1648.77
8371,964,73,2025-03-22,Card,Cancelled,529.69
8372,23,42,2025-12-24,Cash,Cancelled,562.36
8373,793,75,2025-03-05,UPI,Delivered,392.77
8374,558,43,2025-10-06,Cash,Delivered,300.35
8375,130,62,2025-08-30,Card,Delivered,1713.53
8376,346,23,2025-06-13,UPI,Cancelled,2920.55
8377,465,34,2025-03-21,Cash,Delivered,603.47
8378,401,18,2025-04-01,Cash,Cancelled,1948.89
8379,340,69,2025-11-18,Card,Delivered,2120.07
8380,458,46,2025-10-19,UPI,Delivered,858.24
8381,893,6,2025-09-30,UPI,Cancelled,1801.47
8382,604,77,2025-05-24,Card,Cancelled,1641.06
8383,188,69,2025-12-31,Card,Delivered,2281.08
8384,593,80,2025-10-29,Card,Cancelled,2482.97
8385,842,20,2025-10-25,Card,Cancelled,440.29
8386,575,36,2025-11-02,Cash,Cancelled,2788.37
8387,217,47,2025-08-09,UPI,Cancelled,1299.25
8388,291,15,2025-12-28,Card,Cancelled,2896.15
8389,914,58,2025-04-26,Cash,Cancelled,430.88
8390,725,8,2025-07-03,Cash,Delivered,2817.7
8391,966,36,2025-01-29,Card,Cancelled,1039.11
8392,674,91,2025-02-27,Card,Cancelled,1185.13
8393,565,99,2025-11-25,UPI,Cancelled,2519.95
8394,951,38,2025-07-08,Cash,Cancelled,2805.74
8395,459,100,2025-09-24,Card,Delivered,2248.2
8396,419,16,2025-10-12,Cash,Delivered,1800.35
8397,374,12,2025-10-16,Cash,Cancelled,1238.0
8398,648,55,2025-12-03,Card,Delivered,2361.62
8399,448,60,2025-07-08,Card,Delivered,718.59
8400,599,8,2025-10-20,UPI,Cancelled,898.15
8401,150,1,2025-11-17,Card,Cancelled,1167.59
8402,707,47,2025-11-24,UPI,Delivered,1517.82
8403,884,62,2025-06-30,Card,Delivered,2033.38
8404,950,57,2025-01-12,UPI,Delivered,1404.5
8405,502,40,2025-01-21,Cash,Delivered,2645.41
8406,709,71,2025-01-19,Cash,Cancelled,2334.92
8407,665,19,2025-05-27,Card,Delivered,1847.3
8408,269,4,2025-01-17,Card,Cancelled,1803.79
8409,632,38,2025-05-31,Card,Cancelled,440.38
8410,807,9,2025-03-30,UPI,Cancelled,2263.47
8411,126,30,2025-03-13,Card,Cancelled,2578.33
8412,165,68,2025-06-07,UPI,Cancelled,1828.99
8413,758,91,2025-10-29,Cash,Delivered,2551.27
8414,825,83,2025-01-04,UPI,Delivered,878.57
8415,915,85,2025-10-20,Card,Delivered,2660.81
8416,571,94,2025-12-28,Cash,Delivered,1807.69
8417,945,61,2025-03-12,UPI,Delivered,1885.42
8418,267,16,2025-09-24,Card,Delivered,2904.11
8419,142,8,2025-01-18,Cash,Delivered,1753.32
8420,628,28,2025-03-28,Card,Delivered,456.46
8421,163,22,2025-02-21,UPI,Delivered,654.72
8422,899,48,2025-11-25,UPI,Delivered,1567.29
8423,774,93,2025-08-27,Cash,Cancelled,2155.55
8424,572,42,2025-07-21,Cash,Delivered,2689.41
8425,254,69,2025-01-17,UPI,Cancelled,2126.79
8426,677,19,2025-01-23,Card,Delivered,1151.6
8427,60,16,2025-10-14,UPI,Cancelled,1423.84
8428,636,95,2025-12-22,Card,Cancelled,403.53
8429,361,15,2025-12-14,UPI,Delivered,707.21
8430,228,2,2025-06-01,Cash,Delivered,288.83
8431,512,45,2025-10-16,UPI,Delivered,2772.11
8432,634,28,2025-04-29,UPI,Cancelled,2574.76
8433,988,37,2025-03-09,UPI,Delivered,1552.94
8434,851,85,2025-12-05,Card,Cancelled,860.7
8435,404,70,2025-05-17,Cash,Delivered,2849.52
8436,314,68,2025-08-24,Cash,Cancelled,1567.21
8437,321,67,2025-06-21,UPI,Cancelled,2869.14
8438,853,76,2025-09-18,Card,Delivered,2038.17
8439,382,66,2025-04-28,UPI,Cancelled,1757.94
8440,349,90,2025-03-28,Card,Delivered,1744.18
8441,871,58,2025-04-25,Card,Delivered,1743.12
8442,719,25,2025-09-01,UPI,Cancelled,385.03
8443,75,30,2025-10-08,Card,Cancelled,2791.82
8444,457,58,2025-06-25,UPI,Cancelled,1138.13
8445,45,61,2025-07-08,UPI,Delivered,318.36
8446,703,8,2025-12-03,UPI,Delivered,2850.99
8447,942,31,2025-03-08,UPI,Cancelled,1409.65
8448,852,63,2025-05-09,UPI,Cancelled,1752.7
8449,467,97,2025-03-04,Card,Cancelled,1087.57
8450,88,40,2025-10-08,Card,Cancelled,911.77
8451,631,61,2025-05-07,Card,Cancelled,1681.43
8452,693,63,2025-03-27,Card,Cancelled,1482.7
8453,634,18,2025-11-23,Cash,Cancelled,1008.61
8454,589,25,2025-07-13,Cash,Cancelled,2213.14
8455,996,98,2025-04-09,UPI,Cancelled,1578.21
8456,545,87,2025-12-29,Cash,Delivered,1867.14
8457,363,22,2025-02-08,UPI,Delivered,2797.57
8458,183,100,2025-07-30,Cash,Delivered,2090.28
8459,761,54,2025-12-26,Card,Cancelled,1527.5
8460,415,85,2025-12-25,UPI,Cancelled,1362.42
8461,298,53,2025-12-25,Card,Cancelled,1150.11
8462,265,7,2025-03-01,Cash,Cancelled,2953.27
8463,197,90,2025-07-16,UPI,Delivered,1187.12
8464,332,32,2025-09-16,Cash,Cancelled,2780.05
8465,148,35,2025-02-25,UPI,Delivered,2101.44
8466,804,20,2025-01-09,Cash,Delivered,338.45
8467,866,16,2025-07-06,Cash,Cancelled,2613.86
8468,589,63,2025-02-05,Card,Cancelled,2882.01
8469,713,91,2025-05-22,Cash,Delivered,2193.33
8470,831,29,2025-12-21,Card,Cancelled,1958.14
8471,349,25,2025-09-16,Card,Cancelled,442.93
8472,605,57,2025-08-15,UPI,Cancelled,2697.88
8473,343,59,2025-10-17,Card,Delivered,257.89
8474,117,95,2025-06-21,Card,Delivered,579.13
8475,639,32,2025-08-07,UPI,Cancelled,2894.16
8476,938,4,2025-07-23,Cash,Cancelled,1502.97
8477,338,76,2025-08-06,UPI,Cancelled,2950.22
8478,426,50,2025-10-20,Card,Delivered,2778.47
8479,144,70,2025-05-19,Cash,Delivered,380.01
8480,100,66,2025-11-12,Cash,Delivered,1206.01
8481,641,77,2025-09-30,Card,Cancelled,649.33
8482,143,32,2025-01-14,Card,Delivered,2616.88
8483,316,97,2025-01-06,Card,Delivered,719.47
8484,811,62,2025-11-14,Card,Cancelled,2034.67
8485,76,48,2025-08-24,Card,Cancelled,1127.4
8486,141,12,2025-11-02,Card,Delivered,1805.41
8487,491,59,2025-06-19,Card,Delivered,1500.73
8488,954,18,2025-06-28,Cash,Delivered,235.0
8489,688,26,2025-01-19,UPI,Delivered,2591.35
8490,144,54,2025-10-31,Cash,Delivered,2565.65
8491,652,17,2025-09-26,Cash,Cancelled,1913.63
8492,771,87,2025-02-22,UPI,Cancelled,682.57
8493,229,63,2025-09-15,UPI,Delivered,2541.85
8494,167,27,2025-03-08,Cash,Cancelled,2361.25
8495,184,46,2025-12-04,UPI,Cancelled,2302.21
8496,760,89,2025-08-06,Card,Delivered,2689.83
8497,628,3,2025-03-19,Card,Delivered,213.05
8498,756,29,2025-11-17,Card,Cancelled,1488.61
8499,846,76,2025-01-03,UPI,Delivered,801.02
8500,184,13,2025-09-18,Card,Cancelled,1520.54
8501,206,18,2025-10-19,Cash,Delivered,1171.88
8502,566,32,2025-03-20,UPI,Delivered,678.09
8503,898,75,2025-09-15,Cash,Cancelled,432.43
8504,184,3,2025-07-29,Cash,Cancelled,1516.81
8505,748,51,2025-09-01,Card,Cancelled,1967.36
8506,763,94,2025-07-30,Cash,Delivered,326.73
8507,5,27,2025-10-07,Card,Delivered,2879.63
8508,136,66,2025-08-07,Card,Cancelled,554.86
8509,110,94,2025-06-19,Card,Delivered,1640.55
8510,884,46,2025-02-05,Cash,Delivered,596.95
8511,927,82,2025-04-06,UPI,Cancelled,861.89
8512,749,21,2025-03-19,Cash,Delivered,2029.8
8513,808,79,2025-11-13,UPI,Delivered,960.16
8514,914,26,2025-12-30,Card,Cancelled,1987.25
8515,257,3,2025-01-27,UPI,Cancelled,2923.01
8516,256,85,2025-07-14,UPI,Delivered,310.74
8517,797,83,2025-03-10,Card,Delivered,1460.1
8518,964,47,2025-04-13,UPI,Cancelled,375.65
8519,596,9,2025-03-01,Cash,Delivered,2362.72
8520,125,35,2025-11-14,UPI,Cancelled,2979.97
8521,544,66,2025-11-17,Card,Cancelled,937.31
8522,934,81,2025-01-20,UPI,Delivered,1501.29
8523,306,58,2025-11-03,UPI,Delivered,1225.53
8524,713,56,2025-11-13,Card,Cancelled,375.13
8525,268,44,2025-01-14,UPI,Cancelled,1582.69
8526,522,90,2025-04-19,UPI,Cancelled,2794.15
8527,923,73,2025-04-15,Cash,Delivered,1688.74
8528,223,89,2025-08-03,Card,Delivered,2648.42
8529,222,21,2025-03-31,UPI,Delivered,2205.24
8530,759,35,2025-03-18,Cash,Delivered,2806.88
8531,685,87,2025-08-15,Card,Delivered,548.06
8532,736,52,2025-05-23,Card,Cancelled,2033.14
8533,381,40,2025-08-17,Cash,Delivered,2621.77
8534,643,80,2025-05-20,Cash,Cancelled,2511.65
8535,174,42,2025-02-13,Cash,Cancelled,239.11
8536,761,61,2025-05-21,Cash,Cancelled,2847.62
8537,488,85,2025-06-15,Card,Delivered,1421.85
8538,392,75,2025-04-17,Card,Cancelled,1796.87
8539,38,41,2025-04-11,Card,Delivered,2887.89
8540,869,62,2025-03-23,Cash,Delivered,1377.27
8541,510,11,2025-02-10,Card,Cancelled,1004.53
8542,109,97,2025-04-15,Cash,Delivered,962.68
8543,50,2,2025-08-22,UPI,Cancelled,810.99
8544,11,35,2025-02-28,UPI,Cancelled,1766.49
8545,305,20,2025-09-21,Card,Cancelled,1796.07
8546,286,53,2025-07-11,Card,Delivered,2191.39
8547,753,85,2025-05-10,Cash,Cancelled,927.2
8548,11,67,2025-03-03,UPI,Delivered,419.81
8549,10,49,2025-11-11,Card,Cancelled,1994.5
8550,390,75,2025-07-07,Card,Delivered,1031.88
8551,983,79,2025-10-28,Card,Delivered,1923.01
8552,786,54,2025-10-26,Card,Cancelled,609.21
8553,208,11,2025-04-27,Card,Delivered,2582.4
8554,562,94,2025-12-28,Card,Delivered,2930.9
8555,338,15,2025-09-19,Cash,Cancelled,243.35
8556,47,69,2025-09-18,UPI,Delivered,2517.31
8557,458,76,2025-09-18,Card,Delivered,2063.57
8558,582,13,2025-07-12,Cash,Delivered,2707.17
8559,136,39,2025-10-10,Cash,Delivered,2071.77
8560,26,39,2025-08-22,Cash,Delivered,1866.71
8561,270,81,2025-07-18,Cash,Delivered,295.05
8562,835,59,2025-06-03,Cash,Cancelled,853.35
8563,756,57,2025-02-15,UPI,Delivered,1261.09
8564,499,7,2025-10-01,Card,Delivered,1298.77
8565,38,88,2025-10-09,UPI,Delivered,2858.66
8566,494,85,2025-01-15,Card,Delivered,2801.34
8567,121,41,2025-11-23,UPI,Delivered,1214.2
8568,45,2,2025-10-09,Card,Delivered,930.35
8569,18,11,2025-08-01,UPI,Cancelled,923.27
8570,808,96,2025-04-09,Cash,Delivered,1966.74
8571,185,44,2025-09-24,Card,Cancelled,2316.56
8572,80,1,2025-09-29,Card,Delivered,2220.44
8573,609,10,2025-11-07,Cash,Cancelled,906.19
8574,424,93,2025-03-27,UPI,Delivered,1578.8
8575,489,85,2025-04-03,Card,Cancelled,627.84
8576,656,93,2025-11-16,Cash,Delivered,1022.54
8577,403,3,2025-01-27,UPI,Delivered,463.36
8578,280,64,2025-10-26,UPI,Delivered,1403.14
8579,683,56,2025-06-09,Cash,Delivered,861.44
8580,217,92,2025-07-04,UPI,Delivered,2872.13
8581,9,45,2025-05-26,UPI,Delivered,781.19
8582,392,48,2025-07-02,UPI,Cancelled,1181.93
8583,646,89,2025-09-05,Cash,Cancelled,2164.22
8584,281,50,2025-04-03,Card,Cancelled,250.04
8585,268,99,2025-09-10,Cash,Delivered,1817.54
8586,362,54,2025-04-15,UPI,Cancelled,1561.11
8587,115,27,2025-05-02,Card,Cancelled,2429.06
8588,549,4,2025-05-06,Cash,Cancelled,2324.98
8589,196,1,2025-05-20,Cash,Cancelled,1427.87
8590,373,87,2025-09-06,UPI,Cancelled,2218.79
8591,405,63,2025-03-12,UPI,Cancelled,2934.64
8592,668,66,2025-07-25,UPI,Cancelled,1401.95
8593,3,85,2025-02-12,UPI,Cancelled,1123.57
8594,809,79,2025-04-16,Cash,Cancelled,168.49
8595,755,84,2025-06-05,Card,Cancelled,905.61
8596,731,18,2025-09-12,UPI,Delivered,577.04
8597,172,56,2025-03-10,Cash,Delivered,1656.48
8598,767,90,2025-10-31,Cash,Delivered,2209.25
8599,142,7,2025-08-15,Card,Delivered,2966.59
8600,793,72,2025-11-07,UPI,Cancelled,1668.03
8601,404,67,2025-06-11,Cash,Delivered,1854.2
8602,827,56,2025-04-19,Cash,Cancelled,1628.1
8603,296,45,2025-06-20,Cash,Delivered,2108.22
8604,611,88,2025-04-01,Card,Delivered,2836.02
8605,12,6,2025-08-29,Cash,Delivered,1668.47
8606,804,22,2025-09-07,UPI,Cancelled,172.78
8607,556,78,2025-07-01,Card,Cancelled,1562.19
8608,184,23,2025-11-17,UPI,Delivered,1831.93
8609,91,58,2025-07-12,UPI,Delivered,1945.2
8610,264,34,2025-06-19,Cash,Delivered,2449.19
8611,910,94,2025-02-07,Cash,Cancelled,2274.95
8612,889,19,2025-08-05,Card,Cancelled,615.32
8613,983,65,2025-10-14,Card,Delivered,1074.76
8614,758,63,2025-03-11,UPI,Cancelled,1837.28
8615,703,53,2025-06-18,Cash,Cancelled,1873.41
8616,82,83,2025-12-21,Cash,Cancelled,2045.55
8617,291,94,2025-05-10,Card,Delivered,249.08
8618,583,47,2025-10-29,Cash,Delivered,188.65
8619,59,13,2025-06-08,Cash,Cancelled,1597.43
8620,76,94,2025-05-11,Cash,Delivered,818.37
8621,549,42,2025-09-30,UPI,Delivered,1488.66
8622,614,44,2025-09-01,Card,Delivered,1460.27
8623,729,18,2025-12-10,Cash,Cancelled,2025.68
8624,439,86,2025-02-23,UPI,Delivered,281.23
8625,581,8,2025-10-04,Cash,Delivered,718.69
8626,609,61,2025-12-22,UPI,Cancelled,1061.19
8627,127,92,2025-04-22,Cash,Delivered,1104.81
8628,669,71,2025-04-01,Cash,Delivered,2490.3
8629,528,93,2025-01-10,Cash,Cancelled,2528.46
8630,41,42,2025-11-11,UPI,Delivered,2246.38
8631,188,14,2025-08-11,UPI,Cancelled,2507.63
8632,717,31,2025-09-14,Card,Cancelled,1645.39
8633,543,86,2025-11-30,Cash,Cancelled,1076.36
8634,503,30,2025-09-01,Cash,Delivered,1559.89
8635,46,75,2025-12-04,Cash,Delivered,770.2
8636,903,76,2025-06-06,UPI,Delivered,2424.52
8637,734,45,2025-04-04,Card,Cancelled,197.54
8638,221,51,2025-07-10,Card,Delivered,2941.69
8639,989,81,2025-02-19,Card,Cancelled,168.44
8640,295,93,2025-06-01,Card,Delivered,803.74
8641,570,25,2025-01-19,Cash,Delivered,2875.08
8642,655,76,2025-06-03,UPI,Cancelled,517.57
8643,139,54,2025-09-25,Cash,Cancelled,1747.52
8644,739,16,2025-04-08,Cash,Cancelled,290.99
8645,540,50,2025-06-30,Cash,Cancelled,2426.37
8646,218,63,2025-03-21,Card,Cancelled,2613.61
8647,867,84,2025-04-13,Cash,Delivered,1013.59
8648,721,99,2025-07-04,Cash,Cancelled,1669.96
8649,507,58,2025-03-05,UPI,Cancelled,845.02
8650,990,49,2025-01-08,Card,Cancelled,1572.45
8651,786,39,2025-04-06,Cash,Cancelled,1109.02
8652,989,58,2025-09-17,UPI,Delivered,2962.07
8653,53,39,2025-09-10,Cash,Delivered,1460.1
8654,316,45,2025-09-20,Cash,Delivered,1021.91
8655,970,33,2025-01-17,Cash,Cancelled,942.36
8656,950,23,2025-07-23,Cash,Cancelled,997.89
8657,768,89,2025-09-25,UPI,Cancelled,237.06
8658,485,65,2025-05-06,UPI,Delivered,747.4
8659,731,76,2025-04-14,UPI,Cancelled,2804.63
8660,654,12,2025-12-03,Cash,Cancelled,1115.06
8661,911,2,2025-06-10,UPI,Delivered,862.48
8662,362,97,2025-02-23,Cash,Cancelled,913.47
8663,254,68,2025-09-14,Cash,Cancelled,2450.3
8664,443,78,2025-10-20,Cash,Delivered,2352.18
8665,153,40,2025-11-12,Card,Delivered,2710.72
8666,553,99,2025-02-25,UPI,Cancelled,1762.34
8667,345,72,2025-06-06,Cash,Delivered,333.58
8668,606,39,2025-01-20,UPI,Delivered,2575.98
8669,109,82,2025-11-18,Card,Delivered,2791.05
8670,440,97,2025-09-11,Card,Delivered,309.68
8671,623,68,2025-05-28,Card,Delivered,2891.87
8672,931,33,2025-09-01,UPI,Cancelled,781.8
8673,181,89,2025-11-27,Cash,Cancelled,2750.87
8674,592,22,2025-07-29,Cash,Cancelled,2221.12
8675,933,95,2025-09-11,Cash,Cancelled,975.52
8676,194,64,2025-09-28,UPI,Cancelled,815.15
8677,908,27,2025-06-26,Cash,Cancelled,2567.76
8678,405,66,2025-04-01,Cash,Delivered,2958.83
8679,641,43,2025-12-15,UPI,Cancelled,1284.15
8680,118,95,2025-03-03,Cash,Delivered,1106.97
8681,555,16,2025-01-29,Card,Cancelled,425.25
8682,291,97,2025-03-05,Cash,Delivered,1883.89
8683,519,63,2025-01-26,UPI,Delivered,1080.29
8684,843,90,2025-04-10,Cash,Cancelled,1872.6
8685,974,58,2025-10-15,Card,Cancelled,1254.3
8686,122,40,2025-05-22,UPI,Delivered,902.82
8687,299,4,2025-09-17,UPI,Delivered,2972.48
8688,803,62,2025-05-25,Cash,Cancelled,2855.7
8689,775,57,2025-01-01,UPI,Delivered,636.0
8690,742,60,2025-04-15,UPI,Delivered,2038.18
8691,489,36,2025-08-19,Card,Delivered,2055.49
8692,502,66,2025-08-17,Card,Delivered,2917.23
8693,434,93,2025-03-22,Card,Delivered,367.43
8694,25,67,2025-09-24,Card,Delivered,438.85
8695,882,86,2025-08-12,Cash,Delivered,996.4
8696,763,40,2025-03-17,Card,Cancelled,2386.32
8697,40,85,2025-08-27,Cash,Cancelled,204.76
8698,451,70,2025-09-22,Card,Cancelled,885.49
8699,75,62,2025-11-03,Card,Delivered,2089.03
8700,91,59,2025-07-08,Cash,Delivered,2220.51
8701,911,29,2025-09-20,Cash,Delivered,2703.65
8702,209,80,2025-07-16,Card,Delivered,246.08
8703,473,86,2025-11-28,Card,Delivered,2261.14
8704,999,49,2025-07-26,Card,Delivered,545.1
8705,324,42,2025-12-21,Cash,Delivered,211.86
8706,946,87,2025-07-12,Card,Cancelled,798.45
8707,429,29,2025-01-04,Cash,Cancelled,179.55
8708,890,73,2025-11-24,Cash,Cancelled,1879.93
8709,211,100,2025-12-18,UPI,Delivered,1873.62
8710,400,43,2025-10-14,Cash,Cancelled,697.04
8711,206,91,2025-04-22,UPI,Cancelled,957.16
8712,156,32,2025-12-06,Card,Cancelled,1459.23
8713,176,58,2025-05-06,UPI,Delivered,1203.12
8714,816,78,2025-09-30,UPI,Delivered,1146.28
8715,524,54,2025-03-13,UPI,Delivered,1298.71
8716,343,60,2025-05-15,Card,Delivered,416.1
8717,70,7,2025-05-04,Cash,Cancelled,1199.81
8718,257,73,2025-11-11,Cash,Delivered,2199.65
8719,21,89,2025-08-14,Cash,Cancelled,1460.76
8720,24,28,2025-02-03,Cash,Delivered,2028.24
8721,736,32,2025-12-03,Card,Cancelled,2188.76
8722,430,26,2025-12-20,Cash,Delivered,1394.98
8723,750,18,2025-07-28,Cash,Cancelled,278.37
8724,74,83,2025-02-10,UPI,Cancelled,2885.93
8725,769,55,2025-07-13,UPI,Delivered,2576.13
8726,343,2,2025-09-16,Cash,Cancelled,2077.1
8727,614,94,2025-07-02,Card,Delivered,1268.64
8728,991,67,2025-09-30,Card,Delivered,2795.76
8729,201,71,2025-08-26,Cash,Delivered,2216.27
8730,209,85,2025-11-10,UPI,Delivered,313.46
8731,26,26,2025-04-04,UPI,Delivered,2169.23
8732,556,84,2025-01-29,Card,Cancelled,2612.42
8733,146,23,2025-11-04,UPI,Delivered,1034.51
8734,256,53,2025-08-19,Cash,Cancelled,2876.94
8735,894,92,2025-06-04,UPI,Cancelled,819.99
8736,281,83,2025-05-16,Card,Cancelled,1144.52
8737,92,64,2025-11-24,Card,Delivered,1068.42
8738,822,36,2025-06-20,Cash,Delivered,1855.91
8739,274,73,2025-01-01,Cash,Cancelled,1288.26
8740,322,63,2025-10-26,UPI,Cancelled,2145.1
8741,967,25,2025-04-20,Cash,Delivered,1857.71
8742,581,94,2025-04-30,Cash,Cancelled,1449.23
8743,445,100,2025-04-22,UPI,Cancelled,2077.91
8744,87,10,2025-10-29,Card,Cancelled,2055.1
8745,440,36,2025-02-11,Card,Delivered,2867.46
8746,166,54,2025-01-24,Cash,Cancelled,2517.0
8747,483,8,2025-05-26,Card,Cancelled,2999.63
8748,354,25,2025-09-02,UPI,Delivered,2458.06
8749,267,64,2025-05-29,Card,Cancelled,2213.57
8750,377,25,2025-03-18,Cash,Cancelled,2654.68
8751,463,40,2025-10-01,Cash,Delivered,2024.26
8752,342,56,2025-08-24,UPI,Cancelled,1361.82
8753,720,3,2025-09-24,Card,Delivered,2808.68
8754,182,54,2025-06-20,UPI,Cancelled,2232.28
8755,112,46,2025-07-27,UPI,Cancelled,2676.18
8756,628,79,2025-01-12,Cash,Delivered,1077.97
8757,733,50,2025-12-03,Cash,Delivered,1515.2
8758,461,64,2025-05-03,UPI,Delivered,381.48
8759,839,4,2025-12-20,Cash,Delivered,2789.63
8760,547,99,2025-10-29,Card,Delivered,268.04
8761,555,80,2025-03-13,UPI,Cancelled,2552.08
8762,332,88,2025-05-17,Card,Cancelled,2281.72
8763,35,66,2025-04-02,Card,Cancelled,2146.0
8764,169,8,2025-12-20,Card,Delivered,1415.95
8765,592,41,2025-09-10,Card,Delivered,2488.9
8766,982,28,2025-03-31,Cash,Delivered,748.91
8767,573,39,2025-11-29,Cash,Delivered,672.05
8768,409,22,2025-03-03,Card,Delivered,2286.74
8769,358,18,2025-08-10,Card,Cancelled,533.62
8770,672,62,2025-09-26,UPI,Delivered,2361.94
8771,929,81,2025-06-20,Card,Cancelled,387.92
8772,827,12,2025-10-06,UPI,Delivered,2421.05
8773,53,23,2025-07-29,UPI,Cancelled,1482.12
8774,744,37,2025-10-10,Card,Cancelled,2064.48
8775,625,19,2025-06-13,Card,Delivered,1014.84
8776,114,17,2025-04-05,Card,Cancelled,510.46
8777,799,40,2025-01-08,Cash,Delivered,1498.5
8778,697,60,2025-01-23,Card,Cancelled,2168.09
8779,279,48,2025-05-04,Cash,Delivered,345.37
8780,272,66,2025-12-26,UPI,Cancelled,910.8
8781,906,19,2025-07-08,Card,Delivered,564.61
8782,281,46,2025-10-09,Cash,Delivered,1869.92
8783,448,89,2025-06-17,Card,Cancelled,1646.74
8784,660,70,2025-07-21,Card,Delivered,2997.07
8785,367,41,2025-10-04,Cash,Cancelled,1148.8
8786,398,62,2025-11-06,Cash,Cancelled,1663.87
8787,351,7,2025-12-21,Cash,Delivered,1923.91
8788,848,77,2025-02-02,Card,Delivered,370.29
8789,769,65,2025-03-08,Cash,Delivered,2602.39
8790,899,30,2025-10-31,Card,Cancelled,1529.68
8791,11,40,2025-11-07,Card,Cancelled,483.03
8792,482,99,2025-01-31,UPI,Cancelled,2442.8
8793,958,91,2025-05-30,Cash,Delivered,2180.94
8794,309,21,2025-08-17,UPI,Cancelled,268.15
8795,837,80,2025-12-10,Card,Delivered,1826.44
8796,680,22,2025-07-19,Cash,Delivered,2070.48
8797,449,69,2025-07-10,Card,Delivered,927.67
8798,913,51,2025-05-02,Cash,Delivered,201.5
8799,906,70,2025-03-22,Card,Cancelled,196.43
8800,457,56,2025-08-01,Card,Delivered,250.87
8801,66,48,2025-10-19,UPI,Delivered,962.59
8802,73,41,2025-03-06,Cash,Cancelled,1999.43
8803,912,45,2025-08-08,Card,Cancelled,955.85
8804,4,56,2025-04-04,Card,Cancelled,310.78
8805,114,5,2025-03-31,Card,Delivered,382.58
8806,64,16,2025-06-03,Card,Delivered,1547.22
8807,630,88,2025-07-29,Card,Delivered,2094.47
8808,479,18,2025-07-20,Card,Cancelled,1565.92
8809,752,63,2025-10-27,Cash,Cancelled,1244.94
8810,772,3,2025-04-13,UPI,Delivered,2688.01
8811,34,34,2025-01-07,Card,Delivered,1210.02
8812,384,28,2025-08-28,Card,Delivered,1341.6
8813,440,13,2025-05-29,Cash,Cancelled,2255.87
8814,172,57,2025-04-08,Card,Delivered,1512.64
8815,451,54,2025-08-08,UPI,Delivered,2449.29
8816,640,56,2025-08-19,Card,Cancelled,999.48
8817,170,4,2025-11-28,Card,Delivered,942.3
8818,804,52,2025-02-11,UPI,Delivered,2250.19
8819,242,91,2025-05-15,UPI,Delivered,2999.6
8820,560,8,2025-09-25,Cash,Cancelled,215.19
8821,195,98,2025-05-30,Card,Cancelled,1642.16
8822,312,99,2025-07-19,Card,Cancelled,413.7
8823,723,33,2025-11-25,Card,Delivered,2813.6
8824,910,25,2025-03-25,UPI,Delivered,603.06
8825,260,33,2025-01-29,Card,Delivered,2986.4
8826,704,62,2025-10-04,UPI,Delivered,1733.51
8827,133,53,2025-04-03,Card,Cancelled,573.04
8828,541,24,2025-03-29,Card,Delivered,291.93
8829,428,30,2025-07-03,UPI,Cancelled,2559.15
8830,626,26,2025-02-05,UPI,Cancelled,2384.96
8831,812,61,2025-09-11,UPI,Delivered,2977.32
8832,746,82,2025-07-23,Card,Delivered,391.88
8833,234,38,2025-11-21,Cash,Delivered,2165.63
8834,603,42,2025-05-24,Card,Delivered,673.48
8835,223,69,2025-11-19,Card,Delivered,1956.85
8836,341,99,2025-01-14,Cash,Delivered,2013.31
8837,229,50,2025-02-23,Cash,Cancelled,2953.13
8838,966,25,2025-08-19,UPI,Cancelled,2196.02
8839,442,18,2025-12-29,UPI,Cancelled,1399.56
8840,221,41,2025-06-01,UPI,Cancelled,2440.74
8841,385,25,2025-02-03,Cash,Cancelled,1959.34
8842,708,68,2025-06-04,UPI,Delivered,1815.84
8843,728,47,2025-10-14,UPI,Cancelled,458.9
8844,142,100,2025-10-31,Cash,Delivered,993.44
8845,35,10,2025-09-27,Card,Delivered,1064.2
8846,265,98,2025-07-02,UPI,Delivered,2430.91
8847,310,19,2025-02-01,Cash,Delivered,1115.24
8848,428,62,2025-02-15,Card,Cancelled,326.47
8849,137,35,2025-10-12,Cash,Delivered,2694.03
8850,848,63,2025-02-28,UPI,Delivered,627.99
8851,448,87,2025-02-24,UPI,Cancelled,2499.38
8852,775,17,2025-03-31,Card,Cancelled,1397.94
8853,874,29,2025-06-30,Cash,Cancelled,1304.16
8854,666,86,2025-12-10,Cash,Cancelled,385.91
8855,265,19,2025-06-15,UPI,Delivered,229.66
8856,842,86,2025-01-15,UPI,Delivered,1176.79
8857,389,40,2025-10-31,Cash,Delivered,178.28
8858,468,52,2025-06-16,Card,Cancelled,1346.93
8859,53,16,2025-08-25,Cash,Delivered,2791.51
8860,676,17,2025-10-08,UPI,Cancelled,1212.07
8861,987,77,2025-04-23,UPI,Cancelled,835.32
8862,124,4,2025-10-11,Card,Cancelled,2679.05
8863,229,86,2025-06-10,UPI,Delivered,2822.49
8864,880,53,2025-08-27,Card,Delivered,526.47
8865,709,23,2025-05-01,Cash,Cancelled,2414.87
8866,564,6,2025-07-28,Cash,Delivered,672.16
8867,568,27,2025-06-05,UPI,Cancelled,993.1
8868,412,47,2025-02-17,UPI,Cancelled,2511.41
8869,23,86,2025-12-08,UPI,Cancelled,1941.79
8870,320,35,2025-11-22,Cash,Cancelled,2459.46
8871,346,18,2025-03-19,UPI,Cancelled,690.22
8872,178,59,2025-09-08,Cash,Delivered,2915.73
8873,120,35,2025-04-13,UPI,Delivered,1555.47
8874,366,97,2025-06-30,Cash,Delivered,1335.64
8875,34,97,2025-09-28,Cash,Cancelled,1014.14
8876,992,48,2025-02-12,UPI,Delivered,469.95
8877,891,46,2025-02-14,Cash,Cancelled,777.28
8878,543,68,2025-08-18,Card,Cancelled,2613.06
8879,271,73,2025-11-13,Card,Cancelled,700.45
8880,854,45,2025-10-02,Cash,Cancelled,613.1
8881,815,26,2025-11-16,Card,Cancelled,1542.4
8882,450,56,2025-03-09,Card,Cancelled,2349.93
8883,926,43,2025-01-05,Card,Delivered,1885.23
8884,959,49,2025-02-01,Cash,Cancelled,2583.55
8885,933,64,2025-05-24,Card,Delivered,606.64
8886,837,15,2025-11-09,UPI,Delivered,2919.52
8887,267,71,2025-03-18,UPI,Delivered,1512.53
8888,609,66,2025-07-24,Cash,Cancelled,308.43
8889,342,87,2025-02-21,Card,Cancelled,2693.87
8890,379,58,2025-07-19,Cash,Delivered,652.86
8891,808,46,2025-03-12,Card,Delivered,451.86
8892,175,7,2025-07-16,Card,Delivered,1932.64
8893,664,87,2025-04-22,Cash,Delivered,2810.1
8894,498,76,2025-03-14,Card,Cancelled,866.45
8895,958,33,2025-09-11,Cash,Delivered,2928.0
8896,908,28,2025-03-20,Card,Delivered,200.85
8897,492,28,2025-03-30,Card,Delivered,1609.46
8898,847,87,2025-03-01,Card,Cancelled,1943.28
8899,617,73,2025-06-20,Cash,Cancelled,2997.21
8900,132,4,2025-12-02,Card,Cancelled,1384.72
8901,554,96,2025-06-30,Card,Cancelled,196.66
8902,956,10,2025-06-30,UPI,Delivered,1011.31
8903,482,53,2025-04-16,Card,Delivered,1600.11
8904,643,23,2025-01-15,Cash,Delivered,2795.16
8905,837,21,2025-09-05,Cash,Cancelled,436.32
8906,317,65,2025-03-07,UPI,Delivered,2794.54
8907,854,40,2025-02-01,UPI,Delivered,2598.45
8908,502,96,2025-02-17,UPI,Cancelled,328.28
8909,747,79,2025-05-20,Cash,Delivered,1336.95
8910,692,33,2025-01-12,Card,Cancelled,1665.19
8911,603,65,2025-04-25,UPI,Delivered,385.94
8912,108,80,2025-02-03,Cash,Cancelled,1587.79
8913,578,80,2025-03-19,Card,Cancelled,2786.22
8914,577,31,2025-07-15,Card,Cancelled,1464.7
8915,289,19,2025-01-05,UPI,Delivered,944.38
8916,611,59,2025-09-20,Cash,Delivered,299.41
8917,926,63,2025-12-21,UPI,Cancelled,2679.5
8918,624,56,2025-04-19,UPI,Delivered,1562.69
8919,333,7,2025-11-28,Card,Cancelled,535.85
8920,423,28,2025-08-08,UPI,Delivered,281.89
8921,217,98,2025-07-07,UPI,Cancelled,1399.01
8922,311,32,2025-06-08,Card,Delivered,1144.97
8923,771,74,2025-06-19,Card,Cancelled,2541.51
8924,458,89,2025-03-31,Cash,Cancelled,849.24
8925,483,72,2025-10-31,UPI,Delivered,2450.76
8926,954,37,2025-11-28,UPI,Delivered,2085.93
8927,607,73,2025-11-30,Card,Cancelled,1593.11
8928,484,87,2025-04-20,UPI,Delivered,624.21
8929,588,48,2025-11-05,UPI,Cancelled,1669.71
8930,870,100,2025-12-29,Card,Delivered,1918.83
8931,100,96,2025-05-29,UPI,Cancelled,1290.41
8932,299,23,2025-01-05,UPI,Cancelled,637.2
8933,575,61,2025-03-13,Cash,Cancelled,165.17
8934,964,82,2025-10-19,Card,Delivered,2115.25
8935,316,37,2025-09-04,Card,Delivered,1944.27
8936,242,14,2025-05-01,UPI,Delivered,2104.05
8937,479,13,2025-04-11,Cash,Delivered,1079.43
8938,832,68,2025-10-18,Card,Cancelled,1006.84
8939,280,29,2025-06-03,Cash,Cancelled,950.51
8940,919,69,2025-04-12,Cash,Cancelled,2186.36
8941,712,60,2025-10-20,Card,Delivered,528.73
8942,336,50,2025-10-21,Card,Cancelled,1823.97
8943,610,79,2025-09-28,UPI,Cancelled,2617.24
8944,235,10,2025-10-20,Cash,Cancelled,1726.08
8945,407,91,2025-01-10,Cash,Cancelled,190.94
8946,109,40,2025-09-10,Card,Delivered,897.76
8947,634,87,2025-09-27,UPI,Delivered,1433.93
8948,480,16,2025-08-07,Card,Cancelled,1445.91
8949,121,3,2025-04-03,Card,Delivered,2362.92
8950,135,56,2025-09-30,Card,Cancelled,1804.53
8951,94,59,2025-12-10,UPI,Cancelled,1930.83
8952,146,29,2025-05-05,Cash,Delivered,583.65
8953,88,2,2025-02-23,Card,Cancelled,2276.46
8954,913,32,2025-07-11,Cash,Cancelled,238.46
8955,181,80,2025-04-15,Card,Delivered,1135.5
8956,352,5,2025-07-13,Cash,Delivered,2186.21
8957,660,26,2025-10-13,Card,Delivered,400.39
8958,312,60,2025-03-30,UPI,Cancelled,188.34
8959,757,80,2025-09-10,Cash,Delivered,2798.43
8960,355,73,2025-06-08,UPI,Delivered,1301.3
8961,432,97,2025-03-04,Cash,Delivered,2134.74
8962,949,36,2025-08-27,Card,Delivered,1497.2
8963,573,17,2025-12-22,Card,Cancelled,1526.99
8964,873,52,2025-01-28,UPI,Delivered,1683.91
8965,222,49,2025-05-27,Cash,Cancelled,349.37
8966,414,93,2025-01-28,Card,Delivered,2139.92
8967,147,62,2025-02-10,Card,Delivered,1597.23
8968,747,95,2025-04-15,UPI,Cancelled,1982.24
8969,879,40,2025-09-21,Cash,Cancelled,2394.18
8970,126,35,2025-03-27,Card,Delivered,390.25
8971,292,26,2025-01-25,UPI,Cancelled,2429.75
8972,467,50,2025-01-10,Card,Delivered,559.15
8973,421,9,2025-11-20,Card,Cancelled,1140.07
8974,883,34,2025-09-25,Cash,Delivered,2735.63
8975,933,43,2025-12-31,Cash,Cancelled,915.79
8976,933,44,2025-11-18,Cash,Cancelled,2152.99
8977,81,5,2025-10-27,UPI,Delivered,2927.29
8978,573,14,2025-03-31,UPI,Cancelled,2629.39
8979,387,15,2025-05-18,Cash,Cancelled,2155.79
8980,139,54,2025-07-20,UPI,Delivered,2460.27
8981,325,90,2025-01-26,Cash,Delivered,2975.06
8982,788,64,2025-06-07,UPI,Cancelled,2240.78
8983,761,96,2025-03-27,UPI,Delivered,1321.43
8984,378,6,2025-07-30,UPI,Cancelled,2571.64
8985,635,48,2025-07-04,Card,Delivered,2775.75
8986,138,63,2025-11-22,Card,Delivered,1949.45
8987,392,49,2025-03-18,Card,Cancelled,2722.66
8988,638,54,2025-12-05,Card,Cancelled,1193.76
8989,2,61,2025-12-02,Card,Cancelled,2752.79
8990,177,94,2025-04-05,Cash,Delivered,2046.04
8991,830,84,2025-10-09,UPI,Delivered,2185.64
8992,131,74,2025-09-05,UPI,Delivered,2442.59
8993,183,32,2025-06-16,Cash,Cancelled,2621.66
8994,199,26,2025-02-21,UPI,Cancelled,282.95
8995,598,58,2025-10-05,Card,Cancelled,2655.65
8996,80,100,2025-05-12,Cash,Delivered,1053.79
8997,196,12,2025-09-29,Cash,Cancelled,344.07
8998,222,99,2025-09-27,UPI,Delivered,2843.25
8999,672,86,2025-09-23,Card,Delivered,2805.2
9000,976,97,2025-12-10,UPI,Cancelled,1936.72
9001,227,99,2025-07-13,UPI,Cancelled,2711.82
9002,879,39,2025-03-21,Cash,Cancelled,401.38
9003,311,33,2025-02-13,UPI,Delivered,1674.48
9004,707,71,2025-02-20,UPI,Cancelled,2380.15
9005,408,61,2025-10-21,UPI,Cancelled,1161.28
9006,486,61,2025-06-24,Cash,Cancelled,2553.19
9007,575,11,2025-12-29,Card,Delivered,504.83
9008,461,90,2025-09-30,Card,Delivered,1830.88
9009,874,18,2025-12-12,UPI,Cancelled,547.67
9010,153,48,2025-08-28,UPI,Delivered,1436.77
9011,296,9,2025-10-10,Cash,Delivered,1666.64
9012,152,99,2025-05-07,Card,Cancelled,422.01
9013,537,52,2025-07-06,Cash,Cancelled,1367.83
9014,31,39,2025-01-25,Cash,Delivered,960.23
9015,971,59,2025-04-20,Card,Delivered,2071.77
9016,32,2,2025-06-11,Card,Cancelled,2705.88
9017,708,67,2025-11-18,Cash,Delivered,1534.07
9018,312,18,2025-05-04,Card,Cancelled,2716.61
9019,267,11,2025-12-27,UPI,Cancelled,1222.12
9020,761,31,2025-06-02,Cash,Cancelled,1282.42
9021,295,88,2025-12-20,UPI,Delivered,1046.89
9022,62,58,2025-04-02,UPI,Cancelled,2321.66
9023,475,98,2025-08-05,Cash,Delivered,2734.26
9024,236,21,2025-05-01,Cash,Cancelled,2048.45
9025,674,75,2025-07-01,UPI,Delivered,1888.28
9026,186,53,2025-03-26,Card,Cancelled,1741.02
9027,672,9,2025-05-02,UPI,Cancelled,1157.05
9028,358,20,2025-10-13,Card,Cancelled,1122.25
9029,690,9,2025-02-23,UPI,Delivered,2211.2
9030,234,17,2025-08-29,UPI,Cancelled,1553.23
9031,858,65,2025-02-02,Card,Delivered,1628.78
9032,789,13,2025-07-26,Cash,Cancelled,731.45
9033,596,26,2025-04-18,Cash,Delivered,2092.28
9034,41,66,2025-01-04,Cash,Delivered,1333.63
9035,236,61,2025-06-26,Cash,Delivered,2820.16
9036,718,67,2025-05-18,Card,Cancelled,1491.97
9037,941,63,2025-08-25,UPI,Delivered,533.62
9038,904,34,2025-07-20,Cash,Delivered,1954.58
9039,637,5,2025-06-29,UPI,Cancelled,2680.98
9040,609,74,2025-07-19,UPI,Delivered,2812.12
9041,292,100,2025-03-09,Cash,Delivered,314.96
9042,66,58,2025-09-18,UPI,Cancelled,1457.01
9043,829,24,2025-05-21,UPI,Delivered,568.79
9044,501,58,2025-07-11,UPI,Cancelled,1084.18
9045,974,75,2025-12-23,Card,Delivered,1095.73
9046,914,59,2025-11-07,Cash,Cancelled,824.45
9047,280,82,2025-03-13,Card,Delivered,930.97
9048,253,93,2025-12-20,Cash,Delivered,785.31
9049,239,22,2025-11-04,Card,Delivered,2119.62
9050,684,50,2025-08-20,UPI,Delivered,2662.85
9051,779,98,2025-06-19,Card,Delivered,664.62
9052,41,28,2025-12-31,UPI,Cancelled,810.34
9053,293,94,2025-10-11,Card,Cancelled,2688.76
9054,965,18,2025-03-11,UPI,Cancelled,394.77
9055,38,78,2025-05-03,Card,Cancelled,956.17
9056,452,55,2025-06-01,Card,Delivered,1277.14
9057,698,89,2025-03-11,Cash,Delivered,481.0
9058,985,14,2025-11-23,UPI,Cancelled,1650.61
9059,682,56,2025-10-25,Cash,Delivered,1034.77
9060,821,90,2025-10-13,UPI,Delivered,2534.26
9061,255,12,2025-05-08,Card,Cancelled,1077.43
9062,764,4,2025-11-13,Card,Delivered,1094.15
9063,943,66,2025-06-10,Cash,Cancelled,2866.27
9064,72,26,2025-02-16,UPI,Cancelled,1752.22
9065,407,92,2025-01-19,Card,Cancelled,1833.36
9066,384,51,2025-07-15,Cash,Cancelled,754.41
9067,848,28,2025-04-11,Cash,Cancelled,388.06
9068,466,90,2025-02-27,Cash,Delivered,1219.91
9069,232,94,2025-07-31,UPI,Delivered,568.8
9070,212,22,2025-04-28,Card,Cancelled,2729.58
9071,825,95,2025-01-28,UPI,Delivered,2515.63
9072,51,69,2025-06-10,UPI,Delivered,1350.64
9073,554,63,2025-10-24,UPI,Delivered,448.91
9074,761,64,2025-08-18,UPI,Delivered,2432.94
9075,797,79,2025-11-12,Card,Delivered,1547.46
9076,122,35,2025-11-20,UPI,Delivered,2275.04
9077,995,29,2025-11-29,UPI,Cancelled,1256.78
9078,699,14,2025-09-08,Card,Delivered,2087.85
9079,460,51,2025-09-01,Cash,Delivered,185.77
9080,430,72,2025-04-28,UPI,Delivered,2005.93
9081,666,59,2025-10-10,Cash,Delivered,518.96
9082,725,80,2025-06-09,Card,Delivered,1788.07
9083,707,61,2025-07-20,UPI,Cancelled,1192.1
9084,331,7,2025-09-18,Card,Delivered,885.79
9085,66,36,2025-06-13,Card,Delivered,1503.66
9086,993,75,2025-10-08,UPI,Cancelled,2772.16
9087,584,60,2025-07-30,Card,Cancelled,1101.88
9088,240,67,2025-11-06,Cash,Cancelled,267.78
9089,751,73,2025-07-28,UPI,Cancelled,1090.84
9090,237,19,2025-05-18,Card,Cancelled,1113.87
9091,448,1,2025-12-20,Cash,Delivered,2662.43
9092,605,40,2025-11-13,Cash,Delivered,2180.16
9093,384,93,2025-12-23,Cash,Delivered,2103.93
9094,130,76,2025-11-23,Cash,Cancelled,964.72
9095,789,86,2025-05-23,Card,Cancelled,2510.76
9096,433,31,2025-01-21,Cash,Cancelled,1258.14
9097,852,85,2025-04-01,UPI,Cancelled,2455.95
9098,388,85,2025-06-11,Card,Cancelled,1628.16
9099,633,38,2025-07-11,Cash,Delivered,2112.87
9100,599,15,2025-10-13,UPI,Cancelled,725.97
9101,3,54,2025-04-18,Card,Delivered,1359.41
9102,458,57,2025-09-27,Cash,Delivered,2266.58
9103,126,81,2025-03-06,UPI,Cancelled,2100.29
9104,541,68,2025-01-17,UPI,Delivered,1477.85
9105,820,100,2025-06-24,Card,Cancelled,2290.57
9106,682,8,2025-05-28,Card,Cancelled,2493.56
9107,32,3,2025-01-09,Cash,Delivered,883.67
9108,278,87,2025-03-09,Card,Cancelled,2647.54
9109,350,26,2025-10-10,Cash,Cancelled,806.57
9110,674,39,2025-03-02,UPI,Delivered,208.42
9111,794,50,2025-09-15,Cash,Cancelled,1431.71
9112,649,52,2025-03-09,Cash,Cancelled,601.95
9113,426,92,2025-03-12,Cash,Delivered,1684.06
9114,785,36,2025-05-17,UPI,Cancelled,687.25
9115,496,48,2025-05-12,Card,Cancelled,1083.25
9116,556,3,2025-11-03,Card,Cancelled,1391.06
9117,43,41,2025-02-12,Card,Cancelled,1674.98
9118,462,5,2025-05-17,UPI,Cancelled,2468.91
9119,35,81,2025-02-26,Cash,Delivered,1381.49
9120,909,88,2025-01-26,Cash,Cancelled,2019.06
9121,798,88,2025-04-12,Card,Cancelled,1919.27
9122,611,47,2025-03-21,Cash,Delivered,1680.46
9123,620,68,2025-12-07,Card,Cancelled,2159.14
9124,500,51,2025-04-30,Cash,Cancelled,2788.39
9125,918,8,2025-01-26,UPI,Delivered,1136.14
9126,840,23,2025-03-08,UPI,Cancelled,2104.85
9127,26,64,2025-12-23,Card,Cancelled,394.95
9128,92,1,2025-04-01,Cash,Delivered,789.31
9129,981,89,2025-08-11,Card,Delivered,1192.55
9130,533,95,2025-03-19,UPI,Delivered,1222.8
9131,581,78,2025-10-16,UPI,Delivered,1309.42
9132,964,16,2025-04-23,Card,Cancelled,2526.42
9133,74,10,2025-02-04,Cash,Delivered,2903.86
9134,813,16,2025-03-15,Card,Delivered,545.58
9135,160,77,2025-05-14,UPI,Cancelled,508.73
9136,579,14,2025-05-06,UPI,Cancelled,2738.52
9137,429,58,2025-07-23,UPI,Delivered,2245.68
9138,604,43,2025-06-18,Card,Delivered,1825.01
9139,535,93,2025-07-10,Cash,Delivered,2116.92
9140,45,72,2025-11-01,UPI,Delivered,1397.98
9141,725,94,2025-05-25,Card,Cancelled,1529.58
9142,96,15,2025-01-29,Cash,Delivered,852.6
9143,22,49,2025-02-16,UPI,Cancelled,432.33
9144,494,67,2025-06-04,Card,Cancelled,2246.14
9145,997,82,2025-09-11,Card,Delivered,2738.71
9146,633,33,2025-11-14,Card,Delivered,1026.29
9147,99,22,2025-07-26,Cash,Delivered,2917.4
9148,583,12,2025-10-30,Card,Cancelled,2191.43
9149,406,6,2025-01-28,Cash,Delivered,2996.49
9150,638,29,2025-06-11,Cash,Cancelled,2808.87
9151,387,33,2025-04-11,Cash,Cancelled,428.99
9152,546,8,2025-02-25,UPI,Cancelled,948.04
9153,45,10,2025-01-01,UPI,Delivered,395.43
9154,796,47,2025-11-22,Card,Delivered,1659.15
9155,589,89,2025-08-10,UPI,Delivered,696.33
9156,788,28,2025-04-13,Cash,Delivered,1495.48
9157,836,87,2025-04-13,Card,Cancelled,155.63
9158,128,4,2025-12-13,UPI,Cancelled,2775.46
9159,622,96,2025-03-02,Cash,Cancelled,581.48
9160,455,69,2025-03-09,UPI,Cancelled,453.31
9161,17,81,2025-07-16,Card,Delivered,1622.27
9162,355,4,2025-08-09,Card,Delivered,1782.13
9163,517,48,2025-07-20,UPI,Delivered,2214.15
9164,515,70,2025-06-16,UPI,Delivered,538.58
9165,841,85,2025-07-31,Card,Cancelled,2064.83
9166,711,24,2025-02-15,UPI,Delivered,1955.01
9167,490,74,2025-09-21,UPI,Delivered,2519.56
9168,895,19,2025-03-16,Cash,Delivered,1006.76
9169,10,34,2025-02-23,UPI,Delivered,2755.61
9170,52,69,2025-09-18,Cash,Delivered,2534.24
9171,826,3,2025-08-05,UPI,Delivered,1583.08
9172,817,95,2025-07-01,UPI,Delivered,893.07
9173,435,25,2025-08-15,Card,Delivered,1153.33
9174,893,82,2025-08-07,UPI,Delivered,684.7
9175,507,37,2025-04-26,Card,Cancelled,2381.37
9176,797,95,2025-11-11,UPI,Delivered,2431.59
9177,405,19,2025-08-07,Cash,Delivered,2364.48
9178,426,36,2025-12-30,Card,Delivered,1565.39
9179,281,97,2025-10-13,Cash,Cancelled,1274.08
9180,86,93,2025-08-18,Cash,Delivered,2862.81
9181,735,44,2025-01-10,Cash,Delivered,2062.06
9182,607,31,2025-08-12,UPI,Delivered,1161.51
9183,324,63,2025-02-26,Card,Cancelled,2123.55
9184,82,97,2025-06-07,UPI,Delivered,556.87
9185,262,82,2025-08-05,Cash,Delivered,383.49
9186,523,69,2025-09-16,UPI,Delivered,402.86
9187,527,17,2025-07-09,Cash,Cancelled,1464.36
9188,62,89,2025-07-13,Cash,Cancelled,264.85
9189,448,35,2025-04-07,Cash,Cancelled,991.4
9190,697,7,2025-07-26,Cash,Delivered,308.3
9191,406,66,2025-05-14,UPI,Delivered,1284.24
9192,869,92,2025-08-02,UPI,Cancelled,651.77
9193,539,39,2025-04-23,Card,Cancelled,1420.63
9194,557,15,2025-04-14,Card,Delivered,2926.23
9195,555,29,2025-05-30,UPI,Cancelled,219.67
9196,14,87,2025-10-29,Card,Delivered,2129.27
9197,632,56,2025-10-30,Cash,Delivered,1391.89
9198,703,30,2025-01-12,Card,Delivered,1625.44
9199,151,14,2025-02-19,UPI,Cancelled,476.4
9200,579,79,2025-04-27,Cash,Delivered,950.42
9201,984,15,2025-02-20,UPI,Cancelled,939.77
9202,10,92,2025-07-22,Card,Cancelled,2270.16
9203,238,93,2025-08-25,Cash,Cancelled,233.1
9204,492,15,2025-06-11,UPI,Delivered,997.74
9205,382,9,2025-11-02,Cash,Cancelled,1252.2
9206,867,76,2025-10-28,Cash,Delivered,551.57
9207,518,12,2025-03-26,Cash,Delivered,1881.17
9208,148,11,2025-12-19,Cash,Delivered,1279.81
9209,276,44,2025-09-19,Cash,Delivered,1717.16
9210,30,97,2025-06-09,UPI,Cancelled,1894.09
9211,776,54,2025-08-10,Cash,Cancelled,1556.48
9212,362,40,2025-04-17,UPI,Cancelled,2131.83
9213,198,39,2025-03-23,Cash,Delivered,1390.53
9214,198,25,2025-05-30,UPI,Delivered,1222.12
9215,141,75,2025-01-20,Cash,Cancelled,2488.6
9216,430,98,2025-11-08,Card,Delivered,2426.23
9217,709,62,2025-10-22,Cash,Cancelled,2962.79
9218,57,20,2025-12-14,Card,Delivered,2450.54
9219,898,23,2025-03-24,Cash,Delivered,1989.51
9220,916,51,2025-11-18,Cash,Cancelled,634.8
9221,208,53,2025-12-13,Cash,Delivered,2364.47
9222,111,15,2025-05-22,UPI,Cancelled,2809.33
9223,698,48,2025-10-01,Cash,Cancelled,615.01
9224,535,13,2025-03-15,UPI,Cancelled,2435.84
9225,773,89,2025-10-29,Cash,Delivered,1384.84
9226,798,74,2025-06-29,Card,Delivered,2735.25
9227,302,97,2025-09-24,Card,Cancelled,2530.38
9228,156,89,2025-06-13,UPI,Cancelled,2964.99
9229,262,94,2025-05-25,UPI,Cancelled,277.64
9230,921,58,2025-09-17,Cash,Cancelled,591.26
9231,858,18,2025-04-15,Card,Delivered,2741.83
9232,713,65,2025-09-22,Cash,Delivered,1290.38
9233,591,79,2025-03-10,Card,Delivered,944.19
9234,300,65,2025-06-14,UPI,Cancelled,854.27
9235,621,98,2025-02-10,Card,Cancelled,2061.2
9236,719,16,2025-08-26,Cash,Delivered,1517.28
9237,330,13,2025-11-18,Cash,Delivered,280.96
9238,165,99,2025-11-08,UPI,Cancelled,1931.74
9239,652,84,2025-06-08,UPI,Cancelled,2979.47
9240,628,12,2025-06-15,Cash,Cancelled,1721.97
9241,312,70,2025-07-04,Card,Delivered,1658.8
9242,232,47,2025-02-09,UPI,Cancelled,560.81
9243,929,16,2025-07-14,UPI,Delivered,2392.89
9244,856,100,2025-11-14,Card,Cancelled,1580.99
9245,504,47,2025-07-08,UPI,Delivered,2869.16
9246,272,66,2025-06-01,Card,Delivered,2167.93
9247,19,51,2025-06-06,Cash,Delivered,1700.87
9248,267,3,2025-02-13,UPI,Delivered,1100.88
9249,453,90,2025-05-27,Cash,Delivered,2273.06
9250,258,57,2025-05-29,Card,Delivered,1814.93
9251,118,53,2025-04-13,Cash,Cancelled,713.99
9252,266,26,2025-05-28,UPI,Cancelled,1610.84
9253,559,47,2025-08-17,UPI,Cancelled,185.9
9254,997,61,2025-11-08,UPI,Cancelled,852.78
9255,709,42,2025-06-02,UPI,Cancelled,2194.33
9256,465,60,2025-07-05,Cash,Delivered,729.01
9257,418,38,2025-11-15,Cash,Cancelled,1507.74
9258,751,25,2025-12-24,Cash,Cancelled,820.46
9259,951,68,2025-02-17,Cash,Delivered,981.87
9260,280,22,2025-01-01,UPI,Delivered,2401.86
9261,150,72,2025-11-22,UPI,Cancelled,2486.01
9262,113,30,2025-11-25,Card,Cancelled,2050.45
9263,204,100,2025-07-19,Cash,Delivered,1202.07
9264,667,57,2025-08-17,Card,Delivered,2702.63
9265,508,35,2025-01-27,Cash,Delivered,2959.43
9266,158,56,2025-12-08,UPI,Delivered,1323.81
9267,17,24,2025-12-17,Cash,Delivered,2982.36
9268,160,81,2025-04-03,Cash,Cancelled,2711.39
9269,349,56,2025-01-10,Card,Cancelled,2294.33
9270,596,67,2025-06-29,Cash,Cancelled,239.42
9271,778,45,2025-05-31,UPI,Cancelled,1161.68
9272,560,71,2025-08-05,Cash,Delivered,1667.49
9273,301,10,2025-07-22,Cash,Cancelled,1911.49
9274,187,68,2025-10-30,UPI,Delivered,2897.12
9275,150,85,2025-10-24,Card,Cancelled,1238.58
9276,605,45,2025-05-16,Card,Cancelled,1349.42
9277,207,11,2025-04-02,UPI,Delivered,2838.1
9278,903,47,2025-08-08,Card,Cancelled,2608.53
9279,74,76,2025-04-14,Cash,Delivered,1966.66
9280,905,100,2025-09-16,Cash,Cancelled,1518.69
9281,557,93,2025-01-18,Card,Cancelled,2548.5
9282,480,40,2025-09-25,Card,Cancelled,2019.75
9283,126,77,2025-09-01,Card,Delivered,2238.5
9284,650,30,2025-05-28,UPI,Cancelled,1612.19
9285,540,73,2025-07-18,Cash,Delivered,955.19
9286,940,23,2025-01-26,Card,Cancelled,369.1
9287,81,8,2025-10-28,Cash,Cancelled,2880.75
9288,560,24,2025-12-24,Cash,Delivered,711.34
9289,148,36,2025-10-16,Cash,Delivered,621.71
9290,669,92,2025-03-12,Cash,Delivered,698.09
9291,65,38,2025-07-21,UPI,Delivered,2947.83
9292,614,7,2025-06-25,UPI,Delivered,1470.45
9293,708,70,2025-11-13,Card,Delivered,1022.0
9294,882,7,2025-01-27,UPI,Cancelled,2941.24
9295,386,55,2025-04-29,Cash,Cancelled,706.8
9296,144,89,2025-12-11,Card,Delivered,1631.73
9297,271,7,2025-02-18,UPI,Delivered,1307.67
9298,36,35,2025-08-28,Cash,Cancelled,1071.79
9299,194,19,2025-12-16,Cash,Delivered,2305.19
9300,845,39,2025-10-24,UPI,Delivered,2637.45
9301,806,89,2025-09-10,UPI,Delivered,1957.31
9302,805,80,2025-05-30,Card,Cancelled,705.62
9303,373,13,2025-07-27,Cash,Cancelled,2375.95
9304,178,95,2025-05-29,Card,Cancelled,752.13
9305,37,99,2025-07-14,Cash,Cancelled,1064.66
9306,412,60,2025-11-16,UPI,Delivered,1802.89
9307,517,60,2025-11-05,UPI,Cancelled,386.98
9308,836,52,2025-08-18,Card,Delivered,1624.37
9309,396,86,2025-08-01,UPI,Cancelled,2625.94
9310,265,50,2025-07-23,Card,Cancelled,2519.23
9311,954,46,2025-03-16,UPI,Delivered,328.95
9312,99,99,2025-08-12,Card,Delivered,615.98
9313,188,7,2025-11-22,UPI,Cancelled,2883.78
9314,149,49,2025-11-09,UPI,Cancelled,880.67
9315,844,60,2025-04-27,Card,Delivered,1665.18
9316,267,39,2025-12-31,Cash,Cancelled,2851.82
9317,494,48,2025-01-12,Cash,Delivered,2910.67
9318,49,82,2025-08-19,Card,Cancelled,2796.93
9319,945,97,2025-05-31,Cash,Delivered,1762.93
9320,839,31,2025-02-01,Card,Delivered,1037.33
9321,900,68,2025-07-26,Cash,Cancelled,863.5
9322,803,32,2025-12-05,Card,Delivered,809.43
9323,280,76,2025-07-27,UPI,Delivered,675.08
9324,717,69,2025-05-19,UPI,Cancelled,795.18
9325,233,78,2025-01-19,UPI,Delivered,2425.27
9326,529,81,2025-01-21,UPI,Delivered,1901.21
9327,941,49,2025-01-31,Card,Delivered,1738.1
9328,190,71,2025-03-14,Card,Cancelled,2586.1
9329,178,5,2025-02-25,UPI,Cancelled,768.94
9330,487,22,2025-12-16,Card,Cancelled,2077.73
9331,899,17,2025-06-24,Cash,Delivered,633.76
9332,208,44,2025-08-27,Card,Cancelled,2727.11
9333,766,36,2025-02-26,UPI,Delivered,2331.99
9334,293,97,2025-11-08,Card,Delivered,828.02
9335,942,30,2025-04-15,Card,Cancelled,1590.61
9336,520,48,2025-06-28,UPI,Delivered,711.23
9337,353,72,2025-07-08,Card,Delivered,773.33
9338,863,64,2025-07-25,Cash,Delivered,2223.08
9339,770,34,2025-11-30,Card,Cancelled,2605.01
9340,731,27,2025-04-02,UPI,Delivered,915.54
9341,903,71,2025-03-04,Cash,Cancelled,1109.43
9342,656,79,2025-06-23,Cash,Cancelled,2214.46
9343,948,66,2025-09-10,Card,Cancelled,1673.34
9344,815,7,2025-10-22,Cash,Cancelled,2109.52
9345,268,44,2025-07-20,Card,Delivered,485.68
9346,294,34,2025-03-15,UPI,Cancelled,2569.67
9347,249,38,2025-02-25,Card,Delivered,338.45
9348,18,68,2025-03-20,Cash,Cancelled,1601.75
9349,80,22,2025-10-16,Cash,Cancelled,2131.87
9350,991,93,2025-04-10,Card,Cancelled,1154.56
9351,626,80,2025-04-22,UPI,Cancelled,857.29
9352,870,16,2025-11-15,UPI,Cancelled,965.02
9353,236,27,2025-01-26,UPI,Cancelled,2962.25
9354,222,68,2025-02-04,UPI,Delivered,1777.11
9355,5,56,2025-09-14,Card,Cancelled,226.09
9356,843,56,2025-01-13,Cash,Cancelled,397.02
9357,902,77,2025-08-27,Cash,Delivered,2917.36
9358,490,34,2025-05-24,Card,Cancelled,1148.08
9359,957,42,2025-06-30,UPI,Cancelled,1072.43
9360,666,94,2025-06-08,Cash,Delivered,1721.26
9361,963,6,2025-08-24,Card,Cancelled,1068.54
9362,981,81,2025-01-18,Cash,Delivered,739.78
9363,142,13,2025-07-08,UPI,Delivered,2569.37
9364,802,9,2025-03-21,Card,Delivered,1160.66
9365,862,31,2025-09-06,UPI,Cancelled,2700.88
9366,785,17,2025-07-09,Cash,Delivered,1822.4
9367,707,11,2025-11-07,UPI,Cancelled,620.7
9368,77,47,2025-09-04,Cash,Delivered,2817.81
9369,487,13,2025-06-29,Card,Cancelled,340.79
9370,623,47,2025-06-17,Card,Delivered,1682.32
9371,93,92,2025-06-25,Cash,Delivered,1347.92
9372,606,89,2025-01-11,Card,Cancelled,2712.34
9373,644,9,2025-08-30,UPI,Cancelled,484.97
9374,402,78,2025-06-14,Cash,Delivered,1585.99
9375,617,65,2025-09-04,UPI,Delivered,234.99
9376,887,70,2025-12-29,UPI,Delivered,2352.07
9377,674,77,2025-02-18,Card,Delivered,863.53
9378,481,6,2025-03-23,Cash,Cancelled,2864.39
9379,853,69,2025-09-19,UPI,Delivered,1414.02
9380,472,37,2025-03-12,UPI,Cancelled,2398.16
9381,275,6,2025-05-04,UPI,Delivered,2946.97
9382,833,39,2025-11-27,Cash,Cancelled,2324.74
9383,143,50,2025-10-10,Card,Delivered,793.41
9384,322,50,2025-10-14,Cash,Delivered,1803.57
9385,284,64,2025-04-16,Card,Cancelled,2678.83
9386,942,30,2025-09-14,UPI,Delivered,2913.93
9387,147,76,2025-05-13,UPI,Delivered,479.16
9388,840,83,2025-07-09,UPI,Cancelled,2527.64
9389,718,99,2025-03-22,UPI,Cancelled,2608.59
9390,338,30,2025-02-26,Cash,Delivered,1568.82
9391,591,66,2025-01-27,UPI,Cancelled,1129.61
9392,511,5,2025-10-12,Cash,Delivered,1244.83
9393,94,25,2025-04-10,UPI,Delivered,437.49
9394,732,65,2025-03-21,Card,Cancelled,1017.49
9395,635,24,2025-02-17,UPI,Cancelled,2696.86
9396,700,78,2025-06-17,Cash,Cancelled,1219.36
9397,290,36,2025-12-19,UPI,Cancelled,1368.59
9398,706,69,2025-12-19,Cash,Delivered,1395.79
9399,957,45,2025-10-20,Cash,Delivered,1373.4
9400,622,20,2025-01-30,UPI,Delivered,170.48
9401,581,18,2025-11-03,Cash,Cancelled,937.62
9402,601,30,2025-06-29,Cash,Cancelled,181.63
9403,82,43,2025-08-28,Cash,Cancelled,1914.59
9404,839,69,2025-03-18,Cash,Cancelled,731.0
9405,523,32,2025-07-15,UPI,Delivered,1303.82
9406,953,36,2025-11-07,Card,Delivered,2052.94
9407,53,96,2025-11-20,UPI,Cancelled,1638.82
9408,231,40,2025-07-06,UPI,Cancelled,1859.18
9409,185,66,2025-01-05,Cash,Delivered,978.75
9410,701,47,2025-11-26,UPI,Delivered,1338.96
9411,662,79,2025-04-10,UPI,Cancelled,1426.46
9412,646,1,2025-05-02,Card,Cancelled,838.72
9413,945,14,2025-08-16,Cash,Cancelled,1193.84
9414,456,20,2025-11-28,Card,Cancelled,1770.38
9415,562,50,2025-08-04,Card,Delivered,2789.72
9416,929,78,2025-01-05,Card,Delivered,1335.13
9417,678,96,2025-09-29,Card,Cancelled,2540.86
9418,262,52,2025-11-13,UPI,Delivered,919.11
9419,31,98,2025-10-27,UPI,Delivered,1087.15
9420,459,96,2025-12-23,UPI,Cancelled,2684.16
9421,347,7,2025-08-30,Card,Cancelled,1265.67
9422,593,82,2025-07-11,Card,Cancelled,1820.79
9423,456,98,2025-04-16,Card,Delivered,2533.36
9424,714,10,2025-10-05,Cash,Delivered,1519.96
9425,850,59,2025-07-26,UPI,Delivered,1260.42
9426,902,89,2025-01-29,UPI,Cancelled,2701.6
9427,279,96,2025-09-06,UPI,Delivered,1757.88
9428,106,50,2025-07-22,Cash,Cancelled,2445.35
9429,615,20,2025-10-24,Card,Delivered,2001.4
9430,59,69,2025-01-19,Cash,Delivered,1481.32
9431,624,83,2025-11-15,Cash,Cancelled,1062.38
9432,811,8,2025-01-05,UPI,Cancelled,2610.08
9433,904,15,2025-06-24,UPI,Cancelled,2124.72
9434,448,55,2025-10-06,Cash,Cancelled,975.8
9435,615,17,2025-07-18,UPI,Cancelled,1633.17
9436,388,88,2025-02-07,Cash,Delivered,965.32
9437,245,85,2025-04-27,UPI,Delivered,2115.17
9438,659,100,2025-09-12,Card,Cancelled,2290.49
9439,82,69,2025-01-08,Cash,Cancelled,2357.7
9440,239,16,2025-12-12,UPI,Cancelled,2109.94
9441,193,28,2025-11-14,Card,Cancelled,565.58
9442,175,61,2025-06-29,Cash,Cancelled,1738.68
9443,337,89,2025-05-09,UPI,Delivered,2067.31
9444,414,73,2025-07-19,Card,Cancelled,2080.54
9445,945,38,2025-11-27,UPI,Cancelled,2950.35
9446,348,6,2025-12-16,UPI,Cancelled,1025.79
9447,645,93,2025-07-27,UPI,Delivered,1914.81
9448,241,58,2025-01-25,Card,Cancelled,894.78
9449,332,80,2025-11-23,Card,Cancelled,731.21
9450,694,6,2025-04-03,Card,Cancelled,1528.64
9451,453,24,2025-01-01,Card,Delivered,1844.6
9452,209,77,2025-09-25,Cash,Cancelled,1695.83
9453,655,87,2025-12-22,Card,Delivered,2992.28
9454,217,84,2025-09-15,Card,Cancelled,313.26
9455,475,45,2025-07-27,Cash,Delivered,375.0
9456,631,47,2025-11-12,UPI,Delivered,2489.09
9457,505,70,2025-10-27,UPI,Cancelled,2283.27
9458,658,71,2025-07-08,Cash,Delivered,1896.87
9459,591,68,2025-08-05,Cash,Delivered,649.53
9460,156,89,2025-08-15,Cash,Cancelled,2529.37
9461,568,62,2025-03-04,Card,Delivered,1673.28
9462,898,92,2025-12-26,Cash,Cancelled,1824.56
9463,162,1,2025-04-18,Cash,Delivered,1506.97
9464,26,43,2025-05-17,Cash,Cancelled,2561.67
9465,33,46,2025-08-31,Card,Delivered,883.98
9466,392,90,2025-11-12,Cash,Cancelled,1626.03
9467,974,59,2025-08-13,Card,Cancelled,2374.19
9468,384,88,2025-08-27,Cash,Delivered,2644.6
9469,389,66,2025-08-20,Card,Cancelled,1100.46
9470,774,87,2025-09-27,UPI,Delivered,1811.04
9471,499,19,2025-07-10,UPI,Delivered,2795.87
9472,660,81,2025-04-30,Card,Delivered,1698.85
9473,630,53,2025-09-13,Cash,Cancelled,2556.19
9474,325,92,2025-12-15,UPI,Delivered,2979.07
9475,383,67,2025-02-12,Card,Delivered,2916.2
9476,198,70,2025-07-02,Cash,Delivered,1214.01
9477,955,18,2025-04-09,UPI,Delivered,1498.68
9478,390,97,2025-09-26,UPI,Delivered,2989.17
9479,840,97,2025-10-17,Card,Delivered,2219.43
9480,671,23,2025-01-22,UPI,Cancelled,2993.6
9481,591,80,2025-05-29,Cash,Delivered,994.98
9482,802,80,2025-01-19,Card,Delivered,1115.36
9483,828,89,2025-08-18,Card,Delivered,1587.38
9484,613,75,2025-08-06,Cash,Delivered,1011.14
9485,444,79,2025-11-19,Card,Cancelled,1576.84
9486,404,81,2025-05-14,Cash,Delivered,2309.02
9487,822,36,2025-08-29,Cash,Cancelled,1030.98
9488,840,99,2025-10-24,Card,Delivered,1540.81
9489,182,90,2025-05-24,Cash,Cancelled,1616.62
9490,709,96,2025-09-08,UPI,Cancelled,887.54
9491,33,56,2025-04-26,Card,Cancelled,2659.15
9492,891,60,2025-09-03,Card,Cancelled,1669.6
9493,195,35,2025-12-28,UPI,Cancelled,1984.73
9494,451,14,2025-04-06,Card,Cancelled,2039.95
9495,35,71,2025-03-15,UPI,Cancelled,378.91
9496,557,99,2025-10-12,Card,Delivered,1090.04
9497,293,56,2025-02-17,UPI,Delivered,2867.8
9498,222,82,2025-06-01,Card,Delivered,2700.24
9499,915,31,2025-05-02,UPI,Cancelled,2076.51
9500,856,25,2025-01-03,Card,Cancelled,2597.66
9501,646,29,2025-06-30,Card,Cancelled,1845.93
9502,174,41,2025-07-14,UPI,Delivered,2479.85
9503,664,41,2025-05-15,UPI,Cancelled,2463.92
9504,125,2,2025-02-04,Card,Cancelled,2005.95
9505,699,55,2025-03-25,UPI,Cancelled,1420.73
9506,563,59,2025-02-26,Card,Delivered,1525.72
9507,104,21,2025-09-17,Cash,Delivered,1544.45
9508,163,94,2025-09-14,Cash,Delivered,222.77
9509,616,49,2025-02-25,Cash,Cancelled,1394.16
9510,637,36,2025-09-29,Card,Delivered,2864.43
9511,817,30,2025-12-19,Card,Delivered,2291.28
9512,801,54,2025-12-03,Cash,Cancelled,346.0
9513,356,64,2025-07-15,UPI,Delivered,2749.93
9514,611,36,2025-05-27,Cash,Delivered,552.19
9515,404,46,2025-04-13,UPI,Cancelled,2908.86
9516,468,81,2025-05-28,Card,Cancelled,393.81
9517,270,2,2025-03-05,Cash,Delivered,1908.08
9518,533,67,2025-05-05,Card,Delivered,2803.02
9519,801,43,2025-07-12,Card,Cancelled,1639.38
9520,342,21,2025-05-11,Card,Delivered,1459.52
9521,333,43,2025-02-18,Card,Delivered,1438.75
9522,181,42,2025-10-27,Card,Cancelled,2591.54
9523,155,83,2025-02-12,Cash,Cancelled,1090.71
9524,403,44,2025-09-11,Cash,Delivered,301.49
9525,636,40,2025-03-22,UPI,Cancelled,2642.2
9526,646,76,2025-03-06,UPI,Cancelled,2421.03
9527,464,3,2025-10-02,UPI,Cancelled,2006.17
9528,563,25,2025-12-27,Card,Delivered,1115.72
9529,81,13,2025-12-24,Card,Delivered,1423.67
9530,404,77,2025-07-25,UPI,Cancelled,1675.91
9531,322,24,2025-05-13,UPI,Delivered,2142.23
9532,408,95,2025-10-18,Cash,Cancelled,495.45
9533,182,100,2025-09-18,UPI,Delivered,1319.13
9534,796,28,2025-01-30,Cash,Delivered,2186.91
9535,996,90,2025-01-25,UPI,Cancelled,891.32
9536,322,37,2025-03-03,UPI,Cancelled,365.36
9537,913,59,2025-08-18,Card,Cancelled,2701.47
9538,638,83,2025-05-14,Cash,Cancelled,788.96
9539,708,93,2025-09-01,UPI,Cancelled,1030.18
9540,780,89,2025-10-25,Card,Delivered,1703.1
9541,608,66,2025-07-14,UPI,Cancelled,1735.26
9542,717,57,2025-10-15,Cash,Cancelled,2570.37
9543,310,65,2025-06-15,UPI,Cancelled,1303.99
9544,152,23,2025-06-12,Cash,Cancelled,417.75
9545,345,6,2025-12-30,UPI,Delivered,1860.37
9546,742,6,2025-10-31,Card,Delivered,343.97
9547,683,68,2025-12-23,Cash,Delivered,1393.92
9548,49,31,2025-01-03,UPI,Cancelled,1833.08
9549,872,57,2025-07-22,UPI,Delivered,665.15
9550,568,71,2025-10-20,Card,Delivered,1484.34
9551,481,3,2025-05-06,UPI,Delivered,449.33
9552,230,9,2025-09-04,Cash,Cancelled,2037.03
9553,847,89,2025-03-08,UPI,Cancelled,1015.08
9554,653,63,2025-11-23,UPI,Delivered,2369.46
9555,198,9,2025-07-27,Card,Delivered,1298.21
9556,911,81,2025-09-03,UPI,Delivered,1960.13
9557,608,74,2025-08-27,Cash,Delivered,964.15
9558,469,78,2025-10-14,UPI,Cancelled,2811.56
9559,153,18,2025-04-17,Cash,Delivered,1424.22
9560,968,60,2025-08-11,Card,Cancelled,2124.87
9561,291,92,2025-07-29,UPI,Delivered,1909.37
9562,494,11,2025-01-06,Card,Cancelled,186.94
9563,886,66,2025-11-11,UPI,Delivered,296.72
9564,294,14,2025-10-15,UPI,Cancelled,2260.04
9565,632,82,2025-03-02,Card,Delivered,1866.38
9566,64,74,2025-06-18,UPI,Cancelled,984.61
9567,523,15,2025-09-15,UPI,Delivered,2109.64
9568,940,65,2025-01-28,Card,Delivered,1367.69
9569,278,1,2025-11-30,Card,Cancelled,999.81
9570,454,65,2025-02-12,UPI,Cancelled,2731.6
9571,345,22,2025-11-13,Cash,Delivered,1455.1
9572,152,74,2025-08-06,Card,Delivered,1237.96
9573,272,10,2025-12-16,Card,Delivered,2424.14
9574,409,27,2025-01-10,UPI,Cancelled,753.26
9575,829,73,2025-10-16,UPI,Cancelled,2471.68
9576,184,92,2025-12-24,UPI,Cancelled,2936.48
9577,116,10,2025-12-17,Cash,Delivered,2213.06
9578,218,37,2025-01-21,Cash,Cancelled,935.45
9579,313,81,2025-11-26,Cash,Cancelled,2558.69
9580,775,12,2025-01-29,Card,Cancelled,437.55
9581,538,77,2025-02-05,Cash,Cancelled,2252.53
9582,372,34,2025-12-12,Card,Cancelled,2421.79
9583,849,30,2025-11-07,UPI,Cancelled,419.64
9584,60,74,2025-02-14,Card,Cancelled,2548.1
9585,668,3,2025-01-17,Cash,Delivered,1331.1
9586,228,24,2025-06-20,Card,Delivered,2787.45
9587,179,74,2025-06-04,Card,Delivered,2274.19
9588,180,8,2025-04-30,Cash,Cancelled,2128.16
9589,581,13,2025-08-29,UPI,Cancelled,1365.14
9590,962,88,2025-11-06,Cash,Delivered,1466.29
9591,287,50,2025-12-28,UPI,Delivered,2664.91
9592,285,32,2025-02-25,UPI,Delivered,976.38
9593,101,88,2025-02-19,UPI,Cancelled,558.85
9594,109,88,2025-12-17,UPI,Cancelled,499.95
9595,622,55,2025-12-25,Cash,Cancelled,1610.41
9596,636,94,2025-02-02,Cash,Cancelled,182.84
9597,436,66,2025-08-15,Cash,Cancelled,2598.76
9598,712,34,2025-06-21,Card,Cancelled,199.61
9599,321,74,2025-10-27,Card,Delivered,1413.8
9600,479,48,2025-08-16,Card,Cancelled,2719.12
9601,519,21,2025-04-21,UPI,Cancelled,1464.83
9602,593,11,2025-10-15,UPI,Delivered,880.01
9603,864,25,2025-10-25,UPI,Delivered,1935.85
9604,720,37,2025-10-11,Card,Delivered,756.69
9605,147,41,2025-04-20,Cash,Delivered,1047.43
9606,407,89,2025-05-11,Cash,Delivered,745.26
9607,733,67,2025-03-20,Card,Delivered,1941.25
9608,169,86,2025-08-20,Card,Cancelled,370.09
9609,53,56,2025-02-04,Card,Cancelled,1302.06
9610,379,55,2025-01-20,Cash,Cancelled,404.95
9611,876,92,2025-07-04,Cash,Delivered,1931.48
9612,432,77,2025-12-23,UPI,Cancelled,1611.01
9613,910,50,2025-02-01,Cash,Delivered,2783.97
9614,881,56,2025-07-29,Card,Cancelled,2942.1
9615,909,35,2025-05-22,UPI,Delivered,1515.72
9616,944,55,2025-01-27,Cash,Cancelled,444.44
9617,35,95,2025-03-04,Cash,Cancelled,2578.67
9618,168,71,2025-11-15,Cash,Cancelled,1108.15
9619,160,43,2025-06-13,Cash,Delivered,1808.28
9620,135,30,2025-10-24,UPI,Delivered,657.16
9621,8,81,2025-07-17,UPI,Cancelled,2172.69
9622,287,28,2025-07-04,Cash,Delivered,473.34
9623,871,19,2025-12-14,Card,Delivered,723.52
9624,382,79,2025-03-05,UPI,Delivered,2336.62
9625,730,14,2025-06-22,Cash,Delivered,1039.7
9626,139,79,2025-05-01,UPI,Cancelled,1064.32
9627,435,10,2025-03-29,Card,Delivered,706.85
9628,464,18,2025-06-20,Card,Delivered,1575.28
9629,502,21,2025-04-26,UPI,Delivered,1553.9
9630,384,21,2025-08-22,Card,Cancelled,2543.54
9631,642,79,2025-09-13,UPI,Cancelled,1560.22
9632,725,26,2025-10-16,Cash,Delivered,2754.43
9633,359,61,2025-02-13,UPI,Delivered,2582.24
9634,723,86,2025-05-28,Cash,Cancelled,234.29
9635,517,57,2025-05-21,Card,Delivered,2853.08
9636,230,34,2025-03-27,Cash,Cancelled,597.52
9637,785,15,2025-08-30,UPI,Cancelled,1942.6
9638,490,63,2025-05-05,UPI,Cancelled,1094.79
9639,818,51,2025-01-22,UPI,Delivered,1577.94
9640,536,60,2025-02-09,UPI,Delivered,305.02
9641,197,31,2025-12-01,Cash,Delivered,1556.21
9642,931,31,2025-09-04,UPI,Delivered,1705.65
9643,775,98,2025-01-03,Card,Cancelled,218.55
9644,559,15,2025-11-25,UPI,Delivered,251.2
9645,317,27,2025-02-26,Card,Delivered,1768.73
9646,409,22,2025-04-16,Card,Cancelled,2103.58
9647,386,59,2025-12-30,Card,Cancelled,2567.84
9648,460,56,2025-08-05,Cash,Delivered,523.63
9649,331,62,2025-12-14,Cash,Delivered,991.02
9650,728,41,2025-09-13,Cash,Cancelled,1715.03
9651,501,62,2025-09-27,Card,Delivered,2612.85
9652,785,63,2025-08-30,UPI,Delivered,1195.33
9653,270,96,2025-10-14,UPI,Cancelled,2801.9
9654,937,54,2025-02-11,Cash,Cancelled,1546.05
9655,364,38,2025-11-03,Cash,Cancelled,2803.74
9656,794,55,2025-02-25,UPI,Delivered,330.39
9657,293,97,2025-11-08,Card,Cancelled,1208.21
9658,573,31,2025-02-04,UPI,Cancelled,1889.78
9659,118,37,2025-10-03,Card,Cancelled,1520.76
9660,335,25,2025-02-25,Cash,Delivered,996.15
9661,253,44,2025-12-26,Cash,Cancelled,475.07
9662,664,47,2025-10-18,Cash,Delivered,2573.07
9663,397,11,2025-02-09,Card,Cancelled,984.33
9664,162,79,2025-02-28,UPI,Delivered,2599.23
9665,1,80,2025-07-19,UPI,Delivered,893.91
9666,111,88,2025-02-04,Cash,Delivered,403.0
9667,490,46,2025-11-08,Card,Delivered,2504.9
9668,431,26,2025-10-08,Cash,Cancelled,2773.46
9669,852,41,2025-11-28,UPI,Delivered,2722.15
9670,895,73,2025-10-26,UPI,Delivered,2517.08
9671,576,52,2025-09-14,Card,Delivered,2868.03
9672,831,71,2025-06-19,Card,Cancelled,1119.97
9673,249,28,2025-10-20,UPI,Delivered,1545.65
9674,494,32,2025-05-26,UPI,Cancelled,990.38
9675,696,34,2025-09-14,Card,Cancelled,752.44
9676,545,9,2025-03-30,UPI,Cancelled,577.67
9677,459,41,2025-10-15,UPI,Delivered,1359.5
9678,656,79,2025-09-18,Card,Cancelled,2537.95
9679,837,90,2025-10-08,UPI,Cancelled,2389.06
9680,262,18,2025-04-04,UPI,Cancelled,859.43
9681,973,53,2025-07-19,Cash,Cancelled,813.37
9682,301,78,2025-03-24,Card,Delivered,1564.54
9683,685,92,2025-07-16,UPI,Cancelled,2242.16
9684,885,45,2025-03-13,UPI,Delivered,1866.01
9685,679,26,2025-01-27,UPI,Delivered,2464.77
9686,231,100,2025-01-04,Cash,Delivered,1819.03
9687,368,22,2025-04-03,UPI,Cancelled,225.1
9688,114,74,2025-09-15,Cash,Delivered,1346.14
9689,628,4,2025-06-21,Card,Delivered,2883.64
9690,124,74,2025-02-26,Cash,Cancelled,1592.85
9691,863,99,2025-09-10,UPI,Delivered,1034.81
9692,2,55,2025-12-07,UPI,Cancelled,2165.61
9693,908,62,2025-09-07,Cash,Cancelled,2313.78
9694,301,86,2025-08-25,Card,Cancelled,2520.17
9695,178,48,2025-02-14,Card,Cancelled,738.61
9696,394,71,2025-10-09,Card,Cancelled,2407.31
9697,655,10,2025-10-28,Cash,Cancelled,1718.26
9698,371,84,2025-09-07,Cash,Cancelled,1332.96
9699,938,9,2025-07-30,UPI,Cancelled,1120.82
9700,388,37,2025-01-24,Cash,Cancelled,2577.05
9701,543,15,2025-05-14,UPI,Cancelled,786.9
9702,736,25,2025-08-09,Card,Cancelled,2706.69
9703,721,85,2025-06-19,Card,Delivered,1409.69
9704,972,100,2025-08-03,UPI,Delivered,2989.94
9705,779,58,2025-11-12,Card,Cancelled,1619.61
9706,885,78,2025-11-08,UPI,Delivered,1857.54
9707,106,39,2025-03-24,UPI,Delivered,2593.73
9708,310,17,2025-09-12,Cash,Delivered,1590.47
9709,489,82,2025-04-10,UPI,Delivered,1391.04
9710,825,10,2025-06-08,UPI,Cancelled,1266.54
9711,190,75,2025-03-24,Cash,Delivered,2894.62
9712,718,59,2025-11-19,Cash,Cancelled,454.89
9713,916,74,2025-04-29,UPI,Delivered,1755.4
9714,302,38,2025-09-03,Cash,Cancelled,747.97
9715,197,80,2025-09-17,UPI,Cancelled,1144.58
9716,659,99,2025-01-18,Cash,Cancelled,2097.6
9717,805,99,2025-11-29,Cash,Delivered,569.39
9718,106,29,2025-11-26,Cash,Delivered,2338.51
9719,610,12,2025-07-27,UPI,Cancelled,670.75
9720,555,97,2025-08-27,UPI,Delivered,1937.83
9721,361,85,2025-09-29,Cash,Delivered,389.29
9722,72,58,2025-05-10,Cash,Cancelled,1799.01
9723,380,51,2025-07-21,UPI,Delivered,2142.98
9724,263,78,2025-03-01,Cash,Cancelled,2347.25
9725,36,2,2025-08-24,UPI,Delivered,2739.89
9726,567,58,2025-07-11,Cash,Cancelled,975.55
9727,566,58,2025-04-01,Card,Delivered,1277.72
9728,305,3,2025-01-11,Cash,Delivered,1222.05
9729,211,31,2025-08-19,Card,Delivered,620.03
9730,997,38,2025-05-22,Cash,Cancelled,1751.78
9731,513,2,2025-04-05,UPI,Cancelled,1899.17
9732,407,5,2025-05-29,UPI,Delivered,1247.94
9733,224,28,2025-12-29,UPI,Delivered,973.12
9734,912,30,2025-04-14,Card,Cancelled,1076.05
9735,689,56,2025-07-23,Card,Cancelled,2959.38
9736,610,26,2025-11-25,UPI,Delivered,1198.78
9737,368,68,2025-02-16,Cash,Delivered,942.05
9738,84,22,2025-04-27,UPI,Delivered,2254.11
9739,939,22,2025-04-07,Card,Delivered,463.61
9740,363,2,2025-10-05,Cash,Delivered,1187.62
9741,389,50,2025-06-11,UPI,Delivered,1552.55
9742,49,91,2025-11-03,Card,Cancelled,2663.48
9743,758,70,2025-08-13,Cash,Delivered,1696.84
9744,337,26,2025-10-21,Card,Delivered,519.08
9745,639,70,2025-08-06,UPI,Delivered,2372.69
9746,110,15,2025-02-08,UPI,Delivered,518.7
9747,240,57,2025-11-25,UPI,Delivered,1162.34
9748,90,26,2025-01-29,Cash,Cancelled,1220.23
9749,927,44,2025-03-10,Card,Cancelled,738.76
9750,705,98,2025-08-09,Card,Delivered,1275.46
9751,649,61,2025-10-06,Cash,Delivered,2991.97
9752,588,91,2025-04-19,UPI,Cancelled,314.56
9753,87,8,2025-10-18,Card,Cancelled,2572.48
9754,501,22,2025-01-01,Cash,Delivered,1777.8
9755,649,28,2025-10-20,Card,Delivered,906.83
9756,742,17,2025-01-30,UPI,Delivered,1706.85
9757,903,11,2025-03-10,UPI,Cancelled,1296.88
9758,531,100,2025-03-10,UPI,Delivered,2777.05
9759,873,74,2025-12-29,UPI,Delivered,1864.88
9760,606,16,2025-12-12,Card,Cancelled,715.03
9761,157,27,2025-04-29,Cash,Delivered,2059.97
9762,540,95,2025-03-24,Card,Delivered,286.03
9763,458,46,2025-08-18,UPI,Delivered,363.51
9764,203,11,2025-05-15,Cash,Cancelled,336.31
9765,290,93,2025-02-02,Card,Cancelled,1611.22
9766,270,91,2025-06-23,UPI,Cancelled,1618.63
9767,669,86,2025-12-18,UPI,Cancelled,1573.15
9768,342,30,2025-09-13,Card,Cancelled,2769.2
9769,394,61,2025-12-10,UPI,Cancelled,1717.0
9770,361,73,2025-12-24,Cash,Cancelled,1421.8
9771,439,6,2025-02-11,UPI,Cancelled,2228.12
9772,271,92,2025-10-21,UPI,Cancelled,659.3
9773,440,41,2025-06-25,Cash,Delivered,560.59
9774,392,93,2025-04-27,UPI,Delivered,773.5
9775,283,25,2025-08-24,Cash,Cancelled,2181.6
9776,64,47,2025-07-24,Cash,Cancelled,320.21
9777,770,52,2025-12-01,Card,Cancelled,637.8
9778,610,64,2025-03-22,Card,Delivered,1957.29
9779,742,14,2025-07-21,Card,Cancelled,2926.31
9780,109,67,2025-08-19,Cash,Cancelled,2419.14
9781,969,82,2025-09-05,Cash,Cancelled,1015.86
9782,642,26,2025-04-29,UPI,Delivered,2345.5
9783,640,3,2025-05-08,UPI,Delivered,319.74
9784,111,94,2025-03-09,UPI,Delivered,2734.22
9785,126,77,2025-09-23,UPI,Delivered,1759.83
9786,523,30,2025-05-15,UPI,Cancelled,2490.26
9787,666,96,2025-02-06,UPI,Delivered,850.03
9788,416,1,2025-06-13,Cash,Delivered,2114.09
9789,43,16,2025-04-16,Cash,Delivered,2170.08
9790,76,61,2025-11-20,Cash,Delivered,330.63
9791,299,10,2025-11-29,Card,Delivered,2189.13
9792,229,39,2025-12-16,Card,Delivered,666.83
9793,250,7,2025-07-02,Card,Cancelled,189.7
9794,164,70,2025-12-08,Cash,Cancelled,1168.21
9795,755,18,2025-02-28,Card,Delivered,526.46
9796,752,92,2025-11-08,UPI,Cancelled,2805.63
9797,521,8,2025-07-01,Cash,Delivered,2356.59
9798,982,64,2025-12-12,UPI,Cancelled,2502.16
9799,449,14,2025-09-24,Card,Delivered,2651.87
9800,123,8,2025-02-10,Cash,Cancelled,2868.97
9801,371,58,2025-09-27,UPI,Delivered,944.02
9802,130,100,2025-03-03,Card,Cancelled,930.23
9803,960,16,2025-04-27,Card,Cancelled,624.08
9804,556,58,2025-08-20,UPI,Delivered,1485.6
9805,400,83,2025-06-19,Cash,Delivered,2638.61
9806,565,85,2025-07-13,UPI,Cancelled,2150.45
9807,177,18,2025-06-06,UPI,Cancelled,1966.39
9808,904,15,2025-12-07,UPI,Delivered,2515.61
9809,13,85,2025-04-29,Card,Cancelled,2272.82
9810,437,87,2025-01-20,UPI,Cancelled,473.0
9811,942,52,2025-08-27,UPI,Cancelled,966.1
9812,972,21,2025-08-10,UPI,Delivered,1476.19
9813,902,71,2025-07-08,UPI,Delivered,1507.53
9814,466,28,2025-02-05,Card,Cancelled,1019.36
9815,118,13,2025-08-06,Cash,Cancelled,1508.0
9816,787,95,2025-09-21,Card,Delivered,876.0
9817,79,29,2025-05-09,UPI,Delivered,2217.88
9818,277,84,2025-12-22,Card,Delivered,551.19
9819,477,73,2025-01-06,Card,Delivered,716.63
9820,767,2,2025-02-03,Card,Cancelled,2828.62
9821,781,85,2025-01-02,UPI,Delivered,1763.49
9822,402,59,2025-04-24,UPI,Delivered,2180.89
9823,184,74,2025-03-25,UPI,Cancelled,447.8
9824,348,4,2025-05-07,Card,Delivered,881.78
9825,921,26,2025-08-04,Cash,Delivered,1815.82
9826,100,29,2025-08-03,Card,Delivered,2658.81
9827,982,13,2025-03-28,Cash,Delivered,347.98
9828,194,35,2025-07-18,Card,Cancelled,214.56
9829,84,83,2025-01-18,Cash,Cancelled,1449.08
9830,55,75,2025-09-06,UPI,Delivered,334.12
9831,687,20,2025-09-24,Card,Cancelled,2104.29
9832,649,51,2025-02-01,UPI,Delivered,2682.31
9833,638,61,2025-12-26,Cash,Delivered,1166.27
9834,233,39,2025-07-17,UPI,Delivered,1747.96
9835,451,25,2025-09-12,Card,Cancelled,1698.23
9836,207,80,2025-06-06,Cash,Cancelled,2480.69
9837,836,40,2025-01-24,Card,Delivered,2291.02
9838,402,86,2025-03-05,Cash,Cancelled,1153.96
9839,555,97,2025-04-23,Cash,Cancelled,2270.47
9840,644,1,2025-01-10,UPI,Cancelled,510.07
9841,829,50,2025-06-29,Cash,Cancelled,309.81
9842,561,65,2025-12-24,UPI,Cancelled,1703.0
9843,993,9,2025-06-04,UPI,Delivered,492.76
9844,357,34,2025-05-04,UPI,Delivered,2309.94
9845,914,60,2025-10-29,Card,Delivered,2918.55
9846,182,23,2025-01-03,Cash,Delivered,855.95
9847,252,28,2025-01-17,Cash,Delivered,2172.11
9848,517,70,2025-10-25,Card,Cancelled,2428.3
9849,184,51,2025-12-03,UPI,Delivered,628.57
9850,649,20,2025-03-09,Cash,Cancelled,283.01
9851,620,36,2025-02-02,UPI,Delivered,2187.68
9852,951,52,2025-05-26,Card,Cancelled,557.11
9853,314,11,2025-01-31,Cash,Delivered,2973.17
9854,691,29,2025-09-16,Card,Cancelled,2453.83
9855,438,29,2025-03-23,Card,Cancelled,1052.49
9856,561,93,2025-11-12,Cash,Cancelled,2824.11
9857,96,7,2025-08-21,Cash,Cancelled,2345.28
9858,923,60,2025-09-03,Cash,Cancelled,172.14
9859,591,57,2025-12-25,Cash,Delivered,520.56
9860,924,95,2025-11-06,UPI,Cancelled,1778.07
9861,234,55,2025-04-19,UPI,Delivered,1083.65
9862,380,39,2025-12-28,Cash,Delivered,1068.69
9863,770,67,2025-06-06,Card,Cancelled,2894.53
9864,261,58,2025-01-21,Cash,Cancelled,2365.23
9865,812,85,2025-08-12,Card,Cancelled,2492.8
9866,478,21,2025-04-07,Card,Delivered,1915.45
9867,58,19,2025-05-10,UPI,Delivered,2045.33
9868,422,83,2025-10-27,Card,Cancelled,414.48
9869,229,87,2025-03-10,Cash,Delivered,1567.22
9870,932,10,2025-03-25,Cash,Delivered,1211.89
9871,485,39,2025-03-06,UPI,Cancelled,435.11
9872,365,81,2025-12-05,Card,Delivered,325.67
9873,293,98,2025-10-31,Card,Delivered,1233.99
9874,523,36,2025-06-10,Cash,Delivered,2430.77
9875,170,33,2025-07-19,UPI,Cancelled,232.49
9876,568,84,2025-10-22,Cash,Delivered,2068.34
9877,866,29,2025-02-03,UPI,Delivered,2506.98
9878,576,36,2025-07-05,UPI,Cancelled,2652.9
9879,465,60,2025-08-14,UPI,Cancelled,2997.79
9880,792,34,2025-12-01,Cash,Delivered,963.35
9881,60,48,2025-04-19,Card,Delivered,763.94
9882,531,59,2025-10-30,Card,Cancelled,2208.6
9883,576,75,2025-02-08,Card,Cancelled,795.25
9884,474,16,2025-07-16,UPI,Cancelled,2506.1
9885,469,39,2025-09-05,Cash,Delivered,345.5
9886,271,83,2025-06-03,UPI,Cancelled,485.63
9887,825,26,2025-10-10,Cash,Delivered,2300.86
9888,37,20,2025-07-02,Card,Delivered,260.3
9889,135,35,2025-05-12,Cash,Cancelled,913.82
9890,247,20,2025-02-20,UPI,Cancelled,237.79
9891,730,67,2025-09-02,UPI,Delivered,1238.96
9892,864,33,2025-03-24,Card,Delivered,1218.62
9893,309,25,2025-08-30,UPI,Cancelled,2344.26
9894,974,74,2025-06-20,Card,Delivered,251.09
9895,208,71,2025-05-24,Card,Cancelled,226.42
9896,514,26,2025-12-05,Cash,Cancelled,1239.03
9897,495,80,2025-04-30,Card,Cancelled,1900.66
9898,722,33,2025-03-01,Card,Delivered,2017.77
9899,13,27,2025-11-29,Cash,Cancelled,1036.43
9900,587,49,2025-03-10,Card,Delivered,1864.26
9901,429,18,2025-12-14,UPI,Cancelled,2382.42
9902,175,51,2025-10-23,Cash,Delivered,1773.38
9903,131,50,2025-02-27,Cash,Cancelled,611.55
9904,954,40,2025-01-23,UPI,Cancelled,962.22
9905,783,52,2025-01-26,Cash,Cancelled,1016.96
9906,883,1,2025-11-04,Card,Cancelled,1460.39
9907,592,46,2025-06-17,Card,Delivered,387.56
9908,927,30,2025-05-07,Card,Cancelled,935.36
9909,114,24,2025-01-25,Cash,Cancelled,405.7
9910,255,13,2025-09-13,UPI,Cancelled,876.82
9911,108,42,2025-07-23,UPI,Delivered,578.82
9912,99,64,2025-07-07,Card,Delivered,2624.77
9913,759,52,2025-12-11,Card,Cancelled,831.88
9914,521,1,2025-10-29,Cash,Delivered,356.9
9915,904,44,2025-12-09,UPI,Delivered,2004.79
9916,109,69,2025-06-13,Cash,Delivered,1519.92
9917,599,88,2025-07-18,Cash,Cancelled,2927.14
9918,701,85,2025-11-29,UPI,Delivered,2276.42
9919,331,77,2025-08-01,Cash,Cancelled,1679.64
9920,378,54,2025-03-05,Card,Cancelled,265.94
9921,220,32,2025-09-07,UPI,Delivered,1208.99
9922,438,26,2025-02-17,Card,Delivered,530.13
9923,308,45,2025-09-01,Cash,Delivered,1354.59
9924,164,30,2025-07-26,Cash,Delivered,650.29
9925,887,35,2025-09-30,Card,Cancelled,822.31
9926,483,44,2025-09-14,UPI,Cancelled,1601.24
9927,191,83,2025-08-23,Card,Delivered,2470.18
9928,809,50,2025-09-01,UPI,Delivered,2531.11
9929,475,82,2025-02-15,Cash,Cancelled,288.5
9930,467,95,2025-03-26,Cash,Cancelled,2821.07
9931,215,74,2025-08-31,UPI,Cancelled,643.06
9932,347,14,2025-01-21,UPI,Cancelled,2576.3
9933,830,20,2025-04-08,Cash,Delivered,2188.47
9934,250,36,2025-10-29,Cash,Cancelled,917.55
9935,207,20,2025-08-27,Card,Cancelled,900.54
9936,510,91,2025-05-03,Card,Delivered,775.24
9937,836,80,2025-08-08,Card,Delivered,2749.8
9938,394,47,2025-04-07,Cash,Delivered,758.01
9939,457,22,2025-04-13,UPI,Delivered,954.05
9940,565,39,2025-06-05,UPI,Cancelled,2506.7
9941,40,31,2025-04-16,UPI,Delivered,971.98
9942,8,80,2025-02-25,UPI,Delivered,1965.01
9943,842,16,2025-08-27,Cash,Cancelled,611.57
9944,918,2,2025-06-13,Cash,Cancelled,956.91
9945,8,34,2025-12-24,Cash,Delivered,1759.59
9946,157,17,2025-10-16,Cash,Delivered,2067.4
9947,614,34,2025-01-18,UPI,Delivered,1055.32
9948,521,88,2025-04-06,Card,Delivered,509.17
9949,313,53,2025-08-29,Cash,Cancelled,2460.09
9950,421,53,2025-12-18,UPI,Cancelled,2621.0
9951,989,38,2025-05-08,Cash,Delivered,1303.15
9952,539,45,2025-05-15,Card,Cancelled,1017.66
9953,516,95,2025-03-20,Cash,Delivered,498.19
9954,492,8,2025-04-24,Cash,Delivered,2461.42
9955,970,47,2025-12-13,Card,Delivered,537.2
9956,444,50,2025-11-01,UPI,Delivered,1173.6
9957,990,83,2025-05-19,UPI,Cancelled,1587.64
9958,905,97,2025-08-25,UPI,Cancelled,389.81
9959,912,84,2025-10-11,Cash,Cancelled,1095.06
9960,308,83,2025-10-28,UPI,Delivered,1321.8
9961,424,55,2025-10-27,UPI,Delivered,1769.82
9962,221,49,2025-05-24,Cash,Delivered,2081.65
9963,969,7,2025-06-07,Card,Delivered,622.71
9964,702,3,2025-09-27,Cash,Cancelled,510.89
9965,81,50,2025-10-19,Cash,Cancelled,1154.18
9966,782,88,2025-06-28,UPI,Cancelled,2489.48
9967,477,63,2025-10-26,Cash,Delivered,722.06
9968,501,32,2025-02-14,Cash,Cancelled,1218.82
9969,815,100,2025-07-30,Cash,Delivered,2070.34
9970,446,50,2025-04-18,UPI,Delivered,1854.43
9971,215,55,2025-01-16,Cash,Delivered,1974.0
9972,289,78,2025-04-14,Cash,Cancelled,2800.01
9973,986,79,2025-05-01,UPI,Delivered,1281.08
9974,691,10,2025-07-11,Cash,Delivered,2918.29
9975,196,99,2025-01-25,UPI,Cancelled,1709.51
9976,681,78,2025-09-26,UPI,Cancelled,2787.29
9977,637,49,2025-10-21,Card,Cancelled,1281.1
9978,764,53,2025-11-28,UPI,Cancelled,1314.33
9979,744,68,2025-11-13,Card,Cancelled,315.9
9980,816,49,2025-07-17,Cash,Delivered,1797.48
9981,140,97,2025-09-24,UPI,Delivered,320.9
9982,455,23,2025-11-19,UPI,Delivered,905.61
9983,455,88,2025-09-16,Card,Cancelled,576.11
9984,852,95,2025-10-08,UPI,Cancelled,1270.64
9985,112,23,2025-07-28,Card,Cancelled,1444.83
9986,143,100,2025-05-15,Cash,Delivered,720.59
9987,856,54,2025-05-31,UPI,Delivered,2171.08
9988,518,35,2025-11-11,Cash,Delivered,906.04
9989,558,97,2025-05-01,Card,Cancelled,1668.68
9990,839,66,2025-01-06,UPI,Delivered,501.19
9991,78,41,2025-02-13,Card,Cancelled,2830.13
9992,201,72,2025-06-14,UPI,Cancelled,1764.36
9993,494,92,2025-11-25,Cash,Delivered,1308.01
9994,706,80,2025-03-25,Card,Cancelled,871.6
9995,64,60,2025-01-12,Cash,Delivered,812.92
9996,769,42,2025-05-02,Cash,Delivered,1498.27
9997,233,86,2025-04-26,Cash,Delivered,1001.63
9998,255,73,2025-10-12,UPI,Delivered,2518.63
9999,467,67,2025-10-26,UPI,Cancelled,1959.26
10000,414,68,2025-08-05,UPI,Delivered,2530.0
10001,946,68,2025-08-18,Cash,Cancelled,1622.54
10002,903,26,2025-04-18,Card,Delivered,425.21
10003,928,59,2025-01-06,UPI,Delivered,682.71
10004,478,79,2025-02-09,Card,Cancelled,548.32
10005,594,73,2025-03-18,Card,Delivered,983.84
10006,804,77,2025-12-04,UPI,Cancelled,2252.52
10007,603,45,2025-03-04,Card,Delivered,2802.26
10008,388,28,2025-03-11,Card,Delivered,1097.71
10009,27,55,2025-09-18,Cash,Cancelled,854.78
10010,25,29,2025-04-19,UPI,Cancelled,2010.45
10011,91,51,2025-05-10,Cash,Delivered,152.77
10012,249,77,2025-02-08,Cash,Cancelled,2728.34
10013,714,64,2025-06-07,Cash,Delivered,2680.83
10014,736,45,2025-07-17,Cash,Delivered,697.28
10015,50,39,2025-09-24,UPI,Cancelled,1201.75
10016,934,22,2025-11-13,Cash,Cancelled,802.09
10017,985,45,2025-08-05,Card,Cancelled,1106.59
10018,645,35,2025-10-24,Cash,Delivered,1476.78
10019,264,58,2025-10-16,Card,Delivered,2973.52
10020,31,36,2025-01-15,Cash,Cancelled,1429.44
10021,844,22,2025-08-09,Cash,Cancelled,2254.87
10022,631,9,2025-08-21,Card,Cancelled,1915.13
10023,760,41,2025-07-22,Card,Delivered,244.33
10024,473,31,2025-03-12,Card,Delivered,176.73
10025,251,45,2025-05-02,Card,Delivered,416.12
10026,286,75,2025-11-12,Card,Delivered,1399.26
10027,951,78,2025-08-04,Card,Cancelled,1454.48
10028,984,45,2025-12-10,Card,Cancelled,1116.75
10029,645,79,2025-01-05,Card,Delivered,903.62
10030,203,46,2025-01-13,Cash,Cancelled,852.92
10031,431,73,2025-05-17,Cash,Cancelled,792.04
10032,937,64,2025-05-14,UPI,Delivered,2022.32
10033,832,82,2025-01-11,UPI,Delivered,850.05
10034,666,19,2025-08-10,Card,Cancelled,1654.71
10035,352,88,2025-09-14,Cash,Delivered,2035.58
10036,924,75,2025-01-31,UPI,Cancelled,901.11
10037,249,71,2025-03-06,Card,Delivered,1012.81
10038,250,85,2025-10-19,UPI,Cancelled,1188.17
10039,653,3,2025-08-04,UPI,Cancelled,2239.36
10040,12,27,2025-05-22,Cash,Cancelled,1472.68
10041,703,22,2025-06-16,Card,Delivered,1389.35
10042,668,17,2025-09-04,Cash,Delivered,1111.38
10043,331,80,2025-01-03,Cash,Delivered,800.95
10044,371,97,2025-01-16,UPI,Delivered,1589.79
10045,355,23,2025-12-10,UPI,Delivered,461.29
10046,788,25,2025-02-17,Card,Cancelled,1425.09
10047,343,62,2025-07-14,Cash,Cancelled,1682.64
10048,836,35,2025-06-05,Cash,Cancelled,537.07
10049,715,68,2025-09-26,Card,Cancelled,1516.09
10050,624,10,2025-02-12,UPI,Delivered,1247.21
10051,863,96,2025-11-01,Cash,Delivered,1327.75
10052,669,58,2025-04-18,UPI,Delivered,344.75
10053,761,21,2025-06-05,Cash,Delivered,1721.13
10054,303,46,2025-10-18,Card,Cancelled,1589.29
10055,442,18,2025-10-08,Card,Delivered,1277.63
10056,669,68,2025-07-31,Card,Delivered,2442.96
10057,586,58,2025-02-18,UPI,Cancelled,2733.61
10058,419,32,2025-07-22,Cash,Delivered,574.28
10059,602,93,2025-07-22,Card,Cancelled,837.44
10060,364,26,2025-08-09,UPI,Delivered,2596.01
10061,564,94,2025-06-13,Card,Delivered,1760.94
10062,274,23,2025-06-26,Cash,Delivered,435.48
10063,503,49,2025-12-19,Cash,Cancelled,2619.44
10064,879,76,2025-03-05,Cash,Delivered,2018.81
10065,764,7,2025-08-05,Card,Delivered,1145.65
10066,898,44,2025-01-26,UPI,Cancelled,830.57
10067,487,76,2025-05-19,Cash,Cancelled,772.09
10068,806,86,2025-02-17,Cash,Delivered,1638.1
10069,241,86,2025-06-06,Cash,Delivered,2264.88
10070,522,42,2025-01-20,Card,Delivered,1915.54
10071,988,44,2025-01-25,Cash,Delivered,539.07
10072,626,51,2025-10-05,UPI,Cancelled,2615.37
10073,924,95,2025-07-06,Card,Delivered,1086.24
10074,18,75,2025-11-17,UPI,Cancelled,1984.36
10075,733,35,2025-04-28,UPI,Delivered,1902.86
10076,313,90,2025-03-07,Card,Cancelled,702.01
10077,445,86,2025-08-22,Card,Cancelled,925.18
10078,287,33,2025-09-04,UPI,Cancelled,1861.67
10079,908,84,2025-03-22,UPI,Delivered,1095.98
10080,338,7,2025-12-02,Card,Delivered,1368.58
10081,60,73,2025-01-04,Card,Cancelled,1293.95
10082,416,17,2025-01-20,Card,Delivered,765.71
10083,826,40,2025-05-17,Card,Cancelled,792.09
10084,242,51,2025-03-08,Cash,Cancelled,2098.66
10085,824,10,2025-08-19,UPI,Delivered,2502.72
10086,443,41,2025-10-22,UPI,Delivered,1551.84
10087,486,92,2025-01-20,Cash,Delivered,2570.35
10088,901,67,2025-02-01,Cash,Delivered,469.28
10089,54,77,2025-05-22,UPI,Cancelled,2351.78
10090,4,18,2025-12-07,Cash,Delivered,2304.32
10091,151,30,2025-12-31,UPI,Delivered,2186.59
10092,630,30,2025-04-06,UPI,Delivered,901.6
10093,257,67,2025-04-07,UPI,Delivered,568.16
10094,721,53,2025-05-06,Card,Delivered,2230.04
10095,434,44,2025-01-06,Card,Cancelled,1870.4
10096,295,19,2025-07-18,UPI,Cancelled,2210.13
10097,28,79,2025-08-24,Card,Cancelled,735.81
10098,928,25,2025-04-15,Card,Delivered,2148.61
10099,577,15,2025-03-28,Cash,Delivered,1760.04
10100,917,53,2025-12-08,Cash,Delivered,1307.11
10101,851,27,2025-10-23,Card,Cancelled,766.31
10102,13,13,2025-04-30,Cash,Cancelled,817.81
10103,341,100,2025-01-12,Card,Delivered,2434.75
10104,782,98,2025-03-08,UPI,Cancelled,2432.07
10105,662,10,2025-09-03,Card,Delivered,2914.19
10106,38,6,2025-11-01,Cash,Cancelled,2585.41
10107,533,41,2025-11-19,Cash,Cancelled,746.91
10108,547,84,2025-12-10,Cash,Delivered,2331.11
10109,937,23,2025-04-30,UPI,Delivered,1963.79
10110,134,5,2025-10-16,Card,Cancelled,808.28
10111,480,27,2025-11-15,UPI,Delivered,2271.57
10112,176,98,2025-10-15,UPI,Delivered,278.54
10113,421,44,2025-07-31,UPI,Delivered,308.33
10114,817,32,2025-01-02,Cash,Delivered,2966.4
10115,31,29,2025-10-15,Card,Delivered,202.68
10116,253,28,2025-10-11,Cash,Cancelled,2566.57
10117,354,10,2025-11-02,Card,Cancelled,240.92
10118,615,10,2025-08-05,UPI,Cancelled,2003.61
10119,310,9,2025-05-28,UPI,Cancelled,1254.51
10120,987,68,2025-07-24,UPI,Cancelled,2292.87
10121,901,86,2025-05-16,Cash,Cancelled,1809.79
10122,734,29,2025-08-24,UPI,Cancelled,1847.01
10123,385,37,2025-03-27,UPI,Cancelled,529.15
10124,448,5,2025-11-04,Card,Cancelled,1273.99
10125,118,91,2025-10-04,Card,Cancelled,2587.79
10126,203,45,2025-10-19,UPI,Cancelled,2317.42
10127,390,83,2025-12-26,UPI,Delivered,2136.57
10128,627,44,2025-07-13,Cash,Cancelled,1304.47
10129,495,10,2025-02-09,Cash,Cancelled,2753.29
10130,756,21,2025-12-12,UPI,Cancelled,1552.4
10131,659,81,2025-10-29,UPI,Delivered,225.32
10132,33,93,2025-02-24,Cash,Delivered,2155.66
10133,520,51,2025-12-13,Cash,Cancelled,2051.74
10134,137,22,2025-09-16,UPI,Delivered,155.24
10135,806,16,2025-02-09,UPI,Cancelled,409.13
10136,375,95,2025-09-23,Card,Cancelled,2217.88
10137,285,58,2025-02-14,UPI,Cancelled,2088.69
10138,798,85,2025-05-02,Card,Cancelled,2396.12
10139,307,25,2025-07-01,UPI,Cancelled,632.64
10140,56,58,2025-11-11,UPI,Cancelled,2987.28
10141,695,8,2025-06-08,UPI,Delivered,2581.04
10142,239,60,2025-04-24,UPI,Cancelled,2524.69
10143,270,11,2025-08-06,Card,Cancelled,1298.35
10144,430,96,2025-09-11,Card,Delivered,2817.49
10145,520,63,2025-07-13,Card,Delivered,1581.79
10146,442,56,2025-02-24,UPI,Cancelled,1353.13
10147,292,18,2025-07-08,Card,Cancelled,270.04
10148,402,96,2025-11-14,Cash,Delivered,476.89
10149,667,26,2025-08-23,Card,Cancelled,2624.65
10150,170,91,2025-10-16,Card,Delivered,349.75
10151,22,34,2025-09-05,UPI,Cancelled,593.78
10152,426,82,2025-11-14,Card,Delivered,1547.84
10153,32,5,2025-06-30,Cash,Cancelled,1767.37
10154,39,7,2025-04-05,Cash,Cancelled,1710.18
10155,777,77,2025-10-09,Cash,Delivered,948.14
10156,143,53,2025-07-17,Cash,Cancelled,740.32
10157,789,80,2025-06-07,UPI,Cancelled,1794.11
10158,720,82,2025-01-29,Card,Delivered,194.09
10159,806,33,2025-08-26,Cash,Delivered,390.35
10160,127,58,2025-06-06,Cash,Cancelled,1052.71
10161,523,20,2025-08-18,Cash,Cancelled,2716.78
10162,858,91,2025-03-05,Card,Delivered,2411.51
10163,253,89,2025-03-07,Card,Delivered,1068.07
10164,322,30,2025-06-14,Card,Cancelled,445.86
10165,163,43,2025-09-07,Card,Delivered,2772.76
10166,988,93,2025-03-08,Card,Cancelled,1516.68
10167,40,53,2025-10-30,UPI,Delivered,1718.67
10168,216,96,2025-01-20,Card,Cancelled,455.81
10169,994,22,2025-06-01,UPI,Cancelled,943.58
10170,687,70,2025-02-01,UPI,Cancelled,969.71
10171,708,28,2025-04-17,Card,Cancelled,1324.41
10172,259,28,2025-05-11,Card,Cancelled,2600.4
10173,311,53,2025-09-07,Cash,Delivered,1029.56
10174,168,100,2025-08-02,UPI,Cancelled,2809.69
10175,116,34,2025-01-21,UPI,Cancelled,939.62
10176,949,31,2025-08-14,Cash,Delivered,2253.21
10177,795,65,2025-06-25,UPI,Delivered,1170.64
10178,232,7,2025-10-29,Card,Delivered,2236.1
10179,699,31,2025-12-27,Cash,Delivered,1466.71
10180,175,12,2025-01-23,Card,Delivered,2163.11
10181,392,74,2025-02-05,Card,Cancelled,158.68
10182,848,3,2025-04-03,Card,Cancelled,2499.07
10183,665,83,2025-09-25,Card,Delivered,1543.09
10184,354,31,2025-08-07,Card,Delivered,1856.3
10185,274,28,2025-09-12,UPI,Cancelled,2821.13
10186,665,24,2025-08-20,Card,Cancelled,1757.53
10187,737,81,2025-11-14,UPI,Cancelled,1036.16
10188,852,93,2025-02-11,Card,Cancelled,648.76
10189,325,84,2025-07-12,Cash,Delivered,2645.81
10190,573,23,2025-12-09,Cash,Delivered,1314.91
10191,482,82,2025-11-14,Card,Delivered,1947.09
10192,221,20,2025-11-02,Card,Cancelled,625.36
10193,382,58,2025-04-10,Card,Delivered,2027.42
10194,440,48,2025-01-10,UPI,Cancelled,483.86
10195,255,73,2025-10-02,UPI,Delivered,223.41
10196,189,10,2025-11-10,Card,Cancelled,1676.61
10197,484,29,2025-08-02,Card,Delivered,1110.91
10198,894,24,2025-01-05,Cash,Cancelled,1256.34
10199,131,3,2025-07-17,Cash,Delivered,1332.23
10200,990,21,2025-08-14,Cash,Delivered,2179.21
10201,614,31,2025-02-23,Card,Delivered,811.09
10202,151,49,2025-06-21,Card,Delivered,429.16
10203,340,90,2025-07-25,Cash,Delivered,2831.78
10204,659,10,2025-06-27,UPI,Cancelled,853.86
10205,956,84,2025-02-14,Card,Cancelled,1501.23
10206,397,9,2025-08-05,Card,Cancelled,2339.84
10207,283,48,2025-03-11,UPI,Delivered,1612.68
10208,199,80,2025-02-04,Card,Delivered,2178.15
10209,375,54,2025-01-26,Card,Cancelled,521.84
10210,502,38,2025-03-22,Cash,Cancelled,2096.99
10211,325,10,2025-06-29,UPI,Cancelled,301.85
10212,600,41,2025-08-18,Card,Cancelled,1619.07
10213,633,29,2025-05-23,Card,Cancelled,2518.24
10214,257,2,2025-11-01,Card,Cancelled,398.68
10215,766,24,2025-09-27,Card,Cancelled,370.27
10216,250,21,2025-03-26,Card,Cancelled,1073.64
10217,403,70,2025-09-07,Cash,Cancelled,904.68
10218,118,29,2025-04-24,Cash,Cancelled,383.01
10219,467,41,2025-03-11,Card,Cancelled,643.88
10220,352,29,2025-12-02,UPI,Cancelled,2758.55
10221,104,77,2025-09-29,UPI,Delivered,2705.07
10222,43,20,2025-07-12,UPI,Cancelled,930.09
10223,592,61,2025-03-13,Cash,Delivered,414.24
10224,814,95,2025-01-09,UPI,Cancelled,2268.5
10225,445,15,2025-03-19,Cash,Cancelled,2928.49
10226,907,10,2025-11-30,Cash,Cancelled,2585.6
10227,772,28,2025-04-30,Card,Delivered,2022.16
10228,481,49,2025-05-13,Card,Delivered,912.49
10229,460,76,2025-04-08,Cash,Cancelled,2687.46
10230,512,38,2025-07-07,UPI,Cancelled,2372.76
10231,851,18,2025-05-25,UPI,Cancelled,937.03
10232,513,68,2025-04-13,UPI,Delivered,1486.36
10233,979,75,2025-02-15,Card,Cancelled,1584.52
10234,145,68,2025-09-30,Card,Cancelled,1908.01
10235,760,71,2025-10-20,Card,Cancelled,1737.59
10236,428,50,2025-02-09,Cash,Cancelled,1618.69
10237,747,55,2025-07-06,Cash,Cancelled,2325.73
10238,242,50,2025-10-26,Card,Delivered,754.46
10239,521,62,2025-03-14,Card,Cancelled,2668.89
10240,682,33,2025-01-24,Card,Cancelled,2268.66
10241,25,86,2025-02-15,UPI,Cancelled,1526.39
10242,740,62,2025-09-20,Card,Cancelled,424.34
10243,710,9,2025-10-25,Card,Cancelled,2302.13
10244,789,62,2025-04-30,Cash,Delivered,1922.76
10245,599,88,2025-12-25,Cash,Cancelled,948.52
10246,670,67,2025-08-01,Card,Delivered,365.7
10247,514,76,2025-02-15,Cash,Delivered,652.55
10248,868,45,2025-02-03,UPI,Delivered,618.48
10249,25,25,2025-08-24,Card,Cancelled,1004.14
10250,319,90,2025-04-09,UPI,Cancelled,1894.19
10251,463,27,2025-05-12,Cash,Delivered,2449.8
10252,300,90,2025-06-11,Cash,Delivered,1809.83
10253,49,58,2025-08-06,UPI,Cancelled,411.52
10254,901,51,2025-01-28,Card,Delivered,2553.34
10255,917,39,2025-10-29,Cash,Delivered,1360.77
10256,979,41,2025-03-18,Cash,Delivered,296.39
10257,677,97,2025-05-27,Cash,Delivered,879.25
10258,665,58,2025-07-27,Card,Delivered,430.5
10259,111,96,2025-03-20,Cash,Delivered,2302.29
10260,26,74,2025-02-08,UPI,Delivered,1669.29
10261,495,27,2025-04-22,Card,Delivered,2582.74
10262,370,59,2025-03-07,Cash,Cancelled,447.43
10263,280,5,2025-06-27,Cash,Cancelled,248.82
10264,636,39,2025-12-16,Card,Cancelled,2018.69
10265,53,8,2025-04-30,Cash,Delivered,2054.9
10266,726,97,2025-09-14,Cash,Cancelled,1961.93
10267,710,16,2025-06-08,Card,Cancelled,2099.6
10268,292,12,2025-03-23,UPI,Cancelled,2733.06
10269,253,60,2025-10-05,UPI,Delivered,2655.35
10270,62,41,2025-09-29,Card,Delivered,677.06
10271,121,4,2025-02-14,Card,Cancelled,267.68
10272,581,5,2025-08-14,Cash,Delivered,1492.42
10273,746,46,2025-02-16,Card,Delivered,787.69
10274,619,85,2025-06-09,Cash,Cancelled,1654.55
10275,166,16,2025-12-19,Cash,Delivered,2970.18
10276,14,71,2025-09-09,UPI,Cancelled,1082.37
10277,748,3,2025-10-05,UPI,Delivered,2534.65
10278,349,54,2025-01-28,Card,Delivered,226.72
10279,273,63,2025-01-18,UPI,Cancelled,1866.9
10280,221,38,2025-08-16,UPI,Delivered,2583.06
10281,755,59,2025-02-13,UPI,Cancelled,2374.49
10282,662,16,2025-10-29,UPI,Delivered,2285.55
10283,733,97,2025-08-04,Cash,Cancelled,979.58
10284,769,6,2025-12-30,Card,Delivered,166.88
10285,94,30,2025-08-08,Cash,Delivered,2098.86
10286,948,17,2025-11-02,Card,Cancelled,817.32
10287,55,24,2025-06-02,UPI,Delivered,2675.16
10288,146,42,2025-02-19,Card,Cancelled,2351.36
10289,373,78,2025-12-12,UPI,Cancelled,2724.99
10290,798,51,2025-05-05,Card,Delivered,1859.57
10291,380,82,2025-06-07,Cash,Cancelled,1405.88
10292,300,85,2025-05-10,Card,Cancelled,1475.54
10293,55,70,2025-12-06,UPI,Cancelled,2949.24
10294,22,86,2025-09-10,UPI,Delivered,1975.38
10295,672,99,2025-02-24,UPI,Cancelled,1749.53
10296,764,28,2025-02-15,Card,Delivered,895.96
10297,143,82,2025-05-11,Card,Cancelled,382.15
10298,566,48,2025-12-03,UPI,Delivered,1591.31
10299,851,93,2025-06-30,Cash,Cancelled,940.64
10300,191,47,2025-06-18,UPI,Delivered,2993.01
10301,654,98,2025-10-17,Cash,Delivered,1446.39
10302,200,12,2025-10-02,Cash,Cancelled,1160.78
10303,70,41,2025-02-26,Cash,Delivered,1466.51
10304,607,100,2025-03-10,Cash,Delivered,1219.51
10305,346,6,2025-05-27,Card,Cancelled,1059.59
10306,624,1,2025-12-30,Card,Delivered,2845.79
10307,864,49,2025-06-15,Card,Delivered,320.43
10308,166,7,2025-04-30,UPI,Delivered,667.4
10309,359,97,2025-03-11,Cash,Delivered,614.26
10310,8,82,2025-06-14,Cash,Cancelled,232.94
10311,76,18,2025-08-06,Card,Cancelled,2136.82
10312,228,62,2025-09-21,Card,Cancelled,1392.19
10313,455,1,2025-07-23,Card,Cancelled,977.83
10314,812,82,2025-03-10,UPI,Cancelled,2448.77
10315,836,79,2025-11-28,Cash,Cancelled,2958.37
10316,522,84,2025-06-13,Cash,Delivered,2738.53
10317,661,27,2025-10-15,UPI,Cancelled,893.16
10318,80,41,2025-10-10,Card,Delivered,167.56
10319,116,94,2025-05-26,UPI,Delivered,1927.85
10320,8,82,2025-01-30,Cash,Cancelled,1903.75
10321,516,95,2025-04-11,Card,Cancelled,1341.89
10322,230,8,2025-11-16,Card,Cancelled,933.82
10323,50,29,2025-03-13,Card,Cancelled,2369.66
10324,501,25,2025-05-03,Cash,Delivered,166.87
10325,578,20,2025-11-26,UPI,Delivered,2759.19
10326,715,27,2025-09-29,Card,Cancelled,1263.88
10327,3,92,2025-07-05,UPI,Cancelled,2936.96
10328,764,9,2025-06-04,UPI,Delivered,2464.66
10329,300,1,2025-03-30,UPI,Delivered,1912.16
10330,244,48,2025-10-11,Cash,Delivered,748.97
10331,847,22,2025-02-10,Cash,Cancelled,1522.21
10332,541,95,2025-06-28,Cash,Cancelled,2647.95
10333,141,38,2025-06-05,UPI,Cancelled,422.89
10334,756,65,2025-07-31,Cash,Delivered,1814.06
10335,110,83,2025-09-16,Cash,Delivered,2392.42
10336,654,47,2025-03-17,Cash,Cancelled,692.39
10337,687,67,2025-11-27,UPI,Delivered,1000.42
10338,220,67,2025-08-07,UPI,Cancelled,1401.08
10339,199,79,2025-08-16,UPI,Delivered,1548.7
10340,349,45,2025-12-18,UPI,Cancelled,2358.43
10341,555,91,2025-08-24,UPI,Cancelled,234.37
10342,237,35,2025-02-22,UPI,Delivered,2903.22
10343,133,73,2025-07-06,Cash,Cancelled,865.27
10344,809,50,2025-11-27,UPI,Cancelled,184.65
10345,295,89,2025-09-10,UPI,Delivered,2129.96
10346,587,36,2025-07-02,Cash,Cancelled,2552.74
10347,186,29,2025-03-22,Card,Delivered,2936.63
10348,473,2,2025-04-30,Cash,Delivered,813.2
10349,533,36,2025-12-26,Card,Cancelled,2754.22
10350,456,81,2025-10-20,UPI,Cancelled,2795.05
10351,500,62,2025-04-25,Cash,Cancelled,1466.68
10352,7,68,2025-08-22,Card,Delivered,434.01
10353,3,79,2025-02-09,Cash,Cancelled,495.97
10354,817,25,2025-11-30,UPI,Delivered,1090.45
10355,865,28,2025-09-05,Cash,Cancelled,2903.18
10356,536,7,2025-03-29,Card,Cancelled,1422.47
10357,61,40,2025-10-01,Card,Cancelled,1847.52
10358,262,39,2025-01-14,Card,Cancelled,380.88
10359,562,3,2025-02-19,Cash,Delivered,1453.52
10360,843,24,2025-03-31,Card,Cancelled,1690.83
10361,137,24,2025-06-02,Cash,Cancelled,2765.23
10362,709,66,2025-11-14,Cash,Delivered,1697.87
10363,786,11,2025-05-02,Cash,Delivered,460.01
10364,715,20,2025-06-17,Card,Delivered,2150.54
10365,352,75,2025-10-06,UPI,Cancelled,2932.08
10366,647,27,2025-07-27,Card,Delivered,406.15
10367,730,45,2025-03-17,Cash,Delivered,258.18
10368,397,56,2025-03-31,Cash,Cancelled,1752.62
10369,425,35,2025-07-19,Cash,Delivered,274.15
10370,821,60,2025-06-03,UPI,Cancelled,556.61
10371,622,16,2025-12-03,Card,Delivered,2090.43
10372,996,25,2025-02-26,Cash,Cancelled,1916.66
10373,136,33,2025-07-13,Card,Delivered,1601.51
10374,964,75,2025-04-29,Cash,Delivered,2364.07
10375,627,61,2025-07-15,Cash,Cancelled,2825.48
10376,131,57,2025-09-19,UPI,Cancelled,991.18
10377,845,62,2025-01-21,UPI,Delivered,2460.26
10378,506,23,2025-01-02,Cash,Cancelled,1958.03
10379,799,45,2025-09-02,Card,Cancelled,2696.24
10380,280,70,2025-12-23,Card,Cancelled,2838.49
10381,781,18,2025-07-14,UPI,Cancelled,2638.78
10382,349,43,2025-05-15,Card,Cancelled,1729.92
10383,827,97,2025-03-12,Cash,Cancelled,2639.71
10384,901,26,2025-07-01,UPI,Delivered,1994.27
10385,262,99,2025-02-08,UPI,Delivered,2158.76
10386,238,75,2025-05-12,Cash,Cancelled,2686.2
10387,270,78,2025-09-26,Cash,Delivered,2758.4
10388,586,73,2025-04-11,UPI,Cancelled,1927.04
10389,302,23,2025-09-23,Card,Delivered,1220.19
10390,423,61,2025-03-29,Card,Cancelled,470.35
10391,143,81,2025-08-21,Card,Delivered,406.74
10392,661,71,2025-12-06,UPI,Cancelled,1349.69
10393,773,69,2025-02-04,Card,Cancelled,2867.21
10394,779,100,2025-07-20,Cash,Delivered,804.37
10395,438,36,2025-01-13,Cash,Cancelled,2307.3
10396,25,27,2025-09-19,Cash,Cancelled,891.75
10397,255,86,2025-07-14,Card,Delivered,217.35
10398,66,29,2025-06-16,Card,Delivered,1434.0
10399,761,14,2025-01-08,Card,Delivered,1545.49
10400,496,47,2025-08-30,UPI,Cancelled,1093.49
10401,81,74,2025-10-28,Cash,Cancelled,2012.1
10402,38,64,2025-12-13,Cash,Cancelled,2819.24
10403,975,40,2025-03-11,Card,Delivered,729.26
10404,586,36,2025-11-01,Cash,Cancelled,1940.71
10405,733,86,2025-12-25,Card,Delivered,1431.65
10406,750,100,2025-03-18,UPI,Cancelled,2711.33
10407,178,86,2025-02-23,UPI,Cancelled,1293.68
10408,667,72,2025-09-01,Cash,Delivered,2712.64
10409,970,52,2025-03-14,Card,Cancelled,453.94
10410,55,29,2025-06-14,UPI,Delivered,1815.16
10411,90,90,2025-05-27,UPI,Cancelled,2355.41
10412,11,71,2025-09-26,Card,Cancelled,876.22
10413,576,26,2025-01-06,Cash,Cancelled,685.39
10414,513,94,2025-07-18,Cash,Cancelled,2244.3
10415,92,88,2025-02-28,Cash,Cancelled,804.84
10416,939,41,2025-12-06,Cash,Cancelled,567.66
10417,314,45,2025-10-28,Card,Delivered,2768.07
10418,162,73,2025-01-02,Card,Cancelled,1836.6
10419,964,38,2025-05-30,Card,Cancelled,1540.59
10420,52,27,2025-08-05,Card,Delivered,1876.61
10421,970,79,2025-05-09,Cash,Delivered,2656.76
10422,429,23,2025-01-21,Card,Cancelled,2810.12
10423,270,76,2025-01-27,Card,Delivered,211.46
10424,244,92,2025-08-12,Cash,Delivered,2151.51
10425,179,7,2025-06-17,Card,Delivered,2375.89
10426,101,36,2025-08-20,UPI,Delivered,1307.81
10427,403,19,2025-07-01,UPI,Cancelled,2956.33
10428,224,9,2025-12-19,UPI,Delivered,743.65
10429,756,76,2025-10-01,Cash,Cancelled,1897.63
10430,829,71,2025-07-19,Cash,Delivered,2740.25
10431,623,25,2025-02-19,Cash,Cancelled,1411.55
10432,36,38,2025-08-10,Card,Delivered,918.21
10433,963,28,2025-05-01,Card,Delivered,1544.87
10434,571,11,2025-06-26,Card,Cancelled,463.18
10435,43,44,2025-10-04,Cash,Cancelled,919.37
10436,315,67,2025-12-31,Cash,Delivered,2045.82
10437,940,35,2025-09-08,Card,Cancelled,348.87
10438,137,90,2025-09-18,UPI,Cancelled,253.22
10439,415,26,2025-11-24,Card,Delivered,1087.45
10440,931,37,2025-06-10,UPI,Cancelled,885.74
10441,394,45,2025-12-08,UPI,Delivered,1512.77
10442,642,99,2025-06-06,UPI,Cancelled,2230.93
10443,176,17,2025-12-27,Cash,Cancelled,1107.49
10444,879,1,2025-12-05,Cash,Cancelled,807.99
10445,657,84,2025-12-06,Card,Cancelled,799.1
10446,642,92,2025-02-18,UPI,Cancelled,2187.05
10447,337,4,2025-04-20,Cash,Delivered,1167.79
10448,27,27,2025-11-11,UPI,Delivered,969.72
10449,747,9,2025-12-19,Card,Cancelled,1237.22
10450,279,89,2025-03-08,Card,Cancelled,609.06
10451,649,77,2025-12-16,Card,Cancelled,2883.42
10452,775,63,2025-09-19,Cash,Cancelled,2216.68
10453,592,71,2025-04-26,Card,Cancelled,264.74
10454,327,69,2025-06-16,UPI,Cancelled,1474.8
10455,435,72,2025-01-18,Card,Cancelled,2281.48
10456,48,56,2025-12-21,Cash,Cancelled,534.57
10457,676,96,2025-07-05,UPI,Delivered,1155.09
10458,268,54,2025-05-29,Card,Delivered,1290.58
10459,948,26,2025-07-19,Card,Cancelled,586.9
10460,891,49,2025-04-05,UPI,Cancelled,1569.13
10461,105,94,2025-07-04,Cash,Cancelled,887.41
10462,208,67,2025-12-11,UPI,Delivered,1501.92
10463,443,52,2025-09-23,Card,Cancelled,766.64
10464,366,22,2025-10-09,Cash,Delivered,1864.88
10465,839,5,2025-10-14,Cash,Delivered,1308.31
10466,404,25,2025-08-29,Cash,Delivered,2130.64
10467,871,85,2025-03-18,Cash,Cancelled,1397.6
10468,305,13,2025-04-24,UPI,Cancelled,825.49
10469,791,26,2025-01-11,UPI,Cancelled,1001.94
10470,18,2,2025-06-21,UPI,Delivered,1196.76
10471,988,31,2025-02-11,UPI,Cancelled,1272.84
10472,320,66,2025-05-06,Card,Delivered,2241.66
10473,929,80,2025-09-28,UPI,Cancelled,1016.61
10474,168,18,2025-08-30,Cash,Cancelled,1541.57
10475,452,7,2025-02-12,Cash,Cancelled,1561.16
10476,442,73,2025-06-21,UPI,Delivered,2591.16
10477,657,28,2025-08-31,Card,Delivered,1834.97
10478,284,71,2025-12-31,UPI,Delivered,2824.65
10479,544,100,2025-06-16,Card,Delivered,2573.49
10480,310,19,2025-03-06,Cash,Cancelled,2973.99
10481,953,19,2025-12-03,Card,Cancelled,1975.86
10482,888,32,2025-10-15,Cash,Cancelled,1764.72
10483,754,59,2025-04-18,Card,Cancelled,2432.14
10484,746,55,2025-09-03,Cash,Cancelled,1929.06
10485,634,63,2025-08-12,Card,Delivered,2543.12
10486,565,8,2025-11-28,Cash,Cancelled,2604.48
10487,825,93,2025-09-19,Cash,Delivered,1204.5
10488,177,35,2025-11-30,Cash,Cancelled,2662.71
10489,856,49,2025-11-18,Cash,Delivered,1861.7
10490,454,82,2025-12-16,Cash,Cancelled,969.77
10491,433,20,2025-01-29,Cash,Delivered,790.13
10492,314,91,2025-07-05,Card,Cancelled,1432.51
10493,615,46,2025-02-19,Card,Delivered,2801.58
10494,340,66,2025-09-29,Cash,Delivered,2470.49
10495,37,16,2025-09-03,Cash,Delivered,1368.71
10496,983,9,2025-12-18,Card,Delivered,2891.29
10497,784,12,2025-05-27,Cash,Delivered,417.26
10498,738,23,2025-06-17,UPI,Cancelled,1218.18
10499,285,29,2025-10-03,UPI,Delivered,343.26
10500,489,93,2025-09-16,Card,Delivered,236.08
10501,626,100,2025-07-15,UPI,Delivered,2288.13
10502,651,94,2025-06-24,Card,Cancelled,843.13
10503,641,67,2025-08-09,UPI,Cancelled,1831.66
10504,366,67,2025-03-10,Card,Cancelled,678.0
10505,732,33,2025-02-04,Cash,Cancelled,2535.04
10506,94,14,2025-07-15,Cash,Delivered,1985.11
10507,637,49,2025-09-26,Cash,Cancelled,435.71
10508,278,51,2025-07-06,Cash,Cancelled,1254.68
10509,85,69,2025-03-13,Cash,Cancelled,2683.43
10510,620,34,2025-04-26,Card,Delivered,902.06
10511,562,6,2025-04-05,Card,Cancelled,1707.87
10512,843,43,2025-09-14,UPI,Cancelled,949.46
10513,967,44,2025-07-25,UPI,Delivered,1455.26
10514,152,17,2025-12-27,Cash,Cancelled,1346.83
10515,365,14,2025-05-05,Cash,Cancelled,2146.2
10516,578,96,2025-11-11,Cash,Cancelled,332.64
10517,193,66,2025-12-29,UPI,Cancelled,2478.5
10518,979,49,2025-02-14,UPI,Cancelled,1352.63
10519,18,46,2025-10-10,Cash,Delivered,409.15
10520,142,1,2025-02-07,Cash,Cancelled,1760.43
10521,15,32,2025-02-10,Cash,Delivered,1441.29
10522,294,99,2025-11-14,Cash,Cancelled,649.1
10523,234,94,2025-09-25,Card,Delivered,1595.44
10524,174,2,2025-04-24,UPI,Cancelled,1459.9
10525,205,7,2025-01-19,UPI,Delivered,926.54
10526,771,52,2025-06-21,Card,Delivered,1370.94
10527,961,77,2025-08-13,UPI,Cancelled,939.53
10528,193,97,2025-04-25,Card,Cancelled,1735.09
10529,221,10,2025-10-21,Card,Delivered,2642.42
10530,780,88,2025-01-05,Cash,Delivered,449.17
10531,948,32,2025-04-10,UPI,Delivered,1756.48
10532,506,12,2025-09-26,Card,Cancelled,2299.69
10533,839,8,2025-11-19,Card,Cancelled,1760.77
10534,522,89,2025-03-02,Card,Cancelled,642.56
10535,791,69,2025-11-05,UPI,Delivered,610.79
10536,39,99,2025-02-06,UPI,Cancelled,2300.55
10537,48,84,2025-07-04,Cash,Cancelled,2339.68
10538,69,55,2025-07-24,UPI,Delivered,1260.61
10539,886,58,2025-12-17,Card,Delivered,922.68
10540,168,11,2025-06-04,UPI,Delivered,230.03
10541,160,20,2025-07-05,Card,Cancelled,1024.2
10542,869,88,2025-03-04,UPI,Delivered,996.79
10543,577,60,2025-04-21,Cash,Delivered,1517.11
10544,953,77,2025-01-08,Card,Cancelled,2815.5
10545,192,59,2025-01-29,Cash,Delivered,1705.54
10546,113,22,2025-04-15,UPI,Cancelled,2518.11
10547,238,90,2025-12-22,Cash,Cancelled,2558.63
10548,373,37,2025-05-05,UPI,Cancelled,828.24
10549,868,67,2025-04-09,Cash,Cancelled,951.42
10550,296,15,2025-07-04,UPI,Cancelled,1892.74
10551,453,69,2025-05-24,Card,Delivered,2071.14
10552,33,27,2025-10-29,Card,Delivered,401.35
10553,817,53,2025-07-02,Cash,Cancelled,875.92
10554,48,80,2025-10-01,UPI,Delivered,1898.89
10555,612,38,2025-08-08,Card,Cancelled,2435.73
10556,381,87,2025-08-19,UPI,Delivered,2953.11
10557,521,21,2025-07-25,UPI,Delivered,1941.94
10558,664,46,2025-10-07,Cash,Delivered,755.16
10559,289,72,2025-03-22,Cash,Cancelled,2376.38
10560,737,81,2025-09-01,Cash,Cancelled,853.09
10561,726,66,2025-11-11,Card,Delivered,473.47
10562,131,12,2025-11-01,Card,Cancelled,592.7
10563,631,62,2025-05-26,Cash,Cancelled,987.27
10564,366,91,2025-03-31,UPI,Delivered,2363.89
10565,942,35,2025-08-10,Card,Delivered,1407.57
10566,28,98,2025-09-29,Cash,Cancelled,2778.05
10567,815,71,2025-06-03,UPI,Delivered,1034.75
10568,901,41,2025-03-03,Cash,Cancelled,1669.35
10569,141,54,2025-02-11,UPI,Cancelled,2769.22
10570,74,67,2025-10-23,Card,Delivered,1477.56
10571,714,19,2025-12-10,Cash,Cancelled,252.92
10572,196,20,2025-10-10,Cash,Cancelled,2598.61
10573,507,97,2025-03-19,UPI,Cancelled,1787.58
10574,981,20,2025-12-10,UPI,Cancelled,649.01
10575,914,68,2025-04-12,Cash,Delivered,1993.31
10576,127,38,2025-09-18,UPI,Delivered,638.8
10577,671,1,2025-01-01,UPI,Delivered,716.1
10578,610,31,2025-09-05,Cash,Delivered,1981.82
10579,617,84,2025-05-30,Card,Cancelled,2650.82
10580,737,69,2025-06-25,Card,Delivered,1860.87
10581,177,67,2025-08-21,Cash,Delivered,1317.19
10582,131,48,2025-01-24,Cash,Delivered,223.79
10583,694,62,2025-08-01,Card,Cancelled,695.59
10584,694,60,2025-05-22,UPI,Cancelled,2692.17
10585,709,1,2025-08-09,Card,Cancelled,2161.47
10586,770,78,2025-11-16,Cash,Delivered,1053.76
10587,559,7,2025-05-15,Card,Delivered,2115.51
10588,704,38,2025-01-08,UPI,Delivered,2432.32
10589,977,71,2025-07-22,Cash,Delivered,1230.84
10590,962,70,2025-01-25,Card,Cancelled,2850.36
10591,175,44,2025-08-22,Card,Cancelled,518.9
10592,906,44,2025-03-06,Card,Delivered,2925.74
10593,697,93,2025-12-02,UPI,Delivered,2657.37
10594,575,8,2025-04-19,Cash,Cancelled,680.11
10595,412,7,2025-02-22,UPI,Cancelled,523.15
10596,637,63,2025-03-06,Cash,Delivered,1658.4
10597,219,26,2025-01-11,Card,Cancelled,1478.25
10598,226,16,2025-07-16,UPI,Delivered,2762.04
10599,348,35,2025-10-03,Cash,Delivered,2401.72
10600,760,38,2025-03-23,UPI,Delivered,2706.49
10601,566,84,2025-02-06,UPI,Delivered,202.1
10602,125,37,2025-04-05,Card,Cancelled,2249.77
10603,754,50,2025-04-21,Card,Delivered,1724.87
10604,176,94,2025-08-29,Card,Delivered,254.48
10605,723,97,2025-03-15,Cash,Delivered,2934.02
10606,29,77,2025-09-24,Card,Cancelled,2464.78
10607,958,55,2025-08-26,Cash,Cancelled,387.78
10608,38,30,2025-10-14,Card,Cancelled,2282.96
10609,772,54,2025-12-13,UPI,Cancelled,1075.8
10610,322,82,2025-03-22,Card,Cancelled,1798.44
10611,752,93,2025-11-05,UPI,Delivered,396.13
10612,546,78,2025-07-17,UPI,Cancelled,1114.44
10613,776,26,2025-07-25,Card,Delivered,352.54
10614,292,1,2025-08-13,Cash,Cancelled,1382.58
10615,942,71,2025-05-30,Cash,Cancelled,1835.37
10616,659,43,2025-01-27,UPI,Cancelled,2869.03
10617,753,60,2025-12-30,UPI,Cancelled,2944.66
10618,740,72,2025-12-03,Card,Cancelled,654.04
10619,198,18,2025-10-25,Cash,Cancelled,329.47
10620,845,42,2025-07-04,Card,Delivered,871.88
10621,803,92,2025-10-24,Cash,Cancelled,1315.41
10622,458,36,2025-08-16,UPI,Delivered,204.41
10623,487,83,2025-03-11,Card,Cancelled,2613.58
10624,477,19,2025-03-16,Card,Cancelled,2792.52
10625,764,3,2025-08-07,Cash,Delivered,2167.39
10626,878,48,2025-06-03,Cash,Cancelled,564.88
10627,888,26,2025-04-29,Card,Delivered,938.93
10628,555,5,2025-12-21,Card,Cancelled,576.43
10629,234,92,2025-10-25,Card,Cancelled,2342.98
10630,16,39,2025-10-24,Card,Delivered,2699.65
10631,999,53,2025-01-08,UPI,Cancelled,1218.62
10632,375,34,2025-03-25,Cash,Cancelled,1132.16
10633,714,25,2025-04-18,UPI,Cancelled,2942.31
10634,410,56,2025-09-12,UPI,Delivered,2479.33
10635,90,69,2025-01-28,Card,Delivered,1931.32
10636,209,11,2025-01-26,Cash,Cancelled,1636.39
10637,523,4,2025-02-06,UPI,Delivered,591.0
10638,1000,18,2025-02-19,UPI,Delivered,440.77
10639,658,22,2025-01-13,UPI,Cancelled,1636.28
10640,360,97,2025-10-20,Cash,Delivered,1424.09
10641,292,87,2025-10-06,Cash,Cancelled,1584.53
10642,961,83,2025-01-13,UPI,Cancelled,2885.44
10643,434,8,2025-01-16,Card,Delivered,2095.6
10644,864,42,2025-08-17,Cash,Cancelled,281.87
10645,622,6,2025-05-02,Cash,Delivered,484.29
10646,208,70,2025-04-30,Cash,Delivered,972.78
10647,596,1,2025-12-04,Card,Cancelled,1806.31
10648,470,32,2025-02-25,UPI,Cancelled,2111.78
10649,596,52,2025-03-25,Cash,Cancelled,2466.93
10650,766,48,2025-07-21,Card,Cancelled,2806.82
10651,417,88,2025-06-30,UPI,Delivered,2260.07
10652,226,80,2025-03-27,Card,Cancelled,735.08
10653,98,48,2025-01-06,Cash,Delivered,2793.82
10654,824,72,2025-01-11,Cash,Delivered,684.06
10655,95,9,2025-03-22,UPI,Cancelled,1372.17
10656,350,12,2025-07-19,Cash,Cancelled,2641.46
10657,747,98,2025-06-28,Cash,Delivered,815.23
10658,16,2,2025-04-27,UPI,Delivered,1199.0
10659,245,19,2025-11-25,Cash,Delivered,441.74
10660,626,47,2025-01-02,Cash,Cancelled,225.68
10661,543,53,2025-06-16,Card,Cancelled,2950.98
10662,883,78,2025-10-17,UPI,Cancelled,155.46
10663,891,94,2025-02-27,Cash,Delivered,902.39
10664,832,23,2025-11-16,Card,Delivered,1542.86
10665,568,91,2025-04-09,Cash,Cancelled,2101.71
10666,33,90,2025-08-06,UPI,Delivered,542.48
10667,456,38,2025-03-25,UPI,Cancelled,592.82
10668,713,29,2025-10-13,UPI,Delivered,1125.24
10669,658,88,2025-11-01,UPI,Cancelled,1965.7
10670,819,23,2025-05-27,UPI,Delivered,2895.11
10671,190,83,2025-07-18,UPI,Cancelled,2352.67
10672,14,75,2025-05-28,Cash,Cancelled,512.58
10673,565,42,2025-08-08,Cash,Cancelled,1140.95
10674,131,63,2025-12-03,Card,Cancelled,2106.9
10675,243,76,2025-04-22,Card,Delivered,2346.35
10676,968,89,2025-12-28,Cash,Cancelled,1099.0
10677,631,32,2025-05-13,Cash,Delivered,2466.58
10678,524,52,2025-01-29,UPI,Cancelled,2168.58
10679,48,61,2025-08-04,Cash,Delivered,1672.26
10680,424,64,2025-01-18,Cash,Delivered,2194.9
10681,666,46,2025-01-09,Cash,Delivered,2886.07
10682,513,20,2025-11-08,Cash,Cancelled,2607.55
10683,828,14,2025-11-12,Cash,Delivered,2815.11
10684,629,59,2025-06-14,Cash,Cancelled,2005.26
10685,684,67,2025-11-29,Card,Delivered,2911.26
10686,488,73,2025-02-01,Card,Cancelled,2863.46
10687,28,87,2025-01-16,Cash,Cancelled,975.55
10688,730,20,2025-03-01,Card,Delivered,2242.12
10689,111,87,2025-02-26,Card,Cancelled,2978.86
10690,948,39,2025-04-02,Cash,Cancelled,1481.14
10691,546,95,2025-04-05,UPI,Delivered,2037.46
10692,739,17,2025-08-12,Cash,Delivered,2000.99
10693,753,56,2025-10-09,Card,Cancelled,940.86
10694,611,14,2025-09-25,Card,Delivered,1069.25
10695,657,77,2025-07-09,UPI,Delivered,2419.85
10696,359,78,2025-12-08,Cash,Delivered,2609.08
10697,891,39,2025-09-14,Cash,Cancelled,1221.17
10698,310,58,2025-11-03,UPI,Cancelled,2655.4
10699,124,15,2025-05-21,Card,Cancelled,1867.35
10700,480,31,2025-02-01,UPI,Cancelled,2554.86
10701,537,94,2025-05-16,UPI,Cancelled,2769.31
10702,376,99,2025-01-20,Card,Delivered,2211.95
10703,224,6,2025-04-22,Cash,Cancelled,178.26
10704,480,97,2025-02-08,Cash,Cancelled,303.37
10705,725,15,2025-09-18,Card,Delivered,2773.96
10706,761,33,2025-09-03,Cash,Delivered,1643.14
10707,446,66,2025-03-05,Cash,Cancelled,2036.32
10708,773,25,2025-02-15,Cash,Delivered,1178.72
10709,971,54,2025-04-29,UPI,Cancelled,1080.32
10710,507,97,2025-01-13,Card,Delivered,704.4
10711,826,74,2025-09-02,Card,Delivered,2974.09
10712,958,12,2025-04-01,UPI,Cancelled,2077.58
10713,299,19,2025-04-04,Card,Delivered,2994.24
10714,569,81,2025-05-03,Card,Delivered,2429.38
10715,946,45,2025-12-17,Cash,Delivered,2078.38
10716,722,5,2025-04-04,Cash,Cancelled,2298.12
10717,89,70,2025-10-19,Card,Cancelled,412.91
10718,583,44,2025-11-29,Cash,Delivered,2909.49
10719,195,32,2025-08-27,Cash,Delivered,1437.9
10720,917,69,2025-11-11,Card,Cancelled,1559.76
10721,475,50,2025-05-27,UPI,Delivered,1215.08
10722,445,35,2025-06-25,Card,Delivered,991.69
10723,60,23,2025-12-13,UPI,Cancelled,2072.21
10724,818,71,2025-01-15,Cash,Delivered,1290.23
10725,477,50,2025-06-24,Card,Cancelled,972.16
10726,860,69,2025-12-16,Card,Delivered,560.85
10727,167,59,2025-09-25,Cash,Delivered,2156.61
10728,356,12,2025-12-02,UPI,Delivered,2507.31
10729,428,40,2025-10-24,Card,Delivered,1104.64
10730,24,95,2025-05-04,Card,Cancelled,412.3
10731,921,78,2025-07-27,Card,Delivered,1025.86
10732,624,48,2025-08-28,Cash,Delivered,1735.45
10733,105,71,2025-06-26,Card,Cancelled,1590.53
10734,836,81,2025-11-23,UPI,Cancelled,1206.77
10735,277,80,2025-10-07,Cash,Cancelled,721.06
10736,63,90,2025-04-23,Cash,Delivered,722.97
10737,448,98,2025-02-27,Card,Cancelled,1000.89
10738,29,83,2025-03-12,Card,Delivered,2194.82
10739,229,80,2025-09-18,UPI,Cancelled,1668.85
10740,776,31,2025-07-04,UPI,Cancelled,2771.43
10741,637,52,2025-07-28,Cash,Delivered,844.7
10742,943,11,2025-09-25,Cash,Cancelled,261.09
10743,941,44,2025-06-14,Cash,Cancelled,2307.1
10744,649,52,2025-11-01,Cash,Cancelled,362.77
10745,44,57,2025-11-05,Card,Cancelled,2303.15
10746,876,14,2025-01-09,UPI,Cancelled,2900.32
10747,21,99,2025-03-12,Cash,Delivered,1448.16
10748,940,98,2025-06-18,Cash,Delivered,2343.61
10749,622,6,2025-08-25,UPI,Cancelled,186.12
10750,980,30,2025-01-19,Cash,Delivered,1387.87
10751,663,92,2025-01-13,Card,Delivered,545.77
10752,829,93,2025-09-14,UPI,Cancelled,631.5
10753,363,34,2025-01-17,Card,Cancelled,2181.8
10754,964,39,2025-02-16,Card,Cancelled,977.41
10755,101,44,2025-09-26,Card,Cancelled,1753.95
10756,824,93,2025-06-20,Card,Delivered,2458.39
10757,41,10,2025-09-17,Card,Delivered,425.81
10758,911,28,2025-06-07,Cash,Cancelled,796.8
10759,517,67,2025-03-07,UPI,Delivered,198.87
10760,118,4,2025-03-17,Cash,Cancelled,2942.66
10761,77,61,2025-10-21,Cash,Cancelled,1468.81
10762,987,90,2025-02-22,Cash,Cancelled,412.34
10763,61,92,2025-11-24,Cash,Delivered,1020.78
10764,655,55,2025-05-19,Card,Cancelled,1121.96
10765,459,8,2025-05-31,Card,Cancelled,809.73
10766,798,85,2025-05-05,Card,Delivered,2233.18
10767,632,94,2025-09-16,Card,Delivered,1493.94
10768,432,87,2025-04-06,UPI,Delivered,2215.31
10769,148,89,2025-12-21,UPI,Delivered,1684.75
10770,256,83,2025-08-16,Cash,Cancelled,678.99
10771,936,8,2025-12-09,Cash,Cancelled,386.61
10772,872,27,2025-11-28,Cash,Delivered,1107.51
10773,663,23,2025-05-24,Card,Delivered,355.04
10774,152,28,2025-08-31,Card,Delivered,928.09
10775,122,40,2025-08-25,UPI,Cancelled,1814.94
10776,462,90,2025-05-26,UPI,Delivered,2198.43
10777,59,14,2025-03-21,Card,Cancelled,2721.73
10778,418,65,2025-03-06,Cash,Cancelled,1082.09
10779,266,58,2025-08-03,Card,Delivered,347.16
10780,432,31,2025-12-12,Card,Cancelled,1147.55
10781,627,40,2025-03-04,Cash,Delivered,2709.23
10782,946,56,2025-04-17,Card,Delivered,634.27
10783,887,70,2025-06-18,Card,Cancelled,1902.51
10784,890,24,2025-04-12,Card,Cancelled,974.57
10785,123,28,2025-12-26,Cash,Cancelled,2915.05
10786,490,45,2025-02-13,Card,Delivered,1366.99
10787,205,75,2025-05-05,Cash,Delivered,1214.23
10788,635,72,2025-07-01,Card,Cancelled,179.45
10789,895,22,2025-04-16,UPI,Delivered,2583.4
10790,778,87,2025-12-01,UPI,Cancelled,2861.34
10791,493,81,2025-08-01,Card,Cancelled,2108.91
10792,224,18,2025-04-20,UPI,Cancelled,2353.49
10793,612,38,2025-06-27,Card,Delivered,214.97
10794,303,67,2025-06-22,Card,Cancelled,301.51
10795,568,11,2025-08-19,UPI,Delivered,2417.94
10796,700,31,2025-05-30,Cash,Cancelled,2261.29
10797,960,81,2025-09-06,Card,Delivered,1768.67
10798,723,19,2025-06-15,Cash,Delivered,2928.15
10799,287,13,2025-08-30,Cash,Cancelled,155.91
10800,932,96,2025-05-26,Card,Delivered,2077.59
10801,677,3,2025-07-24,Cash,Delivered,880.0
10802,285,10,2025-04-15,UPI,Cancelled,2516.19
10803,531,75,2025-07-29,Card,Delivered,2978.92
10804,564,43,2025-12-20,Card,Delivered,1957.13
10805,480,55,2025-12-03,Cash,Delivered,1609.4
10806,651,87,2025-03-01,UPI,Delivered,696.49
10807,696,21,2025-09-16,UPI,Cancelled,1625.85
10808,997,13,2025-08-01,Card,Cancelled,2267.37
10809,292,55,2025-09-12,Cash,Delivered,481.34
10810,855,28,2025-10-24,Card,Delivered,234.94
10811,723,33,2025-06-20,Cash,Cancelled,360.72
10812,628,87,2025-01-27,UPI,Delivered,2976.31
10813,650,99,2025-07-06,Cash,Cancelled,1345.97
10814,409,30,2025-03-27,Cash,Cancelled,2435.87
10815,231,60,2025-12-16,Card,Delivered,2335.51
10816,822,27,2025-08-13,Card,Cancelled,2636.65
10817,555,84,2025-10-12,Card,Delivered,1387.42
10818,677,86,2025-08-15,UPI,Delivered,2890.93
10819,758,50,2025-03-27,Card,Delivered,439.83
10820,183,75,2025-07-30,Card,Cancelled,1719.35
10821,799,10,2025-05-23,UPI,Delivered,311.83
10822,654,61,2025-01-31,Card,Delivered,1280.48
10823,386,20,2025-09-22,UPI,Delivered,602.44
10824,416,88,2025-02-07,UPI,Cancelled,1360.32
10825,66,8,2025-01-13,Cash,Cancelled,1239.48
10826,152,99,2025-01-04,UPI,Cancelled,1677.4
10827,346,91,2025-04-09,Cash,Cancelled,1068.13
10828,204,81,2025-09-15,UPI,Cancelled,1889.28
10829,37,92,2025-08-27,UPI,Delivered,2711.55
10830,364,42,2025-01-21,Cash,Delivered,820.19
10831,249,32,2025-06-06,UPI,Cancelled,2722.18
10832,797,22,2025-05-06,UPI,Delivered,2931.02
10833,108,3,2025-09-12,Cash,Cancelled,1758.66
10834,981,48,2025-03-24,Card,Cancelled,2903.19
10835,627,88,2025-04-29,Cash,Cancelled,544.86
10836,813,34,2025-01-26,UPI,Cancelled,2674.21
10837,999,78,2025-05-01,UPI,Cancelled,1454.4
10838,390,21,2025-03-19,Cash,Cancelled,1857.52
10839,517,63,2025-10-11,Cash,Delivered,1779.92
10840,259,69,2025-01-16,UPI,Cancelled,2916.33
10841,77,27,2025-06-13,UPI,Delivered,463.76
10842,11,75,2025-12-07,Cash,Delivered,226.18
10843,375,86,2025-05-12,Cash,Cancelled,296.65
10844,543,12,2025-10-23,Cash,Delivered,2014.57
10845,714,39,2025-08-22,Cash,Delivered,1560.02
10846,256,56,2025-09-30,UPI,Cancelled,2975.16
10847,144,7,2025-08-28,Card,Delivered,1509.63
10848,59,3,2025-09-23,Card,Cancelled,2646.5
10849,59,5,2025-06-01,Cash,Delivered,1884.3
10850,179,59,2025-08-09,Card,Delivered,1316.78
10851,241,68,2025-11-17,Card,Cancelled,2422.32
10852,223,95,2025-02-06,Cash,Cancelled,1718.87
10853,688,71,2025-06-20,Card,Delivered,1872.7
10854,207,2,2025-05-25,UPI,Cancelled,1934.11
10855,897,76,2025-07-25,UPI,Delivered,2808.61
10856,851,13,2025-02-08,Card,Cancelled,906.84
10857,690,15,2025-05-27,Card,Delivered,841.65
10858,566,23,2025-03-04,Card,Cancelled,2205.28
10859,386,29,2025-11-22,UPI,Delivered,2612.74
10860,247,100,2025-02-08,Card,Cancelled,242.43
10861,815,19,2025-02-09,Cash,Cancelled,457.93
10862,476,54,2025-01-13,Card,Delivered,230.12
10863,262,4,2025-08-11,Cash,Delivered,1104.16
10864,734,88,2025-10-21,Cash,Cancelled,2913.01
10865,737,21,2025-01-03,Card,Delivered,1315.74
10866,723,46,2025-05-13,UPI,Cancelled,288.1
10867,167,13,2025-08-26,UPI,Delivered,2163.43
10868,528,4,2025-03-13,Card,Cancelled,2677.65
10869,546,13,2025-10-01,UPI,Delivered,297.45
10870,866,11,2025-02-23,Cash,Delivered,2636.3
10871,391,91,2025-12-31,Cash,Cancelled,2543.24
10872,809,83,2025-09-26,UPI,Cancelled,2205.27
10873,797,19,2025-02-04,Cash,Cancelled,1629.52
10874,487,7,2025-07-29,Card,Cancelled,762.93
10875,289,75,2025-04-30,Cash,Cancelled,1300.99
10876,840,22,2025-06-24,Card,Delivered,2953.7
10877,883,61,2025-04-10,UPI,Cancelled,1954.26
10878,21,19,2025-09-16,UPI,Delivered,809.82
10879,264,7,2025-04-06,Cash,Delivered,2542.47
10880,626,13,2025-08-22,UPI,Delivered,2294.1
10881,579,45,2025-05-24,Cash,Delivered,359.36
10882,471,67,2025-06-03,Cash,Cancelled,606.13
10883,52,80,2025-09-04,Cash,Delivered,2814.62
10884,98,77,2025-07-27,Card,Cancelled,2406.58
10885,446,60,2025-11-01,Card,Delivered,1224.57
10886,89,81,2025-06-02,UPI,Delivered,1296.86
10887,41,96,2025-10-12,UPI,Delivered,1478.27
10888,423,29,2025-01-15,Card,Delivered,176.53
10889,896,50,2025-03-10,Cash,Cancelled,2557.53
10890,733,71,2025-12-26,UPI,Delivered,965.56
10891,876,10,2025-09-09,Card,Delivered,1911.65
10892,331,47,2025-10-10,UPI,Cancelled,1850.27
10893,150,93,2025-10-26,UPI,Delivered,2211.13
10894,412,81,2025-12-11,UPI,Cancelled,1374.01
10895,524,37,2025-11-11,UPI,Delivered,2665.69
10896,340,61,2025-08-22,Cash,Cancelled,1246.59
10897,367,4,2025-08-03,Card,Cancelled,1642.7
10898,499,22,2025-04-18,UPI,Cancelled,423.38
10899,977,79,2025-03-02,Cash,Cancelled,2967.31
10900,282,53,2025-01-31,Card,Delivered,1385.27
10901,3,39,2025-10-12,Card,Delivered,1238.06
10902,694,40,2025-04-05,Card,Delivered,2036.23
10903,984,46,2025-04-11,Card,Delivered,1005.95
10904,679,25,2025-02-18,Card,Cancelled,1293.9
10905,482,12,2025-03-12,Cash,Delivered,307.15
10906,565,46,2025-02-23,UPI,Cancelled,862.23
10907,640,34,2025-04-07,Card,Cancelled,2166.27
10908,979,94,2025-09-20,Card,Delivered,1663.34
10909,371,62,2025-10-24,Cash,Cancelled,2680.55
10910,990,44,2025-06-15,Cash,Delivered,431.21
10911,807,81,2025-05-16,Cash,Cancelled,1693.41
10912,593,72,2025-12-17,UPI,Cancelled,1413.65
10913,108,92,2025-08-28,Cash,Cancelled,228.51
10914,274,23,2025-05-25,UPI,Delivered,299.97
10915,933,62,2025-10-10,Cash,Cancelled,1664.05
10916,307,1,2025-03-07,Cash,Delivered,987.36
10917,414,22,2025-05-23,Card,Cancelled,334.81
10918,812,9,2025-11-13,Card,Delivered,1540.87
10919,381,94,2025-03-12,Card,Delivered,2166.44
10920,386,89,2025-12-29,UPI,Cancelled,2533.86
10921,590,96,2025-10-26,Card,Delivered,1322.52
10922,881,93,2025-02-15,Card,Cancelled,620.19
10923,124,53,2025-12-14,Cash,Cancelled,1582.82
10924,232,61,2025-07-25,UPI,Delivered,1671.63
10925,683,2,2025-11-05,UPI,Cancelled,1893.43
10926,284,66,2025-11-11,Card,Delivered,1493.88
10927,481,91,2025-08-18,Card,Delivered,1627.07
10928,384,56,2025-01-21,UPI,Cancelled,549.25
10929,779,19,2025-04-12,Card,Cancelled,421.69
10930,808,9,2025-05-16,UPI,Cancelled,2418.83
10931,736,5,2025-02-11,Cash,Cancelled,452.91
10932,871,50,2025-06-20,UPI,Cancelled,1325.44
10933,521,25,2025-07-23,Cash,Cancelled,1549.74
10934,916,73,2025-03-25,UPI,Delivered,967.51
10935,771,42,2025-09-06,UPI,Delivered,2279.94
10936,140,78,2025-03-30,UPI,Delivered,295.63
10937,557,76,2025-12-01,Card,Cancelled,1394.29
10938,652,95,2025-01-24,UPI,Cancelled,1025.95
10939,337,34,2025-04-11,Card,Delivered,695.62
10940,661,93,2025-08-22,Cash,Cancelled,2568.01
10941,351,38,2025-12-20,Card,Delivered,2511.33
10942,327,72,2025-08-14,UPI,Delivered,1989.11
10943,273,45,2025-12-03,Cash,Delivered,249.42
10944,597,55,2025-11-17,UPI,Delivered,844.88
10945,802,39,2025-06-06,Cash,Cancelled,679.09
10946,281,82,2025-07-13,Cash,Cancelled,897.31
10947,322,95,2025-11-11,UPI,Cancelled,219.09
10948,102,100,2025-01-07,Card,Cancelled,2804.14
10949,923,51,2025-02-24,UPI,Delivered,1245.09
10950,863,52,2025-01-04,Cash,Delivered,758.91
10951,109,28,2025-03-14,Card,Delivered,2876.44
10952,861,55,2025-03-01,Card,Delivered,2030.39
10953,358,16,2025-04-06,UPI,Cancelled,2172.47
10954,273,18,2025-04-10,Card,Cancelled,1818.12
10955,463,78,2025-06-03,UPI,Delivered,2865.08
10956,659,70,2025-01-09,Card,Delivered,1936.42
10957,256,33,2025-12-18,Card,Cancelled,1800.35
10958,27,97,2025-12-21,Cash,Delivered,923.05
10959,551,50,2025-08-18,UPI,Cancelled,2015.7
10960,517,68,2025-04-27,Cash,Delivered,1444.94
10961,737,65,2025-09-08,Card,Delivered,1624.33
10962,398,64,2025-06-02,UPI,Delivered,1176.46
10963,237,3,2025-05-30,Cash,Delivered,1441.83
10964,944,23,2025-03-01,Card,Cancelled,2267.71
10965,460,83,2025-06-25,UPI,Delivered,1830.48
10966,299,10,2025-08-19,UPI,Cancelled,507.84
10967,311,49,2025-07-19,UPI,Cancelled,2000.23
10968,208,40,2025-09-28,Cash,Cancelled,2316.03
10969,150,58,2025-01-06,Cash,Delivered,2917.77
10970,156,78,2025-12-29,Cash,Delivered,642.79
10971,476,24,2025-02-15,UPI,Delivered,165.43
10972,809,94,2025-08-08,Cash,Delivered,2794.35
10973,524,94,2025-08-07,Cash,Delivered,2795.08
10974,922,18,2025-11-17,Cash,Delivered,362.07
10975,966,28,2025-04-05,Card,Cancelled,2819.06
10976,132,45,2025-02-10,Card,Cancelled,1733.24
10977,560,91,2025-07-07,Card,Cancelled,178.51
10978,463,62,2025-11-18,Card,Delivered,2990.96
10979,313,10,2025-07-12,Card,Delivered,1244.95
10980,539,90,2025-04-24,UPI,Delivered,678.28
10981,353,78,2025-07-06,UPI,Cancelled,2562.83
10982,811,81,2025-05-29,Card,Cancelled,1328.14
10983,423,75,2025-07-27,UPI,Cancelled,281.75
10984,59,14,2025-06-21,Cash,Cancelled,1876.17
10985,965,71,2025-02-11,UPI,Delivered,1291.31
10986,904,96,2025-12-11,Cash,Delivered,2942.47
10987,217,95,2025-04-12,Card,Delivered,2961.68
10988,335,88,2025-01-08,Cash,Delivered,1914.67
10989,39,4,2025-07-04,UPI,Cancelled,897.88
10990,550,78,2025-09-23,UPI,Cancelled,1018.13
10991,341,91,2025-09-27,Cash,Cancelled,2948.4
10992,655,23,2025-12-28,Card,Cancelled,2076.29
10993,22,47,2025-11-04,UPI,Cancelled,1362.05
10994,730,28,2025-08-23,Card,Cancelled,1668.92
10995,576,27,2025-09-25,UPI,Cancelled,2643.95
10996,427,26,2025-03-12,Card,Delivered,965.49
10997,795,77,2025-08-24,Card,Delivered,1151.63
10998,393,76,2025-03-14,UPI,Cancelled,2481.99
10999,59,41,2025-05-28,Cash,Delivered,2587.06
11000,383,74,2025-10-09,Card,Cancelled,2235.04
11001,681,6,2025-09-21,Card,Delivered,318.26
11002,31,76,2025-10-29,UPI,Cancelled,2125.47
11003,141,45,2025-02-15,Cash,Delivered,827.91
11004,574,71,2025-07-15,UPI,Cancelled,188.04
11005,613,7,2025-07-01,UPI,Delivered,2017.73
11006,739,15,2025-12-29,UPI,Cancelled,511.23
11007,152,65,2025-02-03,Card,Cancelled,2996.09
11008,571,96,2025-12-26,Cash,Cancelled,2836.46
11009,662,92,2025-01-01,Card,Cancelled,486.14
11010,394,18,2025-04-05,UPI,Delivered,732.1
11011,924,19,2025-09-03,UPI,Delivered,2420.08
11012,474,43,2025-08-13,Cash,Delivered,1128.91
11013,944,78,2025-09-06,Card,Cancelled,391.52
11014,926,19,2025-06-29,UPI,Delivered,1790.68
11015,97,76,2025-01-10,Cash,Cancelled,1003.48
11016,465,15,2025-09-12,UPI,Cancelled,2616.16
11017,105,79,2025-05-15,Card,Cancelled,500.58
11018,601,22,2025-08-22,UPI,Delivered,1243.0
11019,676,13,2025-03-23,Card,Cancelled,1488.48
11020,185,31,2025-05-04,Card,Cancelled,2571.16
11021,32,66,2025-01-13,Cash,Cancelled,2727.13
11022,280,11,2025-02-05,Cash,Cancelled,781.33
11023,4,97,2025-01-20,Cash,Delivered,1879.81
11024,240,18,2025-07-20,Card,Cancelled,1676.53
11025,158,71,2025-02-23,UPI,Delivered,676.47
11026,94,59,2025-06-20,Cash,Cancelled,1797.51
11027,930,21,2025-11-08,Cash,Cancelled,2133.22
11028,420,79,2025-06-13,Card,Cancelled,1963.26
11029,404,70,2025-10-21,UPI,Delivered,878.16
11030,852,19,2025-02-26,Cash,Delivered,1203.68
11031,904,77,2025-03-04,Card,Cancelled,845.28
11032,288,86,2025-12-04,Cash,Delivered,2028.97
11033,653,79,2025-04-08,UPI,Cancelled,830.56
11034,673,30,2025-03-01,UPI,Delivered,1832.76
11035,692,82,2025-10-05,Cash,Cancelled,1589.3
11036,646,10,2025-09-19,Card,Cancelled,2190.55
11037,325,49,2025-04-30,Card,Cancelled,553.0
11038,480,67,2025-09-08,Cash,Delivered,2762.45
11039,602,26,2025-04-02,Card,Delivered,782.55
11040,518,19,2025-07-28,UPI,Cancelled,255.81
11041,941,6,2025-09-04,Card,Cancelled,227.43
11042,903,46,2025-01-21,Cash,Delivered,2121.31
11043,538,20,2025-08-09,Cash,Delivered,2811.88
11044,441,42,2025-05-02,Card,Delivered,253.13
11045,227,50,2025-12-24,Cash,Cancelled,2684.21
11046,770,32,2025-10-27,UPI,Cancelled,2712.57
11047,443,7,2025-07-01,Card,Cancelled,1713.79
11048,4,3,2025-10-25,Card,Delivered,820.27
11049,147,61,2025-12-13,UPI,Cancelled,2631.49
11050,956,63,2025-01-12,Card,Cancelled,198.89
11051,181,86,2025-01-27,Cash,Delivered,1308.31
11052,36,9,2025-02-16,Card,Delivered,1353.16
11053,325,55,2025-11-05,Cash,Cancelled,2229.66
11054,761,68,2025-10-05,Card,Delivered,1524.9
11055,432,80,2025-04-12,UPI,Delivered,414.62
11056,345,69,2025-03-20,Cash,Delivered,2306.26
11057,330,98,2025-07-23,UPI,Delivered,844.38
11058,146,34,2025-11-12,Cash,Cancelled,1104.32
11059,14,87,2025-07-04,Cash,Cancelled,2912.19
11060,275,30,2025-02-18,Cash,Delivered,1348.9
11061,57,14,2025-02-02,Card,Cancelled,1819.37
11062,331,28,2025-02-05,Cash,Delivered,735.78
11063,132,42,2025-02-26,UPI,Cancelled,1761.76
11064,703,69,2025-03-19,Cash,Cancelled,2040.63
11065,819,81,2025-08-21,Cash,Cancelled,265.74
11066,390,97,2025-08-09,UPI,Cancelled,810.99
11067,263,89,2025-09-03,UPI,Cancelled,1130.5
11068,959,17,2025-06-21,Cash,Cancelled,984.43
11069,332,47,2025-05-17,Card,Cancelled,887.0
11070,805,42,2025-11-29,Cash,Delivered,2916.17
11071,921,63,2025-12-14,Card,Cancelled,2557.8
11072,666,80,2025-07-24,Cash,Delivered,842.61
11073,37,58,2025-05-22,Cash,Delivered,2905.84
11074,318,66,2025-09-14,Cash,Cancelled,1074.86
11075,135,55,2025-06-06,Card,Delivered,2622.11
11076,948,9,2025-11-01,Card,Delivered,789.37
11077,107,10,2025-11-25,Cash,Delivered,2095.14
11078,45,57,2025-01-06,Card,Delivered,2547.28
11079,856,92,2025-01-20,Card,Cancelled,2995.72
11080,346,43,2025-05-06,Cash,Delivered,2788.61
11081,155,92,2025-11-16,Card,Delivered,2249.53
11082,720,97,2025-08-09,UPI,Cancelled,2944.81
11083,461,24,2025-08-05,UPI,Delivered,1719.14
11084,276,47,2025-07-12,Cash,Delivered,239.02
11085,251,41,2025-06-04,Card,Cancelled,2334.25
11086,575,42,2025-07-28,UPI,Cancelled,1106.0
11087,326,17,2025-03-01,Card,Delivered,1095.41
11088,874,2,2025-08-11,Cash,Delivered,2774.13
11089,287,45,2025-07-24,UPI,Cancelled,2245.19
11090,63,53,2025-10-21,Cash,Delivered,425.75
11091,902,78,2025-12-31,Card,Cancelled,2148.53
11092,243,3,2025-07-16,Cash,Cancelled,1197.89
11093,544,7,2025-12-20,Card,Cancelled,431.98
11094,764,42,2025-12-27,Card,Delivered,2497.61
11095,176,21,2025-06-05,Card,Delivered,1269.26
11096,935,3,2025-11-14,UPI,Delivered,2064.34
11097,917,14,2025-09-11,UPI,Delivered,1073.55
11098,426,36,2025-04-20,UPI,Cancelled,273.97
11099,567,24,2025-07-12,Card,Cancelled,1783.65
11100,874,27,2025-08-29,UPI,Delivered,2861.08
11101,243,90,2025-01-16,Card,Cancelled,265.37
11102,633,93,2025-04-03,UPI,Delivered,645.6
11103,736,59,2025-03-07,UPI,Delivered,571.63
11104,812,41,2025-03-14,Cash,Delivered,955.55
11105,32,90,2025-06-15,Card,Delivered,677.18
11106,582,73,2025-07-17,UPI,Cancelled,1636.05
11107,287,100,2025-02-05,Card,Delivered,1391.77
11108,431,68,2025-09-02,UPI,Delivered,2527.18
11109,514,76,2025-07-18,Cash,Cancelled,2876.66
11110,979,67,2025-10-26,Card,Delivered,697.57
11111,180,46,2025-04-30,Cash,Cancelled,2339.71
11112,809,1,2025-05-01,Card,Cancelled,2778.81
11113,345,18,2025-10-09,Card,Delivered,455.3
11114,260,90,2025-11-07,UPI,Cancelled,292.69
11115,937,5,2025-07-13,Cash,Delivered,1223.88
11116,444,35,2025-06-25,UPI,Delivered,854.32
11117,253,65,2025-11-11,UPI,Delivered,1924.41
11118,928,53,2025-08-19,UPI,Cancelled,1028.62
11119,942,99,2025-01-06,UPI,Delivered,2296.59
11120,486,92,2025-12-16,UPI,Delivered,323.02
11121,810,30,2025-09-18,UPI,Delivered,756.17
11122,129,85,2025-04-08,Cash,Delivered,1513.81
11123,577,39,2025-03-01,UPI,Cancelled,209.82
11124,616,95,2025-02-18,UPI,Cancelled,1151.96
11125,110,52,2025-07-03,Card,Delivered,2638.86
11126,325,55,2025-12-31,Cash,Cancelled,1013.92
11127,857,22,2025-11-03,UPI,Delivered,2117.85
11128,747,44,2025-10-27,UPI,Cancelled,2681.05
11129,715,25,2025-02-19,Cash,Delivered,1569.17
11130,549,92,2025-03-19,UPI,Delivered,2776.96
11131,495,89,2025-03-12,Card,Cancelled,814.5
11132,26,24,2025-07-20,Cash,Delivered,227.8
11133,868,58,2025-12-15,Cash,Delivered,1451.17
11134,363,85,2025-06-29,Card,Cancelled,1843.59
11135,530,80,2025-09-23,UPI,Delivered,823.79
11136,396,23,2025-03-14,Card,Cancelled,1712.15
11137,611,31,2025-01-24,UPI,Delivered,1983.22
11138,273,84,2025-02-16,UPI,Delivered,1703.3
11139,955,98,2025-02-12,Card,Cancelled,2278.56
11140,629,50,2025-05-29,Card,Cancelled,2436.5
11141,40,29,2025-07-17,Card,Delivered,2834.97
11142,40,87,2025-08-26,UPI,Delivered,1272.39
11143,995,44,2025-08-24,Cash,Cancelled,1055.77
11144,231,49,2025-09-26,UPI,Delivered,390.81
11145,744,46,2025-02-18,Cash,Delivered,1156.84
11146,977,11,2025-02-20,Cash,Delivered,2517.07
11147,658,64,2025-11-28,UPI,Cancelled,1872.58
11148,779,65,2025-11-15,UPI,Delivered,1293.0
11149,844,40,2025-02-19,UPI,Cancelled,1768.78
11150,150,13,2025-01-11,Cash,Delivered,1235.46
11151,461,24,2025-08-27,Cash,Delivered,1514.92
11152,22,19,2025-07-01,Cash,Cancelled,1410.52
11153,884,23,2025-04-26,UPI,Cancelled,576.17
11154,464,5,2025-07-20,Cash,Delivered,487.05
11155,591,73,2025-11-30,Cash,Delivered,1654.35
11156,569,17,2025-03-05,Cash,Cancelled,1298.59
11157,513,67,2025-12-08,Cash,Delivered,1050.17
11158,711,49,2025-03-31,Card,Cancelled,2095.02
11159,537,2,2025-07-29,UPI,Delivered,2537.55
11160,931,80,2025-04-11,Card,Delivered,749.94
11161,85,44,2025-12-24,Cash,Delivered,1591.59
11162,478,59,2025-11-26,Card,Delivered,2889.03
11163,337,65,2025-01-13,Cash,Cancelled,753.48
11164,928,4,2025-12-11,UPI,Delivered,2238.38
11165,326,19,2025-11-14,Card,Cancelled,2085.7
11166,633,38,2025-12-02,Card,Cancelled,350.88
11167,983,84,2025-02-20,Card,Cancelled,602.77
11168,528,58,2025-05-17,UPI,Cancelled,1628.4
11169,906,21,2025-02-24,Cash,Cancelled,1540.29
11170,753,23,2025-02-07,Cash,Cancelled,986.44
11171,384,4,2025-08-05,UPI,Cancelled,1902.61
11172,575,76,2025-07-12,Card,Cancelled,2954.01
11173,422,33,2025-05-07,UPI,Delivered,2729.89
11174,877,90,2025-11-07,Card,Cancelled,2491.43
11175,403,26,2025-05-10,Cash,Delivered,2415.53
11176,924,51,2025-12-21,Cash,Cancelled,2328.76
11177,803,15,2025-10-22,UPI,Cancelled,2573.75
11178,772,20,2025-05-26,Card,Cancelled,979.53
11179,54,24,2025-04-25,Cash,Cancelled,2704.85
11180,606,31,2025-03-09,UPI,Cancelled,572.11
11181,123,47,2025-10-06,Card,Delivered,999.07
11182,306,47,2025-04-27,Card,Delivered,716.8
11183,426,74,2025-06-22,UPI,Delivered,858.22
11184,481,57,2025-04-06,UPI,Delivered,2781.0
11185,550,4,2025-09-12,Card,Delivered,2829.86
11186,836,87,2025-09-10,UPI,Cancelled,770.52
11187,300,46,2025-03-17,Cash,Cancelled,1974.78
11188,747,82,2025-01-12,UPI,Cancelled,2278.48
11189,38,18,2025-02-01,UPI,Delivered,1118.21
11190,194,33,2025-11-23,Card,Cancelled,1475.19
11191,674,92,2025-08-10,UPI,Cancelled,2927.78
11192,644,44,2025-04-08,UPI,Delivered,2416.7
11193,100,53,2025-10-11,UPI,Delivered,197.24
11194,48,72,2025-09-12,Card,Cancelled,1457.84
11195,247,23,2025-06-25,UPI,Cancelled,956.98
11196,858,81,2025-03-04,Cash,Delivered,539.35
11197,506,41,2025-12-18,Cash,Delivered,581.33
11198,285,41,2025-02-08,Card,Delivered,2627.89
11199,195,82,2025-05-21,UPI,Delivered,2698.39
11200,503,20,2025-07-06,Card,Delivered,2218.51
11201,25,57,2025-03-29,Card,Delivered,1484.08
11202,374,59,2025-04-17,Cash,Cancelled,1926.1
11203,743,40,2025-01-26,Card,Cancelled,2457.38
11204,926,19,2025-06-16,Cash,Delivered,2547.3
11205,499,55,2025-06-10,Card,Cancelled,2399.1
11206,823,91,2025-02-13,Cash,Delivered,1547.22
11207,305,67,2025-04-24,Cash,Cancelled,508.25
11208,241,92,2025-01-15,Cash,Delivered,737.88
11209,36,59,2025-07-03,Cash,Cancelled,2567.15
11210,776,17,2025-07-31,Cash,Delivered,2688.05
11211,296,77,2025-08-16,Cash,Cancelled,940.8
11212,775,87,2025-11-26,Cash,Delivered,1078.93
11213,365,76,2025-12-01,Card,Delivered,1030.74
11214,878,66,2025-12-24,UPI,Delivered,2216.81
11215,816,35,2025-11-10,Cash,Delivered,600.19
11216,900,93,2025-02-16,UPI,Delivered,430.73
11217,131,91,2025-12-24,Card,Delivered,2070.25
11218,43,75,2025-05-08,Card,Cancelled,664.49
11219,37,14,2025-06-30,Cash,Cancelled,1913.85
11220,553,82,2025-12-22,Card,Delivered,895.69
11221,458,98,2025-09-14,UPI,Cancelled,1530.4
11222,115,12,2025-05-24,Cash,Delivered,232.74
11223,272,84,2025-11-05,UPI,Cancelled,1967.32
11224,488,19,2025-09-24,Card,Cancelled,1651.23
11225,403,98,2025-11-22,UPI,Cancelled,2994.02
11226,878,37,2025-05-27,UPI,Delivered,1898.15
11227,658,17,2025-12-30,Cash,Cancelled,1368.75
11228,946,13,2025-12-21,UPI,Delivered,1485.83
11229,597,54,2025-03-02,Card,Cancelled,674.53
11230,234,67,2025-03-21,Card,Cancelled,2898.14
11231,656,88,2025-05-21,Cash,Delivered,2961.26
11232,691,79,2025-01-09,UPI,Delivered,1589.44
11233,795,62,2025-03-05,UPI,Delivered,1132.85
11234,691,48,2025-08-15,UPI,Delivered,2024.83
11235,334,23,2025-12-25,UPI,Cancelled,2047.91
11236,138,80,2025-11-02,UPI,Cancelled,2344.05
11237,249,13,2025-12-01,Card,Delivered,2407.32
11238,17,74,2025-09-12,Card,Cancelled,1706.93
11239,377,99,2025-09-27,Card,Cancelled,2010.27
11240,368,90,2025-05-24,Cash,Delivered,1393.9
11241,79,94,2025-08-02,UPI,Delivered,1218.45
11242,162,8,2025-11-10,UPI,Delivered,2094.58
11243,61,61,2025-01-15,Card,Cancelled,299.69
11244,868,7,2025-03-02,Cash,Delivered,2513.49
11245,743,61,2025-09-28,Card,Cancelled,1472.03
11246,249,27,2025-06-05,UPI,Cancelled,1157.3
11247,300,72,2025-09-04,Cash,Cancelled,1096.19
11248,405,69,2025-12-22,Cash,Cancelled,1142.43
11249,187,39,2025-02-24,Card,Cancelled,2338.94
11250,466,91,2025-06-07,UPI,Cancelled,992.65
11251,920,29,2025-12-26,Card,Cancelled,981.68
11252,688,75,2025-09-19,Cash,Cancelled,966.42
11253,425,67,2025-04-19,Card,Delivered,2531.03
11254,597,5,2025-02-06,Card,Cancelled,382.19
11255,98,87,2025-01-25,Card,Cancelled,2931.69
11256,692,7,2025-07-11,UPI,Cancelled,592.56
11257,871,65,2025-07-28,Cash,Cancelled,1094.08
11258,98,9,2025-05-10,Card,Delivered,899.96
11259,346,91,2025-03-21,UPI,Cancelled,505.98
11260,837,45,2025-06-07,Card,Delivered,2670.5
11261,79,78,2025-05-23,UPI,Cancelled,752.3
11262,372,3,2025-02-26,Cash,Cancelled,945.75
11263,30,80,2025-02-02,Card,Delivered,2581.34
11264,909,64,2025-11-30,Cash,Cancelled,1681.66
11265,762,31,2025-02-13,Card,Delivered,1208.45
11266,777,60,2025-11-08,Card,Delivered,595.46
11267,411,68,2025-08-08,Card,Cancelled,2543.41
11268,608,89,2025-05-30,UPI,Cancelled,1200.45
11269,984,57,2025-06-01,Cash,Cancelled,824.4
11270,11,26,2025-10-18,Cash,Delivered,2337.19
11271,361,50,2025-01-15,Cash,Cancelled,2927.7
11272,560,19,2025-11-09,Card,Cancelled,1372.24
11273,929,1,2025-10-19,UPI,Cancelled,2908.16
11274,522,99,2025-03-04,Cash,Delivered,1289.38
11275,316,30,2025-06-29,Card,Cancelled,741.16
11276,611,94,2025-03-29,Card,Cancelled,2653.58
11277,700,33,2025-06-02,Card,Delivered,2666.06
11278,172,42,2025-01-09,UPI,Cancelled,728.66
11279,800,45,2025-05-22,UPI,Delivered,435.91
11280,149,91,2025-11-12,UPI,Delivered,2568.51
11281,88,4,2025-03-27,Cash,Cancelled,1152.93
11282,253,81,2025-11-14,UPI,Cancelled,552.95
11283,630,51,2025-02-09,Card,Cancelled,724.83
11284,412,19,2025-09-22,UPI,Cancelled,1276.67
11285,888,8,2025-03-05,Card,Cancelled,1103.68
11286,558,54,2025-03-04,Cash,Cancelled,1683.81
11287,176,79,2025-01-07,Card,Delivered,284.39
11288,38,60,2025-06-07,Card,Delivered,2308.41
11289,36,20,2025-11-07,UPI,Cancelled,1302.54
11290,183,71,2025-03-02,Cash,Delivered,887.63
11291,700,86,2025-07-28,UPI,Delivered,634.97
11292,195,66,2025-03-21,UPI,Delivered,2765.12
11293,287,22,2025-12-01,Card,Delivered,2611.12
11294,713,33,2025-11-08,Card,Cancelled,2051.0
11295,343,9,2025-02-19,Cash,Delivered,2913.57
11296,361,79,2025-10-17,Cash,Cancelled,151.09
11297,555,70,2025-09-18,UPI,Delivered,1231.09
11298,929,1,2025-12-16,Card,Delivered,2119.24
11299,481,59,2025-10-03,Card,Cancelled,1609.45
11300,379,37,2025-10-24,Card,Delivered,2750.43
11301,869,20,2025-01-15,Card,Cancelled,269.51
11302,749,15,2025-06-23,Cash,Delivered,2746.36
11303,673,42,2025-09-03,UPI,Cancelled,608.34
11304,783,35,2025-10-15,Cash,Delivered,2163.1
11305,314,19,2025-10-10,UPI,Delivered,1772.94
11306,963,4,2025-10-18,Card,Cancelled,1635.45
11307,300,20,2025-05-17,Cash,Cancelled,857.38
11308,364,16,2025-05-30,Card,Delivered,2451.71
11309,650,54,2025-10-20,Card,Cancelled,1974.93
11310,321,1,2025-10-13,Card,Delivered,1308.03
11311,763,37,2025-12-30,Cash,Cancelled,346.51
11312,384,58,2025-05-09,Card,Cancelled,647.61
11313,949,72,2025-08-02,Card,Delivered,1806.11
11314,488,88,2025-09-25,UPI,Cancelled,1792.61
11315,391,100,2025-06-03,Cash,Cancelled,618.28
11316,302,15,2025-11-16,UPI,Cancelled,1062.59
11317,355,22,2025-07-17,Card,Cancelled,1664.98
11318,830,26,2025-12-15,UPI,Delivered,1082.08
11319,278,32,2025-12-01,Card,Cancelled,2354.01
11320,132,68,2025-02-16,Card,Delivered,907.93
11321,694,68,2025-09-03,Cash,Delivered,1128.01
11322,25,63,2025-04-29,UPI,Delivered,1009.8
11323,972,65,2025-11-21,Card,Delivered,1052.01
11324,451,89,2025-03-16,Card,Delivered,1909.07
11325,255,41,2025-12-25,UPI,Delivered,2938.17
11326,796,48,2025-03-07,UPI,Cancelled,2613.02
11327,595,23,2025-11-30,Cash,Cancelled,487.68
11328,31,45,2025-02-26,UPI,Cancelled,789.84
11329,569,68,2025-09-14,UPI,Delivered,896.36
11330,591,86,2025-10-08,Card,Cancelled,1030.46
11331,969,37,2025-06-20,Card,Delivered,2303.54
11332,279,99,2025-04-26,UPI,Cancelled,2236.36
11333,628,49,2025-06-10,Cash,Cancelled,1937.76
11334,144,87,2025-07-15,Card,Cancelled,865.93
11335,151,39,2025-03-31,Card,Delivered,775.14
11336,296,27,2025-01-21,Card,Delivered,401.64
11337,620,89,2025-08-25,Card,Delivered,2630.03
11338,414,15,2025-08-24,Card,Delivered,415.14
11339,718,34,2025-02-06,Card,Cancelled,2333.24
11340,253,90,2025-02-09,UPI,Cancelled,1482.28
11341,571,52,2025-10-31,Cash,Cancelled,1918.31
11342,753,82,2025-04-05,Cash,Delivered,1410.0
11343,624,11,2025-01-24,Cash,Delivered,1595.04
11344,986,33,2025-08-21,Card,Cancelled,1897.71
11345,485,12,2025-09-06,Cash,Cancelled,834.14
11346,72,75,2025-08-09,Card,Delivered,2144.59
11347,640,64,2025-11-13,Card,Cancelled,1912.95
11348,729,14,2025-12-19,Cash,Delivered,734.53
11349,82,36,2025-01-04,UPI,Delivered,2139.55
11350,26,69,2025-05-03,Card,Delivered,929.59
11351,506,93,2025-07-02,Card,Delivered,1540.8
11352,729,75,2025-03-29,Card,Delivered,2474.35
11353,192,71,2025-05-11,Card,Cancelled,2722.81
11354,780,65,2025-02-18,Card,Delivered,2743.45
11355,973,77,2025-11-17,Cash,Cancelled,2891.17
11356,806,70,2025-12-22,UPI,Cancelled,1193.87
11357,669,96,2025-03-04,Card,Cancelled,1306.59
11358,253,59,2025-02-01,Card,Delivered,2320.83
11359,429,100,2025-11-10,Cash,Delivered,2835.71
11360,725,83,2025-07-23,Card,Delivered,2871.37
11361,452,49,2025-10-12,Cash,Cancelled,1542.64
11362,466,39,2025-09-14,Cash,Cancelled,1817.66
11363,658,86,2025-08-26,Card,Delivered,819.38
11364,629,72,2025-12-04,UPI,Delivered,1432.14
11365,865,78,2025-08-20,Card,Cancelled,1878.46
11366,82,56,2025-07-20,Cash,Delivered,1745.51
11367,228,85,2025-07-31,UPI,Cancelled,1878.94
11368,762,11,2025-07-06,Card,Cancelled,917.47
11369,326,9,2025-04-19,Cash,Delivered,2025.73
11370,150,44,2025-11-25,Cash,Cancelled,1371.6
11371,588,70,2025-04-02,Card,Delivered,342.79
11372,17,23,2025-09-21,Cash,Cancelled,634.46
11373,910,33,2025-09-15,Cash,Delivered,2422.48
11374,875,13,2025-01-17,UPI,Delivered,2417.2
11375,812,78,2025-05-30,Cash,Cancelled,1035.14
11376,479,92,2025-08-31,Card,Cancelled,196.33
11377,712,22,2025-10-29,Card,Cancelled,2993.92
11378,474,55,2025-05-07,Card,Delivered,2607.13
11379,784,74,2025-07-11,Cash,Cancelled,1896.22
11380,896,59,2025-02-22,Cash,Cancelled,691.46
11381,771,87,2025-06-03,Card,Delivered,1270.01
11382,686,94,2025-05-13,Cash,Delivered,827.53
11383,936,59,2025-02-23,Cash,Cancelled,2808.26
11384,891,70,2025-02-11,UPI,Cancelled,1377.33
11385,479,14,2025-07-25,Card,Cancelled,2709.88
11386,894,58,2025-08-03,Card,Delivered,2050.17
11387,572,65,2025-08-20,Card,Cancelled,951.06
11388,137,40,2025-03-31,UPI,Cancelled,1117.7
11389,803,42,2025-05-01,UPI,Delivered,437.76
11390,946,89,2025-07-08,Cash,Delivered,1378.52
11391,701,14,2025-11-24,UPI,Cancelled,1957.55
11392,605,84,2025-05-26,Cash,Cancelled,770.84
11393,602,4,2025-12-09,Card,Cancelled,2535.01
11394,572,66,2025-06-14,Cash,Cancelled,2000.46
11395,999,93,2025-05-17,UPI,Cancelled,2081.62
11396,604,25,2025-12-18,UPI,Delivered,1645.36
11397,941,18,2025-12-19,Cash,Delivered,674.5
11398,360,60,2025-02-16,UPI,Delivered,591.6
11399,362,61,2025-05-30,Card,Cancelled,845.07
11400,308,50,2025-04-21,Card,Cancelled,737.5
11401,317,60,2025-03-13,Card,Delivered,2607.68
11402,656,83,2025-06-14,Cash,Delivered,2188.7
11403,141,97,2025-01-11,Card,Cancelled,2479.87
11404,841,36,2025-05-16,Card,Delivered,2929.05
11405,801,21,2025-09-01,Card,Delivered,540.5
11406,494,90,2025-06-12,UPI,Delivered,1967.91
11407,721,54,2025-09-18,Cash,Delivered,1894.79
11408,87,18,2025-12-10,Card,Delivered,2919.91
11409,956,39,2025-06-24,UPI,Cancelled,2453.05
11410,161,29,2025-03-05,UPI,Delivered,2660.03
11411,904,90,2025-12-17,Cash,Delivered,969.83
11412,522,66,2025-07-09,UPI,Cancelled,2960.73
11413,795,34,2025-05-31,UPI,Cancelled,595.61
11414,314,71,2025-10-16,UPI,Delivered,578.53
11415,198,3,2025-04-06,Card,Delivered,1104.67
11416,36,65,2025-01-27,UPI,Delivered,2053.52
11417,985,74,2025-05-07,Cash,Cancelled,1250.73
11418,768,31,2025-07-17,Cash,Cancelled,1780.88
11419,652,58,2025-09-08,Card,Delivered,249.83
11420,655,74,2025-01-27,UPI,Delivered,2193.85
11421,15,25,2025-01-31,Cash,Cancelled,1184.96
11422,90,10,2025-04-06,UPI,Delivered,1367.69
11423,938,50,2025-10-09,Cash,Delivered,1292.41
11424,664,10,2025-10-11,Card,Delivered,2262.95
11425,310,36,2025-06-09,Card,Delivered,1152.46
11426,577,96,2025-01-15,Cash,Cancelled,2429.47
11427,427,72,2025-09-22,Card,Cancelled,297.41
11428,993,61,2025-10-02,Cash,Delivered,2356.85
11429,979,20,2025-04-27,UPI,Delivered,1271.11
11430,86,97,2025-10-03,UPI,Cancelled,2592.07
11431,311,26,2025-05-28,Card,Cancelled,1275.23
11432,992,78,2025-11-12,UPI,Cancelled,2638.12
11433,627,60,2025-07-27,Cash,Delivered,2101.11
11434,266,6,2025-06-03,UPI,Cancelled,514.52
11435,547,67,2025-03-31,Cash,Cancelled,602.13
11436,975,32,2025-10-15,Card,Delivered,1574.63
11437,338,55,2025-11-29,UPI,Delivered,2957.69
11438,677,12,2025-06-03,Card,Cancelled,798.05
11439,866,74,2025-04-13,UPI,Delivered,1378.71
11440,789,32,2025-01-22,Card,Delivered,322.36
11441,764,100,2025-05-26,Card,Delivered,2565.34
11442,283,35,2025-09-21,Cash,Delivered,919.5
11443,678,92,2025-11-11,Cash,Delivered,727.19
11444,430,17,2025-07-29,Cash,Delivered,2971.02
11445,272,88,2025-07-23,Card,Cancelled,989.01
11446,780,87,2025-03-18,Card,Cancelled,607.22
11447,600,20,2025-02-17,Cash,Delivered,1006.3
11448,978,23,2025-10-28,Card,Delivered,2554.12
11449,774,23,2025-12-17,UPI,Cancelled,1918.72
11450,584,66,2025-09-12,Card,Delivered,365.35
11451,958,35,2025-09-08,UPI,Cancelled,1354.53
11452,618,12,2025-09-13,Card,Cancelled,2649.09
11453,556,63,2025-08-23,Card,Cancelled,717.38
11454,566,62,2025-03-19,Cash,Delivered,665.1
11455,367,88,2025-12-18,Cash,Cancelled,729.27
11456,724,97,2025-06-12,UPI,Delivered,381.65
11457,645,56,2025-08-01,Card,Cancelled,829.43
11458,958,2,2025-11-10,Cash,Cancelled,1815.87
11459,852,89,2025-03-13,UPI,Cancelled,2139.63
11460,480,43,2025-05-26,UPI,Cancelled,2798.68
11461,229,92,2025-08-08,Cash,Delivered,493.33
11462,880,29,2025-06-21,UPI,Delivered,2669.02
11463,881,16,2025-12-08,UPI,Delivered,476.19
11464,939,11,2025-05-18,Cash,Delivered,909.99
11465,746,47,2025-02-14,Cash,Cancelled,1395.28
11466,939,78,2025-06-13,Card,Cancelled,1657.7
11467,965,50,2025-04-06,Cash,Delivered,2027.65
11468,709,23,2025-10-09,UPI,Cancelled,1507.77
11469,139,13,2025-01-26,Card,Delivered,1970.6
11470,781,91,2025-06-11,Cash,Delivered,1176.16
11471,246,45,2025-01-19,Cash,Cancelled,2336.05
11472,395,29,2025-08-14,Card,Delivered,1930.5
11473,529,81,2025-08-20,UPI,Delivered,2425.97
11474,417,60,2025-08-30,Card,Delivered,2983.98
11475,808,73,2025-09-06,UPI,Cancelled,950.94
11476,61,83,2025-09-11,Cash,Delivered,484.4
11477,416,85,2025-11-04,Cash,Delivered,222.46
11478,477,83,2025-11-28,Card,Delivered,2606.96
11479,213,42,2025-05-26,UPI,Delivered,2066.19
11480,919,90,2025-03-28,Card,Cancelled,1362.31
11481,402,90,2025-01-19,Card,Cancelled,913.16
11482,746,96,2025-06-06,Cash,Delivered,693.1
11483,78,32,2025-11-07,Cash,Delivered,2583.65
11484,304,50,2025-06-10,Card,Cancelled,2782.29
11485,657,11,2025-10-07,Cash,Delivered,2442.99
11486,513,4,2025-11-22,UPI,Cancelled,1879.46
11487,882,87,2025-03-05,Card,Delivered,1000.58
11488,642,48,2025-09-07,Card,Delivered,307.82
11489,38,33,2025-04-15,Cash,Cancelled,2830.71
11490,411,54,2025-10-27,Cash,Delivered,963.87
11491,338,66,2025-03-18,Cash,Delivered,218.03
11492,456,20,2025-09-27,UPI,Delivered,2720.8
11493,395,70,2025-07-23,Card,Cancelled,2736.88
11494,994,58,2025-12-07,Card,Delivered,234.47
11495,850,97,2025-11-21,Cash,Cancelled,2320.5
11496,505,80,2025-03-12,Cash,Cancelled,2086.12
11497,990,97,2025-10-06,Cash,Delivered,1787.34
11498,823,37,2025-11-29,Card,Delivered,2663.06
11499,928,62,2025-03-13,UPI,Cancelled,187.86
11500,564,4,2025-06-10,Cash,Cancelled,1894.18
11501,883,30,2025-08-08,Card,Delivered,2988.55
11502,903,2,2025-05-24,UPI,Cancelled,1956.36
11503,540,82,2025-11-27,UPI,Cancelled,2690.96
11504,274,10,2025-01-23,Card,Cancelled,2723.67
11505,992,22,2025-09-17,Card,Cancelled,176.87
11506,940,32,2025-10-30,Cash,Delivered,1067.81
11507,668,57,2025-10-25,Cash,Cancelled,1947.53
11508,860,20,2025-06-24,UPI,Cancelled,1326.92
11509,618,91,2025-02-20,UPI,Cancelled,1398.18
11510,521,49,2025-08-06,Cash,Delivered,2839.38
11511,979,57,2025-12-19,UPI,Delivered,851.14
11512,358,74,2025-04-04,UPI,Cancelled,1084.16
11513,613,45,2025-11-15,UPI,Delivered,2977.92
11514,454,66,2025-03-01,UPI,Cancelled,798.24
11515,331,44,2025-04-17,Cash,Delivered,2513.37
11516,919,80,2025-05-04,UPI,Cancelled,441.82
11517,163,93,2025-07-17,Card,Cancelled,1040.49
11518,373,21,2025-02-02,UPI,Cancelled,1083.42
11519,271,25,2025-01-09,Cash,Delivered,279.33
11520,504,67,2025-11-14,Cash,Cancelled,2825.83
11521,960,62,2025-03-10,Cash,Cancelled,870.39
11522,729,35,2025-11-16,UPI,Delivered,2505.67
11523,391,24,2025-08-21,Cash,Cancelled,1140.58
11524,573,69,2025-10-03,Card,Delivered,509.81
11525,252,45,2025-12-17,UPI,Delivered,429.96
11526,948,63,2025-04-17,Cash,Delivered,2880.75
11527,495,100,2025-11-02,Cash,Delivered,839.61
11528,948,36,2025-09-22,Cash,Cancelled,431.47
11529,546,11,2025-04-30,Card,Cancelled,1549.55
11530,427,75,2025-11-02,Card,Cancelled,2011.08
11531,487,1,2025-02-02,Card,Cancelled,2596.99
11532,204,37,2025-03-31,Card,Delivered,765.24
11533,155,45,2025-12-23,Card,Cancelled,1820.1
11534,800,86,2025-05-08,Card,Cancelled,2892.31
11535,284,91,2025-03-13,Card,Cancelled,1182.97
11536,511,38,2025-05-03,Card,Delivered,1735.15
11537,861,24,2025-09-09,Card,Delivered,400.08
11538,380,12,2025-04-18,Cash,Cancelled,1169.59
11539,206,11,2025-01-22,Cash,Cancelled,2099.78
11540,164,63,2025-12-27,Card,Cancelled,2360.7
11541,780,56,2025-02-07,Card,Cancelled,2798.57
11542,932,84,2025-05-11,Card,Cancelled,2230.02
11543,28,46,2025-10-26,Cash,Cancelled,2227.03
11544,660,70,2025-06-16,UPI,Cancelled,2349.44
11545,427,41,2025-11-17,Card,Delivered,2634.96
11546,552,20,2025-05-17,UPI,Cancelled,2547.74
11547,428,86,2025-09-08,Card,Delivered,1649.58
11548,81,80,2025-07-12,Card,Cancelled,927.02
11549,996,99,2025-01-30,Card,Delivered,418.55
11550,540,70,2025-06-25,Card,Delivered,2704.1
11551,811,9,2025-11-27,Cash,Cancelled,1130.35
11552,152,67,2025-11-05,UPI,Cancelled,1664.19
11553,443,49,2025-11-07,Cash,Delivered,344.82
11554,690,73,2025-07-02,UPI,Delivered,1388.4
11555,506,46,2025-06-10,Card,Delivered,618.38
11556,467,80,2025-12-11,UPI,Delivered,2431.49
11557,196,31,2025-01-21,UPI,Delivered,2515.69
11558,467,86,2025-06-06,UPI,Delivered,1567.14
11559,895,95,2025-03-19,Cash,Delivered,1910.19
11560,563,8,2025-01-15,Card,Delivered,1198.86
11561,897,7,2025-08-10,Cash,Cancelled,2828.7
11562,573,53,2025-11-26,Cash,Delivered,982.56
11563,303,35,2025-06-30,UPI,Delivered,2619.03
11564,995,22,2025-12-27,UPI,Delivered,2066.92
11565,414,35,2025-01-14,UPI,Delivered,2446.47
11566,860,15,2025-06-01,Cash,Delivered,1102.38
11567,723,94,2025-09-05,Cash,Delivered,2029.94
11568,742,54,2025-07-15,Cash,Delivered,937.69
11569,660,39,2025-04-30,UPI,Delivered,722.31
11570,649,88,2025-09-27,Card,Delivered,1283.21
11571,598,81,2025-07-17,UPI,Delivered,686.88
11572,940,90,2025-06-02,UPI,Cancelled,723.57
11573,585,97,2025-02-13,UPI,Delivered,990.22
11574,877,96,2025-11-06,Card,Cancelled,1465.0
11575,637,73,2025-05-04,Cash,Cancelled,1345.66
11576,782,54,2025-02-03,UPI,Delivered,1576.77
11577,526,32,2025-08-13,Cash,Cancelled,1047.2
11578,540,88,2025-11-18,Card,Cancelled,1950.91
11579,794,87,2025-02-23,UPI,Cancelled,2519.58
11580,527,25,2025-12-06,UPI,Delivered,402.11
11581,650,81,2025-10-31,UPI,Delivered,2903.29
11582,1,96,2025-04-06,Card,Delivered,2329.84
11583,41,27,2025-05-23,Card,Delivered,2928.47
11584,21,6,2025-09-01,Cash,Cancelled,623.2
11585,291,28,2025-02-12,Cash,Delivered,534.48
11586,611,40,2025-07-26,UPI,Cancelled,2451.04
11587,893,3,2025-08-15,Card,Delivered,1131.61
11588,443,83,2025-11-15,Cash,Cancelled,441.12
11589,483,1,2025-01-21,Card,Delivered,2290.52
11590,197,9,2025-10-22,Cash,Cancelled,1495.99
11591,287,15,2025-09-17,Card,Delivered,518.35
11592,686,88,2025-05-14,Cash,Delivered,2842.87
11593,161,96,2025-06-22,Cash,Delivered,2391.99
11594,724,15,2025-11-27,UPI,Delivered,2397.35
11595,943,78,2025-05-18,Cash,Delivered,1694.49
11596,136,54,2025-12-15,Cash,Cancelled,2680.62
11597,409,9,2025-03-09,Card,Cancelled,1730.29
11598,370,83,2025-09-21,Card,Delivered,1087.01
11599,199,45,2025-12-28,UPI,Delivered,2514.77
11600,561,23,2025-06-09,Cash,Delivered,2599.19
11601,661,9,2025-02-28,Card,Cancelled,183.9
11602,774,49,2025-07-23,Cash,Delivered,2686.82
11603,654,94,2025-11-03,Cash,Cancelled,1643.02
11604,681,17,2025-07-27,Card,Delivered,467.85
11605,950,28,2025-02-16,Card,Delivered,458.89
11606,694,74,2025-06-08,Card,Cancelled,517.48
11607,556,59,2025-04-13,UPI,Delivered,347.87
11608,331,44,2025-04-30,Card,Delivered,600.8
11609,570,21,2025-03-08,Cash,Cancelled,645.37
11610,149,31,2025-01-09,Cash,Delivered,1606.5
11611,673,16,2025-10-06,Card,Delivered,339.82
11612,601,55,2025-02-11,Cash,Delivered,2293.05
11613,990,81,2025-08-04,Cash,Cancelled,296.24
11614,423,67,2025-12-16,Cash,Delivered,1239.78
11615,32,59,2025-11-19,Card,Cancelled,1998.7
11616,886,94,2025-11-03,UPI,Cancelled,1761.99
11617,967,82,2025-02-23,UPI,Delivered,1360.47
11618,803,100,2025-12-06,Card,Cancelled,1995.79
11619,39,95,2025-06-17,UPI,Delivered,2803.86
11620,826,85,2025-02-03,UPI,Delivered,1690.45
11621,366,70,2025-10-20,Cash,Delivered,937.27
11622,997,87,2025-11-24,UPI,Delivered,568.71
11623,416,11,2025-11-11,UPI,Delivered,1300.79
11624,258,67,2025-12-18,UPI,Cancelled,847.24
11625,602,26,2025-03-11,Cash,Delivered,1504.83
11626,247,28,2025-10-05,Cash,Delivered,1301.71
11627,182,35,2025-03-24,UPI,Delivered,871.77
11628,551,11,2025-07-06,Card,Cancelled,2405.85
11629,973,66,2025-12-27,Cash,Cancelled,2641.14
11630,418,62,2025-08-27,Cash,Cancelled,2981.93
11631,969,11,2025-09-11,Card,Delivered,504.09
11632,724,11,2025-06-02,Cash,Delivered,437.23
11633,866,28,2025-09-04,Card,Delivered,995.61
11634,29,86,2025-12-31,Card,Cancelled,2563.33
11635,904,53,2025-01-17,Card,Cancelled,901.1
11636,65,81,2025-12-03,Card,Cancelled,1496.43
11637,545,61,2025-08-15,Cash,Delivered,698.24
11638,253,71,2025-06-06,Cash,Cancelled,1191.47
11639,904,44,2025-02-01,UPI,Cancelled,1911.19
11640,847,70,2025-09-21,Card,Cancelled,2461.48
11641,641,54,2025-02-21,Cash,Delivered,541.4
11642,148,60,2025-02-04,Card,Cancelled,1787.06
11643,400,37,2025-12-26,Card,Delivered,1359.14
11644,258,90,2025-07-08,Card,Delivered,2542.97
11645,841,75,2025-03-26,UPI,Cancelled,1910.26
11646,873,44,2025-08-06,Cash,Cancelled,1827.05
11647,491,13,2025-07-29,UPI,Cancelled,263.05
11648,671,47,2025-11-08,UPI,Delivered,1185.32
11649,197,82,2025-05-09,UPI,Delivered,2159.99
11650,530,85,2025-06-10,Card,Delivered,1558.9
11651,292,97,2025-03-22,UPI,Cancelled,1621.79
11652,69,94,2025-09-22,Cash,Cancelled,972.11
11653,16,56,2025-11-14,UPI,Cancelled,196.17
11654,853,80,2025-06-17,Cash,Cancelled,1592.56
11655,176,57,2025-01-23,Cash,Delivered,832.79
11656,674,42,2025-02-11,Card,Delivered,700.0
11657,477,29,2025-02-22,UPI,Delivered,2165.71
11658,742,94,2025-03-27,Card,Delivered,381.1
11659,313,84,2025-05-29,UPI,Delivered,698.38
11660,713,1,2025-04-30,Card,Cancelled,1690.48
11661,681,17,2025-09-03,UPI,Cancelled,514.56
11662,644,81,2025-03-11,Cash,Delivered,1686.47
11663,321,45,2025-06-29,UPI,Delivered,2529.31
11664,767,58,2025-03-14,UPI,Delivered,626.97
11665,514,89,2025-07-24,Card,Cancelled,1636.08
11666,671,50,2025-09-20,Cash,Delivered,1335.37
11667,667,12,2025-04-22,Card,Cancelled,2670.39
11668,57,100,2025-10-15,UPI,Delivered,2705.57
11669,623,45,2025-01-11,UPI,Cancelled,162.19
11670,693,24,2025-04-14,Cash,Delivered,2918.88
11671,128,9,2025-07-30,Cash,Delivered,2450.82
11672,487,82,2025-06-07,Card,Delivered,2893.1
11673,125,95,2025-08-10,Card,Delivered,396.38
11674,743,34,2025-06-13,UPI,Delivered,2969.35
11675,831,74,2025-02-11,Cash,Cancelled,606.05
11676,495,87,2025-11-21,Card,Delivered,2509.88
11677,64,43,2025-02-15,UPI,Delivered,292.93
11678,534,13,2025-04-22,Card,Cancelled,887.76
11679,407,93,2025-05-18,Cash,Cancelled,2492.23
11680,556,4,2025-03-24,Card,Cancelled,2178.11
11681,622,8,2025-07-07,Card,Cancelled,2553.44
11682,680,49,2025-04-02,Card,Delivered,2331.85
11683,644,94,2025-02-06,UPI,Delivered,468.1
11684,167,69,2025-06-01,Cash,Delivered,1903.32
11685,180,65,2025-02-18,UPI,Cancelled,2145.23
11686,414,19,2025-01-10,Card,Delivered,1806.79
11687,276,40,2025-09-11,Card,Delivered,532.04
11688,144,35,2025-04-27,UPI,Delivered,2305.04
11689,774,16,2025-11-19,Card,Delivered,1886.54
11690,446,26,2025-08-04,Card,Cancelled,408.21
11691,662,38,2025-01-26,Card,Delivered,2063.07
11692,835,4,2025-06-29,Cash,Cancelled,406.78
11693,736,99,2025-06-23,UPI,Delivered,2363.08
11694,683,90,2025-07-08,Card,Delivered,1038.37
11695,909,28,2025-10-17,UPI,Delivered,1324.45
11696,20,91,2025-11-20,UPI,Cancelled,2549.41
11697,293,45,2025-11-12,Cash,Cancelled,1216.89
11698,658,24,2025-04-13,Cash,Cancelled,2085.84
11699,661,57,2025-06-24,UPI,Delivered,1522.79
11700,44,100,2025-03-30,Card,Cancelled,730.35
11701,134,84,2025-05-15,UPI,Cancelled,1545.68
11702,416,15,2025-08-12,Card,Delivered,1133.92
11703,366,28,2025-01-25,Cash,Cancelled,1396.09
11704,484,17,2025-06-04,Card,Delivered,2223.77
11705,407,46,2025-05-22,Card,Cancelled,2752.81
11706,122,69,2025-12-22,Card,Cancelled,1990.43
11707,584,12,2025-09-25,Cash,Delivered,2935.5
11708,626,41,2025-03-02,UPI,Delivered,2957.25
11709,353,43,2025-02-15,UPI,Cancelled,603.6
11710,630,14,2025-11-08,UPI,Delivered,843.83
11711,543,27,2025-05-13,Cash,Delivered,1180.72
11712,863,3,2025-01-16,Card,Delivered,1933.18
11713,588,68,2025-11-30,Cash,Cancelled,2872.0
11714,393,5,2025-01-23,Card,Cancelled,483.95
11715,428,44,2025-08-01,Card,Delivered,589.44
11716,636,96,2025-02-24,Card,Delivered,1252.56
11717,330,50,2025-06-30,UPI,Cancelled,1454.97
11718,755,93,2025-07-07,Cash,Delivered,954.78
11719,739,26,2025-10-19,Card,Cancelled,459.38
11720,443,48,2025-06-20,UPI,Cancelled,2251.46
11721,171,9,2025-10-19,Cash,Delivered,2439.38
11722,765,92,2025-10-15,Cash,Delivered,714.92
11723,684,7,2025-05-20,Cash,Delivered,1479.26
11724,635,4,2025-04-04,Card,Cancelled,1359.15
11725,249,72,2025-01-31,Cash,Cancelled,298.35
11726,760,40,2025-07-18,Cash,Cancelled,1134.16
11727,181,24,2025-10-18,UPI,Delivered,1585.24
11728,717,33,2025-09-28,Card,Cancelled,1996.17
11729,737,39,2025-10-04,Cash,Delivered,2115.77
11730,507,33,2025-05-29,Card,Delivered,1988.18
11731,953,8,2025-08-25,Card,Delivered,1404.12
11732,690,32,2025-07-07,Card,Delivered,2608.66
11733,518,36,2025-06-10,Cash,Delivered,312.73
11734,643,3,2025-07-18,UPI,Delivered,2458.79
11735,100,50,2025-04-28,UPI,Cancelled,2671.37
11736,641,68,2025-01-18,UPI,Cancelled,392.89
11737,995,85,2025-03-22,Cash,Cancelled,938.57
11738,312,82,2025-04-18,Cash,Cancelled,2849.23
11739,690,3,2025-06-21,UPI,Delivered,1545.48
11740,668,46,2025-11-26,Card,Cancelled,2698.76
11741,910,23,2025-12-26,Cash,Delivered,2279.32
11742,168,77,2025-09-24,Cash,Delivered,541.23
11743,444,80,2025-09-03,UPI,Delivered,1972.8
11744,752,29,2025-10-27,Cash,Delivered,2100.21
11745,119,67,2025-06-14,UPI,Cancelled,2439.19
11746,389,30,2025-09-24,Cash,Cancelled,653.55
11747,108,50,2025-07-20,Cash,Cancelled,2324.35
11748,893,87,2025-01-27,UPI,Delivered,2306.3
11749,464,2,2025-06-15,Cash,Cancelled,457.12
11750,771,59,2025-08-27,Card,Cancelled,1880.29
11751,385,94,2025-06-24,UPI,Cancelled,670.52
11752,863,62,2025-12-20,UPI,Delivered,2572.46
11753,679,20,2025-02-22,Card,Cancelled,2895.29
11754,214,55,2025-03-20,Card,Cancelled,948.88
11755,874,10,2025-01-09,Card,Cancelled,1284.13
11756,305,85,2025-11-17,Card,Cancelled,302.89
11757,391,94,2025-07-01,UPI,Delivered,814.51
11758,726,1,2025-09-11,Cash,Delivered,1407.65
11759,623,4,2025-06-22,UPI,Cancelled,1885.92
11760,674,72,2025-05-04,Card,Cancelled,477.23
11761,74,5,2025-12-29,UPI,Delivered,1756.77
11762,486,72,2025-10-29,Cash,Cancelled,1665.89
11763,65,60,2025-11-04,Cash,Cancelled,1341.77
11764,385,60,2025-04-15,UPI,Delivered,1639.7
11765,623,93,2025-07-16,Card,Delivered,2340.95
11766,961,55,2025-01-14,UPI,Delivered,648.45
11767,145,6,2025-06-03,Card,Delivered,192.68
11768,729,36,2025-06-10,UPI,Delivered,2888.66
11769,446,95,2025-11-02,Cash,Cancelled,2215.91
11770,142,42,2025-05-19,Cash,Cancelled,1504.19
11771,979,62,2025-08-23,Cash,Cancelled,347.6
11772,7,73,2025-10-26,Card,Cancelled,1176.79
11773,451,94,2025-10-02,Card,Delivered,2798.63
11774,132,8,2025-10-16,Cash,Delivered,979.76
11775,476,50,2025-06-06,Cash,Delivered,235.25
11776,883,100,2025-12-19,Cash,Delivered,1725.86
11777,448,63,2025-03-25,UPI,Cancelled,1268.72
11778,626,80,2025-03-08,Cash,Cancelled,2131.6
11779,174,12,2025-05-22,UPI,Delivered,1787.24
11780,823,21,2025-04-27,UPI,Delivered,1264.37
11781,123,69,2025-05-28,UPI,Delivered,1307.32
11782,543,46,2025-11-06,Card,Delivered,2965.0
11783,489,7,2025-03-13,UPI,Cancelled,341.08
11784,648,37,2025-06-22,UPI,Cancelled,2811.32
11785,936,100,2025-03-15,Cash,Cancelled,1196.52
11786,854,82,2025-08-31,UPI,Cancelled,894.33
11787,448,45,2025-02-11,Card,Cancelled,1730.49
11788,248,46,2025-07-22,UPI,Delivered,1843.09
11789,8,3,2025-05-19,Cash,Cancelled,870.45
11790,877,66,2025-08-15,Cash,Cancelled,2085.29
11791,376,32,2025-08-09,UPI,Cancelled,872.67
11792,781,83,2025-11-25,UPI,Cancelled,167.69
11793,858,52,2025-10-05,Cash,Delivered,1016.23
11794,431,44,2025-08-29,Card,Delivered,1065.08
11795,291,25,2025-05-14,Cash,Cancelled,792.01
11796,572,7,2025-05-10,Card,Delivered,780.9
11797,375,5,2025-01-09,Cash,Cancelled,1802.88
11798,34,30,2025-08-06,Card,Cancelled,870.28
11799,926,75,2025-03-30,Cash,Cancelled,2378.92
11800,949,21,2025-07-22,UPI,Cancelled,1490.1
11801,511,56,2025-11-15,Card,Delivered,2671.82
11802,951,54,2025-09-07,Card,Delivered,244.7
11803,894,5,2025-03-11,UPI,Cancelled,1744.17
11804,475,31,2025-03-04,UPI,Cancelled,2879.33
11805,112,87,2025-10-03,Cash,Delivered,1749.63
11806,540,68,2025-10-13,Card,Delivered,795.31
11807,368,91,2025-10-31,Card,Cancelled,1152.08
11808,878,21,2025-11-09,Cash,Cancelled,2066.22
11809,292,85,2025-11-01,Cash,Cancelled,2222.24
11810,528,4,2025-10-15,Card,Delivered,923.63
11811,783,2,2025-08-27,UPI,Delivered,1082.25
11812,722,17,2025-12-15,UPI,Cancelled,1775.79
11813,732,4,2025-03-08,Cash,Delivered,1682.7
11814,934,7,2025-02-04,UPI,Delivered,204.61
11815,545,76,2025-11-11,Card,Delivered,325.88
11816,972,87,2025-04-27,Card,Delivered,756.93
11817,58,48,2025-02-14,Cash,Delivered,2943.53
11818,254,38,2025-07-27,Card,Cancelled,2816.17
11819,414,46,2025-01-03,Card,Delivered,1430.13
11820,329,69,2025-07-15,UPI,Cancelled,1442.85
11821,113,24,2025-06-07,Cash,Delivered,485.78
11822,572,36,2025-01-25,Card,Cancelled,290.97
11823,625,21,2025-12-03,UPI,Cancelled,269.24
11824,67,1,2025-08-30,Cash,Delivered,2765.44
11825,867,88,2025-09-28,Card,Delivered,363.67
11826,441,20,2025-05-10,Card,Cancelled,2436.08
11827,880,57,2025-09-17,Cash,Delivered,2201.35
11828,310,62,2025-03-31,Card,Cancelled,1044.12
11829,70,7,2025-12-20,Cash,Delivered,991.1
11830,99,39,2025-08-02,Card,Delivered,2957.25
11831,928,57,2025-09-30,Card,Cancelled,2192.21
11832,358,94,2025-11-20,UPI,Cancelled,2176.18
11833,846,15,2025-10-29,UPI,Cancelled,2478.29
11834,100,86,2025-01-28,Card,Delivered,1957.85
11835,487,88,2025-03-05,UPI,Delivered,1544.86
11836,665,30,2025-08-26,Card,Cancelled,1669.78
11837,839,47,2025-03-21,UPI,Cancelled,788.9
11838,699,95,2025-07-02,Cash,Cancelled,1998.46
11839,727,54,2025-02-10,UPI,Cancelled,2770.26
11840,254,33,2025-05-04,Card,Delivered,2862.04
11841,17,37,2025-12-21,UPI,Delivered,1218.96
11842,876,31,2025-06-28,Card,Delivered,519.19
11843,506,96,2025-07-21,UPI,Delivered,456.93
11844,679,9,2025-12-20,UPI,Cancelled,401.98
11845,989,12,2025-03-19,Card,Cancelled,2885.1
11846,331,48,2025-09-28,Cash,Delivered,2153.15
11847,26,15,2025-03-07,UPI,Delivered,1237.66
11848,512,47,2025-01-26,Card,Cancelled,2252.87
11849,21,89,2025-02-22,Card,Delivered,675.37
11850,944,99,2025-05-27,Cash,Cancelled,845.31
11851,168,3,2025-01-27,Cash,Delivered,2855.53
11852,525,20,2025-01-12,Card,Delivered,1435.98
11853,465,96,2025-02-25,Card,Delivered,1240.18
11854,911,72,2025-12-22,Card,Cancelled,329.71
11855,182,98,2025-03-09,UPI,Delivered,2310.86
11856,569,44,2025-02-28,Cash,Delivered,2352.01
11857,698,43,2025-03-19,Card,Delivered,2957.21
11858,457,86,2025-08-31,Cash,Cancelled,2975.68
11859,914,19,2025-03-09,UPI,Delivered,2461.45
11860,836,23,2025-11-05,Cash,Delivered,1810.36
11861,927,52,2025-01-07,Cash,Cancelled,1006.56
11862,265,90,2025-06-19,Cash,Cancelled,2213.25
11863,103,49,2025-10-09,Cash,Cancelled,2709.58
11864,18,90,2025-11-17,Cash,Cancelled,586.18
11865,404,34,2025-04-23,Cash,Delivered,1013.54
11866,600,70,2025-08-12,UPI,Delivered,351.98
11867,858,75,2025-09-22,Card,Cancelled,624.87
11868,153,23,2025-07-22,UPI,Delivered,928.92
11869,765,76,2025-06-01,Card,Cancelled,1675.65
11870,840,90,2025-07-06,Card,Delivered,1135.53
11871,962,16,2025-09-02,Card,Delivered,371.12
11872,204,76,2025-04-22,Card,Delivered,2787.71
11873,558,23,2025-12-22,UPI,Cancelled,399.41
11874,453,81,2025-06-05,UPI,Cancelled,627.55
11875,998,9,2025-07-01,UPI,Cancelled,528.17
11876,174,76,2025-11-14,Cash,Delivered,449.38
11877,437,77,2025-10-23,Cash,Delivered,1002.02
11878,848,66,2025-06-24,Card,Delivered,2262.71
11879,183,61,2025-10-06,Card,Cancelled,1344.17
11880,256,84,2025-02-27,Card,Cancelled,2652.91
11881,834,45,2025-05-20,UPI,Cancelled,2360.73
11882,711,56,2025-02-09,Card,Delivered,1079.42
11883,802,1,2025-10-31,Cash,Cancelled,223.96
11884,672,56,2025-09-23,Cash,Delivered,2109.72
11885,616,78,2025-08-12,Cash,Delivered,2481.28
11886,698,44,2025-12-17,Cash,Cancelled,1135.12
11887,998,34,2025-09-19,Card,Delivered,620.43
11888,856,78,2025-03-01,Card,Cancelled,1842.81
11889,743,100,2025-12-23,Card,Cancelled,2783.59
11890,58,4,2025-04-16,UPI,Cancelled,2445.17
11891,964,77,2025-08-31,Card,Cancelled,1887.28
11892,347,18,2025-12-13,Card,Delivered,445.06
11893,952,5,2025-04-21,UPI,Cancelled,1852.45
11894,168,64,2025-11-02,Card,Cancelled,1532.68
11895,831,85,2025-07-31,Cash,Delivered,2511.04
11896,585,58,2025-08-19,Card,Cancelled,995.35
11897,382,37,2025-04-26,UPI,Cancelled,2524.32
11898,539,100,2025-01-02,UPI,Delivered,655.13
11899,930,51,2025-10-18,Cash,Cancelled,275.89
11900,319,15,2025-01-25,UPI,Delivered,856.36
11901,1000,28,2025-07-13,Cash,Delivered,2445.77
11902,151,32,2025-05-07,Card,Delivered,2205.16
11903,13,58,2025-06-11,UPI,Cancelled,2759.15
11904,417,67,2025-02-20,Cash,Delivered,677.64
11905,168,2,2025-04-21,UPI,Cancelled,2764.83
11906,311,17,2025-06-06,UPI,Delivered,1650.74
11907,787,6,2025-02-01,UPI,Delivered,861.08
11908,400,71,2025-10-16,Cash,Delivered,1554.11
11909,933,18,2025-06-05,Card,Delivered,803.98
11910,941,93,2025-07-14,Cash,Cancelled,2222.26
11911,113,69,2025-08-12,Card,Cancelled,1908.09
11912,390,61,2025-02-28,UPI,Cancelled,2401.89
11913,163,82,2025-12-27,Card,Cancelled,579.78
11914,601,15,2025-01-16,Card,Delivered,2316.26
11915,328,8,2025-03-16,Cash,Cancelled,293.65
11916,837,12,2025-02-05,Card,Cancelled,2726.06
11917,734,45,2025-10-24,UPI,Cancelled,2680.47
11918,798,38,2025-07-30,Cash,Cancelled,2177.26
11919,88,78,2025-11-20,Cash,Delivered,1505.12
11920,357,14,2025-05-26,Card,Delivered,2579.07
11921,337,88,2025-11-30,Card,Cancelled,2170.46
11922,27,5,2025-12-25,Cash,Cancelled,2722.88
11923,128,35,2025-03-06,Card,Delivered,2888.78
11924,325,75,2025-10-01,Card,Delivered,345.31
11925,514,99,2025-11-29,Cash,Cancelled,1830.3
11926,783,46,2025-01-07,Card,Cancelled,2775.06
11927,591,26,2025-11-13,Cash,Delivered,2302.47
11928,448,46,2025-03-10,UPI,Delivered,2226.4
11929,232,8,2025-03-30,UPI,Cancelled,1569.66
11930,699,42,2025-02-11,UPI,Delivered,1135.91
11931,343,19,2025-06-11,UPI,Cancelled,1833.72
11932,262,91,2025-11-20,Card,Delivered,1637.31
11933,702,88,2025-09-05,Cash,Cancelled,2185.22
11934,51,71,2025-01-15,Card,Delivered,1202.55
11935,959,53,2025-06-27,Cash,Cancelled,600.9
11936,866,35,2025-10-12,Cash,Delivered,769.16
11937,708,33,2025-05-26,UPI,Delivered,1497.9
11938,58,69,2025-12-12,Cash,Cancelled,727.93
11939,365,66,2025-11-24,Cash,Delivered,2101.53
11940,455,76,2025-03-13,Card,Delivered,343.62
11941,225,23,2025-07-25,UPI,Cancelled,2676.24
11942,750,77,2025-04-12,Cash,Delivered,2432.91
11943,965,64,2025-07-07,Cash,Delivered,2845.84
11944,68,84,2025-09-16,UPI,Cancelled,1200.16
11945,310,74,2025-12-05,UPI,Cancelled,214.45
11946,588,34,2025-02-25,Card,Delivered,625.52
11947,893,31,2025-08-08,Card,Delivered,400.44
11948,706,4,2025-02-18,Cash,Delivered,2650.29
11949,501,26,2025-06-15,Card,Delivered,2765.92
11950,537,8,2025-09-02,Cash,Delivered,1144.07
11951,614,67,2025-07-05,Card,Cancelled,2569.28
11952,158,27,2025-09-17,Card,Delivered,1734.31
11953,92,71,2025-08-13,Cash,Delivered,827.55
11954,896,73,2025-09-27,Card,Delivered,2224.53
11955,265,29,2025-12-04,Cash,Delivered,2670.84
11956,214,15,2025-07-21,Card,Cancelled,1600.34
11957,49,38,2025-09-11,Cash,Delivered,1209.31
11958,231,46,2025-09-05,UPI,Cancelled,964.37
11959,951,60,2025-11-12,UPI,Delivered,782.26
11960,560,39,2025-09-19,Cash,Delivered,1129.19
11961,724,10,2025-04-16,Cash,Cancelled,2722.76
11962,177,41,2025-12-13,Cash,Cancelled,871.81
11963,651,86,2025-01-15,Card,Delivered,1756.59
11964,743,25,2025-07-29,Card,Cancelled,520.7
11965,934,81,2025-06-26,Card,Cancelled,2858.4
11966,94,10,2025-08-21,Cash,Cancelled,1022.92
11967,447,77,2025-03-11,Card,Cancelled,1780.85
11968,704,94,2025-12-25,UPI,Cancelled,2092.6
11969,131,51,2025-03-31,Cash,Cancelled,2731.17
11970,806,39,2025-01-26,Card,Cancelled,2186.4
11971,588,60,2025-06-16,UPI,Cancelled,1946.51
11972,233,20,2025-12-16,Card,Cancelled,313.63
11973,31,43,2025-07-18,Cash,Delivered,1616.57
11974,313,63,2025-06-15,Card,Delivered,1856.97
11975,915,83,2025-06-26,Cash,Cancelled,2666.37
11976,265,24,2025-11-01,UPI,Delivered,2297.97
11977,646,49,2025-04-18,UPI,Cancelled,1860.19
11978,135,79,2025-07-06,UPI,Delivered,2703.5
11979,586,98,2025-01-16,Cash,Cancelled,1710.33
11980,58,25,2025-03-19,UPI,Cancelled,893.11
11981,840,25,2025-08-20,Cash,Cancelled,2538.44
11982,941,48,2025-10-17,Cash,Cancelled,1670.58
11983,348,94,2025-10-22,Cash,Cancelled,509.25
11984,817,12,2025-07-10,Card,Cancelled,1436.88
11985,720,89,2025-08-06,Card,Delivered,312.01
11986,56,83,2025-01-18,Card,Cancelled,824.83
11987,850,37,2025-12-01,UPI,Cancelled,2217.96
11988,618,28,2025-04-17,UPI,Delivered,2929.57
11989,923,57,2025-12-22,Cash,Delivered,732.52
11990,651,31,2025-05-05,UPI,Cancelled,2072.69
11991,660,2,2025-02-17,Cash,Delivered,1144.68
11992,801,7,2025-01-21,Cash,Cancelled,473.21
11993,884,85,2025-12-31,Card,Cancelled,199.6
11994,122,47,2025-08-31,Card,Cancelled,1775.17
11995,40,31,2025-03-15,UPI,Cancelled,335.51
11996,373,91,2025-09-30,Card,Delivered,1485.97
11997,533,42,2025-10-22,UPI,Cancelled,1468.07
11998,660,42,2025-12-25,UPI,Cancelled,2612.21
11999,863,78,2025-10-27,UPI,Cancelled,1196.11
12000,292,82,2025-11-19,Cash,Cancelled,2604.37
12001,845,82,2025-08-16,UPI,Delivered,2625.54
12002,12,55,2025-01-04,Cash,Cancelled,1666.87
12003,933,19,2025-01-19,UPI,Cancelled,1781.83
12004,465,6,2025-07-19,Cash,Cancelled,1174.91
12005,191,42,2025-09-04,Card,Cancelled,2756.04
12006,364,71,2025-03-16,Card,Delivered,2400.64
12007,838,72,2025-06-21,UPI,Cancelled,1452.25
12008,994,31,2025-10-15,Card,Cancelled,1169.44
12009,580,14,2025-01-16,Card,Delivered,1352.17
12010,585,24,2025-01-15,UPI,Delivered,2022.15
12011,129,34,2025-11-22,UPI,Delivered,1387.92
12012,574,58,2025-05-28,Cash,Cancelled,2288.71
12013,307,54,2025-11-21,Card,Delivered,1063.1
12014,659,7,2025-10-09,UPI,Delivered,2903.43
12015,704,60,2025-11-03,UPI,Cancelled,2551.62
12016,614,46,2025-03-15,Card,Delivered,2154.48
12017,856,59,2025-08-18,UPI,Delivered,1335.03
12018,739,77,2025-08-09,Card,Cancelled,2380.9
12019,210,19,2025-07-31,Cash,Delivered,2843.62
12020,883,39,2025-01-02,Cash,Cancelled,2922.96
12021,280,15,2025-11-13,Cash,Cancelled,577.21
12022,531,60,2025-03-01,UPI,Delivered,343.36
12023,128,62,2025-05-29,UPI,Cancelled,974.68
12024,884,38,2025-05-17,Cash,Delivered,359.82
12025,588,64,2025-07-17,UPI,Cancelled,1750.53
12026,414,11,2025-09-29,Card,Delivered,727.11
12027,399,92,2025-12-09,UPI,Cancelled,1043.45
12028,604,27,2025-05-08,Cash,Cancelled,1408.08
12029,997,55,2025-09-06,Cash,Cancelled,508.86
12030,991,51,2025-09-23,Cash,Delivered,285.4
12031,107,48,2025-05-11,Card,Delivered,812.35
12032,974,18,2025-08-07,Cash,Delivered,2041.37
12033,214,76,2025-09-11,Card,Delivered,767.58
12034,118,22,2025-05-25,Cash,Delivered,2475.94
12035,443,61,2025-05-31,UPI,Cancelled,1019.59
12036,89,85,2025-12-30,Cash,Cancelled,1687.55
12037,273,2,2025-12-01,Card,Cancelled,2078.41
12038,298,52,2025-01-13,Cash,Cancelled,1930.39
12039,602,3,2025-05-31,Card,Cancelled,706.75
12040,902,84,2025-06-08,UPI,Delivered,422.55
12041,835,34,2025-02-03,UPI,Delivered,2669.51
12042,955,98,2025-08-07,Card,Delivered,820.94
12043,380,39,2025-01-31,UPI,Cancelled,2473.91
12044,101,88,2025-08-25,Card,Cancelled,658.13
12045,574,92,2025-01-28,Cash,Cancelled,336.59
12046,741,55,2025-06-30,UPI,Delivered,1179.65
12047,765,22,2025-06-22,Card,Cancelled,246.01
12048,37,67,2025-10-22,Card,Delivered,2583.82
12049,674,88,2025-04-11,UPI,Cancelled,479.74
12050,239,63,2025-04-08,Cash,Delivered,423.52
12051,653,25,2025-07-30,Cash,Delivered,660.48
12052,600,56,2025-11-26,Cash,Delivered,2064.43
12053,308,33,2025-05-16,UPI,Delivered,810.3
12054,874,39,2025-02-03,Card,Cancelled,2669.78
12055,884,26,2025-06-30,Cash,Delivered,1828.9
12056,544,11,2025-11-11,UPI,Delivered,2675.68
12057,668,84,2025-12-05,Card,Cancelled,751.22
12058,3,98,2025-03-08,Card,Delivered,2545.02
12059,958,58,2025-06-12,Cash,Delivered,259.04
12060,170,75,2025-04-09,UPI,Cancelled,1363.44
12061,696,53,2025-02-13,Cash,Cancelled,1725.52
12062,694,37,2025-06-21,Cash,Cancelled,443.62
12063,871,57,2025-01-07,Cash,Delivered,1802.71
12064,765,58,2025-03-10,UPI,Cancelled,2440.9
12065,438,6,2025-11-07,Card,Delivered,2757.74
12066,256,46,2025-12-23,Cash,Delivered,1520.57
12067,595,27,2025-04-06,Cash,Cancelled,1451.18
12068,435,8,2025-08-28,Cash,Delivered,2779.22
12069,198,42,2025-12-06,Cash,Cancelled,1978.35
12070,130,85,2025-01-07,UPI,Cancelled,1270.94
12071,535,26,2025-11-27,Card,Delivered,1819.39
12072,268,64,2025-03-13,UPI,Cancelled,2313.83
12073,724,58,2025-10-12,Cash,Cancelled,1665.53
12074,555,65,2025-01-08,Card,Delivered,358.4
12075,642,89,2025-03-24,UPI,Cancelled,2509.46
12076,769,65,2025-10-08,Card,Delivered,1115.53
12077,931,71,2025-06-04,Card,Cancelled,290.03
12078,799,93,2025-10-15,Cash,Delivered,1138.77
12079,570,24,2025-09-20,UPI,Delivered,1550.99
12080,851,75,2025-07-22,Cash,Cancelled,1350.97
12081,827,67,2025-03-31,Cash,Delivered,1297.67
12082,337,92,2025-07-11,UPI,Cancelled,2543.44
12083,701,28,2025-12-03,Cash,Cancelled,2360.01
12084,331,66,2025-06-17,Cash,Cancelled,2112.03
12085,124,9,2025-03-26,Cash,Delivered,1495.24
12086,4,62,2025-02-22,Cash,Delivered,1552.36
12087,375,3,2025-06-29,Card,Cancelled,761.17
12088,660,82,2025-07-06,Card,Cancelled,2292.03
12089,206,49,2025-09-09,UPI,Delivered,2861.2
12090,527,71,2025-01-03,Cash,Cancelled,2212.99
12091,524,67,2025-05-10,Cash,Cancelled,410.85
12092,973,91,2025-10-31,Cash,Cancelled,1240.97
12093,797,60,2025-08-02,Card,Cancelled,2645.68
12094,597,81,2025-01-28,UPI,Cancelled,1240.22
12095,405,46,2025-01-07,Card,Cancelled,350.65
12096,684,75,2025-01-02,UPI,Delivered,2813.05
12097,419,29,2025-10-13,Card,Delivered,2733.88
12098,712,49,2025-10-23,Card,Cancelled,510.11
12099,67,26,2025-06-07,Cash,Delivered,1892.73
12100,357,44,2025-09-14,Card,Delivered,1259.19
12101,889,80,2025-01-21,Cash,Delivered,2510.82
12102,567,29,2025-06-10,UPI,Delivered,2721.96
12103,618,58,2025-01-27,Cash,Cancelled,809.11
12104,426,54,2025-07-26,Cash,Cancelled,2665.81
12105,336,43,2025-03-18,Card,Delivered,2905.68
12106,306,43,2025-01-21,UPI,Cancelled,2003.95
12107,75,91,2025-05-13,Cash,Cancelled,2226.48
12108,703,79,2025-06-23,Cash,Delivered,2648.5
12109,664,49,2025-08-21,Card,Cancelled,1367.57
12110,156,41,2025-10-31,UPI,Delivered,2520.12
12111,691,64,2025-03-16,UPI,Cancelled,1109.61
12112,360,5,2025-10-17,UPI,Cancelled,2968.92
12113,485,40,2025-07-07,UPI,Cancelled,2764.56
12114,145,54,2025-05-24,Card,Cancelled,1088.17
12115,472,31,2025-09-16,Card,Cancelled,1479.71
12116,92,83,2025-07-15,Card,Cancelled,1512.86
12117,871,51,2025-04-30,Cash,Cancelled,1217.89
12118,497,49,2025-03-15,Card,Delivered,1669.49
12119,672,58,2025-10-16,Card,Delivered,672.84
12120,452,99,2025-10-17,Cash,Cancelled,2310.59
12121,478,32,2025-11-11,UPI,Cancelled,658.12
12122,427,18,2025-10-12,Cash,Cancelled,1702.52
12123,992,87,2025-04-17,Cash,Delivered,2776.64
12124,49,75,2025-12-14,Card,Cancelled,2325.52
12125,929,90,2025-09-19,Card,Delivered,2557.05
12126,786,80,2025-01-10,UPI,Cancelled,2664.18
12127,9,32,2025-12-23,UPI,Cancelled,1032.93
12128,327,100,2025-10-09,Cash,Delivered,2170.83
12129,174,76,2025-08-21,Cash,Delivered,2507.0
12130,454,33,2025-02-28,Card,Delivered,1915.17
12131,392,44,2025-11-24,Cash,Delivered,936.92
12132,271,57,2025-07-18,Card,Delivered,1017.0
12133,98,28,2025-10-09,Cash,Cancelled,1428.63
12134,663,77,2025-09-20,Cash,Delivered,1223.85
12135,363,26,2025-09-07,Cash,Cancelled,2144.49
12136,714,19,2025-06-01,UPI,Cancelled,1119.58
12137,199,43,2025-05-13,UPI,Delivered,1709.42
12138,489,59,2025-08-05,UPI,Delivered,819.33
12139,22,32,2025-05-12,Card,Delivered,1163.49
12140,710,95,2025-08-31,Cash,Delivered,206.31
12141,570,93,2025-10-29,UPI,Delivered,1626.21
12142,955,99,2025-09-24,Card,Cancelled,2053.46
12143,847,46,2025-11-09,UPI,Cancelled,269.51
12144,868,24,2025-11-03,Cash,Delivered,2527.88
12145,864,9,2025-01-10,Cash,Delivered,1771.43
12146,161,11,2025-10-03,Cash,Delivered,984.96
12147,911,74,2025-06-07,UPI,Cancelled,405.85
12148,367,8,2025-08-28,UPI,Cancelled,342.53
12149,414,1,2025-12-02,Card,Cancelled,597.37
12150,908,92,2025-05-02,Card,Delivered,2662.12
12151,347,29,2025-11-18,UPI,Delivered,2508.43
12152,864,77,2025-07-22,Cash,Delivered,164.11
12153,613,3,2025-11-22,UPI,Cancelled,379.62
12154,245,97,2025-11-28,UPI,Cancelled,2708.56
12155,520,19,2025-04-30,Card,Delivered,1086.16
12156,155,8,2025-12-21,Cash,Delivered,1913.13
12157,716,93,2025-05-09,UPI,Delivered,457.42
12158,570,25,2025-02-28,Cash,Delivered,1928.48
12159,761,29,2025-01-23,Card,Cancelled,400.41
12160,129,60,2025-10-17,Card,Delivered,1251.5
12161,81,99,2025-11-14,Cash,Delivered,2139.57
12162,538,66,2025-08-14,Cash,Cancelled,1546.01
12163,475,82,2025-07-12,UPI,Delivered,1601.36
12164,535,28,2025-03-23,Card,Delivered,2653.07
12165,658,28,2025-09-01,Cash,Cancelled,2830.45
12166,506,53,2025-07-01,Cash,Cancelled,1960.81
12167,417,70,2025-02-22,Cash,Cancelled,2058.72
12168,777,43,2025-08-27,Card,Delivered,191.86
12169,620,15,2025-06-24,Card,Delivered,930.17
12170,791,91,2025-12-27,UPI,Cancelled,456.32
12171,409,33,2025-07-23,Card,Cancelled,471.51
12172,343,16,2025-01-28,UPI,Cancelled,1042.48
12173,117,46,2025-07-20,Cash,Delivered,2600.77
12174,152,16,2025-03-06,Card,Cancelled,282.06
12175,605,53,2025-08-22,UPI,Cancelled,1402.44
12176,736,82,2025-04-04,UPI,Cancelled,2767.62
12177,727,99,2025-12-13,Cash,Cancelled,704.89
12178,800,44,2025-09-09,Cash,Delivered,385.61
12179,589,84,2025-12-02,Cash,Delivered,260.04
12180,662,85,2025-02-19,Card,Cancelled,1430.83
12181,153,34,2025-05-05,Cash,Cancelled,1815.8
12182,936,41,2025-02-28,Cash,Delivered,738.81
12183,651,37,2025-06-28,Card,Cancelled,1666.89
12184,780,82,2025-05-19,Card,Delivered,2794.91
12185,184,9,2025-01-09,Cash,Cancelled,1929.94
12186,511,46,2025-06-24,Card,Delivered,2246.77
12187,955,52,2025-04-09,UPI,Delivered,695.17
12188,215,84,2025-09-13,Card,Delivered,2045.23
12189,7,40,2025-12-07,Cash,Delivered,580.54
12190,904,49,2025-09-08,Card,Cancelled,958.71
12191,421,53,2025-12-21,UPI,Delivered,1002.15
12192,216,40,2025-07-21,Card,Delivered,2168.98
12193,725,16,2025-11-21,UPI,Cancelled,2469.94
12194,552,55,2025-11-29,UPI,Cancelled,1910.92
12195,179,19,2025-07-29,UPI,Cancelled,824.82
12196,705,19,2025-07-25,Cash,Delivered,2317.51
12197,357,46,2025-12-24,UPI,Delivered,2862.7
12198,819,38,2025-04-20,UPI,Cancelled,1935.82
12199,193,29,2025-09-05,Cash,Cancelled,1230.99
12200,220,36,2025-09-22,Cash,Cancelled,2048.25
12201,567,14,2025-12-17,Card,Delivered,1797.31
12202,299,52,2025-07-26,UPI,Delivered,2648.27
12203,959,80,2025-12-07,Cash,Cancelled,1762.11
12204,87,89,2025-12-15,Card,Cancelled,445.78
12205,355,71,2025-08-22,UPI,Cancelled,1610.6
12206,708,28,2025-06-29,Card,Delivered,1701.87
12207,335,15,2025-11-17,UPI,Cancelled,1784.25
12208,885,49,2025-10-26,UPI,Delivered,1741.52
12209,901,23,2025-04-09,Card,Cancelled,1681.46
12210,980,51,2025-01-13,Card,Cancelled,2433.72
12211,758,38,2025-06-20,UPI,Delivered,1473.17
12212,126,95,2025-12-17,UPI,Cancelled,373.68
12213,822,66,2025-07-30,Card,Delivered,2827.03
12214,389,79,2025-05-30,Cash,Delivered,827.04
12215,832,6,2025-01-17,UPI,Delivered,2813.76
12216,487,40,2025-11-11,Card,Cancelled,1492.72
12217,509,1,2025-02-15,Cash,Cancelled,608.66
12218,863,93,2025-06-01,UPI,Delivered,434.62
12219,439,66,2025-10-29,Cash,Cancelled,1399.49
12220,273,5,2025-08-19,UPI,Cancelled,863.46
12221,721,26,2025-02-04,Cash,Cancelled,2916.0
12222,948,10,2025-01-21,Card,Delivered,152.28
12223,507,57,2025-02-01,Card,Cancelled,2032.97
12224,924,48,2025-04-30,UPI,Delivered,885.89
12225,902,34,2025-02-21,Cash,Delivered,1377.74
12226,680,58,2025-12-23,Cash,Cancelled,1884.46
12227,867,46,2025-10-16,UPI,Delivered,1521.85
12228,200,52,2025-05-15,UPI,Cancelled,422.71
12229,887,80,2025-04-24,Card,Delivered,276.84
12230,191,35,2025-12-23,UPI,Delivered,2203.92
12231,930,10,2025-05-25,Cash,Delivered,2600.64
12232,312,80,2025-01-22,UPI,Delivered,2001.51
12233,336,5,2025-11-09,UPI,Delivered,2900.33
12234,325,9,2025-11-16,Card,Delivered,1139.52
12235,537,92,2025-01-13,UPI,Delivered,851.62
12236,993,20,2025-12-21,Card,Cancelled,1416.1
12237,429,98,2025-05-01,UPI,Cancelled,1941.65
12238,54,87,2025-03-15,Card,Cancelled,1030.09
12239,796,96,2025-11-08,Card,Delivered,848.88
12240,576,89,2025-02-22,Card,Delivered,1082.55
12241,713,85,2025-11-01,Cash,Cancelled,2260.54
12242,292,50,2025-06-01,Cash,Delivered,2291.34
12243,927,93,2025-04-25,Cash,Cancelled,1806.71
12244,903,86,2025-10-03,Card,Cancelled,2361.75
12245,474,52,2025-08-04,Card,Cancelled,1849.08
12246,505,14,2025-04-30,Card,Delivered,440.12
12247,573,12,2025-12-06,Cash,Delivered,949.95
12248,488,93,2025-05-18,UPI,Cancelled,1292.04
12249,394,65,2025-09-03,UPI,Cancelled,2572.97
12250,353,62,2025-05-07,Card,Cancelled,1175.87
12251,51,90,2025-11-13,UPI,Cancelled,2372.03
12252,550,84,2025-07-12,Cash,Cancelled,2869.53
12253,704,76,2025-11-26,Card,Cancelled,2079.15
12254,664,59,2025-03-12,Cash,Delivered,1262.05
12255,771,97,2025-08-14,Cash,Cancelled,729.67
12256,986,20,2025-02-09,UPI,Delivered,877.47
12257,298,32,2025-04-01,UPI,Delivered,437.44
12258,110,62,2025-05-16,Card,Delivered,1642.67
12259,477,66,2025-03-06,Cash,Cancelled,2877.22
12260,414,96,2025-12-04,Card,Delivered,223.4
12261,347,69,2025-05-02,UPI,Cancelled,774.76
12262,687,96,2025-12-19,UPI,Cancelled,207.92
12263,704,58,2025-01-08,Card,Delivered,2620.41
12264,537,19,2025-02-26,Cash,Cancelled,2628.63
12265,293,75,2025-11-11,Cash,Delivered,2678.98
12266,557,27,2025-01-03,Card,Cancelled,376.26
12267,630,96,2025-09-04,Card,Cancelled,1239.5
12268,180,45,2025-11-15,Cash,Delivered,860.35
12269,988,34,2025-10-22,UPI,Cancelled,1489.01
12270,177,44,2025-04-03,Card,Delivered,1730.85
12271,566,50,2025-08-02,UPI,Cancelled,392.07
12272,279,79,2025-11-02,Card,Delivered,1945.38
12273,415,49,2025-08-16,Cash,Delivered,2307.26
12274,567,32,2025-09-29,Card,Cancelled,704.6
12275,903,86,2025-04-10,Card,Cancelled,770.79
12276,432,91,2025-12-28,UPI,Delivered,2248.76
12277,449,98,2025-07-18,Cash,Delivered,808.18
12278,202,90,2025-09-13,Cash,Delivered,444.92
12279,640,59,2025-10-03,UPI,Delivered,2946.17
12280,455,55,2025-07-31,Cash,Delivered,2904.79
12281,614,82,2025-08-24,Card,Delivered,211.19
12282,83,5,2025-06-11,Cash,Delivered,890.71
12283,426,50,2025-06-30,UPI,Delivered,1820.71
12284,859,69,2025-06-07,Cash,Delivered,1016.28
12285,741,90,2025-04-26,Cash,Delivered,2758.84
12286,289,90,2025-09-19,UPI,Cancelled,1369.84
12287,705,79,2025-08-18,Cash,Cancelled,1715.56
12288,37,8,2025-01-08,Card,Delivered,2676.16
12289,817,15,2025-11-28,Card,Cancelled,2585.09
12290,819,64,2025-04-10,Card,Delivered,2857.78
12291,955,60,2025-07-14,Cash,Delivered,2077.9
12292,932,25,2025-07-28,Cash,Cancelled,1189.53
12293,275,50,2025-05-09,Cash,Delivered,692.21
12294,88,42,2025-09-10,UPI,Cancelled,2269.44
12295,613,89,2025-05-31,Cash,Delivered,2518.27
12296,428,49,2025-10-03,Cash,Delivered,345.74
12297,329,57,2025-01-20,Card,Delivered,2873.16
12298,75,70,2025-12-18,Card,Delivered,353.77
12299,715,47,2025-09-13,Card,Delivered,2733.79
12300,588,74,2025-01-27,Cash,Delivered,2739.02
12301,81,98,2025-07-22,Cash,Delivered,1608.52
12302,557,77,2025-06-05,UPI,Delivered,180.44
12303,60,50,2025-04-10,Card,Delivered,2018.99
12304,952,67,2025-12-01,Cash,Cancelled,587.83
12305,705,77,2025-02-15,Card,Delivered,2431.48
12306,633,67,2025-06-05,Card,Cancelled,1120.98
12307,73,51,2025-11-21,Card,Delivered,1425.39
12308,41,32,2025-11-13,UPI,Delivered,2247.17
12309,859,16,2025-02-24,Card,Delivered,2435.46
12310,9,86,2025-08-09,UPI,Delivered,414.72
12311,119,43,2025-12-27,Cash,Delivered,2364.94
12312,31,41,2025-10-26,Card,Delivered,2544.06
12313,113,10,2025-08-23,Cash,Cancelled,746.86
12314,672,21,2025-06-17,Cash,Delivered,1705.57
12315,57,1,2025-10-04,Card,Cancelled,1099.68
12316,364,75,2025-11-18,Cash,Cancelled,705.41
12317,304,24,2025-05-28,Card,Delivered,1243.91
12318,978,39,2025-12-15,UPI,Cancelled,1848.81
12319,697,5,2025-06-23,Card,Cancelled,1451.88
12320,958,33,2025-08-20,Cash,Delivered,1120.89
12321,301,20,2025-12-15,UPI,Cancelled,1710.04
12322,66,31,2025-02-28,UPI,Delivered,981.63
12323,862,51,2025-04-09,Cash,Cancelled,257.03
12324,750,25,2025-09-24,Cash,Delivered,1065.57
12325,309,10,2025-02-20,Card,Delivered,625.54
12326,592,47,2025-03-12,UPI,Cancelled,2822.14
12327,641,38,2025-08-22,UPI,Delivered,1411.28
12328,35,14,2025-07-02,Card,Cancelled,2530.64
12329,650,81,2025-05-21,Cash,Delivered,2337.08
12330,95,23,2025-05-10,Card,Delivered,741.22
12331,862,71,2025-01-23,Cash,Delivered,1705.44
12332,36,93,2025-11-16,Cash,Delivered,1145.0
12333,889,85,2025-03-29,Cash,Delivered,1610.11
12334,378,19,2025-10-29,Card,Delivered,571.88
12335,114,19,2025-02-26,Card,Cancelled,2834.06
12336,538,68,2025-06-21,UPI,Cancelled,1106.99
12337,598,42,2025-06-17,Cash,Cancelled,642.1
12338,625,50,2025-06-02,Cash,Cancelled,269.03
12339,226,2,2025-01-21,UPI,Cancelled,979.4
12340,938,88,2025-08-31,Card,Cancelled,1386.63
12341,901,36,2025-05-21,UPI,Delivered,2907.94
12342,830,54,2025-08-25,UPI,Delivered,2394.24
12343,127,8,2025-09-01,Cash,Delivered,1510.32
12344,820,24,2025-04-03,Cash,Delivered,2894.25
12345,186,7,2025-11-16,UPI,Delivered,2367.15
12346,779,49,2025-02-04,Card,Cancelled,327.1
12347,270,50,2025-05-16,Card,Cancelled,966.13
12348,541,99,2025-07-21,Cash,Delivered,2666.74
12349,238,62,2025-09-03,Cash,Delivered,1431.59
12350,199,4,2025-01-14,UPI,Delivered,2918.84
12351,556,62,2025-06-01,Card,Delivered,2822.75
12352,530,49,2025-02-28,Card,Cancelled,585.92
12353,193,59,2025-02-27,UPI,Cancelled,1969.09
12354,249,31,2025-02-28,Cash,Delivered,2971.43
12355,104,14,2025-02-21,Card,Delivered,1647.23
12356,609,94,2025-04-24,Card,Cancelled,2478.03
12357,72,97,2025-03-26,Card,Delivered,877.83
12358,12,61,2025-11-28,Cash,Cancelled,800.92
12359,155,26,2025-04-15,UPI,Cancelled,1444.07
12360,339,3,2025-05-03,Cash,Cancelled,1894.13
12361,271,31,2025-01-08,Card,Cancelled,2017.98
12362,616,56,2025-08-04,UPI,Delivered,2775.29
12363,728,84,2025-03-26,Card,Cancelled,2419.77
12364,888,21,2025-07-08,Cash,Delivered,701.08
12365,474,50,2025-09-25,UPI,Cancelled,2842.07
12366,886,51,2025-10-16,Card,Cancelled,1793.08
12367,173,31,2025-05-29,UPI,Cancelled,2124.79
12368,900,70,2025-09-09,Cash,Delivered,534.48
12369,772,3,2025-01-22,Cash,Cancelled,1229.01
12370,578,55,2025-08-17,UPI,Cancelled,1392.77
12371,737,79,2025-03-14,Cash,Cancelled,874.23
12372,721,54,2025-09-17,UPI,Delivered,1894.93
12373,643,7,2025-01-08,UPI,Delivered,271.79
12374,206,68,2025-03-18,Cash,Delivered,2617.16
12375,981,34,2025-10-14,Cash,Cancelled,1312.76
12376,67,55,2025-12-16,UPI,Delivered,2810.16
12377,414,81,2025-06-20,UPI,Cancelled,786.37
12378,189,71,2025-08-27,Cash,Delivered,1754.96
12379,118,39,2025-12-18,Card,Delivered,2301.95
12380,516,28,2025-12-21,UPI,Cancelled,1634.99
12381,843,84,2025-12-28,Cash,Delivered,1477.89
12382,995,49,2025-10-31,Cash,Cancelled,2008.46
12383,672,35,2025-10-06,Cash,Cancelled,2223.5
12384,770,21,2025-10-28,Cash,Cancelled,2574.63
12385,729,95,2025-02-13,UPI,Delivered,1109.77
12386,678,61,2025-03-20,UPI,Cancelled,1212.9
12387,921,22,2025-12-21,Card,Cancelled,1441.95
12388,57,28,2025-04-25,Card,Cancelled,2840.3
12389,388,93,2025-03-02,Card,Delivered,995.57
12390,268,16,2025-09-26,Cash,Cancelled,1305.82
12391,963,8,2025-05-07,Card,Cancelled,779.35
12392,409,56,2025-01-23,UPI,Delivered,1155.42
12393,977,100,2025-12-17,UPI,Delivered,2447.12
12394,131,5,2025-06-24,Cash,Delivered,1484.9
12395,714,98,2025-12-21,Card,Cancelled,2144.14
12396,302,2,2025-05-18,Card,Delivered,742.53
12397,678,59,2025-02-17,Cash,Cancelled,2503.45
12398,485,11,2025-09-07,UPI,Cancelled,1768.21
12399,525,71,2025-05-25,Card,Cancelled,2652.55
12400,87,97,2025-01-04,Cash,Delivered,814.05
12401,981,33,2025-09-17,Cash,Delivered,438.31
12402,979,75,2025-08-10,Card,Cancelled,1474.12
12403,757,61,2025-03-28,UPI,Cancelled,2937.35
12404,985,26,2025-03-04,Cash,Delivered,751.85
12405,111,19,2025-12-23,Cash,Cancelled,1512.3
12406,807,35,2025-06-09,Card,Delivered,496.72
12407,9,34,2025-10-14,Card,Cancelled,1613.82
12408,271,16,2025-09-11,Cash,Cancelled,1451.89
12409,570,46,2025-07-24,Card,Cancelled,1826.82
12410,659,24,2025-03-27,Card,Cancelled,279.59
12411,203,5,2025-05-22,Card,Delivered,2855.01
12412,12,13,2025-10-31,Card,Delivered,258.51
12413,980,74,2025-08-01,Card,Cancelled,1241.78
12414,792,16,2025-11-06,Cash,Delivered,651.66
12415,503,99,2025-01-13,Cash,Delivered,1291.28
12416,979,12,2025-06-11,Card,Delivered,1942.99
12417,789,20,2025-07-09,Card,Delivered,230.99
12418,889,69,2025-04-13,UPI,Delivered,2556.62
12419,981,50,2025-03-06,UPI,Delivered,916.5
12420,576,95,2025-06-03,UPI,Cancelled,2277.52
12421,336,21,2025-12-25,Card,Delivered,1273.18
12422,150,85,2025-02-10,UPI,Cancelled,1035.21
12423,188,86,2025-11-17,UPI,Delivered,1379.25
12424,329,31,2025-10-12,Cash,Delivered,2355.09
12425,717,4,2025-11-01,Cash,Delivered,2130.03
12426,839,63,2025-03-07,UPI,Cancelled,2496.37
12427,287,49,2025-01-15,Card,Cancelled,1264.67
12428,328,55,2025-11-10,Cash,Cancelled,1641.83
12429,353,32,2025-09-12,Card,Cancelled,2041.55
12430,404,32,2025-12-27,UPI,Cancelled,1444.65
12431,404,54,2025-06-05,Card,Delivered,560.45
12432,683,22,2025-11-10,Card,Delivered,1958.72
12433,949,75,2025-09-09,Cash,Cancelled,792.51
12434,583,89,2025-05-14,UPI,Delivered,1508.93
12435,611,7,2025-12-09,Card,Delivered,2400.93
12436,223,11,2025-08-11,UPI,Delivered,1549.33
12437,325,21,2025-03-27,UPI,Delivered,2460.78
12438,7,60,2025-02-25,Cash,Cancelled,1238.68
12439,267,92,2025-04-27,UPI,Cancelled,314.77
12440,248,83,2025-08-01,UPI,Cancelled,1997.39
12441,843,25,2025-05-20,UPI,Delivered,2171.83
12442,650,94,2025-12-07,Cash,Delivered,1067.78
12443,998,32,2025-02-03,Card,Delivered,2960.83
12444,379,69,2025-04-20,Cash,Cancelled,2947.52
12445,423,23,2025-02-21,UPI,Delivered,588.08
12446,511,24,2025-05-31,Cash,Cancelled,1637.59
12447,286,50,2025-03-30,Card,Cancelled,2168.42
12448,285,59,2025-03-11,Card,Delivered,417.84
12449,11,97,2025-05-15,Card,Cancelled,970.73
12450,573,63,2025-11-22,Cash,Delivered,2248.36
12451,251,71,2025-04-14,UPI,Cancelled,2921.96
12452,920,35,2025-02-15,Cash,Cancelled,337.9
12453,886,19,2025-05-07,Cash,Delivered,516.14
12454,395,61,2025-04-10,Cash,Cancelled,937.25
12455,147,94,2025-07-23,UPI,Cancelled,697.33
12456,68,22,2025-11-17,Card,Cancelled,1313.27
12457,405,58,2025-01-01,Card,Cancelled,1890.0
12458,588,29,2025-11-09,Card,Delivered,2580.19
12459,189,5,2025-04-12,UPI,Delivered,2048.55
12460,3,7,2025-12-23,Card,Delivered,1507.05
12461,182,90,2025-11-17,Cash,Delivered,1172.67
12462,925,23,2025-09-03,Card,Cancelled,626.4
12463,201,10,2025-12-11,Card,Delivered,1530.37
12464,365,36,2025-03-08,UPI,Cancelled,2815.01
12465,972,1,2025-02-08,Cash,Delivered,1350.42
12466,71,73,2025-12-14,Cash,Cancelled,346.02
12467,155,72,2025-01-24,UPI,Cancelled,432.03
12468,923,30,2025-10-05,UPI,Delivered,1425.48
12469,514,33,2025-04-19,Card,Cancelled,1332.23
12470,832,13,2025-10-15,Cash,Cancelled,297.09
12471,268,58,2025-05-30,Card,Cancelled,807.05
12472,506,57,2025-07-13,UPI,Cancelled,1312.82
12473,974,38,2025-03-15,UPI,Delivered,1413.23
12474,746,15,2025-05-12,Card,Delivered,803.56
12475,914,2,2025-09-06,UPI,Cancelled,1271.95
12476,623,4,2025-03-01,Card,Delivered,2098.12
12477,940,21,2025-01-31,UPI,Cancelled,2177.61
12478,805,19,2025-07-15,Cash,Delivered,908.43
12479,256,91,2025-05-13,UPI,Cancelled,2925.77
12480,497,2,2025-05-15,Cash,Cancelled,278.83
12481,859,28,2025-12-17,Cash,Delivered,528.92
12482,936,70,2025-04-25,Card,Delivered,1645.18
12483,276,89,2025-04-08,Card,Delivered,1205.66
12484,858,16,2025-05-04,UPI,Cancelled,521.84
12485,150,86,2025-11-05,Cash,Delivered,284.11
12486,214,69,2025-07-16,Cash,Delivered,365.46
12487,980,32,2025-07-18,Cash,Delivered,1910.91
12488,506,41,2025-07-21,Card,Cancelled,714.61
12489,258,20,2025-11-10,Card,Cancelled,1440.02
12490,893,7,2025-07-08,UPI,Delivered,710.51
12491,1000,46,2025-07-26,Card,Cancelled,1089.17
12492,493,13,2025-06-23,UPI,Delivered,2100.51
12493,119,26,2025-04-12,UPI,Cancelled,1183.37
12494,108,60,2025-10-30,Cash,Delivered,537.98
12495,595,73,2025-11-01,Card,Cancelled,2810.98
12496,66,87,2025-03-29,Card,Cancelled,1927.13
12497,342,77,2025-02-16,UPI,Delivered,2704.24
12498,40,82,2025-06-15,Cash,Delivered,2786.31
12499,601,85,2025-11-25,UPI,Cancelled,356.2
12500,709,98,2025-04-26,Card,Cancelled,524.19
12501,954,10,2025-06-19,Cash,Delivered,2425.07
12502,198,95,2025-09-01,Cash,Cancelled,555.46
12503,507,37,2025-11-04,Cash,Cancelled,787.12
12504,328,75,2025-12-09,Cash,Delivered,754.89
12505,292,27,2025-12-13,Cash,Delivered,1027.63
12506,282,81,2025-05-01,Cash,Cancelled,2002.78
12507,991,72,2025-02-11,UPI,Delivered,2443.18
12508,470,96,2025-02-26,Cash,Cancelled,2349.13
12509,353,19,2025-12-10,UPI,Cancelled,2855.28
12510,975,70,2025-03-25,Card,Cancelled,1536.58
12511,327,95,2025-11-06,Card,Cancelled,151.03
12512,408,62,2025-10-11,Cash,Delivered,874.8
12513,561,56,2025-04-26,UPI,Delivered,556.62
12514,966,81,2025-07-02,Cash,Delivered,1013.27
12515,12,49,2025-01-10,Card,Delivered,2199.99
12516,737,14,2025-01-12,UPI,Delivered,826.64
12517,399,99,2025-08-13,UPI,Delivered,1188.39
12518,651,82,2025-03-20,Card,Cancelled,2942.95
12519,204,33,2025-02-16,UPI,Cancelled,2635.39
12520,283,49,2025-11-13,Card,Cancelled,2256.59
12521,268,6,2025-12-08,Card,Delivered,1437.8
12522,200,2,2025-04-07,Cash,Cancelled,2568.39
12523,852,21,2025-09-01,Card,Cancelled,2396.53
12524,547,49,2025-10-23,Card,Cancelled,239.03
12525,18,97,2025-04-27,UPI,Delivered,2540.88
12526,278,62,2025-01-13,Cash,Cancelled,1320.58
12527,833,54,2025-05-15,UPI,Cancelled,1609.68
12528,622,47,2025-06-14,Card,Cancelled,445.88
12529,375,34,2025-07-11,UPI,Cancelled,1555.67
12530,139,89,2025-01-24,Card,Cancelled,2925.53
12531,279,27,2025-01-09,UPI,Delivered,1687.07
12532,845,33,2025-12-22,Cash,Delivered,605.71
12533,395,87,2025-11-18,Card,Delivered,1657.2
12534,931,25,2025-04-01,Card,Cancelled,1363.97
12535,535,6,2025-07-12,UPI,Delivered,640.26
12536,290,48,2025-07-16,UPI,Cancelled,2207.45
12537,790,61,2025-03-28,UPI,Cancelled,1190.89
12538,222,3,2025-05-29,UPI,Cancelled,1960.22
12539,639,92,2025-10-15,Card,Delivered,2304.0
12540,123,27,2025-11-09,UPI,Delivered,1466.23
12541,662,71,2025-12-02,UPI,Cancelled,2321.19
12542,670,68,2025-11-29,Card,Cancelled,1197.01
12543,49,66,2025-09-14,UPI,Cancelled,2830.62
12544,302,62,2025-09-07,Card,Delivered,384.37
12545,786,32,2025-08-25,Card,Delivered,2669.44
12546,473,67,2025-05-23,Cash,Delivered,2499.94
12547,804,53,2025-07-22,Card,Cancelled,967.46
12548,193,49,2025-12-20,Card,Delivered,2596.84
12549,766,93,2025-04-19,Card,Cancelled,545.53
12550,535,7,2025-08-09,Card,Delivered,1635.44
12551,74,33,2025-03-10,UPI,Cancelled,1129.9
12552,791,99,2025-11-14,Cash,Delivered,1066.49
12553,731,82,2025-12-25,Cash,Cancelled,2102.58
12554,45,52,2025-09-19,Card,Cancelled,2041.72
12555,352,98,2025-11-20,Cash,Delivered,2726.02
12556,908,50,2025-05-10,Cash,Delivered,2688.56
12557,762,69,2025-10-09,Cash,Delivered,2467.52
12558,663,47,2025-06-29,UPI,Cancelled,1404.32
12559,601,9,2025-10-15,Cash,Cancelled,1382.78
12560,533,46,2025-09-08,Card,Delivered,2967.09
12561,555,58,2025-03-22,Card,Cancelled,667.35
12562,277,21,2025-01-29,UPI,Delivered,2537.66
12563,917,14,2025-05-26,UPI,Cancelled,341.24
12564,987,8,2025-08-06,Cash,Cancelled,2832.73
12565,543,9,2025-11-27,Cash,Delivered,2978.24
12566,400,81,2025-08-11,Cash,Cancelled,1002.81
12567,188,80,2025-05-13,Card,Delivered,158.09
12568,161,71,2025-09-10,Card,Cancelled,1955.32
12569,377,22,2025-08-05,Card,Delivered,1876.78
12570,970,46,2025-11-19,Cash,Delivered,2659.13
12571,622,36,2025-01-27,Card,Cancelled,1307.54
12572,246,34,2025-08-17,Card,Cancelled,859.68
12573,431,29,2025-06-21,Card,Cancelled,2090.18
12574,206,50,2025-02-06,UPI,Delivered,154.99
12575,394,21,2025-06-05,Cash,Delivered,1481.79
12576,616,89,2025-10-23,UPI,Cancelled,918.2
12577,949,47,2025-11-06,Cash,Cancelled,2429.17
12578,424,96,2025-02-04,UPI,Delivered,1248.46
12579,131,65,2025-11-03,Cash,Delivered,182.93
12580,688,48,2025-08-21,Cash,Delivered,2482.13
12581,269,91,2025-04-17,Cash,Delivered,1921.41
12582,557,80,2025-05-28,Card,Cancelled,1851.55
12583,737,33,2025-06-04,UPI,Delivered,1467.22
12584,59,95,2025-11-26,UPI,Delivered,1793.76
12585,816,32,2025-05-26,Card,Delivered,1701.14
12586,864,22,2025-05-28,UPI,Delivered,2631.61
12587,229,18,2025-08-18,Cash,Cancelled,1231.19
12588,622,22,2025-11-03,Cash,Delivered,517.05
12589,88,75,2025-06-04,Cash,Cancelled,2921.59
12590,352,3,2025-10-16,Card,Delivered,2632.66
12591,727,30,2025-10-28,Card,Delivered,2755.82
12592,881,38,2025-10-12,UPI,Cancelled,2885.43
12593,397,3,2025-07-19,Cash,Cancelled,1161.82
12594,505,34,2025-10-27,Cash,Delivered,2369.94
12595,332,54,2025-04-13,Card,Delivered,1810.2
12596,539,52,2025-05-07,UPI,Delivered,2015.3
12597,407,41,2025-01-14,Card,Delivered,994.01
12598,802,23,2025-07-25,UPI,Delivered,1179.52
12599,277,5,2025-01-18,Card,Delivered,2183.42
12600,735,81,2025-02-22,Cash,Delivered,2899.72
12601,905,63,2025-05-29,UPI,Delivered,674.11
12602,523,24,2025-11-20,UPI,Delivered,2987.22
12603,384,40,2025-08-15,Cash,Cancelled,2957.88
12604,208,9,2025-07-20,UPI,Cancelled,1373.31
12605,15,8,2025-09-23,Cash,Delivered,1660.2
12606,174,60,2025-08-05,Card,Cancelled,1443.28
12607,423,68,2025-06-04,UPI,Cancelled,774.4
12608,897,57,2025-08-14,Card,Delivered,602.51
12609,594,82,2025-10-13,Card,Cancelled,2174.86
12610,904,79,2025-06-01,UPI,Cancelled,568.98
12611,70,84,2025-09-19,Card,Cancelled,2655.91
12612,855,25,2025-02-24,UPI,Delivered,471.25
12613,846,63,2025-12-17,Cash,Delivered,810.22
12614,214,23,2025-08-04,UPI,Cancelled,2051.47
12615,687,100,2025-06-04,Cash,Delivered,2533.29
12616,86,27,2025-08-09,Cash,Cancelled,1508.53
12617,327,8,2025-12-10,Cash,Cancelled,363.3
12618,396,51,2025-07-26,Card,Cancelled,961.56
12619,131,53,2025-05-03,Cash,Delivered,1998.26
12620,812,26,2025-02-19,Card,Delivered,383.1
12621,354,53,2025-10-07,Cash,Cancelled,2561.64
12622,612,57,2025-08-04,Cash,Cancelled,2724.1
12623,913,60,2025-08-21,Cash,Cancelled,2436.18
12624,382,48,2025-05-11,UPI,Delivered,1095.0
12625,155,81,2025-10-22,Card,Delivered,827.69
12626,590,36,2025-11-05,UPI,Cancelled,2579.85
12627,733,41,2025-06-09,UPI,Cancelled,547.14
12628,120,20,2025-01-26,UPI,Delivered,2138.78
12629,661,71,2025-11-22,Cash,Cancelled,1172.46
12630,896,22,2025-04-16,UPI,Delivered,2824.67
12631,78,35,2025-06-28,Card,Cancelled,2567.88
12632,95,50,2025-01-11,Card,Delivered,1602.71
12633,207,11,2025-10-05,UPI,Delivered,407.52
12634,79,31,2025-07-17,Card,Delivered,2242.3
12635,501,90,2025-12-16,UPI,Delivered,1461.25
12636,785,66,2025-12-20,UPI,Cancelled,2925.88
12637,191,27,2025-02-11,UPI,Cancelled,1378.67
12638,82,83,2025-05-12,Cash,Cancelled,820.03
12639,451,41,2025-01-10,Card,Delivered,2874.89
12640,450,96,2025-09-21,Card,Delivered,2653.12
12641,695,92,2025-04-27,UPI,Cancelled,486.07
12642,352,24,2025-09-02,UPI,Delivered,1836.49
12643,872,59,2025-05-13,Card,Cancelled,1443.88
12644,911,47,2025-07-07,Card,Delivered,431.13
12645,482,61,2025-06-27,Cash,Cancelled,2482.94
12646,901,90,2025-04-08,Cash,Delivered,1908.54
12647,972,67,2025-08-21,Card,Cancelled,1270.45
12648,676,61,2025-01-31,UPI,Cancelled,619.28
12649,7,73,2025-02-16,Card,Cancelled,781.33
12650,230,10,2025-11-11,Card,Cancelled,1636.04
12651,459,77,2025-11-15,Card,Delivered,501.08
12652,435,62,2025-05-03,UPI,Delivered,695.33
12653,1000,79,2025-06-01,Card,Delivered,426.95
12654,520,66,2025-12-23,Cash,Cancelled,1392.87
12655,103,19,2025-04-11,UPI,Cancelled,2811.74
12656,673,88,2025-06-06,Card,Cancelled,1883.8
12657,388,99,2025-12-06,Card,Cancelled,2335.73
12658,432,8,2025-02-10,Cash,Delivered,685.36
12659,139,1,2025-10-24,Card,Cancelled,2677.85
12660,591,59,2025-11-10,Card,Delivered,2448.65
12661,132,62,2025-05-25,Card,Cancelled,1107.37
12662,139,12,2025-04-29,UPI,Delivered,1342.71
12663,355,57,2025-03-24,Cash,Delivered,2898.36
12664,231,90,2025-01-11,Card,Delivered,1246.17
12665,767,66,2025-05-23,Card,Cancelled,966.45
12666,558,47,2025-05-03,UPI,Cancelled,2384.5
12667,158,54,2025-06-19,Card,Cancelled,1572.34
12668,403,54,2025-10-21,Card,Cancelled,2325.56
12669,568,44,2025-02-05,UPI,Delivered,1937.13
12670,759,49,2025-09-30,UPI,Delivered,2551.74
12671,44,73,2025-04-03,Card,Cancelled,941.27
12672,131,90,2025-01-17,Card,Cancelled,2935.68
12673,136,88,2025-05-04,UPI,Delivered,1917.94
12674,405,62,2025-10-07,UPI,Cancelled,2845.11
12675,828,64,2025-05-10,Cash,Cancelled,2957.48
12676,740,38,2025-07-12,UPI,Cancelled,2458.76
12677,548,29,2025-12-17,Cash,Delivered,1062.18
12678,938,53,2025-08-06,Card,Delivered,2830.46
12679,289,84,2025-09-13,UPI,Cancelled,2478.85
12680,721,53,2025-12-19,Card,Delivered,1259.13
12681,416,50,2025-06-25,Card,Delivered,871.18
12682,321,41,2025-08-07,UPI,Delivered,724.92
12683,40,47,2025-06-19,Cash,Cancelled,2133.91
12684,711,35,2025-04-29,UPI,Delivered,2947.98
12685,175,70,2025-02-17,Cash,Cancelled,346.91
12686,854,17,2025-12-25,Card,Delivered,2525.56
12687,742,36,2025-12-14,Card,Delivered,2543.33
12688,123,49,2025-10-06,Cash,Delivered,2383.76
12689,49,40,2025-07-23,UPI,Cancelled,1458.36
12690,174,17,2025-11-27,Card,Delivered,1848.88
12691,822,22,2025-09-17,Card,Delivered,810.04
12692,932,55,2025-04-22,Cash,Cancelled,795.74
12693,870,1,2025-08-01,UPI,Cancelled,619.56
12694,825,97,2025-07-10,Cash,Cancelled,278.94
12695,87,94,2025-03-09,Card,Delivered,2632.48
12696,798,96,2025-07-28,Card,Cancelled,740.85
12697,265,72,2025-01-30,Card,Delivered,1994.86
12698,176,6,2025-09-23,Cash,Cancelled,301.5
12699,122,65,2025-02-12,Cash,Delivered,519.0
12700,421,23,2025-04-16,Card,Delivered,406.33
12701,233,92,2025-11-14,UPI,Delivered,332.56
12702,474,9,2025-04-14,UPI,Delivered,2912.86
12703,989,71,2025-08-28,UPI,Cancelled,232.85
12704,749,84,2025-05-03,UPI,Cancelled,2605.06
12705,261,54,2025-05-17,UPI,Cancelled,1371.36
12706,266,87,2025-12-21,Card,Delivered,1825.73
12707,413,59,2025-09-27,Card,Cancelled,272.66
12708,68,80,2025-10-19,UPI,Cancelled,421.89
12709,347,85,2025-05-26,UPI,Delivered,400.38
12710,57,21,2025-08-23,Card,Cancelled,266.62
12711,419,9,2025-10-26,UPI,Delivered,2201.1
12712,741,43,2025-10-20,UPI,Cancelled,2337.66
12713,791,88,2025-01-28,Card,Delivered,1455.42
12714,451,49,2025-09-25,Card,Cancelled,2225.22
12715,82,47,2025-01-01,Card,Cancelled,2238.68
12716,697,98,2025-04-09,Card,Delivered,2482.48
12717,570,30,2025-06-01,Card,Cancelled,1865.12
12718,833,38,2025-04-02,Card,Delivered,2030.68
12719,146,27,2025-08-01,UPI,Delivered,888.2
12720,308,64,2025-12-01,Cash,Cancelled,2654.56
12721,959,33,2025-07-13,UPI,Cancelled,1123.08
12722,677,5,2025-07-23,Card,Cancelled,2558.77
12723,301,33,2025-01-26,UPI,Delivered,1580.55
12724,648,92,2025-10-28,UPI,Delivered,2744.47
12725,878,59,2025-01-16,Cash,Cancelled,1137.85
12726,216,55,2025-02-24,Cash,Delivered,656.3
12727,295,89,2025-12-27,Card,Cancelled,2345.27
12728,701,67,2025-08-04,Cash,Cancelled,586.2
12729,318,38,2025-08-15,Cash,Cancelled,448.96
12730,41,99,2025-07-09,Cash,Delivered,2846.37
12731,643,10,2025-12-15,Card,Cancelled,856.81
12732,568,72,2025-03-19,Cash,Cancelled,2278.46
12733,447,72,2025-02-22,Card,Cancelled,1942.37
12734,688,87,2025-02-15,UPI,Delivered,1082.11
12735,138,63,2025-07-28,Cash,Delivered,1196.16
12736,365,26,2025-04-22,UPI,Delivered,352.6
12737,716,85,2025-06-05,UPI,Delivered,343.18
12738,661,99,2025-06-25,Cash,Delivered,767.26
12739,360,62,2025-02-01,UPI,Delivered,2982.76
12740,357,54,2025-04-08,Card,Cancelled,2028.93
12741,112,82,2025-05-08,UPI,Delivered,2595.18
12742,469,52,2025-12-14,UPI,Cancelled,2174.68
12743,118,61,2025-08-30,Card,Cancelled,2136.17
12744,923,9,2025-09-28,Cash,Cancelled,2241.97
12745,343,20,2025-07-24,Cash,Delivered,2842.8
12746,978,39,2025-02-16,Card,Delivered,1533.17
12747,907,78,2025-04-27,Card,Delivered,1477.11
12748,122,90,2025-09-27,UPI,Delivered,1624.35
12749,140,38,2025-06-28,Card,Cancelled,2053.28
12750,578,1,2025-11-20,UPI,Cancelled,321.54
12751,391,73,2025-03-06,UPI,Delivered,241.19
12752,847,44,2025-12-02,Cash,Delivered,2825.65
12753,281,69,2025-02-05,Card,Delivered,1415.03
12754,454,7,2025-06-19,Card,Delivered,2339.82
12755,54,75,2025-12-23,UPI,Cancelled,1488.61
12756,892,58,2025-08-02,Card,Cancelled,1119.71
12757,135,40,2025-11-10,Card,Cancelled,2543.6
12758,745,93,2025-02-16,Card,Delivered,1397.3
12759,142,95,2025-08-05,Cash,Delivered,1528.66
12760,467,18,2025-10-17,Cash,Cancelled,834.26
12761,697,7,2025-07-09,UPI,Delivered,1486.2
12762,349,72,2025-06-24,Cash,Cancelled,2875.62
12763,96,52,2025-04-11,Card,Cancelled,1317.1
12764,338,63,2025-08-31,Card,Cancelled,1527.42
12765,808,35,2025-03-07,Card,Cancelled,1817.48
12766,853,21,2025-08-28,Cash,Delivered,1350.99
12767,325,37,2025-10-20,Cash,Cancelled,1637.11
12768,264,4,2025-07-08,Cash,Cancelled,2102.25
12769,46,81,2025-05-12,UPI,Cancelled,929.72
12770,904,59,2025-06-12,Cash,Delivered,2056.04
12771,475,11,2025-03-23,UPI,Delivered,1290.59
12772,941,87,2025-05-15,Card,Delivered,2765.34
12773,693,12,2025-02-15,UPI,Cancelled,2572.25
12774,358,48,2025-02-08,UPI,Delivered,1238.5
12775,298,5,2025-09-30,Cash,Cancelled,1915.51
12776,252,59,2025-09-02,Card,Cancelled,174.28
12777,895,92,2025-12-08,Card,Cancelled,2311.17
12778,938,98,2025-09-27,Cash,Delivered,2310.56
12779,809,5,2025-11-23,Cash,Cancelled,884.37
12780,809,64,2025-04-27,UPI,Delivered,2939.32
12781,35,5,2025-06-19,Card,Cancelled,2809.19
12782,370,26,2025-11-15,UPI,Delivered,2015.35
12783,682,37,2025-08-28,UPI,Cancelled,1411.91
12784,872,30,2025-10-30,UPI,Cancelled,1816.61
12785,837,12,2025-03-05,UPI,Delivered,1885.62
12786,412,9,2025-09-08,Card,Cancelled,1247.9
12787,300,9,2025-02-06,UPI,Cancelled,2135.21
12788,930,67,2025-12-02,UPI,Cancelled,501.29
12789,466,91,2025-12-24,Card,Delivered,524.42
12790,96,63,2025-10-31,Cash,Cancelled,1504.84
12791,993,25,2025-10-10,UPI,Delivered,1302.57
12792,205,92,2025-08-16,Card,Delivered,570.14
12793,516,39,2025-05-21,Cash,Delivered,1258.95
12794,577,64,2025-04-23,Card,Delivered,685.12
12795,889,47,2025-01-06,Card,Delivered,886.7
12796,509,21,2025-10-27,Cash,Delivered,1116.59
12797,918,86,2025-01-07,Cash,Cancelled,159.72
12798,191,72,2025-11-08,UPI,Cancelled,1317.81
12799,968,71,2025-09-04,Card,Delivered,1073.09
12800,212,9,2025-10-26,Cash,Cancelled,1808.61
12801,646,91,2025-09-02,Card,Cancelled,1069.0
12802,70,5,2025-07-04,Card,Delivered,664.74
12803,521,68,2025-05-30,Cash,Delivered,1936.78
12804,420,7,2025-02-01,UPI,Delivered,214.73
12805,923,80,2025-08-05,UPI,Cancelled,1382.28
12806,67,74,2025-12-12,Cash,Delivered,1638.75
12807,729,32,2025-10-10,Card,Cancelled,1531.31
12808,62,3,2025-08-11,Card,Cancelled,604.34
12809,108,89,2025-05-10,Card,Delivered,2309.98
12810,148,53,2025-03-12,Cash,Cancelled,1333.94
12811,335,45,2025-10-28,Cash,Cancelled,795.23
12812,325,5,2025-01-21,UPI,Cancelled,1333.85
12813,583,31,2025-12-12,UPI,Delivered,1456.27
12814,11,7,2025-09-23,UPI,Delivered,2012.0
12815,532,44,2025-05-06,Cash,Delivered,1389.12
12816,330,36,2025-12-11,Cash,Cancelled,283.34
12817,26,80,2025-09-13,Card,Delivered,2214.55
12818,398,38,2025-05-28,Card,Delivered,1004.04
12819,822,100,2025-11-01,UPI,Cancelled,367.02
12820,856,66,2025-05-27,Cash,Delivered,2146.42
12821,272,50,2025-01-07,UPI,Cancelled,538.07
12822,596,80,2025-12-15,Card,Cancelled,885.49
12823,295,30,2025-05-31,UPI,Cancelled,582.07
12824,344,69,2025-09-13,UPI,Cancelled,2691.04
12825,602,38,2025-04-10,Cash,Cancelled,1965.77
12826,597,28,2025-08-09,Cash,Delivered,1803.97
12827,224,9,2025-04-18,Card,Cancelled,924.03
12828,592,20,2025-08-11,UPI,Cancelled,1243.65
12829,846,37,2025-02-16,Card,Cancelled,1716.31
12830,276,5,2025-07-24,UPI,Delivered,2095.31
12831,792,100,2025-11-19,UPI,Delivered,557.69
12832,113,56,2025-07-22,Card,Delivered,1054.13
12833,6,41,2025-12-05,UPI,Cancelled,1041.55
12834,547,86,2025-05-05,Card,Delivered,1839.58
12835,293,88,2025-06-09,Cash,Cancelled,1132.57
12836,21,15,2025-10-09,UPI,Cancelled,1926.43
12837,809,40,2025-02-08,Cash,Delivered,731.37
12838,990,52,2025-08-25,Cash,Cancelled,2221.82
12839,251,14,2025-02-04,Cash,Cancelled,1800.63
12840,545,53,2025-07-23,Cash,Cancelled,2032.0
12841,703,27,2025-09-09,Card,Delivered,2952.76
12842,785,34,2025-09-25,Cash,Delivered,2603.01
12843,961,75,2025-02-27,Cash,Cancelled,2196.88
12844,526,53,2025-04-02,Cash,Delivered,512.52
12845,397,80,2025-12-30,Cash,Delivered,1187.39
12846,504,9,2025-11-25,Card,Cancelled,530.5
12847,949,85,2025-10-11,UPI,Cancelled,1709.12
12848,715,52,2025-11-28,UPI,Delivered,1697.5
12849,483,98,2025-02-13,UPI,Cancelled,1619.72
12850,690,54,2025-04-05,UPI,Delivered,783.74
12851,120,26,2025-08-17,Card,Cancelled,1430.94
12852,770,5,2025-01-19,Cash,Delivered,1967.88
12853,115,34,2025-01-26,Card,Cancelled,1391.4
12854,51,95,2025-08-07,Card,Cancelled,854.11
12855,670,34,2025-09-03,UPI,Delivered,1414.65
12856,637,75,2025-12-15,UPI,Delivered,882.47
12857,853,10,2025-04-30,Cash,Cancelled,1561.05
12858,989,60,2025-11-19,Cash,Cancelled,1018.8
12859,281,57,2025-11-14,UPI,Delivered,2871.76
12860,721,1,2025-01-15,UPI,Delivered,1014.42
12861,72,89,2025-09-13,Cash,Delivered,659.71
12862,297,56,2025-06-07,Cash,Delivered,1644.78
12863,170,81,2025-12-29,UPI,Delivered,1788.11
12864,227,20,2025-06-19,Cash,Delivered,1779.42
12865,397,28,2025-08-22,UPI,Delivered,619.15
12866,471,94,2025-12-29,UPI,Delivered,364.91
12867,781,73,2025-09-20,UPI,Delivered,491.91
12868,262,76,2025-03-11,UPI,Cancelled,179.8
12869,821,12,2025-04-04,Cash,Cancelled,2464.05
12870,224,92,2025-05-21,Cash,Delivered,1101.69
12871,691,23,2025-01-26,UPI,Delivered,504.67
12872,920,81,2025-09-14,Card,Delivered,2885.55
12873,336,67,2025-08-24,Card,Cancelled,813.23
12874,471,31,2025-08-27,Card,Cancelled,1457.83
12875,918,57,2025-06-27,Card,Cancelled,256.27
12876,38,85,2025-02-16,Cash,Cancelled,791.76
12877,915,10,2025-03-21,Cash,Cancelled,2044.62
12878,338,13,2025-08-10,Cash,Delivered,2611.07
12879,222,33,2025-11-09,UPI,Delivered,2533.83
12880,561,87,2025-06-01,Cash,Delivered,2626.21
12881,198,82,2025-01-11,Cash,Delivered,2038.29
12882,815,27,2025-02-10,UPI,Cancelled,1279.47
12883,239,66,2025-11-05,Card,Delivered,2774.47
12884,422,93,2025-11-17,Card,Cancelled,2981.29
12885,283,97,2025-02-12,UPI,Cancelled,1397.65
12886,258,16,2025-10-01,Cash,Delivered,2640.87
12887,447,13,2025-01-06,Card,Cancelled,1399.0
12888,818,62,2025-08-09,Card,Cancelled,1560.72
12889,356,23,2025-01-24,UPI,Delivered,1627.37
12890,544,88,2025-06-12,Card,Delivered,2399.5
12891,60,33,2025-11-27,UPI,Cancelled,549.04
12892,996,83,2025-12-23,Cash,Delivered,1549.89
12893,934,11,2025-09-18,Card,Delivered,1781.7
12894,551,95,2025-10-17,Cash,Delivered,2415.01
12895,909,46,2025-07-21,Card,Delivered,1645.21
12896,17,87,2025-02-25,Cash,Cancelled,1666.59
12897,167,47,2025-06-15,UPI,Cancelled,2200.61
12898,781,88,2025-09-10,Cash,Cancelled,381.84
12899,420,95,2025-04-12,Card,Cancelled,2948.1
12900,469,75,2025-12-13,Cash,Delivered,2762.95
12901,703,63,2025-04-12,UPI,Cancelled,2067.06
12902,344,46,2025-05-13,Card,Cancelled,1685.85
12903,225,92,2025-05-28,UPI,Cancelled,1780.45
12904,449,15,2025-11-13,Card,Cancelled,2162.44
12905,13,80,2025-02-27,Cash,Delivered,589.11
12906,383,63,2025-08-04,Cash,Delivered,367.67
12907,414,63,2025-06-07,Cash,Delivered,2791.01
12908,671,44,2025-01-05,UPI,Cancelled,1905.09
12909,867,66,2025-03-26,Cash,Delivered,2557.6
12910,332,15,2025-12-23,UPI,Cancelled,797.17
12911,764,100,2025-09-11,Card,Cancelled,2689.32
12912,333,15,2025-09-22,Cash,Cancelled,2835.82
12913,516,55,2025-11-05,Card,Cancelled,297.77
12914,924,29,2025-01-01,UPI,Cancelled,336.6
12915,29,27,2025-02-16,Cash,Cancelled,1749.73
12916,676,86,2025-01-24,UPI,Delivered,1037.65
12917,110,26,2025-07-29,UPI,Delivered,2551.54
12918,166,83,2025-08-04,Card,Cancelled,991.83
12919,139,40,2025-08-04,Card,Cancelled,2973.19
12920,802,13,2025-09-21,UPI,Delivered,842.5
12921,90,68,2025-07-14,UPI,Delivered,2716.6
12922,927,41,2025-06-29,Cash,Cancelled,2001.19
12923,51,50,2025-02-03,Cash,Cancelled,2105.08
12924,601,34,2025-04-16,Cash,Cancelled,2481.1
12925,237,22,2025-10-24,Cash,Delivered,239.2
12926,363,27,2025-08-07,UPI,Cancelled,179.95
12927,537,53,2025-05-24,Card,Delivered,620.4
12928,416,39,2025-11-01,UPI,Cancelled,2003.43
12929,311,28,2025-03-02,UPI,Cancelled,2035.47
12930,551,3,2025-08-19,Card,Delivered,2466.32
12931,271,59,2025-05-08,Cash,Delivered,2863.1
12932,910,10,2025-07-10,Cash,Delivered,2534.6
12933,14,22,2025-12-25,Cash,Delivered,2539.75
12934,769,68,2025-02-19,Cash,Cancelled,2404.56
12935,14,72,2025-08-13,Cash,Delivered,198.42
12936,281,38,2025-11-25,UPI,Cancelled,2669.88
12937,940,98,2025-03-14,Cash,Delivered,2876.86
12938,168,48,2025-01-10,UPI,Delivered,2515.34
12939,962,92,2025-01-07,Card,Delivered,1207.38
12940,438,9,2025-10-07,Card,Delivered,1477.88
12941,417,37,2025-10-27,UPI,Cancelled,2431.43
12942,986,97,2025-07-13,Card,Delivered,1069.67
12943,763,21,2025-10-02,UPI,Delivered,2112.47
12944,53,41,2025-10-08,Card,Cancelled,443.68
12945,13,98,2025-10-27,UPI,Cancelled,1154.4
12946,393,67,2025-12-12,Card,Delivered,299.44
12947,759,71,2025-12-12,Cash,Delivered,216.48
12948,260,62,2025-02-17,UPI,Delivered,2954.18
12949,797,13,2025-02-20,UPI,Delivered,1454.57
12950,902,60,2025-07-06,Card,Delivered,727.21
12951,253,10,2025-12-05,Cash,Cancelled,750.1
12952,828,76,2025-01-08,UPI,Cancelled,1909.99
12953,849,16,2025-01-24,UPI,Delivered,247.59
12954,817,47,2025-09-11,Card,Delivered,743.19
12955,629,41,2025-01-15,Cash,Cancelled,2297.59
12956,688,77,2025-11-01,Card,Cancelled,2574.47
12957,62,94,2025-02-22,Cash,Delivered,1159.15
12958,231,48,2025-05-09,Cash,Delivered,2841.27
12959,823,3,2025-12-02,UPI,Cancelled,496.34
12960,971,6,2025-04-14,UPI,Delivered,2518.45
12961,661,30,2025-01-27,UPI,Cancelled,2665.69
12962,607,43,2025-05-11,Card,Cancelled,2230.82
12963,867,74,2025-06-04,UPI,Cancelled,1375.68
12964,524,100,2025-08-18,UPI,Delivered,740.45
12965,43,19,2025-11-03,Cash,Delivered,1312.16
12966,163,77,2025-05-02,Cash,Delivered,2389.18
12967,715,83,2025-01-25,Cash,Cancelled,1519.02
12968,473,34,2025-06-17,Card,Cancelled,2302.68
12969,453,22,2025-09-09,Cash,Cancelled,2515.77
12970,442,33,2025-11-30,Cash,Delivered,960.22
12971,106,65,2025-05-16,UPI,Cancelled,1686.01
12972,362,47,2025-08-27,Cash,Delivered,846.54
12973,913,94,2025-05-23,Cash,Cancelled,1382.42
12974,881,38,2025-11-30,Cash,Cancelled,2698.55
12975,749,51,2025-03-18,UPI,Cancelled,2085.9
12976,465,28,2025-12-26,Card,Delivered,2451.66
12977,739,6,2025-07-28,UPI,Delivered,1325.85
12978,176,36,2025-01-04,Card,Cancelled,1428.74
12979,252,93,2025-06-07,UPI,Cancelled,2386.47
12980,624,8,2025-05-25,UPI,Delivered,585.38
12981,129,89,2025-06-23,Cash,Cancelled,2243.66
12982,183,3,2025-06-16,Cash,Cancelled,2373.34
12983,275,77,2025-03-08,Cash,Delivered,2870.08
12984,549,100,2025-07-22,UPI,Cancelled,459.04
12985,965,84,2025-07-25,Card,Delivered,1122.13
12986,920,50,2025-07-30,Cash,Cancelled,883.55
12987,922,3,2025-03-27,Card,Delivered,696.91
12988,690,86,2025-09-11,Cash,Delivered,2821.51
12989,627,52,2025-09-21,Cash,Delivered,573.91
12990,594,35,2025-05-16,Cash,Delivered,1926.3
12991,366,32,2025-10-23,Cash,Cancelled,929.39
12992,756,19,2025-05-13,UPI,Delivered,1709.0
12993,237,19,2025-06-24,Card,Delivered,2951.4
12994,12,63,2025-02-09,UPI,Delivered,2212.51
12995,976,89,2025-01-16,UPI,Cancelled,2571.12
12996,382,26,2025-03-16,Cash,Cancelled,401.71
12997,340,1,2025-01-08,Card,Cancelled,294.25
12998,286,28,2025-05-13,Cash,Delivered,2990.22
12999,528,54,2025-10-07,UPI,Cancelled,759.55
13000,444,17,2025-03-08,Cash,Cancelled,2486.31
13001,151,62,2025-09-17,Card,Cancelled,1511.62
13002,966,46,2025-01-10,UPI,Delivered,663.14
13003,617,1,2025-07-24,Card,Cancelled,1968.91
13004,53,11,2025-08-29,Card,Cancelled,855.4
13005,634,23,2025-05-22,Card,Delivered,853.04
13006,183,32,2025-02-27,UPI,Cancelled,2306.49
13007,83,2,2025-08-15,Card,Cancelled,2581.6
13008,48,12,2025-12-19,Cash,Delivered,466.56
13009,139,80,2025-05-25,Cash,Delivered,2595.16
13010,96,61,2025-05-20,Cash,Delivered,236.62
13011,87,12,2025-09-18,UPI,Delivered,1091.43
13012,630,18,2025-08-13,Cash,Cancelled,2230.68
13013,951,3,2025-04-12,Cash,Delivered,1254.79
13014,817,35,2025-02-28,Card,Delivered,1454.5
13015,121,83,2025-04-16,Card,Cancelled,2881.81
13016,37,46,2025-10-07,Cash,Cancelled,849.43
13017,276,8,2025-12-29,Cash,Delivered,2787.48
13018,816,34,2025-05-28,UPI,Delivered,2528.29
13019,853,11,2025-11-27,Cash,Delivered,1892.75
13020,25,72,2025-08-20,UPI,Cancelled,2804.69
13021,833,36,2025-01-11,Cash,Cancelled,997.38
13022,349,36,2025-06-08,Card,Cancelled,2201.57
13023,600,43,2025-09-11,UPI,Delivered,2638.27
13024,965,24,2025-12-18,UPI,Cancelled,1421.14
13025,756,85,2025-06-29,UPI,Cancelled,2629.55
13026,707,24,2025-03-12,UPI,Delivered,2379.03
13027,842,61,2025-03-20,Card,Cancelled,746.74
13028,569,75,2025-09-24,Cash,Cancelled,648.18
13029,149,92,2025-05-06,Cash,Delivered,1800.15
13030,284,68,2025-06-27,Card,Delivered,645.33
13031,648,17,2025-08-25,UPI,Delivered,1690.83
13032,335,58,2025-11-12,Card,Cancelled,2487.28
13033,380,25,2025-12-23,Cash,Delivered,1123.95
13034,658,71,2025-09-06,Card,Cancelled,885.13
13035,630,100,2025-03-21,Card,Delivered,542.41
13036,679,30,2025-01-30,Cash,Delivered,1806.36
13037,505,21,2025-11-18,UPI,Cancelled,2197.41
13038,286,40,2025-10-01,Cash,Delivered,2014.85
13039,734,46,2025-10-07,UPI,Cancelled,479.48
13040,532,83,2025-08-27,UPI,Cancelled,689.87
13041,548,94,2025-04-16,Cash,Delivered,568.94
13042,891,90,2025-04-28,UPI,Delivered,1764.9
13043,552,10,2025-06-05,Card,Delivered,593.67
13044,238,34,2025-04-22,UPI,Cancelled,599.18
13045,118,43,2025-08-03,UPI,Delivered,2086.6
13046,150,38,2025-06-15,Cash,Delivered,2568.43
13047,622,84,2025-01-13,UPI,Delivered,2271.98
13048,408,59,2025-02-22,Cash,Cancelled,2961.12
13049,302,56,2025-10-09,Card,Cancelled,547.71
13050,448,11,2025-07-28,Card,Cancelled,752.39
13051,684,16,2025-07-09,UPI,Cancelled,1524.07
13052,570,22,2025-11-05,UPI,Delivered,2496.96
13053,667,43,2025-02-08,Cash,Cancelled,1796.98
13054,911,3,2025-10-09,Cash,Cancelled,2851.95
13055,25,29,2025-01-22,Cash,Cancelled,2755.49
13056,230,40,2025-08-13,Cash,Cancelled,1651.92
13057,4,85,2025-06-15,Cash,Delivered,920.91
13058,640,42,2025-09-08,UPI,Cancelled,2989.46
13059,452,13,2025-01-16,Card,Delivered,1928.25
13060,517,66,2025-10-09,UPI,Cancelled,353.65
13061,819,86,2025-11-22,UPI,Delivered,1338.46
13062,397,30,2025-11-21,Cash,Cancelled,2500.11
13063,467,1,2025-11-10,Card,Cancelled,1595.93
13064,282,54,2025-09-29,Card,Cancelled,2245.51
13065,938,7,2025-04-23,UPI,Delivered,1455.65
13066,561,70,2025-09-12,Cash,Delivered,2644.02
13067,542,34,2025-01-10,Cash,Delivered,607.25
13068,482,58,2025-07-20,UPI,Cancelled,302.1
13069,168,51,2025-12-24,UPI,Cancelled,2532.51
13070,369,24,2025-11-03,UPI,Cancelled,2789.5
13071,377,66,2025-09-21,Card,Cancelled,1156.2
13072,450,30,2025-12-18,Card,Cancelled,2936.07
13073,257,99,2025-05-11,UPI,Delivered,2054.93
13074,971,11,2025-06-16,UPI,Cancelled,2803.78
13075,324,68,2025-10-19,Cash,Delivered,867.64
13076,961,78,2025-08-04,UPI,Delivered,1795.48
13077,781,49,2025-07-01,UPI,Delivered,296.0
13078,452,77,2025-08-06,Cash,Cancelled,2037.84
13079,760,69,2025-05-25,Cash,Cancelled,1589.19
13080,269,19,2025-06-24,Cash,Delivered,1256.12
13081,522,82,2025-05-05,Cash,Delivered,1875.03
13082,980,16,2025-07-01,UPI,Cancelled,1076.51
13083,996,3,2025-07-12,Cash,Delivered,2724.47
13084,857,92,2025-06-29,Cash,Cancelled,1627.35
13085,959,55,2025-04-25,Card,Delivered,2826.38
13086,361,25,2025-11-18,UPI,Cancelled,1664.43
13087,833,81,2025-11-14,Cash,Cancelled,701.09
13088,477,72,2025-04-05,Card,Cancelled,2032.39
13089,434,31,2025-06-02,UPI,Delivered,1322.12
13090,207,95,2025-04-13,Card,Delivered,2916.24
13091,714,14,2025-03-12,UPI,Cancelled,779.39
13092,547,34,2025-07-17,UPI,Delivered,1034.54
13093,596,13,2025-03-27,UPI,Cancelled,1295.16
13094,744,22,2025-02-04,Cash,Delivered,2674.65
13095,380,16,2025-10-04,UPI,Cancelled,948.39
13096,302,85,2025-08-08,UPI,Delivered,753.39
13097,757,11,2025-04-25,UPI,Delivered,322.66
13098,686,23,2025-08-04,Card,Delivered,828.19
13099,881,20,2025-06-25,Card,Cancelled,1284.65
13100,598,92,2025-07-14,Cash,Delivered,1244.99
13101,212,16,2025-08-12,Card,Cancelled,2434.81
13102,77,99,2025-08-05,Cash,Cancelled,1995.29
13103,338,16,2025-09-20,Cash,Cancelled,1723.08
13104,327,45,2025-11-25,Cash,Cancelled,438.81
13105,193,6,2025-10-24,Cash,Delivered,2496.63
13106,907,99,2025-02-15,UPI,Cancelled,574.96
13107,221,51,2025-10-24,Card,Delivered,917.1
13108,636,98,2025-02-20,UPI,Cancelled,1564.11
13109,159,80,2025-10-13,Card,Cancelled,1229.79
13110,365,50,2025-05-03,Cash,Delivered,1726.16
13111,373,11,2025-09-15,Cash,Cancelled,2054.73
13112,123,14,2025-07-18,Cash,Delivered,1393.68
13113,501,21,2025-07-24,Card,Cancelled,268.3
13114,307,32,2025-12-17,Cash,Cancelled,471.86
13115,956,83,2025-03-05,UPI,Cancelled,1583.25
13116,227,89,2025-09-27,Card,Delivered,2850.67
13117,698,83,2025-01-07,UPI,Cancelled,2420.73
13118,670,16,2025-08-11,UPI,Cancelled,2598.84
13119,482,98,2025-12-04,UPI,Delivered,2507.93
13120,576,83,2025-01-11,Card,Cancelled,284.41
13121,853,64,2025-08-04,UPI,Delivered,916.51
13122,833,78,2025-11-13,Cash,Cancelled,2090.59
13123,8,94,2025-01-24,UPI,Cancelled,226.93
13124,708,84,2025-02-05,Cash,Delivered,2255.0
13125,627,34,2025-03-17,Card,Cancelled,1431.72
13126,864,52,2025-04-02,Cash,Delivered,2642.4
13127,211,66,2025-05-14,UPI,Delivered,1767.38
13128,450,52,2025-07-03,UPI,Cancelled,2466.14
13129,299,7,2025-03-18,UPI,Delivered,1228.28
13130,189,82,2025-09-19,Card,Cancelled,2159.57
13131,243,15,2025-01-02,UPI,Cancelled,420.77
13132,368,24,2025-09-05,Cash,Delivered,2513.74
13133,150,45,2025-05-20,Card,Cancelled,1400.05
13134,74,13,2025-04-27,Card,Cancelled,187.29
13135,297,7,2025-07-02,UPI,Cancelled,2541.62
13136,125,63,2025-07-26,UPI,Cancelled,1172.29
13137,15,77,2025-01-26,Cash,Delivered,162.23
13138,276,39,2025-07-19,UPI,Cancelled,2062.03
13139,236,12,2025-12-29,Cash,Cancelled,1609.17
13140,515,58,2025-10-12,Card,Cancelled,715.96
13141,713,97,2025-12-31,Card,Delivered,1147.91
13142,593,56,2025-10-05,Cash,Cancelled,2782.99
13143,906,25,2025-03-01,UPI,Cancelled,2418.95
13144,341,31,2025-03-19,Cash,Delivered,2870.1
13145,568,7,2025-08-16,UPI,Cancelled,1247.5
13146,986,68,2025-07-03,Card,Delivered,907.79
13147,616,32,2025-03-26,UPI,Cancelled,1401.64
13148,839,11,2025-11-09,Card,Delivered,1888.13
13149,923,30,2025-06-05,Cash,Cancelled,2042.14
13150,442,33,2025-01-20,UPI,Cancelled,1054.23
13151,200,10,2025-11-16,UPI,Delivered,1132.06
13152,565,60,2025-05-09,UPI,Delivered,1078.12
13153,596,17,2025-07-03,Cash,Cancelled,2361.92
13154,146,53,2025-05-31,Cash,Delivered,649.41
13155,88,15,2025-04-14,Cash,Cancelled,699.96
13156,851,70,2025-11-04,Cash,Delivered,2788.18
13157,474,77,2025-10-08,UPI,Cancelled,710.0
13158,908,59,2025-01-21,UPI,Delivered,1491.87
13159,931,22,2025-06-07,Card,Cancelled,1172.38
13160,312,68,2025-01-20,Cash,Delivered,2457.57
13161,740,88,2025-09-27,Card,Cancelled,234.6
13162,307,84,2025-09-25,Card,Cancelled,2381.18
13163,424,21,2025-08-14,Card,Cancelled,2486.89
13164,923,78,2025-04-18,Cash,Delivered,1025.72
13165,820,98,2025-08-12,UPI,Delivered,305.78
13166,540,80,2025-05-15,Card,Cancelled,2618.86
13167,153,57,2025-07-03,Card,Delivered,2536.8
13168,350,50,2025-09-27,Card,Cancelled,2094.6
13169,721,67,2025-06-10,Cash,Delivered,238.57
13170,23,62,2025-01-12,Cash,Cancelled,283.73
13171,877,8,2025-06-14,UPI,Delivered,2666.84
13172,496,11,2025-02-08,Card,Delivered,600.94
13173,802,71,2025-02-25,UPI,Delivered,2661.56
13174,981,80,2025-03-11,Cash,Cancelled,1713.07
13175,158,23,2025-02-06,Cash,Cancelled,1583.81
13176,592,53,2025-06-26,Cash,Cancelled,765.61
13177,187,51,2025-05-24,UPI,Cancelled,304.71
13178,141,90,2025-04-22,Cash,Cancelled,848.05
13179,235,75,2025-08-21,Card,Delivered,462.37
13180,906,63,2025-03-02,Cash,Delivered,2628.01
13181,428,46,2025-03-08,UPI,Cancelled,2754.75
13182,813,76,2025-06-21,Cash,Cancelled,445.5
13183,110,1,2025-10-17,Card,Cancelled,607.12
13184,827,42,2025-06-04,UPI,Cancelled,297.32
13185,753,55,2025-02-18,Cash,Delivered,692.06
13186,450,11,2025-06-03,UPI,Delivered,749.48
13187,516,28,2025-10-17,Cash,Cancelled,2475.84
13188,370,13,2025-12-19,Cash,Delivered,987.17
13189,410,60,2025-12-23,Card,Cancelled,2189.73
13190,117,35,2025-12-23,UPI,Delivered,160.87
13191,89,13,2025-04-13,Cash,Cancelled,717.29
13192,635,3,2025-11-29,UPI,Cancelled,1859.17
13193,500,6,2025-09-27,UPI,Delivered,2312.49
13194,423,36,2025-08-19,Cash,Cancelled,2779.75
13195,49,22,2025-12-06,Cash,Delivered,938.62
13196,83,61,2025-04-30,Card,Cancelled,2204.96
13197,984,27,2025-06-14,Cash,Cancelled,2064.74
13198,492,100,2025-10-31,UPI,Delivered,1498.77
13199,485,92,2025-01-09,UPI,Cancelled,168.17
13200,376,59,2025-11-02,Cash,Delivered,1182.05
13201,130,66,2025-11-29,Card,Cancelled,1483.84
13202,153,63,2025-12-10,Card,Delivered,1326.4
13203,475,83,2025-04-26,Cash,Delivered,1209.27
13204,455,73,2025-09-12,Cash,Delivered,368.32
13205,560,40,2025-07-04,UPI,Cancelled,2513.64
13206,90,62,2025-03-23,UPI,Delivered,2197.01
13207,720,5,2025-09-28,Card,Delivered,246.33
13208,871,84,2025-09-08,Cash,Cancelled,2662.53
13209,562,75,2025-09-03,UPI,Cancelled,2216.86
13210,563,32,2025-03-19,UPI,Delivered,1367.31
13211,372,12,2025-09-25,Card,Cancelled,642.32
13212,142,81,2025-09-17,UPI,Cancelled,2636.02
13213,769,75,2025-07-20,Card,Delivered,523.73
13214,889,24,2025-10-19,Cash,Cancelled,2180.81
13215,597,26,2025-12-22,UPI,Cancelled,1804.72
13216,885,50,2025-01-25,Card,Delivered,2816.68
13217,358,3,2025-05-09,Card,Delivered,2155.6
13218,782,80,2025-01-15,UPI,Cancelled,411.91
13219,192,65,2025-10-05,UPI,Delivered,1482.36
13220,532,84,2025-05-12,Card,Delivered,2191.35
13221,806,22,2025-04-02,UPI,Cancelled,1113.7
13222,280,90,2025-02-17,Card,Cancelled,799.17
13223,278,86,2025-01-01,Cash,Cancelled,2603.24
13224,2,81,2025-12-10,Cash,Cancelled,2084.52
13225,260,73,2025-09-29,Cash,Delivered,1700.66
13226,583,51,2025-11-20,Card,Delivered,1750.26
13227,742,44,2025-10-10,Card,Cancelled,2914.39
13228,25,77,2025-11-15,Cash,Cancelled,1035.22
13229,851,6,2025-11-06,Cash,Delivered,454.64
13230,397,73,2025-04-19,UPI,Cancelled,531.58
13231,917,29,2025-08-06,UPI,Cancelled,2890.09
13232,449,66,2025-09-24,Cash,Cancelled,1270.84
13233,537,74,2025-08-27,Cash,Delivered,378.19
13234,443,91,2025-01-29,Card,Delivered,535.25
13235,703,84,2025-03-11,Card,Delivered,1971.95
13236,685,83,2025-06-19,Card,Delivered,436.53
13237,435,15,2025-06-10,Card,Delivered,2430.27
13238,244,54,2025-08-10,UPI,Cancelled,2735.7
13239,955,2,2025-05-29,Card,Delivered,2938.86
13240,50,30,2025-10-07,Cash,Cancelled,786.18
13241,822,24,2025-09-17,Cash,Delivered,1227.4
13242,782,2,2025-03-13,Cash,Delivered,2352.13
13243,431,77,2025-08-03,Cash,Delivered,1287.11
13244,886,29,2025-05-16,Card,Delivered,609.6
13245,280,86,2025-03-27,UPI,Delivered,740.59
13246,849,59,2025-01-25,UPI,Cancelled,2864.14
13247,126,11,2025-01-03,Cash,Delivered,1468.69
13248,485,58,2025-05-06,Card,Cancelled,991.62
13249,939,22,2025-08-08,Cash,Cancelled,2692.71
13250,588,99,2025-02-14,Card,Cancelled,2182.06
13251,694,62,2025-12-07,Cash,Cancelled,1557.01
13252,557,37,2025-07-20,Cash,Delivered,1637.36
13253,16,55,2025-05-02,UPI,Cancelled,980.69
13254,24,80,2025-04-26,Card,Delivered,1309.92
13255,413,38,2025-05-13,Card,Delivered,2241.61
13256,271,10,2025-08-26,UPI,Delivered,185.72
13257,45,66,2025-10-20,Cash,Cancelled,2835.64
13258,628,86,2025-07-22,Card,Cancelled,1403.6
13259,474,54,2025-12-24,UPI,Cancelled,2490.9
13260,784,87,2025-06-26,Card,Cancelled,855.94
13261,983,77,2025-09-27,Cash,Cancelled,1312.97
13262,782,53,2025-06-19,Card,Cancelled,285.41
13263,808,20,2025-04-16,UPI,Delivered,572.51
13264,273,18,2025-02-03,Cash,Delivered,1971.37
13265,502,43,2025-05-26,Card,Cancelled,690.87
13266,939,2,2025-07-21,Card,Cancelled,2263.28
13267,193,41,2025-08-13,Cash,Cancelled,586.04
13268,74,11,2025-04-21,Cash,Delivered,993.42
13269,449,33,2025-12-30,Cash,Delivered,1023.56
13270,123,75,2025-12-13,Cash,Cancelled,1013.54
13271,50,75,2025-08-29,Cash,Delivered,2280.14
13272,855,63,2025-05-09,Cash,Delivered,288.91
13273,108,99,2025-01-09,Cash,Cancelled,1784.66
13274,563,15,2025-12-03,UPI,Cancelled,944.1
13275,300,99,2025-10-25,UPI,Cancelled,165.66
13276,905,34,2025-03-12,Card,Delivered,455.34
13277,862,46,2025-11-04,Cash,Delivered,2475.14
13278,76,87,2025-01-09,Card,Cancelled,2192.59
13279,374,28,2025-03-02,Cash,Cancelled,412.47
13280,429,94,2025-08-15,Card,Cancelled,2541.68
13281,122,38,2025-03-28,Cash,Cancelled,947.74
13282,285,45,2025-09-13,Cash,Delivered,2507.22
13283,627,5,2025-08-03,Cash,Cancelled,2114.62
13284,26,24,2025-12-23,Cash,Delivered,2154.22
13285,495,44,2025-04-20,Card,Delivered,1301.56
13286,132,79,2025-06-03,UPI,Delivered,2462.34
13287,316,40,2025-02-13,UPI,Cancelled,1506.21
13288,255,17,2025-08-09,UPI,Cancelled,2531.98
13289,774,87,2025-08-02,Card,Delivered,1970.78
13290,877,1,2025-03-26,Cash,Delivered,2846.93
13291,660,67,2025-02-22,UPI,Cancelled,224.04
13292,466,45,2025-11-16,Cash,Delivered,438.79
13293,914,26,2025-01-20,Cash,Cancelled,2567.26
13294,210,43,2025-06-10,UPI,Cancelled,1017.2
13295,193,9,2025-04-14,Card,Delivered,1116.91
13296,422,75,2025-02-08,Cash,Cancelled,391.47
13297,922,90,2025-10-10,UPI,Cancelled,1090.64
13298,241,78,2025-03-27,Card,Cancelled,1940.61
13299,138,23,2025-05-14,UPI,Delivered,1122.45
13300,874,24,2025-12-20,Card,Delivered,224.55
13301,478,72,2025-11-20,Card,Cancelled,241.06
13302,339,30,2025-10-06,Cash,Delivered,1028.36
13303,489,70,2025-10-11,Cash,Cancelled,944.12
13304,71,71,2025-02-08,Cash,Delivered,1746.11
13305,147,68,2025-11-08,Cash,Delivered,1579.02
13306,481,3,2025-02-15,UPI,Cancelled,1993.7
13307,129,72,2025-08-03,UPI,Delivered,1985.86
13308,403,75,2025-04-04,Cash,Cancelled,1584.42
13309,885,45,2025-10-01,Cash,Cancelled,1473.44
13310,197,16,2025-11-28,UPI,Cancelled,504.12
13311,870,19,2025-05-15,UPI,Delivered,1831.24
13312,767,66,2025-09-05,Cash,Cancelled,2463.74
13313,329,81,2025-12-16,Cash,Cancelled,2520.21
13314,922,4,2025-06-12,UPI,Delivered,2261.91
13315,69,83,2025-01-15,Cash,Delivered,1392.98
13316,602,10,2025-10-22,Cash,Cancelled,2689.31
13317,838,44,2025-01-28,UPI,Delivered,1122.53
13318,224,7,2025-02-07,UPI,Delivered,1512.69
13319,632,14,2025-10-18,Card,Delivered,2746.74
13320,107,51,2025-10-08,Cash,Delivered,2271.2
13321,61,86,2025-08-13,Card,Delivered,1830.4
13322,62,19,2025-03-02,Card,Cancelled,864.43
13323,117,33,2025-09-23,Card,Cancelled,450.05
13324,657,48,2025-02-14,UPI,Delivered,1890.78
13325,425,35,2025-03-03,UPI,Delivered,275.24
13326,32,18,2025-10-07,Cash,Cancelled,1113.29
13327,681,41,2025-08-26,Cash,Cancelled,2460.28
13328,505,15,2025-06-01,Card,Delivered,2936.16
13329,569,41,2025-09-15,Card,Delivered,2143.26
13330,550,21,2025-06-21,Card,Delivered,2465.15
13331,758,3,2025-03-21,Cash,Cancelled,2967.52
13332,730,76,2025-09-05,Cash,Delivered,2800.72
13333,950,95,2025-12-31,Cash,Delivered,2371.99
13334,960,64,2025-03-19,UPI,Cancelled,1276.61
13335,858,74,2025-07-25,Cash,Delivered,1461.25
13336,359,20,2025-02-16,Card,Cancelled,321.43
13337,462,2,2025-12-06,Cash,Cancelled,2260.61
13338,267,50,2025-05-28,Card,Delivered,1266.8
13339,340,75,2025-02-15,Cash,Delivered,1773.18
13340,28,49,2025-09-21,Cash,Delivered,2911.62
13341,700,69,2025-06-02,UPI,Cancelled,605.55
13342,323,62,2025-10-13,Card,Cancelled,2538.23
13343,358,36,2025-10-23,Cash,Cancelled,471.47
13344,215,93,2025-07-14,UPI,Cancelled,2378.56
13345,26,17,2025-10-08,UPI,Cancelled,2451.57
13346,20,30,2025-02-16,UPI,Delivered,1036.49
13347,794,14,2025-04-30,Cash,Cancelled,2070.27
13348,750,10,2025-03-08,Card,Cancelled,616.94
13349,120,68,2025-04-09,Cash,Cancelled,1748.88
13350,29,29,2025-03-24,Cash,Delivered,2279.48
13351,10,70,2025-10-24,Cash,Delivered,1997.69
13352,475,77,2025-03-08,Cash,Delivered,2597.08
13353,161,61,2025-12-22,Cash,Cancelled,649.75
13354,698,25,2025-09-14,Cash,Delivered,2060.72
13355,423,12,2025-12-21,Card,Delivered,1701.8
13356,963,53,2025-05-25,Cash,Cancelled,1469.24
13357,2,30,2025-08-08,Card,Cancelled,2523.05
13358,85,32,2025-03-12,UPI,Cancelled,1614.91
13359,145,82,2025-04-29,Cash,Delivered,2197.98
13360,343,95,2025-02-19,Cash,Delivered,1394.75
13361,729,74,2025-11-13,Card,Cancelled,2294.25
13362,734,24,2025-04-06,UPI,Cancelled,1159.73
13363,962,68,2025-07-29,Cash,Delivered,242.68
13364,260,97,2025-03-26,Card,Delivered,1275.32
13365,533,13,2025-07-12,Card,Cancelled,597.52
13366,436,40,2025-12-04,Cash,Delivered,1146.24
13367,814,10,2025-01-17,UPI,Delivered,2483.89
13368,946,18,2025-09-13,UPI,Delivered,967.17
13369,167,96,2025-08-23,Card,Cancelled,1119.0
13370,298,81,2025-03-04,UPI,Delivered,1344.29
13371,126,20,2025-02-24,Card,Delivered,2558.99
13372,989,95,2025-05-10,Card,Delivered,2859.84
13373,806,43,2025-06-22,Cash,Cancelled,2457.98
13374,614,6,2025-08-20,Cash,Delivered,2749.44
13375,681,24,2025-08-27,Cash,Delivered,1871.89
13376,65,12,2025-11-09,Card,Delivered,374.4
13377,678,41,2025-09-12,Card,Delivered,2658.85
13378,804,10,2025-01-19,UPI,Cancelled,2204.28
13379,644,6,2025-08-20,Cash,Cancelled,261.14
13380,940,34,2025-12-15,Card,Delivered,1752.07
13381,865,81,2025-09-03,UPI,Delivered,179.48
13382,476,90,2025-01-22,Card,Cancelled,2167.69
13383,385,20,2025-08-06,UPI,Cancelled,1570.06
13384,313,11,2025-11-06,Card,Delivered,2611.45
13385,114,70,2025-07-10,Cash,Delivered,1872.22
13386,318,63,2025-06-03,Cash,Cancelled,908.62
13387,529,64,2025-02-01,Cash,Cancelled,2420.46
13388,414,35,2025-04-06,UPI,Cancelled,2458.7
13389,493,51,2025-09-25,UPI,Delivered,1068.59
13390,695,20,2025-08-30,UPI,Delivered,2738.66
13391,822,71,2025-01-07,UPI,Cancelled,1724.67
13392,17,43,2025-08-21,Card,Cancelled,210.44
13393,660,76,2025-10-29,UPI,Cancelled,263.6
13394,612,64,2025-02-22,UPI,Delivered,2411.04
13395,554,86,2025-04-23,UPI,Cancelled,583.34
13396,278,28,2025-06-04,Card,Cancelled,1557.83
13397,352,43,2025-01-17,Card,Cancelled,2471.87
13398,478,54,2025-09-30,Cash,Delivered,354.15
13399,986,27,2025-01-09,UPI,Delivered,1613.97
13400,113,5,2025-04-16,UPI,Cancelled,1066.38
13401,850,70,2025-08-29,Card,Cancelled,1058.93
13402,409,27,2025-10-23,UPI,Cancelled,1039.13
13403,676,17,2025-08-22,Card,Delivered,444.43
13404,478,57,2025-11-28,Cash,Delivered,2084.35
13405,723,15,2025-03-13,Cash,Delivered,953.04
13406,210,26,2025-06-15,Card,Delivered,2470.32
13407,291,12,2025-05-16,Card,Delivered,2829.03
13408,447,67,2025-10-16,Cash,Delivered,2739.95
13409,619,67,2025-05-30,UPI,Cancelled,227.6
13410,906,7,2025-09-20,UPI,Delivered,1797.37
13411,899,15,2025-02-24,Cash,Cancelled,2357.63
13412,18,73,2025-06-25,Cash,Cancelled,498.84
13413,542,84,2025-10-25,Card,Delivered,2671.78
13414,523,19,2025-03-27,UPI,Cancelled,642.63
13415,611,7,2025-12-17,Card,Delivered,2503.2
13416,608,27,2025-06-16,Cash,Cancelled,992.19
13417,880,87,2025-09-17,Card,Cancelled,1132.46
13418,955,21,2025-03-12,Cash,Cancelled,356.9
13419,571,46,2025-03-03,Card,Cancelled,998.04
13420,128,7,2025-10-16,Card,Delivered,220.67
13421,799,24,2025-09-11,Card,Delivered,1433.7
13422,100,23,2025-01-24,Card,Cancelled,2201.46
13423,349,67,2025-09-10,Card,Delivered,1169.26
13424,944,36,2025-07-24,Cash,Delivered,2395.02
13425,62,15,2025-07-23,UPI,Cancelled,1156.86
13426,844,41,2025-10-12,Cash,Delivered,2244.79
13427,902,75,2025-02-15,UPI,Delivered,2292.04
13428,580,5,2025-03-28,Card,Delivered,2996.63
13429,551,98,2025-08-16,Cash,Delivered,408.96
13430,94,65,2025-08-10,Card,Cancelled,2705.75
13431,499,19,2025-03-12,Cash,Cancelled,1172.62
13432,391,84,2025-07-24,Cash,Cancelled,1564.72
13433,371,10,2025-03-03,Cash,Cancelled,2434.45
13434,41,13,2025-07-01,Cash,Delivered,212.12
13435,141,39,2025-05-08,Card,Delivered,1724.5
13436,392,38,2025-11-11,UPI,Delivered,2812.74
13437,547,88,2025-05-03,Cash,Delivered,2128.91
13438,730,8,2025-06-10,UPI,Delivered,1572.96
13439,524,85,2025-01-14,Cash,Cancelled,2502.76
13440,692,84,2025-08-29,Cash,Cancelled,2742.65
13441,1000,33,2025-05-05,Card,Delivered,1772.19
13442,570,1,2025-03-03,Card,Delivered,1792.48
13443,962,37,2025-01-16,Cash,Delivered,1967.62
13444,897,7,2025-03-15,Card,Cancelled,1906.23
13445,620,38,2025-06-12,UPI,Delivered,963.12
13446,584,78,2025-12-31,Card,Delivered,560.92
13447,729,75,2025-01-05,Cash,Delivered,2721.68
13448,255,76,2025-03-09,UPI,Delivered,2485.43
13449,869,77,2025-12-07,Card,Cancelled,833.36
13450,351,89,2025-04-10,Card,Cancelled,1695.87
13451,816,61,2025-04-26,UPI,Delivered,2858.89
13452,157,26,2025-08-21,Cash,Cancelled,1516.34
13453,44,83,2025-09-18,UPI,Cancelled,1078.59
13454,836,81,2025-03-15,UPI,Cancelled,2628.29
13455,965,26,2025-09-25,UPI,Cancelled,472.21
13456,881,25,2025-08-02,Card,Delivered,1603.56
13457,900,37,2025-09-26,Card,Cancelled,615.4
13458,229,85,2025-09-12,Card,Cancelled,1002.54
13459,594,73,2025-12-21,Card,Delivered,2025.88
13460,116,95,2025-06-19,Cash,Cancelled,675.05
13461,367,66,2025-06-12,Cash,Cancelled,1849.61
13462,244,77,2025-07-26,Card,Cancelled,2607.01
13463,176,91,2025-02-25,UPI,Delivered,1290.47
13464,19,39,2025-10-30,Card,Cancelled,2745.88
13465,72,53,2025-04-11,Card,Cancelled,1646.82
13466,216,49,2025-01-02,Card,Delivered,1647.43
13467,75,70,2025-07-25,UPI,Delivered,239.55
13468,614,33,2025-04-11,UPI,Cancelled,1246.06
13469,709,97,2025-11-01,UPI,Delivered,1732.84
13470,372,11,2025-11-09,UPI,Cancelled,2832.89
13471,848,73,2025-03-24,Card,Cancelled,2431.03
13472,745,41,2025-08-17,UPI,Cancelled,2157.32
13473,630,71,2025-11-08,Cash,Cancelled,2634.87
13474,489,74,2025-01-20,Cash,Cancelled,1252.87
13475,485,97,2025-01-27,Card,Cancelled,2620.03
13476,247,62,2025-04-18,Card,Delivered,1252.96
13477,161,25,2025-12-01,Cash,Delivered,292.63
13478,458,76,2025-04-17,Cash,Cancelled,2244.51
13479,645,45,2025-07-12,Cash,Delivered,1815.61
13480,97,31,2025-04-23,UPI,Delivered,2611.9
13481,806,14,2025-12-04,Card,Delivered,329.08
13482,684,88,2025-12-06,Card,Cancelled,882.51
13483,868,45,2025-08-22,Cash,Cancelled,2093.86
13484,755,92,2025-09-29,Card,Cancelled,719.68
13485,845,53,2025-06-21,UPI,Cancelled,1376.22
13486,441,79,2025-11-20,UPI,Delivered,1247.99
13487,125,59,2025-09-14,Cash,Delivered,2719.62
13488,568,25,2025-03-02,Cash,Cancelled,2733.31
13489,648,50,2025-10-20,Cash,Delivered,2993.3
13490,285,20,2025-03-05,Card,Delivered,2763.81
13491,593,97,2025-05-22,Cash,Delivered,2516.64
13492,863,100,2025-02-15,Card,Cancelled,190.92
13493,637,52,2025-01-28,Card,Delivered,863.65
13494,807,98,2025-01-18,UPI,Delivered,1294.76
13495,666,44,2025-10-14,Card,Delivered,1983.34
13496,395,40,2025-12-04,Cash,Cancelled,2690.02
13497,490,64,2025-05-24,UPI,Delivered,2002.08
13498,203,1,2025-10-18,Card,Delivered,852.73
13499,716,16,2025-12-14,Cash,Cancelled,2582.58
13500,686,51,2025-09-27,Cash,Delivered,1831.61
13501,916,34,2025-03-09,Card,Cancelled,354.52
13502,823,13,2025-06-13,Card,Delivered,2930.92
13503,822,62,2025-07-28,Cash,Cancelled,2178.86
13504,187,77,2025-10-04,Cash,Cancelled,2451.89
13505,344,25,2025-11-19,UPI,Cancelled,897.5
13506,288,47,2025-11-11,Card,Cancelled,2320.75
13507,532,20,2025-08-17,Card,Cancelled,2893.13
13508,605,18,2025-08-26,UPI,Delivered,1794.73
13509,85,44,2025-09-09,Card,Cancelled,1825.3
13510,995,99,2025-08-29,Cash,Delivered,277.06
13511,496,65,2025-12-23,Card,Delivered,750.05
13512,97,1,2025-06-08,Cash,Delivered,1711.57
13513,296,59,2025-06-12,Cash,Delivered,2109.6
13514,401,33,2025-05-21,Cash,Cancelled,947.43
13515,62,60,2025-02-03,Cash,Delivered,2970.22
13516,231,29,2025-03-23,Cash,Cancelled,2998.19
13517,741,75,2025-12-04,UPI,Cancelled,1065.53
13518,827,7,2025-11-25,Cash,Cancelled,2149.68
13519,893,67,2025-02-28,UPI,Delivered,167.97
13520,238,94,2025-11-22,Cash,Delivered,672.32
13521,523,59,2025-02-13,Card,Delivered,1295.55
13522,785,46,2025-08-29,Card,Cancelled,2673.15
13523,547,72,2025-11-04,UPI,Delivered,1730.68
13524,640,1,2025-10-25,UPI,Cancelled,2936.85
13525,125,69,2025-03-12,Card,Delivered,773.98
13526,702,17,2025-04-18,Cash,Cancelled,2855.69
13527,761,57,2025-09-01,Cash,Cancelled,394.96
13528,182,30,2025-10-31,Card,Cancelled,2465.23
13529,168,1,2025-02-25,UPI,Delivered,2608.58
13530,920,24,2025-12-06,UPI,Cancelled,2435.12
13531,363,100,2025-02-01,Card,Cancelled,1038.69
13532,284,18,2025-05-14,Card,Delivered,211.8
13533,621,34,2025-04-12,Cash,Cancelled,1339.19
13534,928,5,2025-04-11,UPI,Delivered,179.57
13535,73,18,2025-06-18,UPI,Cancelled,303.39
13536,738,12,2025-03-14,Card,Cancelled,865.29
13537,3,75,2025-08-28,UPI,Delivered,1817.51
13538,332,10,2025-01-25,Cash,Delivered,159.57
13539,106,40,2025-10-15,Card,Delivered,2150.65
13540,303,6,2025-02-22,Cash,Delivered,2131.91
13541,763,58,2025-03-29,Cash,Cancelled,971.29
13542,693,36,2025-09-22,UPI,Cancelled,838.15
13543,881,19,2025-05-23,UPI,Cancelled,345.57
13544,930,5,2025-01-08,Cash,Delivered,621.71
13545,602,79,2025-05-19,UPI,Delivered,1732.16
13546,125,81,2025-03-01,Cash,Cancelled,2336.77
13547,14,96,2025-01-18,Cash,Delivered,2118.54
13548,113,95,2025-05-20,Card,Cancelled,2712.18
13549,165,36,2025-02-01,Cash,Cancelled,2384.16
13550,134,3,2025-09-21,Card,Cancelled,1635.68
13551,564,62,2025-05-08,UPI,Delivered,2225.38
13552,748,63,2025-04-28,UPI,Cancelled,408.15
13553,544,23,2025-04-19,Card,Cancelled,902.21
13554,944,85,2025-05-06,UPI,Delivered,687.61
13555,560,34,2025-09-14,Cash,Cancelled,264.61
13556,739,52,2025-06-21,Cash,Cancelled,2588.01
13557,143,20,2025-11-14,UPI,Delivered,1094.63
13558,752,8,2025-06-28,Card,Delivered,2885.05
13559,527,1,2025-05-21,Cash,Cancelled,2576.95
13560,857,62,2025-04-25,Card,Cancelled,2632.04
13561,580,2,2025-03-30,Card,Cancelled,2722.53
13562,834,58,2025-12-09,Card,Delivered,2282.84
13563,535,78,2025-09-18,Card,Delivered,1108.77
13564,86,14,2025-10-30,Card,Delivered,1414.75
13565,397,6,2025-08-27,Card,Delivered,858.27
13566,241,43,2025-10-12,Card,Cancelled,2493.72
13567,504,35,2025-08-09,UPI,Cancelled,1043.65
13568,128,27,2025-02-23,Card,Delivered,2582.34
13569,975,10,2025-09-22,Cash,Delivered,684.01
13570,296,22,2025-02-24,Card,Delivered,641.68
13571,680,98,2025-05-04,UPI,Delivered,2065.17
13572,381,18,2025-01-03,Card,Cancelled,600.59
13573,710,81,2025-05-04,UPI,Delivered,2998.01
13574,397,27,2025-12-28,Card,Delivered,2578.41
13575,277,56,2025-07-08,UPI,Delivered,1618.62
13576,300,47,2025-02-19,Card,Delivered,1141.37
13577,214,12,2025-08-18,Cash,Cancelled,2894.98
13578,859,51,2025-11-03,Card,Cancelled,1599.37
13579,810,35,2025-05-17,Cash,Delivered,549.44
13580,642,84,2025-07-15,UPI,Cancelled,521.68
13581,117,80,2025-03-22,Card,Cancelled,195.77
13582,192,7,2025-06-03,Cash,Delivered,1108.61
13583,252,76,2025-03-12,UPI,Delivered,751.04
13584,22,87,2025-03-02,Cash,Cancelled,2696.79
13585,375,18,2025-01-17,Cash,Cancelled,429.46
13586,898,90,2025-11-02,Card,Delivered,536.3
13587,384,50,2025-08-13,UPI,Cancelled,1437.96
13588,74,16,2025-03-19,Cash,Cancelled,646.89
13589,103,9,2025-05-15,UPI,Delivered,1354.73
13590,643,95,2025-10-10,Card,Cancelled,1533.64
13591,920,57,2025-05-04,Card,Delivered,1528.82
13592,308,46,2025-08-22,UPI,Delivered,252.37
13593,362,51,2025-02-27,UPI,Cancelled,2880.34
13594,325,77,2025-06-27,Cash,Delivered,2443.7
13595,401,31,2025-10-04,Card,Cancelled,1208.73
13596,136,73,2025-05-05,UPI,Cancelled,335.27
13597,584,43,2025-12-03,Cash,Cancelled,2205.41
13598,411,7,2025-12-02,Cash,Delivered,2238.13
13599,80,60,2025-09-29,Card,Cancelled,2219.21
13600,71,69,2025-06-06,Card,Cancelled,2371.21
13601,607,42,2025-03-10,Cash,Delivered,359.53
13602,384,37,2025-10-07,Cash,Delivered,913.01
13603,431,69,2025-11-29,UPI,Delivered,414.52
13604,485,46,2025-07-24,Cash,Cancelled,2957.07
13605,949,86,2025-04-16,Card,Cancelled,1476.55
13606,611,65,2025-09-15,Card,Delivered,506.51
13607,37,7,2025-03-06,UPI,Delivered,1050.18
13608,368,46,2025-08-10,UPI,Delivered,2422.76
13609,566,72,2025-06-19,Cash,Cancelled,1295.22
13610,123,39,2025-01-25,UPI,Delivered,1618.86
13611,861,14,2025-01-10,Card,Delivered,1544.47
13612,825,5,2025-02-23,UPI,Cancelled,2133.16
13613,402,80,2025-01-11,Cash,Delivered,2910.07
13614,373,12,2025-07-29,UPI,Cancelled,2861.92
13615,289,86,2025-02-07,Card,Delivered,2188.94
13616,522,67,2025-08-30,UPI,Delivered,1183.84
13617,43,51,2025-07-05,UPI,Delivered,757.61
13618,714,22,2025-12-29,Cash,Cancelled,467.04
13619,507,4,2025-12-24,UPI,Delivered,1079.98
13620,320,17,2025-11-05,Cash,Cancelled,2484.02
13621,721,73,2025-02-28,Card,Delivered,2129.82
13622,51,75,2025-12-07,Cash,Cancelled,232.77
13623,63,70,2025-12-22,Card,Delivered,2473.95
13624,7,54,2025-09-06,Card,Delivered,1198.13
13625,100,59,2025-04-03,Card,Delivered,454.02
13626,24,44,2025-09-08,UPI,Cancelled,2696.37
13627,385,88,2025-07-17,Cash,Cancelled,878.23
13628,646,89,2025-06-16,Card,Delivered,1646.93
13629,353,18,2025-03-30,UPI,Cancelled,1973.36
13630,909,4,2025-08-21,Cash,Delivered,2787.69
13631,658,94,2025-12-27,UPI,Cancelled,345.16
13632,63,80,2025-09-25,UPI,Delivered,1283.31
13633,783,90,2025-10-23,Card,Delivered,2737.47
13634,557,4,2025-10-26,Cash,Delivered,256.85
13635,348,59,2025-12-30,Card,Cancelled,215.18
13636,967,75,2025-03-06,Card,Cancelled,295.48
13637,375,29,2025-04-10,UPI,Delivered,708.6
13638,947,92,2025-12-17,Card,Delivered,2842.43
13639,519,10,2025-04-19,Cash,Cancelled,1196.55
13640,864,22,2025-10-06,Card,Cancelled,622.99
13641,311,37,2025-08-31,UPI,Cancelled,555.16
13642,152,23,2025-11-27,Cash,Cancelled,2030.75
13643,923,72,2025-12-05,UPI,Cancelled,1185.03
13644,262,64,2025-03-30,Cash,Cancelled,1450.36
13645,755,35,2025-08-19,Card,Cancelled,2090.45
13646,181,29,2025-01-26,Card,Delivered,1439.07
13647,958,22,2025-10-04,UPI,Cancelled,1310.97
13648,275,88,2025-06-27,UPI,Cancelled,1468.11
13649,475,38,2025-02-14,Card,Cancelled,863.94
13650,776,32,2025-01-08,UPI,Cancelled,296.85
13651,428,73,2025-02-22,UPI,Cancelled,2442.91
13652,822,67,2025-05-26,Card,Delivered,300.65
13653,535,45,2025-07-07,UPI,Delivered,2668.97
13654,383,90,2025-04-25,Cash,Delivered,249.36
13655,56,67,2025-11-29,Cash,Cancelled,1439.18
13656,450,65,2025-06-20,Cash,Cancelled,218.91
13657,651,35,2025-11-15,Card,Cancelled,1491.35
13658,44,25,2025-07-20,Cash,Cancelled,1160.95
13659,348,98,2025-11-12,Cash,Cancelled,1869.33
13660,74,23,2025-12-17,Card,Delivered,1061.56
13661,17,33,2025-03-01,UPI,Delivered,1391.67
13662,683,1,2025-08-27,UPI,Cancelled,2789.06
13663,923,30,2025-01-03,Card,Cancelled,391.37
13664,700,95,2025-10-02,Card,Cancelled,2317.91
13665,252,1,2025-10-24,Card,Cancelled,1461.22
13666,90,38,2025-09-23,Card,Delivered,525.2
13667,57,28,2025-04-03,Card,Delivered,275.7
13668,129,27,2025-04-18,UPI,Delivered,2348.12
13669,624,71,2025-08-19,Card,Cancelled,454.26
13670,62,17,2025-11-01,Card,Delivered,2546.59
13671,541,100,2025-07-20,Card,Delivered,1188.58
13672,73,89,2025-06-26,UPI,Cancelled,2847.65
13673,644,38,2025-04-18,Card,Delivered,200.27
13674,745,29,2025-04-01,Cash,Delivered,1351.57
13675,519,87,2025-09-21,Card,Cancelled,1449.62
13676,651,19,2025-03-08,UPI,Delivered,2661.0
13677,170,30,2025-02-09,Cash,Cancelled,1018.73
13678,491,88,2025-02-02,Cash,Cancelled,431.72
13679,77,86,2025-10-10,Cash,Delivered,2201.02
13680,659,43,2025-08-23,Cash,Cancelled,1527.07
13681,947,93,2025-04-14,UPI,Cancelled,591.38
13682,807,7,2025-06-26,Card,Cancelled,1997.26
13683,175,98,2025-09-04,UPI,Delivered,1638.65
13684,589,87,2025-03-31,Card,Delivered,1493.81
13685,795,35,2025-07-09,UPI,Delivered,2738.06
13686,271,90,2025-12-16,UPI,Cancelled,2403.04
13687,554,14,2025-03-10,Cash,Cancelled,1796.94
13688,399,78,2025-01-05,Cash,Cancelled,1736.29
13689,569,17,2025-09-13,Card,Delivered,2866.16
13690,201,37,2025-02-27,Cash,Delivered,2117.27
13691,434,67,2025-11-05,Cash,Cancelled,739.96
13692,702,37,2025-05-12,Card,Cancelled,1575.23
13693,327,56,2025-02-07,UPI,Delivered,1641.39
13694,788,26,2025-12-24,UPI,Delivered,2143.98
13695,26,65,2025-06-28,Card,Delivered,632.17
13696,941,81,2025-04-12,Card,Cancelled,1406.71
13697,8,33,2025-01-06,Cash,Delivered,2484.87
13698,115,22,2025-06-28,Cash,Delivered,1989.35
13699,937,37,2025-01-12,UPI,Delivered,232.32
13700,546,82,2025-01-20,Cash,Delivered,1203.74
13701,416,87,2025-03-04,Card,Cancelled,343.15
13702,231,97,2025-11-15,Cash,Delivered,457.23
13703,451,9,2025-09-24,Cash,Cancelled,768.43
13704,291,2,2025-06-01,Card,Cancelled,876.81
13705,621,93,2025-09-01,Card,Cancelled,2795.14
13706,66,31,2025-03-20,Cash,Cancelled,421.79
13707,668,17,2025-10-27,UPI,Cancelled,1348.12
13708,605,78,2025-09-11,UPI,Cancelled,951.41
13709,955,50,2025-11-15,Card,Delivered,2494.29
13710,921,2,2025-07-04,UPI,Cancelled,1946.21
13711,834,82,2025-11-10,UPI,Cancelled,2058.21
13712,543,93,2025-05-26,Card,Delivered,2291.85
13713,560,42,2025-07-15,UPI,Delivered,1410.71
13714,658,46,2025-10-04,Cash,Cancelled,1908.48
13715,375,1,2025-10-08,Card,Cancelled,2026.99
13716,377,92,2025-09-24,Card,Delivered,2491.53
13717,506,62,2025-11-06,Cash,Cancelled,452.85
13718,459,69,2025-04-16,Cash,Delivered,957.2
13719,188,72,2025-04-26,UPI,Delivered,223.97
13720,643,60,2025-09-02,Card,Cancelled,1986.74
13721,198,39,2025-05-11,Card,Cancelled,2781.15
13722,758,81,2025-04-06,Card,Cancelled,2492.08
13723,801,38,2025-03-21,UPI,Cancelled,162.77
13724,59,50,2025-04-30,Cash,Delivered,614.84
13725,95,87,2025-03-09,Cash,Cancelled,2381.18
13726,264,81,2025-11-09,Card,Cancelled,2931.91
13727,95,46,2025-03-30,Cash,Cancelled,1789.59
13728,126,57,2025-02-09,Card,Cancelled,2083.55
13729,924,59,2025-08-10,UPI,Delivered,336.19
13730,435,87,2025-10-10,UPI,Cancelled,2111.32
13731,978,36,2025-08-08,UPI,Cancelled,2194.75
13732,51,77,2025-06-16,UPI,Delivered,2332.83
13733,965,34,2025-02-23,Card,Cancelled,2305.38
13734,54,81,2025-04-07,Cash,Delivered,2432.98
13735,116,14,2025-07-25,Card,Cancelled,2149.45
13736,92,99,2025-02-19,UPI,Delivered,2422.75
13737,177,73,2025-12-17,UPI,Cancelled,1453.22
13738,279,92,2025-01-14,UPI,Cancelled,2148.06
13739,914,82,2025-01-29,Cash,Cancelled,2210.48
13740,120,33,2025-11-25,UPI,Delivered,676.37
13741,115,34,2025-09-09,Card,Cancelled,1703.43
13742,565,93,2025-05-26,UPI,Cancelled,1795.87
13743,60,5,2025-12-16,Cash,Cancelled,1106.93
13744,481,69,2025-01-24,Cash,Delivered,208.89
13745,591,18,2025-11-27,UPI,Cancelled,1755.44
13746,350,21,2025-12-28,Cash,Delivered,1557.52
13747,539,72,2025-11-02,Card,Delivered,1247.79
13748,870,80,2025-04-12,Card,Delivered,2137.58
13749,481,70,2025-09-27,Cash,Delivered,1617.08
13750,810,86,2025-11-19,Cash,Cancelled,1366.67
13751,136,44,2025-12-30,Cash,Delivered,1400.05
13752,764,78,2025-10-03,Card,Cancelled,183.53
13753,356,16,2025-02-25,Card,Cancelled,1238.29
13754,311,88,2025-10-03,UPI,Delivered,738.74
13755,543,89,2025-07-21,Cash,Cancelled,1259.11
13756,967,3,2025-09-21,UPI,Delivered,1793.5
13757,559,78,2025-03-24,UPI,Delivered,2409.47
13758,44,93,2025-03-16,Cash,Cancelled,2328.57
13759,138,52,2025-08-13,Card,Delivered,2514.66
13760,680,16,2025-03-10,UPI,Cancelled,484.8
13761,868,11,2025-06-04,UPI,Cancelled,2303.25
13762,31,59,2025-05-18,Card,Cancelled,2976.09
13763,190,29,2025-11-30,UPI,Delivered,948.6
13764,363,23,2025-07-11,Cash,Cancelled,2071.75
13765,997,60,2025-05-07,Cash,Cancelled,2053.49
13766,243,35,2025-04-03,Card,Delivered,2391.45
13767,970,76,2025-12-10,Card,Cancelled,767.0
13768,243,97,2025-12-26,Cash,Delivered,2406.22
13769,551,84,2025-10-14,UPI,Delivered,2321.08
13770,99,2,2025-02-18,Card,Delivered,1710.36
13771,823,94,2025-05-25,Card,Delivered,169.18
13772,961,80,2025-02-02,Card,Delivered,983.79
13773,630,36,2025-11-03,Cash,Cancelled,2226.33
13774,423,87,2025-11-01,UPI,Delivered,410.68
13775,175,46,2025-04-28,Card,Cancelled,404.32
13776,929,59,2025-05-15,Card,Delivered,1693.82
13777,940,63,2025-08-23,UPI,Cancelled,2687.18
13778,661,100,2025-03-24,Card,Cancelled,1953.43
13779,649,57,2025-04-06,Card,Delivered,1675.67
13780,598,40,2025-05-05,UPI,Delivered,191.86
13781,579,76,2025-04-22,UPI,Delivered,2813.44
13782,220,65,2025-11-11,UPI,Cancelled,1461.44
13783,597,25,2025-05-14,Cash,Delivered,2038.22
13784,267,83,2025-04-01,Cash,Cancelled,2335.35
13785,257,59,2025-06-21,UPI,Delivered,2230.83
13786,978,39,2025-12-11,Card,Cancelled,1073.53
13787,565,94,2025-07-26,Cash,Delivered,1901.32
13788,563,39,2025-11-12,UPI,Cancelled,1670.54
13789,728,47,2025-05-15,Cash,Delivered,2633.18
13790,996,68,2025-07-09,UPI,Delivered,337.03
13791,715,89,2025-08-11,Cash,Delivered,2383.96
13792,752,42,2025-06-11,Cash,Delivered,692.99
13793,337,8,2025-01-08,Card,Delivered,2278.92
13794,73,15,2025-09-23,UPI,Cancelled,1462.46
13795,934,80,2025-01-13,Card,Cancelled,2915.93
13796,564,90,2025-11-12,UPI,Delivered,754.73
13797,787,30,2025-11-01,UPI,Delivered,554.87
13798,119,77,2025-06-06,UPI,Delivered,1219.74
13799,106,97,2025-12-02,UPI,Delivered,804.46
13800,284,78,2025-09-28,Cash,Delivered,2882.54
13801,971,9,2025-07-17,Cash,Delivered,546.11
13802,717,21,2025-11-09,Cash,Cancelled,340.25
13803,16,98,2025-08-04,Card,Delivered,772.98
13804,375,22,2025-06-19,UPI,Delivered,2292.12
13805,855,37,2025-05-30,UPI,Delivered,777.66
13806,654,40,2025-02-21,UPI,Cancelled,867.27
13807,649,58,2025-03-13,Card,Delivered,2560.34
13808,401,64,2025-06-28,UPI,Cancelled,2260.67
13809,175,34,2025-09-15,Cash,Cancelled,1331.24
13810,898,63,2025-09-14,Cash,Delivered,1861.9
13811,257,75,2025-11-06,UPI,Delivered,1666.11
13812,159,84,2025-02-11,Card,Cancelled,2537.51
13813,21,10,2025-02-04,Cash,Cancelled,1750.39
13814,650,100,2025-09-16,UPI,Delivered,1649.46
13815,903,80,2025-04-28,UPI,Delivered,2997.59
13816,824,8,2025-10-07,UPI,Delivered,2135.81
13817,522,56,2025-01-28,Card,Delivered,2709.45
13818,907,39,2025-04-15,UPI,Cancelled,2785.56
13819,11,64,2025-01-18,UPI,Delivered,631.15
13820,924,55,2025-02-19,Card,Cancelled,2484.85
13821,833,44,2025-12-06,UPI,Cancelled,2681.33
13822,778,32,2025-03-09,Card,Cancelled,2067.01
13823,622,19,2025-05-19,UPI,Delivered,2944.3
13824,470,45,2025-09-15,UPI,Delivered,2325.38
13825,207,85,2025-09-16,Card,Delivered,1362.04
13826,460,83,2025-01-11,UPI,Delivered,1728.63
13827,680,96,2025-05-15,Cash,Cancelled,2507.35
13828,255,87,2025-03-08,UPI,Delivered,2494.07
13829,111,35,2025-07-18,Cash,Delivered,288.49
13830,925,45,2025-09-23,Cash,Cancelled,2678.07
13831,242,80,2025-08-14,Card,Cancelled,699.98
13832,510,82,2025-06-20,UPI,Cancelled,2482.92
13833,724,5,2025-01-16,Cash,Cancelled,1044.5
13834,802,25,2025-12-17,Card,Delivered,2604.59
13835,889,36,2025-09-08,UPI,Delivered,2120.19
13836,42,75,2025-02-12,Card,Cancelled,2241.76
13837,623,37,2025-11-23,Cash,Delivered,994.6
13838,241,1,2025-06-21,Card,Cancelled,627.93
13839,474,38,2025-07-28,Cash,Delivered,1926.63
13840,232,6,2025-06-03,UPI,Delivered,2365.62
13841,770,12,2025-05-28,Card,Delivered,2759.41
13842,896,8,2025-12-09,Cash,Delivered,2002.79
13843,917,61,2025-07-13,Card,Cancelled,2533.64
13844,605,79,2025-01-02,Cash,Cancelled,2207.98
13845,899,26,2025-12-05,UPI,Cancelled,2384.19
13846,220,8,2025-01-15,Cash,Delivered,952.49
13847,843,91,2025-09-22,Cash,Delivered,746.81
13848,224,32,2025-02-17,Cash,Delivered,2379.04
13849,269,83,2025-01-20,UPI,Cancelled,1064.2
13850,283,48,2025-08-30,Card,Cancelled,2331.17
13851,868,38,2025-12-20,Card,Delivered,1569.35
13852,502,34,2025-10-09,Card,Cancelled,2909.31
13853,233,58,2025-10-27,UPI,Cancelled,1711.6
13854,534,21,2025-06-04,Cash,Cancelled,898.41
13855,559,46,2025-03-15,UPI,Delivered,678.16
13856,442,65,2025-07-26,Card,Delivered,1182.55
13857,943,56,2025-08-29,Cash,Cancelled,2478.83
13858,137,14,2025-08-21,Cash,Cancelled,277.18
13859,317,12,2025-11-16,UPI,Delivered,688.38
13860,670,36,2025-09-29,Cash,Delivered,991.9
13861,58,17,2025-01-06,Cash,Cancelled,1386.51
13862,533,80,2025-09-07,UPI,Delivered,2333.42
13863,159,51,2025-02-14,Cash,Delivered,2333.36
13864,972,67,2025-03-24,UPI,Cancelled,895.14
13865,838,58,2025-12-25,UPI,Cancelled,1232.55
13866,469,14,2025-07-16,UPI,Cancelled,2164.13
13867,264,10,2025-11-26,UPI,Cancelled,901.52
13868,227,90,2025-01-04,Cash,Cancelled,346.03
13869,358,14,2025-04-23,Card,Cancelled,616.33
13870,933,6,2025-02-10,Cash,Cancelled,1892.61
13871,611,34,2025-01-30,UPI,Delivered,2180.05
13872,706,97,2025-08-17,Card,Cancelled,1502.32
13873,383,39,2025-10-29,Card,Delivered,416.71
13874,657,80,2025-04-20,Cash,Delivered,2538.09
13875,799,100,2025-02-08,UPI,Delivered,2612.72
13876,146,8,2025-07-21,Cash,Delivered,2731.31
13877,55,33,2025-05-10,Cash,Cancelled,1272.19
13878,504,6,2025-01-24,UPI,Delivered,961.83
13879,626,6,2025-05-08,Cash,Delivered,1154.23
13880,755,52,2025-02-01,Card,Delivered,2888.39
13881,842,99,2025-01-10,Cash,Cancelled,2785.71
13882,667,16,2025-01-30,Cash,Cancelled,703.64
13883,226,23,2025-01-27,UPI,Cancelled,632.05
13884,410,72,2025-05-26,Cash,Cancelled,1143.75
13885,236,28,2025-12-14,UPI,Cancelled,812.41
13886,655,76,2025-06-22,Cash,Cancelled,1233.5
13887,870,61,2025-10-26,Cash,Cancelled,1804.64
13888,607,28,2025-06-15,Card,Delivered,974.99
13889,538,28,2025-11-03,UPI,Cancelled,2571.97
13890,944,55,2025-08-30,UPI,Delivered,378.19
13891,397,68,2025-08-29,Card,Delivered,2986.29
13892,102,46,2025-06-16,Cash,Delivered,2736.78
13893,362,77,2025-01-16,Cash,Delivered,2879.1
13894,228,10,2025-10-26,Cash,Cancelled,2465.79
13895,34,13,2025-09-02,Cash,Delivered,322.76
13896,800,57,2025-02-23,Cash,Delivered,361.34
13897,938,44,2025-02-09,UPI,Cancelled,2408.27
13898,998,53,2025-08-22,UPI,Delivered,152.84
13899,155,76,2025-06-29,Card,Cancelled,2643.67
13900,178,81,2025-02-27,Card,Delivered,628.71
13901,253,92,2025-07-18,Card,Cancelled,1995.88
13902,283,6,2025-05-10,Cash,Delivered,704.91
13903,558,98,2025-11-25,UPI,Delivered,208.2
13904,12,62,2025-01-12,UPI,Cancelled,470.15
13905,47,67,2025-01-13,UPI,Delivered,1731.16
13906,248,40,2025-01-30,Card,Cancelled,1466.73
13907,135,100,2025-06-14,Cash,Delivered,772.57
13908,166,6,2025-04-27,UPI,Delivered,934.22
13909,640,14,2025-12-07,Cash,Cancelled,2778.71
13910,564,17,2025-04-23,Card,Cancelled,1771.36
13911,626,82,2025-09-11,Cash,Cancelled,2766.31
13912,74,66,2025-06-28,UPI,Delivered,1473.81
13913,347,9,2025-02-08,Cash,Delivered,2430.74
13914,715,58,2025-07-28,UPI,Cancelled,338.4
13915,611,80,2025-12-09,UPI,Cancelled,447.82
13916,653,71,2025-10-29,Card,Cancelled,1983.24
13917,200,26,2025-09-08,UPI,Cancelled,1930.03
13918,999,7,2025-01-06,UPI,Delivered,2673.1
13919,937,56,2025-06-01,Card,Delivered,1388.73
13920,41,86,2025-11-21,Card,Cancelled,2784.59
13921,77,65,2025-07-07,Cash,Delivered,958.54
13922,246,96,2025-04-19,UPI,Cancelled,1141.18
13923,293,32,2025-08-22,UPI,Delivered,2721.9
13924,686,27,2025-12-18,UPI,Delivered,243.42
13925,105,40,2025-07-01,Card,Delivered,1663.31
13926,329,78,2025-09-25,UPI,Cancelled,2784.96
13927,44,15,2025-05-27,Card,Delivered,2229.92
13928,866,10,2025-02-07,UPI,Cancelled,534.69
13929,792,22,2025-07-01,Card,Delivered,2585.94
13930,373,5,2025-11-01,Card,Cancelled,1374.65
13931,65,1,2025-01-06,Cash,Delivered,745.03
13932,586,67,2025-06-24,Cash,Cancelled,1933.17
13933,323,37,2025-10-10,UPI,Cancelled,2211.09
13934,280,92,2025-04-25,Cash,Delivered,579.83
13935,509,54,2025-12-18,Card,Cancelled,241.73
13936,143,62,2025-01-16,Card,Cancelled,2702.13
13937,258,4,2025-05-07,UPI,Cancelled,2114.56
13938,294,73,2025-03-08,UPI,Delivered,1053.81
13939,672,71,2025-02-11,Cash,Delivered,2747.03
13940,168,99,2025-04-14,Cash,Cancelled,712.72
13941,605,32,2025-05-06,Cash,Delivered,2350.11
13942,991,30,2025-08-02,Cash,Delivered,2270.17
13943,898,80,2025-06-05,Card,Delivered,2644.32
13944,711,47,2025-09-03,Cash,Delivered,1299.62
13945,156,86,2025-03-19,Card,Delivered,312.18
13946,516,65,2025-09-03,UPI,Delivered,359.58
13947,689,85,2025-07-07,Cash,Cancelled,925.78
13948,942,59,2025-01-29,Card,Delivered,811.65
13949,595,93,2025-11-28,Card,Cancelled,2712.61
13950,246,89,2025-04-29,Cash,Delivered,1727.46
13951,15,19,2025-03-12,Card,Cancelled,2055.39
13952,34,31,2025-12-27,UPI,Cancelled,1755.97
13953,326,49,2025-11-08,Cash,Delivered,1524.23
13954,743,6,2025-06-21,Cash,Delivered,2892.55
13955,596,77,2025-06-23,Card,Cancelled,743.76
13956,982,69,2025-12-12,Cash,Cancelled,1204.64
13957,138,4,2025-08-31,Card,Cancelled,684.23
13958,768,95,2025-03-12,Card,Delivered,1211.93
13959,654,10,2025-06-05,Card,Delivered,2711.21
13960,741,78,2025-10-03,Card,Delivered,1034.95
13961,886,73,2025-04-09,Cash,Cancelled,2616.28
13962,20,23,2025-12-09,Cash,Delivered,730.91
13963,474,51,2025-11-19,UPI,Cancelled,988.94
13964,754,91,2025-05-13,Cash,Cancelled,171.38
13965,959,62,2025-04-04,Card,Delivered,820.89
13966,226,8,2025-03-12,Card,Delivered,2961.77
13967,755,32,2025-08-22,Cash,Cancelled,1316.9
13968,979,1,2025-03-04,UPI,Cancelled,1030.93
13969,585,48,2025-03-17,Card,Delivered,373.29
13970,976,70,2025-09-23,UPI,Cancelled,2892.33
13971,809,42,2025-04-27,UPI,Delivered,1085.12
13972,297,25,2025-09-09,Card,Delivered,2767.5
13973,364,2,2025-12-22,Card,Cancelled,1893.82
13974,103,60,2025-07-13,Cash,Cancelled,1636.73
13975,754,46,2025-12-18,Cash,Delivered,2836.89
13976,706,42,2025-12-26,UPI,Cancelled,2787.23
13977,376,8,2025-06-11,Card,Delivered,2803.25
13978,859,4,2025-10-30,Cash,Cancelled,2265.13
13979,830,14,2025-02-06,Card,Cancelled,1851.78
13980,29,42,2025-03-16,UPI,Cancelled,701.94
13981,50,64,2025-03-10,Cash,Delivered,1495.72
13982,878,84,2025-06-15,Card,Delivered,516.13
13983,973,24,2025-11-21,Card,Cancelled,1094.1
13984,515,19,2025-07-12,UPI,Delivered,293.52
13985,71,72,2025-01-26,Cash,Cancelled,2128.39
13986,527,22,2025-01-10,Cash,Delivered,849.84
13987,961,8,2025-03-22,Cash,Cancelled,1155.71
13988,40,86,2025-02-23,Card,Delivered,1644.97
13989,644,96,2025-11-30,Card,Delivered,2637.18
13990,991,71,2025-11-09,Cash,Delivered,838.99
13991,557,74,2025-01-20,UPI,Cancelled,652.3
13992,957,45,2025-03-12,Card,Delivered,2315.24
13993,679,55,2025-04-05,UPI,Delivered,1382.93
13994,563,33,2025-11-16,Card,Delivered,780.79
13995,111,62,2025-06-24,Card,Cancelled,385.74
13996,383,31,2025-09-17,UPI,Cancelled,892.73
13997,551,8,2025-03-22,Cash,Delivered,509.11
13998,934,13,2025-09-06,UPI,Cancelled,1811.34
13999,756,52,2025-01-15,Cash,Cancelled,2395.21
14000,16,74,2025-08-27,Cash,Cancelled,2540.13
14001,101,12,2025-02-28,Cash,Cancelled,1807.4
14002,517,56,2025-03-07,Card,Delivered,1591.17
14003,805,9,2025-11-21,UPI,Delivered,1492.62
14004,634,98,2025-11-17,Card,Delivered,1003.45
14005,836,32,2025-05-31,Card,Delivered,1650.21
14006,768,93,2025-11-19,Cash,Cancelled,2988.13
14007,19,53,2025-11-13,UPI,Delivered,2748.33
14008,707,79,2025-05-06,Cash,Delivered,1685.51
14009,835,33,2025-10-15,UPI,Cancelled,222.0
14010,816,94,2025-12-12,UPI,Cancelled,1274.18
14011,421,1,2025-04-13,UPI,Delivered,797.82
14012,469,89,2025-10-01,UPI,Delivered,585.42
14013,646,82,2025-10-08,Card,Delivered,2487.85
14014,469,83,2025-02-09,Cash,Cancelled,1374.79
14015,239,68,2025-08-05,UPI,Cancelled,282.01
14016,126,100,2025-04-07,Card,Cancelled,676.9
14017,941,61,2025-08-25,UPI,Cancelled,2301.38
14018,406,18,2025-11-08,UPI,Delivered,1757.03
14019,485,42,2025-11-10,UPI,Delivered,1986.74
14020,840,10,2025-08-22,Cash,Delivered,1184.52
14021,475,46,2025-07-31,Cash,Delivered,1289.37
14022,67,54,2025-04-27,Card,Delivered,387.55
14023,740,10,2025-08-18,UPI,Cancelled,2320.11
14024,531,19,2025-09-10,UPI,Cancelled,1307.9
14025,547,46,2025-08-05,Card,Cancelled,2091.55
14026,781,99,2025-04-02,Cash,Delivered,811.83
14027,484,22,2025-09-03,Card,Cancelled,2526.82
14028,511,61,2025-02-17,Cash,Cancelled,1365.11
14029,722,94,2025-04-02,Cash,Delivered,753.34
14030,394,39,2025-06-17,UPI,Delivered,1997.52
14031,550,29,2025-11-14,UPI,Delivered,975.09
14032,162,46,2025-09-12,Card,Delivered,2529.17
14033,770,40,2025-12-01,Card,Delivered,813.37
14034,932,28,2025-11-03,Cash,Cancelled,782.68
14035,410,7,2025-03-19,UPI,Delivered,2817.54
14036,469,14,2025-04-20,Card,Delivered,642.77
14037,467,20,2025-03-09,Card,Cancelled,1051.45
14038,571,74,2025-03-16,Card,Delivered,1667.7
14039,577,46,2025-05-08,Cash,Delivered,2862.85
14040,539,58,2025-11-04,Cash,Cancelled,1386.21
14041,462,78,2025-04-16,UPI,Delivered,2438.63
14042,819,71,2025-07-11,Cash,Cancelled,825.31
14043,370,7,2025-04-13,Cash,Cancelled,2745.26
14044,80,54,2025-08-29,UPI,Cancelled,1919.17
14045,939,59,2025-03-27,UPI,Delivered,757.18
14046,943,75,2025-01-05,Card,Cancelled,1799.06
14047,937,48,2025-09-21,Cash,Delivered,1418.11
14048,440,82,2025-02-17,UPI,Cancelled,317.36
14049,476,63,2025-12-29,Card,Delivered,2583.3
14050,484,15,2025-12-16,UPI,Delivered,201.31
14051,712,8,2025-06-12,Cash,Delivered,2227.47
14052,676,51,2025-03-26,Card,Cancelled,2154.15
14053,167,63,2025-01-30,Cash,Cancelled,693.59
14054,370,35,2025-12-18,Cash,Cancelled,1667.16
14055,369,98,2025-03-10,Card,Cancelled,2429.09
14056,907,98,2025-04-19,Cash,Cancelled,2238.72
14057,603,56,2025-11-13,Card,Cancelled,654.2
14058,230,85,2025-07-30,Cash,Cancelled,2733.44
14059,354,28,2025-06-03,Card,Cancelled,837.02
14060,659,67,2025-11-04,Card,Delivered,1866.14
14061,346,19,2025-10-31,Cash,Cancelled,1941.51
14062,407,82,2025-02-10,Card,Cancelled,1281.57
14063,692,26,2025-06-29,Card,Delivered,820.57
14064,327,56,2025-12-24,Card,Cancelled,2081.65
14065,363,25,2025-03-09,Cash,Cancelled,1601.97
14066,777,17,2025-09-17,Card,Delivered,541.73
14067,27,29,2025-07-02,Card,Cancelled,1388.88
14068,242,34,2025-10-29,Card,Delivered,1034.93
14069,608,2,2025-11-01,Card,Cancelled,913.75
14070,232,4,2025-09-18,UPI,Delivered,774.9
14071,794,45,2025-02-01,Cash,Cancelled,2238.02
14072,302,2,2025-05-05,UPI,Delivered,2588.76
14073,728,13,2025-02-10,Card,Cancelled,1013.51
14074,205,65,2025-07-13,Cash,Delivered,465.99
14075,359,74,2025-06-30,Card,Delivered,1263.44
14076,904,67,2025-07-13,UPI,Cancelled,1653.79
14077,761,67,2025-02-03,Card,Cancelled,825.83
14078,775,43,2025-12-23,Cash,Cancelled,1235.54
14079,914,52,2025-10-26,Card,Cancelled,2598.04
14080,337,97,2025-02-23,Card,Delivered,1622.66
14081,75,21,2025-08-16,Card,Cancelled,2873.97
14082,580,7,2025-11-07,Cash,Cancelled,327.28
14083,624,35,2025-10-12,Card,Delivered,1806.56
14084,840,59,2025-08-12,Card,Delivered,1759.9
14085,583,52,2025-01-29,Cash,Cancelled,2421.51
14086,805,61,2025-02-02,Card,Delivered,1299.07
14087,248,65,2025-07-21,UPI,Delivered,2343.92
14088,481,11,2025-06-04,Cash,Delivered,2622.55
14089,286,98,2025-08-21,UPI,Cancelled,825.2
14090,299,17,2025-08-12,Cash,Delivered,2688.87
14091,63,86,2025-05-14,Cash,Cancelled,1583.08
14092,542,99,2025-05-11,Card,Cancelled,2000.28
14093,933,24,2025-04-10,UPI,Delivered,1133.02
14094,756,68,2025-08-01,Card,Cancelled,2669.26
14095,205,88,2025-07-19,Cash,Delivered,749.76
14096,437,44,2025-06-25,UPI,Cancelled,2222.74
14097,547,32,2025-01-01,UPI,Delivered,241.48
14098,216,32,2025-05-11,Card,Cancelled,1038.84
14099,407,27,2025-10-08,UPI,Delivered,514.39
14100,411,50,2025-11-29,UPI,Cancelled,251.85
14101,345,88,2025-08-12,Card,Cancelled,1292.27
14102,889,46,2025-02-19,Card,Delivered,2056.71
14103,303,27,2025-08-02,UPI,Cancelled,469.0
14104,802,43,2025-03-28,UPI,Delivered,1471.29
14105,103,80,2025-08-05,Cash,Delivered,766.77
14106,348,36,2025-01-27,UPI,Cancelled,1721.79
14107,41,61,2025-08-16,Cash,Cancelled,2481.84
14108,930,76,2025-03-14,Card,Delivered,2584.82
14109,783,64,2025-04-06,UPI,Delivered,1083.31
14110,378,19,2025-12-20,UPI,Delivered,2926.38
14111,455,23,2025-09-06,Cash,Delivered,1662.22
14112,816,16,2025-12-27,UPI,Delivered,1557.45
14113,998,37,2025-01-20,UPI,Delivered,868.62
14114,461,35,2025-01-20,UPI,Cancelled,2623.68
14115,910,75,2025-11-04,Card,Delivered,1496.64
14116,348,74,2025-11-07,Cash,Cancelled,155.97
14117,998,63,2025-03-05,Cash,Cancelled,2395.6
14118,602,71,2025-05-25,UPI,Cancelled,617.35
14119,995,67,2025-10-01,Card,Delivered,828.86
14120,407,76,2025-12-07,Cash,Cancelled,1093.41
14121,348,52,2025-05-25,UPI,Delivered,1278.74
14122,866,30,2025-10-03,UPI,Delivered,2546.51
14123,504,79,2025-06-27,Card,Delivered,1209.85
14124,280,85,2025-05-06,UPI,Delivered,457.66
14125,743,69,2025-12-05,Card,Delivered,2871.58
14126,575,62,2025-01-19,Card,Delivered,582.91
14127,100,4,2025-08-28,Cash,Cancelled,2809.44
14128,263,28,2025-07-30,UPI,Cancelled,2318.19
14129,771,67,2025-08-23,Card,Cancelled,1901.13
14130,111,10,2025-04-10,Card,Cancelled,2882.43
14131,302,11,2025-06-27,Card,Cancelled,1729.98
14132,741,34,2025-08-30,Card,Cancelled,936.74
14133,423,6,2025-02-12,Card,Delivered,752.14
14134,277,14,2025-10-12,Card,Delivered,1382.63
14135,659,78,2025-11-15,Card,Cancelled,1635.66
14136,590,95,2025-11-13,Card,Delivered,1777.99
14137,175,16,2025-01-23,Cash,Cancelled,1749.75
14138,281,50,2025-10-29,Cash,Delivered,1187.8
14139,886,27,2025-07-02,Cash,Cancelled,2904.99
14140,53,88,2025-11-08,Card,Delivered,1424.55
14141,481,95,2025-10-20,UPI,Cancelled,2460.17
14142,852,70,2025-04-29,UPI,Delivered,941.13
14143,924,71,2025-05-06,Card,Cancelled,1505.18
14144,615,67,2025-07-22,UPI,Cancelled,327.01
14145,337,96,2025-03-23,Cash,Cancelled,2561.33
14146,245,90,2025-06-16,Card,Cancelled,470.23
14147,321,88,2025-10-27,Cash,Cancelled,2014.22
14148,545,25,2025-04-23,Cash,Delivered,520.71
14149,484,12,2025-03-26,Cash,Cancelled,2022.28
14150,102,48,2025-05-29,Card,Delivered,1839.7
14151,730,43,2025-10-06,UPI,Delivered,2892.45
14152,355,12,2025-03-30,UPI,Delivered,1839.17
14153,697,25,2025-08-31,Cash,Delivered,2668.1
14154,867,14,2025-04-05,Cash,Delivered,1546.86
14155,812,78,2025-01-16,UPI,Cancelled,2941.82
14156,753,68,2025-06-28,Card,Delivered,1676.11
14157,123,90,2025-07-26,Cash,Cancelled,885.09
14158,585,64,2025-09-02,Card,Delivered,1988.07
14159,759,65,2025-08-28,Card,Delivered,1863.7
14160,571,91,2025-04-21,Card,Cancelled,1313.85
14161,633,20,2025-02-21,Cash,Cancelled,2582.36
14162,546,50,2025-03-15,Cash,Cancelled,982.92
14163,129,67,2025-12-17,Cash,Delivered,2420.07
14164,672,66,2025-02-21,UPI,Delivered,685.36
14165,419,56,2025-01-05,Card,Cancelled,1952.2
14166,744,31,2025-07-01,UPI,Delivered,906.68
14167,565,13,2025-07-08,UPI,Delivered,1181.7
14168,162,76,2025-06-06,UPI,Cancelled,680.93
14169,994,57,2025-06-21,Card,Cancelled,1820.6
14170,348,7,2025-02-01,Card,Delivered,2793.25
14171,455,24,2025-08-17,Cash,Delivered,2538.32
14172,613,61,2025-10-16,Card,Delivered,154.4
14173,184,93,2025-04-01,Card,Delivered,2847.43
14174,21,17,2025-08-12,UPI,Delivered,2690.3
14175,129,13,2025-12-02,Card,Cancelled,2936.79
14176,550,33,2025-10-03,Cash,Delivered,2874.22
14177,119,60,2025-12-24,Cash,Delivered,1884.37
14178,851,76,2025-01-31,UPI,Cancelled,237.8
14179,811,70,2025-12-04,Cash,Delivered,1699.38
14180,859,40,2025-12-19,UPI,Delivered,1571.93
14181,985,27,2025-02-05,Cash,Delivered,614.47
14182,355,32,2025-03-18,UPI,Cancelled,1101.96
14183,983,52,2025-12-25,UPI,Delivered,2182.52
14184,498,75,2025-11-25,Cash,Delivered,678.65
14185,649,16,2025-06-19,UPI,Delivered,2107.88
14186,486,9,2025-05-13,Card,Cancelled,1817.05
14187,689,60,2025-10-11,Card,Delivered,1983.5
14188,508,85,2025-02-16,Card,Delivered,393.82
14189,480,57,2025-10-25,Card,Cancelled,2889.87
14190,608,70,2025-01-19,Card,Delivered,1503.55
14191,172,91,2025-12-16,Cash,Delivered,1888.89
14192,949,49,2025-06-02,Card,Cancelled,1196.1
14193,120,35,2025-11-03,Cash,Delivered,2487.07
14194,456,68,2025-12-25,Cash,Cancelled,1262.34
14195,501,67,2025-04-25,UPI,Cancelled,545.84
14196,919,27,2025-06-13,UPI,Delivered,190.76
14197,136,60,2025-05-15,UPI,Cancelled,2956.47
14198,234,94,2025-11-10,Card,Cancelled,1699.98
14199,453,78,2025-05-11,UPI,Cancelled,1769.77
14200,501,99,2025-07-13,Card,Cancelled,725.08
14201,14,34,2025-11-26,Cash,Cancelled,2106.07
14202,22,20,2025-03-20,UPI,Delivered,423.14
14203,699,61,2025-07-04,UPI,Cancelled,937.41
14204,855,53,2025-07-17,UPI,Cancelled,2574.58
14205,70,63,2025-05-23,Card,Cancelled,786.66
14206,921,12,2025-12-13,UPI,Delivered,1550.06
14207,56,31,2025-08-01,UPI,Delivered,1930.5
14208,538,91,2025-04-23,Cash,Cancelled,2730.88
14209,58,32,2025-09-29,Card,Delivered,1535.4
14210,928,28,2025-09-14,Card,Delivered,2756.45
14211,236,79,2025-08-23,Cash,Cancelled,1819.38
14212,670,17,2025-05-16,Card,Delivered,1788.48
14213,396,53,2025-09-22,UPI,Cancelled,281.06
14214,81,39,2025-12-31,UPI,Cancelled,1188.11
14215,381,76,2025-07-31,Cash,Delivered,786.52
14216,184,45,2025-11-08,Cash,Delivered,2575.86
14217,651,71,2025-11-28,UPI,Cancelled,1303.74
14218,193,59,2025-04-11,Card,Cancelled,1900.68
14219,698,73,2025-03-10,Cash,Delivered,410.6
14220,116,16,2025-05-10,Card,Delivered,2536.09
14221,725,84,2025-04-29,Cash,Cancelled,1482.11
14222,224,97,2025-09-28,Card,Cancelled,1464.7
14223,520,48,2025-03-05,UPI,Delivered,482.03
14224,500,71,2025-03-27,UPI,Cancelled,2534.44
14225,654,46,2025-10-27,UPI,Delivered,1230.47
14226,411,19,2025-12-23,UPI,Cancelled,2126.11
14227,179,56,2025-11-24,Card,Delivered,1152.19
14228,645,75,2025-06-15,Card,Cancelled,1040.23
14229,410,82,2025-03-16,UPI,Delivered,746.54
14230,190,80,2025-01-25,UPI,Delivered,1339.81
14231,360,58,2025-11-22,Card,Delivered,2634.34
14232,823,91,2025-09-29,Card,Cancelled,168.51
14233,923,47,2025-04-15,Cash,Cancelled,488.08
14234,602,85,2025-04-25,UPI,Delivered,2425.9
14235,371,71,2025-11-30,Cash,Cancelled,2099.65
14236,588,86,2025-01-01,Cash,Delivered,1761.02
14237,387,53,2025-12-26,UPI,Delivered,1528.39
14238,377,12,2025-01-13,Card,Cancelled,2905.26
14239,261,94,2025-08-07,Card,Cancelled,1274.34
14240,559,81,2025-07-03,Card,Delivered,997.6
14241,394,70,2025-04-19,Card,Cancelled,509.44
14242,661,82,2025-08-19,UPI,Cancelled,966.04
14243,204,20,2025-07-24,UPI,Cancelled,1780.55
14244,576,66,2025-10-02,UPI,Cancelled,2230.52
14245,481,52,2025-03-23,Cash,Delivered,569.36
14246,730,29,2025-04-09,Card,Delivered,1695.59
14247,581,98,2025-11-22,Cash,Cancelled,858.56
14248,803,64,2025-01-06,UPI,Delivered,846.06
14249,843,73,2025-09-10,UPI,Delivered,2177.05
14250,574,38,2025-12-14,Card,Cancelled,1181.54
14251,711,36,2025-03-03,UPI,Delivered,1809.27
14252,239,18,2025-12-11,UPI,Delivered,514.68
14253,175,11,2025-01-18,Card,Cancelled,2821.57
14254,54,94,2025-01-18,Cash,Delivered,2476.51
14255,953,25,2025-03-29,Card,Cancelled,2255.45
14256,471,66,2025-04-10,Cash,Cancelled,750.71
14257,338,32,2025-07-24,UPI,Cancelled,1901.67
14258,192,100,2025-11-08,Card,Delivered,1882.0
14259,544,76,2025-04-11,Cash,Delivered,1579.75
14260,493,39,2025-04-24,Cash,Delivered,2247.84
14261,94,48,2025-08-23,UPI,Cancelled,282.58
14262,764,82,2025-07-11,Cash,Cancelled,878.06
14263,530,99,2025-02-13,Cash,Delivered,1953.44
14264,805,15,2025-07-04,Cash,Cancelled,1264.95
14265,836,66,2025-06-04,Cash,Cancelled,872.75
14266,546,65,2025-11-13,UPI,Delivered,813.79
14267,26,18,2025-01-08,Card,Cancelled,506.77
14268,612,74,2025-06-30,Cash,Cancelled,1209.86
14269,905,32,2025-10-27,Cash,Cancelled,1982.32
14270,657,6,2025-09-06,Card,Delivered,524.78
14271,868,61,2025-12-19,Cash,Delivered,352.23
14272,133,89,2025-02-22,Cash,Delivered,2650.74
14273,708,71,2025-03-30,Card,Delivered,2263.58
14274,897,87,2025-04-14,UPI,Cancelled,1627.85
14275,318,20,2025-06-13,Card,Delivered,2496.67
14276,702,51,2025-02-22,Cash,Cancelled,2440.2
14277,62,69,2025-10-24,UPI,Delivered,811.77
14278,921,24,2025-05-31,Cash,Delivered,2283.26
14279,84,52,2025-10-29,UPI,Cancelled,520.7
14280,932,24,2025-04-26,UPI,Delivered,826.51
14281,41,26,2025-09-30,Cash,Delivered,584.71
14282,179,33,2025-08-31,Cash,Cancelled,2194.65
14283,723,80,2025-03-05,Card,Delivered,656.14
14284,660,22,2025-07-04,UPI,Delivered,2990.02
14285,128,80,2025-03-16,Cash,Delivered,1299.17
14286,635,72,2025-04-18,UPI,Cancelled,2033.65
14287,894,33,2025-01-01,Cash,Cancelled,563.22
14288,72,47,2025-10-16,Card,Delivered,2777.44
14289,425,95,2025-12-05,Card,Delivered,1300.52
14290,79,51,2025-05-09,UPI,Delivered,663.97
14291,563,21,2025-07-26,Card,Delivered,444.85
14292,986,47,2025-11-17,Cash,Delivered,1450.29
14293,525,80,2025-04-20,UPI,Delivered,855.33
14294,562,20,2025-08-23,Card,Delivered,2416.76
14295,753,42,2025-06-30,UPI,Delivered,2819.65
14296,76,12,2025-01-02,Card,Delivered,300.53
14297,297,81,2025-06-23,Card,Delivered,1576.85
14298,566,11,2025-08-15,Card,Delivered,454.45
14299,99,73,2025-09-07,UPI,Cancelled,1637.92
14300,996,78,2025-10-17,Cash,Cancelled,2124.8
14301,219,25,2025-03-03,Card,Cancelled,211.25
14302,161,61,2025-12-11,UPI,Cancelled,2737.46
14303,861,100,2025-03-07,Card,Cancelled,1743.51
14304,65,16,2025-08-24,Card,Delivered,2130.44
14305,403,21,2025-06-11,UPI,Delivered,2682.2
14306,818,56,2025-12-29,UPI,Cancelled,2678.89
14307,904,44,2025-06-10,UPI,Cancelled,161.68
14308,399,4,2025-08-23,UPI,Cancelled,1909.76
14309,578,90,2025-03-05,UPI,Delivered,1829.43
14310,725,77,2025-02-04,Card,Cancelled,1419.97
14311,779,79,2025-10-25,UPI,Cancelled,1466.89
14312,303,68,2025-01-24,Card,Delivered,949.22
14313,575,97,2025-12-09,Card,Cancelled,577.88
14314,146,41,2025-07-06,Cash,Delivered,2016.69
14315,252,90,2025-05-31,Cash,Delivered,577.73
14316,169,69,2025-12-21,Card,Cancelled,1062.95
14317,814,26,2025-06-28,Card,Cancelled,2529.18
14318,666,52,2025-05-13,Cash,Cancelled,1227.64
14319,231,90,2025-10-07,Cash,Cancelled,2578.54
14320,921,76,2025-10-20,Card,Cancelled,1339.86
14321,927,55,2025-01-04,Card,Delivered,1053.18
14322,741,46,2025-06-06,Card,Cancelled,2285.0
14323,64,38,2025-03-02,Cash,Delivered,441.2
14324,14,22,2025-08-18,Cash,Cancelled,2418.71
14325,269,73,2025-02-01,Cash,Delivered,2120.25
14326,477,25,2025-10-24,UPI,Cancelled,527.04
14327,405,89,2025-11-04,Card,Delivered,2854.38
14328,188,81,2025-05-29,UPI,Cancelled,684.28
14329,393,71,2025-09-10,Card,Cancelled,2739.08
14330,397,89,2025-11-09,UPI,Delivered,1123.63
14331,376,63,2025-08-01,UPI,Cancelled,1494.86
14332,147,97,2025-02-23,UPI,Cancelled,2163.09
14333,878,63,2025-12-06,UPI,Delivered,379.73
14334,607,16,2025-06-27,Card,Cancelled,159.87
14335,654,20,2025-07-04,Cash,Cancelled,2769.43
14336,43,50,2025-03-25,UPI,Cancelled,2593.05
14337,30,19,2025-02-16,Cash,Delivered,393.55
14338,654,90,2025-07-27,Cash,Delivered,2600.02
14339,809,62,2025-09-25,UPI,Delivered,2300.95
14340,691,77,2025-07-26,UPI,Cancelled,2279.11
14341,498,96,2025-07-26,UPI,Cancelled,731.09
14342,821,51,2025-03-16,Cash,Cancelled,2734.29
14343,678,88,2025-09-17,UPI,Cancelled,2610.59
14344,898,74,2025-03-29,UPI,Cancelled,2334.83
14345,76,89,2025-06-23,Cash,Cancelled,954.43
14346,74,29,2025-08-30,Cash,Cancelled,1880.04
14347,867,26,2025-01-13,UPI,Cancelled,362.13
14348,404,65,2025-09-21,UPI,Cancelled,2586.01
14349,287,6,2025-02-03,Card,Delivered,1836.71
14350,627,86,2025-01-17,Card,Cancelled,729.9
14351,399,14,2025-05-10,Card,Cancelled,1081.92
14352,920,92,2025-09-05,UPI,Delivered,1922.7
14353,255,20,2025-10-23,UPI,Cancelled,511.87
14354,269,20,2025-01-17,Card,Cancelled,570.16
14355,140,5,2025-01-31,UPI,Delivered,2590.3
14356,408,3,2025-12-04,Card,Delivered,2953.93
14357,449,58,2025-03-10,UPI,Delivered,2685.59
14358,135,13,2025-10-11,Cash,Cancelled,2647.45
14359,878,8,2025-01-12,Card,Cancelled,1724.56
14360,359,6,2025-09-06,Cash,Delivered,2788.19
14361,930,23,2025-04-20,Cash,Delivered,462.18
14362,174,49,2025-08-08,Cash,Delivered,2993.35
14363,594,17,2025-03-25,Card,Delivered,390.75
14364,326,14,2025-10-23,Cash,Delivered,1995.89
14365,933,11,2025-02-19,Cash,Cancelled,1390.66
14366,724,54,2025-01-26,UPI,Cancelled,2395.12
14367,704,60,2025-04-06,Cash,Cancelled,1567.88
14368,419,26,2025-07-30,Card,Cancelled,1521.0
14369,678,90,2025-12-13,Cash,Cancelled,812.13
14370,457,41,2025-06-22,Card,Delivered,2511.49
14371,310,4,2025-12-25,Card,Delivered,1380.43
14372,75,94,2025-01-27,Cash,Delivered,665.88
14373,915,93,2025-10-14,Card,Cancelled,1080.77
14374,29,12,2025-03-04,UPI,Cancelled,804.92
14375,847,78,2025-12-08,UPI,Delivered,2643.45
14376,412,60,2025-08-04,Cash,Cancelled,715.42
14377,590,63,2025-07-09,UPI,Cancelled,1060.07
14378,218,53,2025-04-29,UPI,Delivered,2993.72
14379,653,60,2025-07-05,Cash,Cancelled,2023.0
14380,410,78,2025-10-19,Cash,Cancelled,2217.89
14381,64,50,2025-05-07,Card,Delivered,712.44
14382,659,29,2025-03-12,Cash,Cancelled,1516.06
14383,297,20,2025-07-08,Cash,Delivered,1276.01
14384,246,51,2025-07-01,Cash,Delivered,485.73
14385,455,87,2025-02-01,UPI,Cancelled,2035.82
14386,987,34,2025-04-05,Cash,Cancelled,2751.76
14387,865,30,2025-09-16,Cash,Cancelled,1367.55
14388,772,92,2025-08-05,Cash,Cancelled,2365.67
14389,75,94,2025-07-09,Cash,Cancelled,1508.29
14390,928,61,2025-04-06,Card,Delivered,2629.24
14391,289,9,2025-10-26,Card,Cancelled,2839.83
14392,808,100,2025-07-02,Cash,Cancelled,1770.83
14393,376,79,2025-06-11,Card,Delivered,868.82
14394,237,34,2025-11-17,UPI,Cancelled,403.1
14395,694,97,2025-05-02,UPI,Cancelled,831.73
14396,102,61,2025-08-26,Cash,Cancelled,916.48
14397,967,29,2025-06-24,Cash,Cancelled,678.51
14398,438,90,2025-12-05,Cash,Cancelled,351.67
14399,803,6,2025-01-04,UPI,Delivered,339.02
14400,68,89,2025-08-18,Cash,Delivered,2595.02
14401,95,70,2025-02-09,Card,Delivered,2653.73
14402,60,26,2025-08-16,Card,Delivered,1070.02
14403,404,19,2025-05-29,UPI,Cancelled,260.11
14404,857,70,2025-01-27,Card,Cancelled,2585.38
14405,323,98,2025-06-10,Card,Delivered,2942.34
14406,164,84,2025-05-16,Card,Cancelled,2513.97
14407,966,20,2025-05-26,Cash,Delivered,1375.17
14408,468,75,2025-12-27,Card,Delivered,832.94
14409,442,5,2025-03-13,UPI,Cancelled,2769.54
14410,487,21,2025-12-18,Card,Delivered,1841.97
14411,730,41,2025-10-08,Card,Delivered,1247.67
14412,142,99,2025-06-22,Card,Delivered,894.75
14413,872,96,2025-12-06,Cash,Delivered,294.23
14414,459,70,2025-12-27,UPI,Delivered,2767.42
14415,699,8,2025-06-20,Card,Cancelled,2825.78
14416,726,82,2025-07-09,UPI,Cancelled,1063.77
14417,200,76,2025-11-30,UPI,Delivered,1357.65
14418,370,75,2025-10-16,Cash,Delivered,1783.9
14419,52,16,2025-08-14,Cash,Delivered,242.85
14420,230,10,2025-01-12,Card,Cancelled,2387.43
14421,303,32,2025-12-15,UPI,Delivered,2661.04
14422,499,80,2025-07-21,UPI,Cancelled,858.43
14423,734,10,2025-04-15,Cash,Cancelled,352.47
14424,904,32,2025-10-22,Card,Cancelled,2104.56
14425,322,81,2025-09-22,Card,Delivered,1832.45
14426,590,71,2025-06-01,UPI,Cancelled,2496.07
14427,119,78,2025-04-03,Card,Cancelled,373.1
14428,638,76,2025-10-19,Card,Delivered,2974.04
14429,156,34,2025-12-23,UPI,Cancelled,1698.89
14430,881,13,2025-08-15,UPI,Cancelled,1064.79
14431,764,31,2025-03-07,UPI,Cancelled,957.08
14432,713,70,2025-08-22,Cash,Delivered,1062.06
14433,62,40,2025-11-14,Cash,Delivered,486.92
14434,954,3,2025-06-14,Cash,Cancelled,950.53
14435,651,3,2025-09-18,UPI,Delivered,827.52
14436,486,23,2025-07-02,Card,Delivered,2253.08
14437,793,35,2025-03-08,UPI,Cancelled,367.72
14438,625,9,2025-03-26,UPI,Delivered,2083.61
14439,699,15,2025-05-01,Card,Cancelled,2543.39
14440,431,93,2025-10-08,Card,Cancelled,669.55
14441,837,72,2025-08-24,Cash,Delivered,468.34
14442,512,82,2025-03-23,Cash,Delivered,230.09
14443,978,71,2025-10-12,Cash,Cancelled,1835.18
14444,300,26,2025-09-21,UPI,Cancelled,1020.87
14445,817,59,2025-10-14,Card,Delivered,2998.52
14446,18,14,2025-06-11,Card,Cancelled,2877.41
14447,235,88,2025-09-01,Card,Delivered,2952.18
14448,316,46,2025-05-14,Card,Delivered,631.0
14449,296,79,2025-07-30,UPI,Delivered,2639.82
14450,374,95,2025-11-05,Cash,Delivered,2779.96
14451,400,93,2025-11-05,UPI,Cancelled,1731.32
14452,826,33,2025-09-27,Cash,Cancelled,1874.97
14453,270,70,2025-06-29,UPI,Delivered,1025.79
14454,784,40,2025-03-03,Cash,Cancelled,1100.2
14455,896,35,2025-06-24,Cash,Cancelled,1223.22
14456,532,90,2025-11-20,Cash,Cancelled,1762.92
14457,615,20,2025-06-15,Card,Cancelled,2816.89
14458,81,88,2025-03-06,UPI,Cancelled,2262.54
14459,711,100,2025-12-16,UPI,Cancelled,2473.09
14460,56,8,2025-09-25,Cash,Delivered,1005.39
14461,264,100,2025-10-24,Cash,Cancelled,2087.63
14462,924,73,2025-11-26,UPI,Delivered,570.33
14463,94,2,2025-11-25,UPI,Cancelled,892.91
14464,179,53,2025-09-30,UPI,Cancelled,1475.06
14465,577,100,2025-05-14,Cash,Cancelled,553.41
14466,693,5,2025-01-28,Cash,Cancelled,1889.84
14467,167,28,2025-01-08,Card,Delivered,213.5
14468,329,93,2025-05-29,UPI,Cancelled,2327.44
14469,790,23,2025-12-22,Cash,Cancelled,2937.9
14470,711,87,2025-06-05,Card,Delivered,1483.08
14471,992,61,2025-08-11,Card,Cancelled,2405.36
14472,721,74,2025-02-05,UPI,Cancelled,2248.46
14473,814,25,2025-06-25,Card,Delivered,1888.25
14474,159,10,2025-04-05,Cash,Cancelled,1914.5
14475,225,38,2025-10-13,Card,Delivered,1060.67
14476,3,32,2025-11-01,UPI,Cancelled,2948.91
14477,671,92,2025-04-12,Cash,Cancelled,2757.78
14478,596,35,2025-11-22,Cash,Cancelled,500.33
14479,842,1,2025-02-09,Cash,Delivered,641.99
14480,577,39,2025-04-03,Card,Cancelled,1547.43
14481,35,13,2025-05-10,Card,Delivered,1155.25
14482,37,19,2025-04-05,Card,Cancelled,2359.35
14483,784,12,2025-10-24,Card,Delivered,2817.45
14484,904,34,2025-11-02,UPI,Cancelled,1874.68
14485,197,85,2025-01-27,UPI,Cancelled,749.82
14486,540,61,2025-08-26,UPI,Delivered,675.27
14487,924,98,2025-07-19,UPI,Cancelled,480.57
14488,481,39,2025-12-04,Cash,Delivered,2962.95
14489,674,32,2025-04-24,UPI,Cancelled,273.52
14490,674,97,2025-04-27,UPI,Cancelled,471.4
14491,179,25,2025-01-23,Cash,Delivered,1818.95
14492,531,68,2025-09-26,UPI,Cancelled,1339.81
14493,904,84,2025-02-15,Cash,Delivered,2591.41
14494,193,63,2025-07-11,Cash,Cancelled,1151.12
14495,354,58,2025-02-06,Card,Delivered,999.5
14496,961,55,2025-02-09,Card,Delivered,2451.03
14497,168,23,2025-06-06,Card,Cancelled,709.84
14498,646,34,2025-03-21,Card,Delivered,1652.05
14499,803,4,2025-09-14,Card,Cancelled,1709.09
14500,756,96,2025-01-15,Cash,Delivered,479.86
14501,152,40,2025-03-17,Cash,Cancelled,1592.49
14502,670,8,2025-03-17,Cash,Delivered,2601.95
14503,293,17,2025-10-12,Card,Delivered,774.39
14504,705,19,2025-12-02,UPI,Cancelled,420.32
14505,890,46,2025-08-07,UPI,Delivered,2841.23
14506,826,47,2025-04-23,Card,Cancelled,373.4
14507,886,31,2025-05-09,Cash,Delivered,1427.09
14508,8,49,2025-11-09,Cash,Cancelled,1681.08
14509,449,6,2025-04-15,Card,Cancelled,1709.3
14510,743,52,2025-09-13,UPI,Cancelled,1769.79
14511,471,14,2025-04-29,Card,Delivered,2863.03
14512,486,66,2025-08-28,Card,Cancelled,1273.64
14513,590,98,2025-02-18,UPI,Cancelled,454.56
14514,715,1,2025-08-29,Card,Cancelled,852.99
14515,201,78,2025-06-27,Cash,Cancelled,1236.68
14516,837,19,2025-12-06,UPI,Delivered,1227.9
14517,161,58,2025-10-18,UPI,Cancelled,1576.05
14518,324,65,2025-11-24,UPI,Delivered,1800.88
14519,676,68,2025-03-27,Card,Delivered,1875.89
14520,257,85,2025-02-11,Cash,Cancelled,2739.06
14521,368,72,2025-06-24,Card,Cancelled,588.93
14522,761,15,2025-03-30,Card,Delivered,2621.23
14523,573,22,2025-08-14,UPI,Cancelled,226.28
14524,309,98,2025-12-10,Card,Delivered,1243.38
14525,680,35,2025-07-17,UPI,Cancelled,2645.29
14526,703,43,2025-01-04,UPI,Cancelled,2534.99
14527,26,67,2025-12-04,Card,Delivered,1318.29
14528,884,74,2025-11-20,UPI,Cancelled,1030.17
14529,948,48,2025-10-06,Card,Cancelled,235.02
14530,254,76,2025-07-01,Card,Cancelled,334.66
14531,821,54,2025-09-30,Card,Cancelled,186.2
14532,401,70,2025-02-25,UPI,Delivered,314.42
14533,540,87,2025-06-30,UPI,Delivered,1433.43
14534,155,58,2025-04-11,Cash,Delivered,2874.71
14535,100,42,2025-05-12,Cash,Delivered,884.58
14536,323,13,2025-12-13,Card,Cancelled,2290.58
14537,532,18,2025-05-13,UPI,Cancelled,274.42
14538,270,98,2025-09-17,Card,Delivered,2465.27
14539,47,98,2025-10-05,Cash,Delivered,2528.01
14540,925,68,2025-12-30,Card,Delivered,1441.41
14541,337,54,2025-06-18,Card,Delivered,2039.68
14542,50,73,2025-05-11,UPI,Delivered,495.77
14543,936,73,2025-11-02,Cash,Delivered,946.58
14544,132,61,2025-09-10,Card,Cancelled,1474.02
14545,7,20,2025-03-23,UPI,Cancelled,1906.01
14546,432,61,2025-10-12,Card,Cancelled,1331.42
14547,696,82,2025-03-06,Cash,Cancelled,2825.58
14548,631,90,2025-09-22,Card,Cancelled,1989.98
14549,357,9,2025-03-02,Cash,Delivered,631.53
14550,186,75,2025-01-20,Card,Delivered,487.96
14551,332,88,2025-03-26,UPI,Cancelled,582.74
14552,511,23,2025-01-07,Card,Delivered,2652.66
14553,250,9,2025-10-26,UPI,Delivered,1220.6
14554,787,87,2025-12-04,Cash,Cancelled,1151.27
14555,173,81,2025-08-23,Cash,Delivered,1829.81
14556,486,2,2025-03-17,Cash,Cancelled,2551.26
14557,576,40,2025-02-01,Card,Delivered,480.84
14558,556,88,2025-11-04,Cash,Delivered,853.92
14559,822,11,2025-10-30,Cash,Delivered,2363.63
14560,410,80,2025-05-03,Cash,Delivered,2308.59
14561,166,16,2025-01-01,Card,Cancelled,470.6
14562,941,26,2025-02-09,UPI,Delivered,1296.83
14563,562,53,2025-07-08,UPI,Cancelled,2306.04
14564,940,52,2025-08-14,Cash,Cancelled,2771.82
14565,573,67,2025-09-29,Card,Delivered,1599.46
14566,642,12,2025-09-18,UPI,Cancelled,2753.66
14567,585,97,2025-05-11,Cash,Cancelled,738.97
14568,181,41,2025-11-02,Cash,Cancelled,2853.52
14569,212,75,2025-04-23,UPI,Delivered,2190.38
14570,296,97,2025-08-15,Cash,Delivered,2890.13
14571,353,100,2025-09-12,Card,Cancelled,2238.93
14572,169,43,2025-10-23,UPI,Cancelled,550.91
14573,878,80,2025-04-04,Card,Cancelled,572.99
14574,41,31,2025-12-28,Cash,Cancelled,225.26
14575,196,26,2025-04-23,Card,Delivered,1804.06
14576,4,26,2025-10-23,Cash,Cancelled,2795.97
14577,525,29,2025-06-03,Card,Delivered,637.5
14578,685,81,2025-08-02,Card,Delivered,1467.16
14579,679,30,2025-09-23,UPI,Delivered,1292.31
14580,601,52,2025-09-03,Cash,Delivered,423.69
14581,326,84,2025-04-01,UPI,Delivered,302.14
14582,855,2,2025-08-16,UPI,Delivered,372.96
14583,205,11,2025-04-03,Card,Cancelled,2400.44
14584,289,27,2025-09-13,Cash,Delivered,2591.22
14585,636,24,2025-08-26,UPI,Delivered,879.22
14586,750,34,2025-09-26,Cash,Cancelled,2112.73
14587,591,25,2025-05-16,Card,Delivered,249.78
14588,158,48,2025-07-11,Cash,Delivered,2012.7
14589,646,40,2025-08-29,Cash,Delivered,2678.1
14590,17,67,2025-03-21,Cash,Cancelled,1425.99
14591,304,40,2025-06-12,Card,Cancelled,2732.44
14592,245,95,2025-02-11,Cash,Delivered,961.12
14593,674,34,2025-03-08,UPI,Cancelled,1776.79
14594,386,68,2025-11-08,Card,Cancelled,2207.62
14595,670,86,2025-07-25,Card,Cancelled,2304.71
14596,781,39,2025-09-26,Cash,Delivered,2838.04
14597,720,13,2025-08-03,Cash,Cancelled,1499.27
14598,927,62,2025-09-25,Card,Cancelled,1640.51
14599,241,44,2025-02-02,Card,Delivered,2214.64
14600,667,90,2025-04-19,UPI,Cancelled,2253.36
14601,471,29,2025-04-02,Cash,Delivered,1144.18
14602,280,68,2025-10-25,Cash,Delivered,2076.52
14603,936,18,2025-06-08,Cash,Cancelled,2549.99
14604,813,52,2025-09-09,Cash,Cancelled,666.78
14605,48,53,2025-06-06,Cash,Delivered,2969.78
14606,488,83,2025-07-04,Cash,Cancelled,1544.0
14607,10,77,2025-02-24,Cash,Cancelled,2283.09
14608,762,92,2025-02-04,Cash,Delivered,2497.94
14609,395,85,2025-01-18,Cash,Cancelled,1184.23
14610,450,48,2025-06-11,Card,Delivered,1838.66
14611,351,2,2025-06-21,UPI,Cancelled,293.94
14612,615,34,2025-09-14,UPI,Delivered,2939.33
14613,494,70,2025-07-14,Card,Delivered,1486.79
14614,88,67,2025-10-29,Cash,Delivered,599.75
14615,977,83,2025-12-31,Card,Delivered,2694.15
14616,742,87,2025-08-07,Cash,Delivered,1627.57
14617,124,30,2025-12-15,Cash,Cancelled,943.71
14618,731,7,2025-04-06,UPI,Cancelled,2105.93
14619,969,14,2025-03-06,Cash,Cancelled,1595.99
14620,476,89,2025-11-16,Card,Cancelled,230.13
14621,582,86,2025-07-23,Card,Cancelled,1275.82
14622,342,29,2025-07-25,UPI,Delivered,1486.77
14623,953,34,2025-10-19,Card,Delivered,254.85
14624,831,12,2025-05-24,UPI,Delivered,601.88
14625,528,30,2025-04-08,UPI,Cancelled,311.75
14626,520,38,2025-12-16,Cash,Delivered,1383.39
14627,360,75,2025-12-14,Card,Delivered,1828.19
14628,419,48,2025-12-31,Cash,Cancelled,2732.39
14629,704,72,2025-07-15,Card,Cancelled,2584.54
14630,820,60,2025-11-08,Card,Delivered,961.18
14631,821,47,2025-04-05,UPI,Delivered,1256.31
14632,904,37,2025-02-05,Cash,Delivered,2502.9
14633,251,32,2025-04-20,Card,Delivered,950.23
14634,488,22,2025-02-01,UPI,Cancelled,2476.5
14635,238,64,2025-02-12,Card,Delivered,1769.42
14636,70,80,2025-12-12,Card,Delivered,1474.28
14637,219,79,2025-08-09,Cash,Delivered,2206.95
14638,671,32,2025-12-19,UPI,Delivered,2678.47
14639,276,68,2025-09-16,Cash,Delivered,2025.69
14640,536,50,2025-10-19,UPI,Cancelled,2418.25
14641,663,83,2025-02-10,Card,Cancelled,396.79
14642,224,63,2025-06-19,Cash,Cancelled,884.7
14643,257,47,2025-12-28,UPI,Cancelled,1170.06
14644,404,34,2025-11-22,Card,Cancelled,246.19
14645,805,83,2025-11-05,Cash,Cancelled,1768.23
14646,580,24,2025-10-19,Card,Delivered,1108.13
14647,432,96,2025-05-11,Cash,Cancelled,1204.57
14648,767,60,2025-11-15,Cash,Delivered,1807.55
14649,482,93,2025-07-22,UPI,Cancelled,2708.84
14650,409,28,2025-02-05,UPI,Delivered,960.92
14651,140,84,2025-12-20,Card,Cancelled,1092.33
14652,114,34,2025-08-10,UPI,Delivered,1736.26
14653,504,84,2025-05-09,Cash,Delivered,2169.51
14654,232,40,2025-06-02,Card,Delivered,2491.17
14655,108,81,2025-09-24,Card,Cancelled,1559.05
14656,703,8,2025-04-03,UPI,Cancelled,740.82
14657,383,22,2025-02-10,Card,Delivered,176.99
14658,683,100,2025-04-30,UPI,Delivered,364.12
14659,275,19,2025-01-18,Card,Delivered,2176.19
14660,237,43,2025-04-14,UPI,Delivered,2231.19
14661,907,56,2025-08-13,Card,Cancelled,1086.62
14662,591,89,2025-10-13,Cash,Cancelled,1856.17
14663,270,87,2025-06-11,UPI,Delivered,2200.49
14664,279,67,2025-01-09,Cash,Cancelled,1036.27
14665,149,34,2025-04-01,UPI,Delivered,2218.54
14666,115,95,2025-10-24,Cash,Cancelled,2637.36
14667,235,4,2025-04-06,UPI,Cancelled,2768.23
14668,278,22,2025-05-13,UPI,Delivered,568.74
14669,111,34,2025-09-08,UPI,Cancelled,1350.8
14670,425,94,2025-02-22,UPI,Cancelled,2880.67
14671,240,77,2025-07-06,UPI,Delivered,2945.53
14672,391,3,2025-08-13,UPI,Delivered,2974.54
14673,877,26,2025-02-04,UPI,Delivered,1774.7
14674,754,4,2025-04-26,Card,Cancelled,2045.83
14675,344,52,2025-01-13,Card,Cancelled,750.49
14676,656,46,2025-01-10,Cash,Delivered,1332.78
14677,526,19,2025-07-22,Cash,Delivered,317.96
14678,666,85,2025-10-31,UPI,Cancelled,2203.44
14679,619,27,2025-12-30,Card,Cancelled,2989.46
14680,969,45,2025-03-12,UPI,Cancelled,246.21
14681,255,71,2025-04-24,Card,Delivered,2105.69
14682,229,59,2025-12-02,Card,Delivered,308.73
14683,159,64,2025-08-31,UPI,Cancelled,550.34
14684,612,92,2025-07-26,Cash,Cancelled,2863.98
14685,501,58,2025-09-05,Cash,Cancelled,1323.86
14686,491,4,2025-09-09,Card,Delivered,2304.28
14687,472,74,2025-05-10,UPI,Cancelled,1671.03
14688,262,75,2025-08-22,UPI,Cancelled,2714.29
14689,717,42,2025-03-29,Card,Delivered,1187.95
14690,536,44,2025-05-18,Cash,Cancelled,2660.68
14691,975,67,2025-05-16,Card,Cancelled,959.97
14692,92,5,2025-10-23,Card,Delivered,565.94
14693,458,95,2025-02-12,Cash,Cancelled,261.48
14694,197,5,2025-12-06,UPI,Cancelled,2378.98
14695,876,50,2025-01-16,Card,Delivered,345.97
14696,323,12,2025-09-29,UPI,Cancelled,865.05
14697,251,3,2025-01-25,Card,Cancelled,2715.28
14698,980,12,2025-06-01,UPI,Cancelled,2605.97
14699,47,21,2025-08-27,Cash,Delivered,464.74
14700,985,3,2025-01-28,UPI,Delivered,1642.12
14701,413,34,2025-04-03,UPI,Delivered,1366.97
14702,906,49,2025-10-29,Cash,Cancelled,1919.73
14703,122,3,2025-08-05,Cash,Cancelled,901.75
14704,420,88,2025-07-15,UPI,Cancelled,2723.76
14705,762,77,2025-03-14,UPI,Cancelled,2164.47
14706,498,26,2025-04-16,Cash,Delivered,741.69
14707,462,59,2025-05-10,Cash,Cancelled,2904.31
14708,924,27,2025-05-24,UPI,Delivered,2271.18
14709,17,54,2025-05-28,Card,Delivered,1128.23
14710,349,97,2025-03-13,UPI,Delivered,2373.79
14711,952,98,2025-12-31,UPI,Cancelled,2827.65
14712,511,73,2025-01-10,UPI,Delivered,1233.63
14713,497,46,2025-03-08,Cash,Cancelled,746.8
14714,427,82,2025-04-27,Card,Delivered,1099.65
14715,649,47,2025-09-23,UPI,Cancelled,2615.82
14716,891,63,2025-04-12,Card,Delivered,1939.27
14717,928,10,2025-03-14,Cash,Cancelled,812.98
14718,238,26,2025-09-30,Card,Delivered,2922.61
14719,443,98,2025-05-30,Card,Cancelled,360.08
14720,224,98,2025-05-23,Card,Cancelled,602.39
14721,327,90,2025-09-06,Cash,Cancelled,334.7
14722,310,23,2025-04-19,Cash,Cancelled,1235.03
14723,504,3,2025-12-25,Card,Cancelled,530.67
14724,669,87,2025-12-28,Card,Cancelled,2445.49
14725,805,35,2025-06-01,Card,Cancelled,662.91
14726,899,53,2025-11-14,UPI,Cancelled,1476.91
14727,342,21,2025-10-11,UPI,Delivered,2297.74
14728,457,88,2025-05-22,Cash,Cancelled,529.21
14729,925,96,2025-09-25,UPI,Cancelled,215.42
14730,930,45,2025-04-28,Cash,Cancelled,1593.62
14731,296,23,2025-03-23,Cash,Delivered,486.68
14732,412,47,2025-05-26,Cash,Cancelled,2330.64
14733,857,17,2025-04-05,Card,Cancelled,2334.64
14734,602,41,2025-11-15,Cash,Delivered,1196.9
14735,875,42,2025-08-20,UPI,Cancelled,2724.48
14736,933,28,2025-09-08,Cash,Delivered,580.13
14737,48,62,2025-12-27,Card,Delivered,1964.06
14738,103,18,2025-11-28,Card,Cancelled,2059.64
14739,524,88,2025-05-14,Cash,Delivered,2272.49
14740,719,42,2025-01-23,Cash,Cancelled,2795.34
14741,921,13,2025-12-11,UPI,Delivered,1720.12
14742,204,70,2025-12-23,Card,Delivered,2183.87
14743,30,51,2025-08-06,Card,Cancelled,2949.08
14744,445,30,2025-01-18,Card,Delivered,433.85
14745,588,40,2025-07-13,Cash,Delivered,1405.08
14746,583,35,2025-02-17,UPI,Delivered,1595.55
14747,749,44,2025-10-17,Card,Delivered,2480.75
14748,181,64,2025-02-27,UPI,Delivered,2857.7
14749,745,3,2025-12-13,Card,Delivered,1030.7
14750,780,90,2025-11-19,Card,Delivered,1093.77
14751,724,11,2025-03-21,UPI,Cancelled,2870.48
14752,904,5,2025-10-16,Card,Cancelled,2430.33
14753,709,27,2025-10-22,Card,Delivered,1660.37
14754,904,71,2025-01-13,Cash,Delivered,1253.37
14755,756,16,2025-01-03,Card,Cancelled,1404.91
14756,343,19,2025-07-23,Card,Cancelled,2936.66
14757,535,78,2025-06-09,Cash,Cancelled,667.13
14758,620,34,2025-10-03,Card,Delivered,1867.31
14759,5,78,2025-11-14,UPI,Delivered,1462.85
14760,586,62,2025-07-01,Card,Delivered,2103.18
14761,409,49,2025-10-27,Cash,Cancelled,700.45
14762,1,3,2025-02-23,Cash,Delivered,1296.94
14763,117,32,2025-01-20,UPI,Cancelled,1149.38
14764,837,11,2025-01-13,Cash,Cancelled,795.53
14765,716,5,2025-05-06,Card,Delivered,2287.56
14766,650,90,2025-12-31,UPI,Delivered,1492.41
14767,824,63,2025-10-27,Card,Cancelled,2708.39
14768,224,83,2025-07-17,UPI,Delivered,2905.08
14769,483,36,2025-10-12,Cash,Cancelled,1863.9
14770,482,47,2025-06-06,UPI,Delivered,2338.0
14771,238,96,2025-03-06,UPI,Delivered,2718.18
14772,491,61,2025-12-04,Cash,Delivered,993.6
14773,341,59,2025-09-08,Card,Delivered,1223.4
14774,472,63,2025-12-17,Cash,Delivered,765.18
14775,621,58,2025-10-10,Cash,Delivered,1918.03
14776,592,99,2025-10-01,Card,Delivered,1008.26
14777,371,62,2025-01-25,UPI,Delivered,468.49
14778,597,62,2025-04-24,Cash,Delivered,2447.32
14779,208,45,2025-01-22,Card,Cancelled,1857.47
14780,862,88,2025-02-08,Cash,Delivered,2879.89
14781,735,68,2025-12-18,Cash,Delivered,1206.86
14782,584,73,2025-11-01,Cash,Cancelled,2974.52
14783,121,2,2025-02-26,Cash,Cancelled,2485.48
14784,317,13,2025-02-11,Cash,Delivered,1071.27
14785,945,11,2025-05-07,Card,Delivered,2982.28
14786,84,89,2025-07-02,Card,Delivered,667.36
14787,64,20,2025-01-07,UPI,Delivered,705.71
14788,388,8,2025-04-22,UPI,Cancelled,1054.37
14789,404,99,2025-11-20,Card,Delivered,2881.28
14790,392,53,2025-10-25,Cash,Cancelled,493.25
14791,228,78,2025-01-27,Card,Cancelled,2613.09
14792,927,76,2025-10-16,Card,Cancelled,878.92
14793,804,21,2025-11-05,Card,Delivered,2240.31
14794,881,80,2025-12-30,UPI,Delivered,1369.2
14795,135,88,2025-10-19,Cash,Cancelled,154.38
14796,798,95,2025-09-30,Cash,Cancelled,1840.04
14797,695,90,2025-05-20,UPI,Cancelled,2046.96
14798,302,4,2025-09-24,Cash,Cancelled,541.3
14799,80,46,2025-02-16,Cash,Delivered,1562.65
14800,450,71,2025-04-11,Card,Cancelled,1722.67
14801,390,45,2025-03-12,UPI,Cancelled,2502.58
14802,7,67,2025-03-21,Card,Cancelled,2421.16
14803,119,2,2025-01-20,Card,Cancelled,2001.17
14804,919,34,2025-01-08,Cash,Delivered,721.41
14805,452,11,2025-07-22,Cash,Cancelled,1072.07
14806,568,23,2025-01-17,UPI,Delivered,224.19
14807,730,1,2025-09-15,Cash,Delivered,363.0
14808,122,5,2025-07-01,Card,Cancelled,1904.5
14809,426,54,2025-05-30,UPI,Delivered,1632.89
14810,616,29,2025-12-02,Cash,Cancelled,904.27
14811,938,32,2025-08-10,UPI,Cancelled,2051.3
14812,80,66,2025-04-18,Card,Cancelled,1034.5
14813,132,30,2025-06-18,Cash,Cancelled,1544.43
14814,211,70,2025-12-28,Cash,Cancelled,1233.42
14815,334,77,2025-03-27,Cash,Cancelled,268.78
14816,649,37,2025-09-23,Card,Delivered,2829.31
14817,244,58,2025-11-15,Card,Cancelled,1714.31
14818,663,58,2025-06-25,Cash,Cancelled,1013.0
14819,194,35,2025-07-06,Cash,Delivered,770.1
14820,779,3,2025-06-18,Card,Cancelled,202.67
14821,325,88,2025-09-25,Cash,Cancelled,1091.91
14822,111,27,2025-08-26,Cash,Cancelled,762.66
14823,825,43,2025-02-12,UPI,Cancelled,1967.83
14824,753,29,2025-02-18,Card,Delivered,539.66
14825,968,92,2025-09-13,Card,Delivered,2587.57
14826,458,41,2025-03-01,Card,Delivered,1060.04
14827,83,56,2025-05-15,Cash,Cancelled,1701.17
14828,789,33,2025-08-12,UPI,Delivered,775.79
14829,131,29,2025-08-12,Cash,Delivered,2600.98
14830,529,61,2025-11-07,Cash,Delivered,2423.06
14831,337,56,2025-02-08,Cash,Delivered,1173.39
14832,911,41,2025-06-02,UPI,Delivered,2737.34
14833,363,90,2025-03-31,Cash,Delivered,2481.08
14834,568,82,2025-11-08,Cash,Cancelled,1206.62
14835,188,68,2025-02-27,Card,Delivered,2635.17
14836,853,15,2025-10-06,Cash,Cancelled,2310.95
14837,785,99,2025-11-21,Card,Cancelled,2290.84
14838,66,10,2025-04-02,UPI,Delivered,612.82
14839,694,52,2025-08-28,Card,Delivered,547.03
14840,326,5,2025-12-13,UPI,Cancelled,1643.72
14841,408,21,2025-03-13,UPI,Cancelled,2408.3
14842,600,47,2025-05-28,Cash,Delivered,467.38
14843,539,31,2025-08-16,UPI,Delivered,1122.21
14844,465,64,2025-09-24,Cash,Cancelled,1951.23
14845,980,78,2025-04-29,UPI,Cancelled,262.32
14846,162,17,2025-01-17,UPI,Delivered,1435.24
14847,131,87,2025-09-27,Cash,Cancelled,1821.26
14848,367,39,2025-11-05,Cash,Delivered,955.16
14849,985,34,2025-10-21,Cash,Cancelled,343.1
14850,361,7,2025-03-01,Cash,Cancelled,1559.05
14851,77,39,2025-12-02,Card,Cancelled,2742.16
14852,111,81,2025-08-23,Cash,Cancelled,212.52
14853,841,4,2025-08-19,Card,Cancelled,432.7
14854,323,7,2025-07-17,Card,Cancelled,1077.27
14855,568,94,2025-04-21,UPI,Delivered,227.83
14856,28,52,2025-10-08,UPI,Cancelled,2812.41
14857,829,59,2025-11-06,UPI,Cancelled,1592.46
14858,976,42,2025-06-10,UPI,Delivered,2621.92
14859,746,5,2025-03-29,Card,Cancelled,1370.54
14860,404,47,2025-03-22,Cash,Cancelled,1984.39
14861,782,42,2025-11-03,Cash,Cancelled,1549.65
14862,281,11,2025-03-21,Cash,Cancelled,1541.54
14863,29,15,2025-04-10,Card,Delivered,2490.62
14864,474,19,2025-06-15,Card,Delivered,1050.69
14865,319,53,2025-06-06,Card,Delivered,743.73
14866,984,62,2025-09-24,Cash,Delivered,1772.14
14867,86,97,2025-04-13,Cash,Delivered,2988.75
14868,879,34,2025-02-26,Card,Cancelled,1688.68
14869,300,46,2025-09-24,Card,Delivered,1780.38
14870,231,17,2025-03-02,Cash,Delivered,1323.46
14871,121,12,2025-02-09,UPI,Cancelled,1617.14
14872,426,6,2025-10-22,Cash,Cancelled,2238.47
14873,166,54,2025-03-31,Card,Delivered,2463.52
14874,43,4,2025-04-12,Cash,Cancelled,2445.25
14875,115,89,2025-02-17,Card,Delivered,2200.65
14876,651,87,2025-01-14,Card,Delivered,1020.93
14877,785,9,2025-03-01,Cash,Delivered,652.95
14878,106,84,2025-08-07,Cash,Cancelled,345.98
14879,583,50,2025-09-06,Cash,Cancelled,563.31
14880,295,29,2025-03-27,UPI,Cancelled,583.8
14881,125,9,2025-08-14,Card,Delivered,1994.37
14882,696,11,2025-09-23,Card,Cancelled,1923.18
14883,139,40,2025-03-31,Cash,Cancelled,1665.31
14884,296,15,2025-11-28,UPI,Delivered,2315.72
14885,667,21,2025-12-13,UPI,Delivered,764.42
14886,327,84,2025-06-10,UPI,Cancelled,157.38
14887,310,44,2025-05-19,Card,Delivered,2184.08
14888,964,2,2025-03-28,Cash,Delivered,1553.64
14889,516,1,2025-03-04,Cash,Cancelled,2711.71
14890,145,31,2025-11-23,Card,Cancelled,2346.41
14891,698,83,2025-10-17,UPI,Delivered,2632.7
14892,584,62,2025-09-04,Card,Cancelled,717.76
14893,140,74,2025-01-20,UPI,Delivered,577.24
14894,473,99,2025-06-29,Card,Delivered,2103.75
14895,176,84,2025-10-19,Card,Delivered,1662.4
14896,873,80,2025-12-11,Cash,Delivered,2191.71
14897,512,44,2025-11-29,UPI,Delivered,1606.2
14898,155,9,2025-12-15,UPI,Delivered,1509.16
14899,587,43,2025-04-16,UPI,Delivered,628.46
14900,201,28,2025-11-01,Card,Cancelled,2817.6
14901,963,49,2025-02-01,Card,Cancelled,740.94
14902,10,22,2025-06-19,Cash,Cancelled,1099.34
14903,35,73,2025-07-07,Cash,Delivered,611.31
14904,702,63,2025-08-02,UPI,Cancelled,312.1
14905,892,30,2025-07-05,Card,Cancelled,1582.51
14906,354,18,2025-04-04,Cash,Delivered,1070.87
14907,783,71,2025-05-25,Card,Delivered,544.26
14908,142,78,2025-02-12,UPI,Cancelled,1570.16
14909,12,5,2025-06-23,Card,Cancelled,1722.56
14910,652,25,2025-02-03,Cash,Delivered,2669.2
14911,268,92,2025-07-04,UPI,Delivered,1818.68
14912,402,35,2025-04-26,Cash,Cancelled,695.43
14913,41,39,2025-09-04,UPI,Delivered,1594.55
14914,359,3,2025-04-09,Card,Delivered,1782.01
14915,570,27,2025-03-28,UPI,Cancelled,894.44
14916,231,54,2025-05-25,Cash,Cancelled,2228.7
14917,626,11,2025-01-05,Card,Cancelled,2570.2
14918,853,74,2025-06-04,Cash,Delivered,2212.45
14919,54,48,2025-01-28,UPI,Delivered,933.49
14920,507,33,2025-05-28,Cash,Cancelled,293.07
14921,580,11,2025-08-17,Cash,Delivered,2483.46
14922,126,31,2025-02-03,Card,Delivered,2753.67
14923,435,87,2025-08-23,UPI,Delivered,221.34
14924,677,100,2025-01-24,UPI,Cancelled,2018.79
14925,536,31,2025-03-05,Card,Delivered,1193.17
14926,424,61,2025-09-21,UPI,Cancelled,287.44
14927,278,13,2025-07-16,UPI,Delivered,2585.41
14928,362,37,2025-01-10,UPI,Cancelled,1144.32
14929,500,70,2025-06-20,UPI,Delivered,1568.54
14930,433,75,2025-12-15,Card,Cancelled,2538.72
14931,397,82,2025-08-16,UPI,Cancelled,940.11
14932,241,68,2025-05-12,UPI,Cancelled,786.02
14933,979,98,2025-09-20,Cash,Delivered,177.41
14934,466,74,2025-04-07,Cash,Delivered,1066.84
14935,564,82,2025-11-25,Card,Delivered,1191.83
14936,151,82,2025-01-18,Cash,Cancelled,415.7
14937,101,26,2025-08-03,Card,Cancelled,1350.45
14938,425,11,2025-05-02,Card,Delivered,172.03
14939,909,78,2025-07-01,Cash,Cancelled,2780.52
14940,408,100,2025-09-02,UPI,Cancelled,2858.33
14941,140,64,2025-12-15,UPI,Cancelled,2967.58
14942,720,46,2025-04-18,Cash,Delivered,2431.62
14943,331,17,2025-03-04,Cash,Cancelled,829.48
14944,817,2,2025-04-04,UPI,Delivered,1367.76
14945,206,27,2025-08-26,Cash,Delivered,2179.27
14946,270,5,2025-03-21,Cash,Delivered,647.01
14947,916,31,2025-05-11,Cash,Cancelled,195.01
14948,672,54,2025-01-30,Cash,Cancelled,2585.34
14949,496,40,2025-06-19,Cash,Cancelled,780.52
14950,623,67,2025-10-23,UPI,Cancelled,2639.4
14951,567,6,2025-06-05,Card,Delivered,1521.43
14952,808,21,2025-07-09,UPI,Delivered,1139.64
14953,535,36,2025-03-14,UPI,Cancelled,664.99
14954,551,1,2025-02-18,Card,Delivered,1564.51
14955,646,2,2025-12-30,UPI,Cancelled,995.06
14956,216,77,2025-02-14,UPI,Delivered,1033.18
14957,956,36,2025-11-06,UPI,Delivered,2218.99
14958,592,97,2025-06-02,UPI,Delivered,1956.12
14959,283,34,2025-07-04,Cash,Delivered,1605.08
14960,975,48,2025-10-29,Cash,Delivered,1296.14
14961,493,4,2025-06-30,Cash,Cancelled,1583.52
14962,843,98,2025-09-17,Cash,Delivered,643.78
14963,993,55,2025-04-29,Card,Delivered,2068.45
14964,303,80,2025-03-26,UPI,Cancelled,2532.68
14965,621,14,2025-11-30,Cash,Cancelled,1450.88
14966,867,43,2025-07-24,UPI,Cancelled,300.72
14967,832,85,2025-04-05,UPI,Delivered,1571.01
14968,388,7,2025-03-24,Card,Delivered,1994.54
14969,306,45,2025-11-07,UPI,Delivered,384.14
14970,139,48,2025-10-17,Card,Delivered,843.66
14971,976,16,2025-01-09,UPI,Cancelled,1385.83
14972,825,54,2025-08-31,Cash,Delivered,1169.81
14973,50,81,2025-01-02,Cash,Cancelled,2549.73
14974,346,54,2025-09-30,UPI,Cancelled,787.72
14975,652,51,2025-10-22,Card,Delivered,2374.48
14976,158,84,2025-06-26,Cash,Delivered,1357.47
14977,154,80,2025-03-10,Card,Delivered,619.02
14978,199,86,2025-02-26,Card,Cancelled,2669.46
14979,271,46,2025-03-23,UPI,Delivered,954.44
14980,179,77,2025-10-30,Card,Delivered,1207.58
14981,999,93,2025-05-06,UPI,Cancelled,916.78
14982,133,13,2025-12-26,Cash,Cancelled,255.05
14983,86,17,2025-01-14,Cash,Cancelled,509.54
14984,647,41,2025-02-04,Card,Cancelled,237.0
14985,264,18,2025-06-27,Card,Cancelled,1430.29
14986,52,37,2025-01-21,UPI,Delivered,1895.24
14987,984,41,2025-04-07,UPI,Cancelled,2271.6
14988,959,12,2025-12-07,Card,Cancelled,1432.44
14989,47,81,2025-11-04,Card,Delivered,648.02
14990,543,5,2025-09-09,Card,Delivered,2508.12
14991,917,34,2025-08-03,Cash,Delivered,1834.34
14992,770,34,2025-01-16,Card,Delivered,2970.63
14993,701,1,2025-02-05,Cash,Cancelled,2989.78
14994,381,39,2025-11-03,Card,Delivered,2085.9
14995,47,70,2025-06-10,Card,Delivered,2763.76
14996,696,31,2025-11-07,Card,Cancelled,2940.56
14997,937,37,2025-01-28,UPI,Delivered,544.34
14998,262,18,2025-10-19,Card,Cancelled,314.94
14999,473,15,2025-03-11,UPI,Cancelled,1989.62
15000,293,74,2025-12-03,Card,Delivered,780.42
15001,823,4,2025-01-05,UPI,Cancelled,2313.79
15002,9,17,2025-11-28,Card,Cancelled,755.94
15003,820,98,2025-02-12,Cash,Cancelled,1897.94
15004,559,31,2025-03-04,Cash,Delivered,1766.61
15005,394,69,2025-03-10,UPI,Cancelled,2640.0
15006,756,92,2025-06-14,UPI,Delivered,1856.02
15007,592,83,2025-06-21,Card,Delivered,502.47
15008,594,4,2025-11-02,Card,Cancelled,1680.27
15009,589,59,2025-08-07,Cash,Delivered,150.25
15010,930,81,2025-03-07,Cash,Cancelled,2332.52
15011,445,13,2025-06-09,Card,Delivered,1675.03
15012,773,47,2025-11-09,Cash,Cancelled,928.4
15013,387,14,2025-01-31,Cash,Delivered,1131.86
15014,68,88,2025-10-20,Cash,Cancelled,629.02
15015,56,65,2025-01-22,Card,Delivered,2413.65
15016,1000,37,2025-02-12,UPI,Delivered,1934.67
15017,663,73,2025-09-11,Card,Delivered,2280.8
15018,583,10,2025-09-09,Cash,Delivered,1818.25
15019,850,1,2025-09-02,Card,Cancelled,2319.56
15020,193,91,2025-01-29,Card,Delivered,891.73
15021,186,61,2025-09-19,Card,Cancelled,2756.81
15022,172,70,2025-04-25,Card,Cancelled,1653.1
15023,407,85,2025-06-03,Cash,Delivered,1817.34
15024,512,53,2025-02-01,UPI,Cancelled,786.54
15025,773,39,2025-10-26,UPI,Delivered,933.96
15026,446,94,2025-09-26,UPI,Delivered,2398.23
15027,354,21,2025-07-11,Cash,Delivered,1124.4
15028,524,6,2025-03-16,Card,Delivered,2551.02
15029,749,19,2025-05-18,Card,Delivered,1525.69
15030,597,84,2025-05-23,Card,Cancelled,2939.76
15031,446,37,2025-05-07,Card,Delivered,1953.75
15032,261,56,2025-01-19,UPI,Cancelled,618.19
15033,695,82,2025-07-15,Cash,Cancelled,1839.5
15034,58,78,2025-12-20,UPI,Cancelled,968.5
15035,695,14,2025-05-05,UPI,Delivered,2038.32
15036,838,6,2025-12-26,Card,Delivered,2459.7
15037,454,9,2025-09-16,Cash,Delivered,682.58
15038,550,23,2025-04-15,Cash,Cancelled,1162.31
15039,22,78,2025-07-09,UPI,Delivered,2550.54
15040,139,94,2025-03-25,UPI,Cancelled,1872.6
15041,1,48,2025-02-21,Card,Cancelled,624.08
15042,494,44,2025-02-17,Card,Delivered,1089.22
15043,3,49,2025-02-04,Card,Delivered,1696.7
15044,366,45,2025-08-26,Card,Delivered,1605.23
15045,217,39,2025-02-03,Cash,Cancelled,709.14
15046,849,72,2025-03-07,Cash,Cancelled,525.2
15047,382,9,2025-07-12,UPI,Cancelled,2548.89
15048,967,20,2025-08-09,Card,Cancelled,1655.48
15049,620,51,2025-11-07,Card,Delivered,2517.57
15050,128,95,2025-01-10,UPI,Cancelled,2740.17
15051,538,44,2025-11-14,Card,Delivered,1830.74
15052,413,87,2025-07-27,Card,Delivered,2818.77
15053,785,8,2025-05-12,UPI,Cancelled,1389.67
15054,208,30,2025-08-25,Cash,Delivered,1687.06
15055,965,16,2025-12-08,Cash,Cancelled,1014.04
15056,168,39,2025-07-03,UPI,Cancelled,2121.49
15057,898,6,2025-09-28,UPI,Delivered,1039.67
15058,699,42,2025-11-12,Cash,Cancelled,875.32
15059,550,14,2025-09-05,UPI,Cancelled,1228.81
15060,40,81,2025-03-18,Cash,Cancelled,2501.83
15061,359,69,2025-10-20,Cash,Cancelled,973.38
15062,897,100,2025-04-19,UPI,Delivered,625.58
15063,853,12,2025-04-22,Cash,Cancelled,1144.92
15064,225,53,2025-01-26,Card,Cancelled,199.38
15065,849,91,2025-01-26,Cash,Cancelled,2650.27
15066,718,98,2025-02-06,Cash,Delivered,1275.93
15067,367,63,2025-04-18,UPI,Delivered,172.65
15068,296,77,2025-04-10,Card,Cancelled,1253.54
15069,722,29,2025-06-10,UPI,Delivered,613.89
15070,911,16,2025-06-28,Card,Cancelled,1406.03
15071,553,89,2025-09-13,Cash,Delivered,960.2
15072,990,92,2025-08-11,Card,Delivered,1261.69
15073,866,73,2025-05-28,Cash,Cancelled,1068.52
15074,526,31,2025-06-06,UPI,Delivered,1006.41
15075,353,58,2025-08-22,Card,Delivered,558.18
15076,352,27,2025-10-28,Cash,Cancelled,499.86
15077,6,55,2025-05-03,UPI,Delivered,946.23
15078,9,84,2025-08-09,Card,Delivered,1608.75
15079,117,91,2025-10-01,Cash,Cancelled,1166.6
15080,456,75,2025-05-23,Cash,Cancelled,2130.26
15081,462,47,2025-11-27,UPI,Delivered,941.9
15082,411,83,2025-04-11,Card,Cancelled,2966.15
15083,302,89,2025-04-12,UPI,Delivered,2054.6
15084,918,60,2025-11-25,Card,Cancelled,732.78
15085,698,28,2025-08-23,UPI,Delivered,2369.38
15086,488,15,2025-08-03,Card,Delivered,1550.02
15087,137,32,2025-02-27,Card,Cancelled,1958.53
15088,271,52,2025-09-10,Card,Delivered,676.42
15089,222,23,2025-12-01,UPI,Cancelled,541.76
15090,459,100,2025-03-12,Card,Cancelled,2844.15
15091,541,56,2025-08-06,Card,Delivered,2661.0
15092,809,38,2025-09-28,Cash,Delivered,699.16
15093,665,96,2025-07-04,UPI,Delivered,166.36
15094,598,14,2025-08-14,UPI,Delivered,2847.04
15095,984,62,2025-09-06,Cash,Cancelled,1190.04
15096,652,50,2025-08-18,Cash,Cancelled,1617.83
15097,575,22,2025-05-06,UPI,Cancelled,2118.83
15098,112,73,2025-05-13,Card,Cancelled,474.52
15099,805,98,2025-03-11,Card,Cancelled,2676.88
15100,95,29,2025-04-26,UPI,Cancelled,1547.56
15101,496,66,2025-11-08,Cash,Delivered,2944.2
15102,634,29,2025-07-09,Card,Cancelled,2835.67
15103,645,24,2025-05-15,Cash,Delivered,2168.67
15104,153,73,2025-11-01,Card,Delivered,1498.85
15105,402,42,2025-12-15,Cash,Delivered,2199.63
15106,495,51,2025-07-15,UPI,Cancelled,889.27
15107,290,45,2025-08-29,Card,Delivered,2840.51
15108,17,62,2025-09-28,Cash,Cancelled,581.27
15109,242,38,2025-02-25,Card,Cancelled,646.42
15110,324,86,2025-09-07,Cash,Delivered,1798.68
15111,60,76,2025-03-04,UPI,Delivered,793.89
15112,927,100,2025-08-17,Card,Delivered,566.75
15113,447,26,2025-09-17,Card,Cancelled,2161.65
15114,67,9,2025-12-16,UPI,Delivered,1603.49
15115,428,85,2025-06-21,UPI,Cancelled,908.9
15116,825,71,2025-03-24,Card,Delivered,2254.44
15117,289,19,2025-07-26,Cash,Delivered,2420.01
15118,683,50,2025-07-24,UPI,Delivered,1509.4
15119,951,38,2025-01-03,Card,Cancelled,1082.09
15120,830,56,2025-05-10,Card,Delivered,2216.58
15121,159,1,2025-11-04,Card,Cancelled,2482.53
15122,527,41,2025-10-30,Cash,Delivered,1610.97
15123,686,4,2025-04-10,Card,Delivered,2919.17
15124,738,98,2025-01-11,Cash,Cancelled,2699.98
15125,512,73,2025-05-09,UPI,Delivered,753.89
15126,772,17,2025-08-27,Card,Delivered,2170.65
15127,543,93,2025-01-21,Card,Cancelled,1729.95
15128,810,33,2025-07-29,Cash,Cancelled,1767.57
15129,202,45,2025-04-02,Cash,Cancelled,587.67
15130,863,20,2025-11-03,UPI,Delivered,1777.06
15131,741,95,2025-04-16,Card,Cancelled,2824.8
15132,575,78,2025-12-31,UPI,Cancelled,1423.53
15133,616,75,2025-11-01,UPI,Cancelled,932.32
15134,230,47,2025-08-22,Cash,Delivered,2162.7
15135,797,73,2025-11-20,Card,Cancelled,338.63
15136,271,54,2025-06-19,Card,Delivered,1153.92
15137,603,79,2025-11-06,Cash,Cancelled,2626.65
15138,321,100,2025-07-09,Card,Delivered,317.85
15139,522,8,2025-12-13,Card,Delivered,450.16
15140,636,53,2025-08-31,Card,Cancelled,2228.71
15141,287,64,2025-11-18,UPI,Delivered,669.38
15142,825,8,2025-07-16,Card,Cancelled,2561.93
15143,630,47,2025-03-14,UPI,Delivered,2267.63
15144,668,66,2025-02-27,Cash,Cancelled,2417.65
15145,390,36,2025-10-19,Card,Cancelled,2351.31
15146,26,37,2025-10-17,Cash,Delivered,2733.74
15147,625,20,2025-06-05,UPI,Delivered,961.34
15148,795,39,2025-11-04,UPI,Cancelled,1188.58
15149,723,75,2025-05-18,UPI,Cancelled,1073.98
15150,731,19,2025-06-09,UPI,Delivered,2739.65
15151,678,50,2025-10-05,UPI,Delivered,2768.32
15152,916,8,2025-03-28,Card,Delivered,393.07
15153,259,96,2025-08-02,UPI,Delivered,2913.05
15154,671,30,2025-01-13,Cash,Cancelled,168.19
15155,134,38,2025-09-29,Cash,Delivered,2433.57
15156,996,18,2025-01-14,Card,Cancelled,1759.79
15157,669,4,2025-06-20,Cash,Cancelled,2802.76
15158,761,8,2025-06-20,Cash,Cancelled,1007.1
15159,182,52,2025-10-22,Cash,Cancelled,1793.04
15160,430,100,2025-07-11,UPI,Cancelled,1774.89
15161,755,54,2025-01-16,Card,Cancelled,2028.21
15162,477,30,2025-10-07,UPI,Delivered,2037.4
15163,944,5,2025-07-19,Cash,Cancelled,1039.58
15164,376,79,2025-03-11,UPI,Cancelled,2092.81
15165,855,25,2025-11-26,Cash,Delivered,2440.4
15166,8,57,2025-03-12,Card,Delivered,1041.71
15167,926,93,2025-10-12,Cash,Delivered,2627.15
15168,861,26,2025-12-12,UPI,Delivered,181.91
15169,49,26,2025-05-10,UPI,Cancelled,2998.52
15170,984,89,2025-05-09,Card,Delivered,2255.4
15171,355,88,2025-06-05,Card,Cancelled,1385.87
15172,803,90,2025-12-08,Cash,Cancelled,1570.86
15173,209,71,2025-04-01,Card,Delivered,157.43
15174,609,87,2025-02-25,Cash,Delivered,1873.53
15175,566,37,2025-12-01,UPI,Delivered,1946.83
15176,389,22,2025-04-08,Cash,Cancelled,2128.37
15177,430,4,2025-02-18,Card,Cancelled,599.87
15178,369,81,2025-09-15,Card,Cancelled,2422.3
15179,22,18,2025-09-30,Card,Delivered,495.8
15180,769,51,2025-08-29,Card,Delivered,150.95
15181,606,8,2025-08-18,UPI,Delivered,608.64
15182,964,9,2025-01-28,Card,Delivered,382.34
15183,497,79,2025-11-09,Cash,Cancelled,2719.53
15184,752,32,2025-01-09,UPI,Delivered,352.01
15185,458,89,2025-06-09,Card,Cancelled,2086.29
15186,593,35,2025-11-09,Cash,Cancelled,2218.45
15187,406,43,2025-07-09,UPI,Delivered,1189.98
15188,562,43,2025-06-26,UPI,Delivered,2380.4
15189,1,49,2025-11-02,UPI,Cancelled,1845.57
15190,758,35,2025-05-17,UPI,Cancelled,2148.8
15191,987,74,2025-12-21,UPI,Cancelled,791.19
15192,566,11,2025-05-15,UPI,Cancelled,417.04
15193,752,86,2025-04-05,Cash,Delivered,1123.2
15194,848,63,2025-11-12,Card,Delivered,232.45
15195,92,2,2025-08-07,Cash,Delivered,2567.38
15196,825,76,2025-01-17,Cash,Delivered,2811.63
15197,778,90,2025-10-09,UPI,Cancelled,1940.95
15198,771,16,2025-09-23,Cash,Delivered,475.49
15199,442,84,2025-03-18,UPI,Cancelled,162.48
15200,146,5,2025-06-03,UPI,Delivered,558.88
15201,965,82,2025-01-25,Card,Cancelled,488.86
15202,92,14,2025-06-11,Cash,Cancelled,1457.58
15203,808,83,2025-04-07,UPI,Delivered,1859.86
15204,282,98,2025-03-30,UPI,Cancelled,2039.84
15205,892,16,2025-04-27,UPI,Cancelled,257.79
15206,99,6,2025-08-07,Cash,Cancelled,1946.55
15207,267,55,2025-07-06,Cash,Delivered,1312.59
15208,500,26,2025-08-15,Cash,Delivered,2375.45
15209,41,77,2025-05-04,Cash,Delivered,2752.51
15210,841,97,2025-07-10,Card,Delivered,2689.8
15211,624,54,2025-01-05,Cash,Cancelled,1109.31
15212,367,81,2025-12-21,UPI,Cancelled,428.28
15213,106,78,2025-12-24,Cash,Cancelled,2793.77
15214,122,68,2025-02-07,Card,Cancelled,2780.31
15215,702,42,2025-12-09,Card,Delivered,2012.85
15216,65,26,2025-04-09,Cash,Delivered,1482.57
15217,293,100,2025-01-31,UPI,Cancelled,2912.89
15218,528,22,2025-04-29,Cash,Cancelled,1326.52
15219,735,5,2025-04-07,Cash,Cancelled,2344.76
15220,250,38,2025-07-22,Card,Cancelled,1348.31
15221,912,24,2025-11-01,UPI,Delivered,1518.94
15222,592,11,2025-10-14,Cash,Delivered,1507.93
15223,561,70,2025-02-13,Card,Delivered,1568.75
15224,66,26,2025-04-05,Cash,Delivered,1200.43
15225,241,87,2025-10-19,UPI,Delivered,2113.1
15226,642,49,2025-05-09,Card,Cancelled,2145.05
15227,61,52,2025-01-07,Card,Cancelled,2191.68
15228,616,65,2025-05-31,UPI,Delivered,987.39
15229,290,11,2025-01-06,UPI,Cancelled,765.08
15230,742,58,2025-01-24,UPI,Delivered,1674.71
15231,139,41,2025-12-23,Cash,Cancelled,2720.0
15232,518,54,2025-08-30,Cash,Delivered,840.64
15233,366,21,2025-03-07,UPI,Cancelled,696.67
15234,324,38,2025-10-05,UPI,Cancelled,2651.12
15235,412,6,2025-10-31,UPI,Cancelled,2067.16
15236,393,84,2025-08-16,Cash,Delivered,1213.15
15237,201,64,2025-11-03,Cash,Delivered,1834.73
15238,60,81,2025-08-21,Card,Delivered,1510.59
15239,716,55,2025-08-23,Card,Cancelled,2980.67
15240,371,99,2025-02-15,Cash,Cancelled,781.09
15241,538,67,2025-12-22,Cash,Delivered,1979.76
15242,529,22,2025-10-31,Card,Delivered,2036.93
15243,915,52,2025-10-19,Cash,Cancelled,691.39
15244,689,52,2025-10-06,Card,Cancelled,1047.31
15245,303,35,2025-05-25,UPI,Delivered,832.76
15246,821,13,2025-02-05,Card,Delivered,1239.31
15247,422,89,2025-05-02,Cash,Delivered,2884.6
15248,784,98,2025-09-10,UPI,Cancelled,1576.78
15249,988,63,2025-05-30,Cash,Cancelled,2402.52
15250,832,11,2025-03-31,UPI,Delivered,718.85
15251,868,15,2025-03-25,Cash,Delivered,1669.04
15252,448,19,2025-08-20,Cash,Delivered,2891.01
15253,603,18,2025-03-05,Cash,Cancelled,2672.37
15254,901,35,2025-03-31,Card,Delivered,1760.58
15255,15,28,2025-04-10,Card,Delivered,1114.54
15256,748,42,2025-05-05,Cash,Delivered,2389.21
15257,58,53,2025-09-26,Card,Cancelled,2681.54
15258,359,86,2025-04-28,Cash,Delivered,1940.35
15259,342,34,2025-10-30,Cash,Cancelled,2485.01
15260,325,72,2025-03-30,UPI,Cancelled,1571.97
15261,220,34,2025-10-12,Card,Cancelled,2670.21
15262,748,9,2025-04-17,Cash,Cancelled,1541.55
15263,565,15,2025-08-08,UPI,Cancelled,2125.88
15264,346,44,2025-07-30,UPI,Cancelled,1729.3
15265,244,8,2025-01-21,Card,Delivered,2711.82
15266,307,19,2025-05-06,Card,Delivered,393.68
15267,305,3,2025-07-17,Card,Cancelled,2214.06
15268,385,31,2025-08-28,Card,Delivered,707.55
15269,188,66,2025-08-31,Card,Delivered,313.05
15270,504,44,2025-08-12,UPI,Cancelled,1424.39
15271,463,7,2025-04-22,Card,Cancelled,2325.79
15272,708,85,2025-06-14,Card,Cancelled,1045.25
15273,245,39,2025-03-07,UPI,Cancelled,1059.21
15274,96,27,2025-11-10,Card,Cancelled,995.66
15275,733,68,2025-09-02,Cash,Cancelled,1813.02
15276,285,4,2025-02-14,Cash,Delivered,2975.03
15277,116,49,2025-10-31,Cash,Delivered,736.72
15278,415,94,2025-11-30,UPI,Cancelled,1118.07
15279,208,60,2025-11-11,Cash,Cancelled,473.93
15280,317,48,2025-10-08,UPI,Cancelled,942.76
15281,290,72,2025-01-18,Cash,Cancelled,2699.88
15282,914,23,2025-05-06,Card,Delivered,284.87
15283,686,92,2025-10-07,UPI,Delivered,2941.15
15284,905,25,2025-01-06,Card,Cancelled,2351.44
15285,539,97,2025-11-25,UPI,Delivered,1524.9
15286,254,7,2025-04-17,Cash,Cancelled,2756.22
15287,446,57,2025-04-08,UPI,Cancelled,1100.73
15288,485,1,2025-11-04,Cash,Delivered,914.6
15289,717,48,2025-09-21,Card,Cancelled,865.88
15290,669,14,2025-06-06,Cash,Cancelled,2301.36
15291,452,76,2025-05-21,UPI,Delivered,2373.64
15292,157,24,2025-09-15,UPI,Cancelled,1222.89
15293,47,55,2025-10-24,Cash,Cancelled,2302.33
15294,563,41,2025-09-04,UPI,Cancelled,2729.03
15295,517,89,2025-07-24,Cash,Delivered,930.86
15296,398,18,2025-11-29,Card,Cancelled,850.09
15297,576,31,2025-04-30,UPI,Delivered,1971.71
15298,681,1,2025-12-15,UPI,Cancelled,1261.94
15299,541,83,2025-11-15,UPI,Cancelled,458.92
15300,778,19,2025-06-02,Cash,Cancelled,1727.7
15301,279,31,2025-07-02,Card,Delivered,675.67
15302,531,30,2025-09-11,UPI,Delivered,2746.9
15303,715,92,2025-11-16,Cash,Cancelled,2222.55
15304,130,79,2025-01-25,Cash,Cancelled,1314.64
15305,795,1,2025-08-13,Cash,Cancelled,2398.79
15306,250,26,2025-12-27,Card,Cancelled,2196.61
15307,837,62,2025-06-14,UPI,Cancelled,155.85
15308,508,84,2025-12-07,Cash,Cancelled,2844.34
15309,55,81,2025-05-30,Card,Cancelled,1708.89
15310,848,53,2025-11-01,UPI,Cancelled,2760.94
15311,505,79,2025-06-08,Cash,Delivered,2298.56
15312,539,55,2025-11-02,Cash,Delivered,2973.25
15313,399,39,2025-12-10,UPI,Cancelled,1877.54
15314,930,58,2025-07-23,Cash,Delivered,2959.19
15315,265,10,2025-01-06,UPI,Delivered,712.46
15316,371,98,2025-03-07,UPI,Cancelled,1106.89
15317,154,53,2025-03-12,Cash,Cancelled,1794.66
15318,831,92,2025-05-19,UPI,Cancelled,2770.81
15319,931,85,2025-03-12,Cash,Cancelled,2718.41
15320,489,61,2025-05-08,Card,Cancelled,979.73
15321,862,85,2025-03-18,Cash,Cancelled,493.44
15322,630,13,2025-12-14,Cash,Cancelled,1771.7
15323,483,41,2025-05-05,Card,Delivered,1289.06
15324,229,46,2025-12-01,Card,Delivered,2002.97
15325,932,83,2025-10-29,Card,Cancelled,808.03
15326,532,12,2025-11-12,Cash,Delivered,2196.01
15327,464,3,2025-10-07,Card,Cancelled,561.42
15328,759,45,2025-01-01,UPI,Cancelled,736.56
15329,915,70,2025-09-25,Cash,Delivered,503.0
15330,798,64,2025-03-19,Cash,Delivered,2499.85
15331,587,51,2025-07-06,Cash,Delivered,2459.98
15332,879,58,2025-07-17,Cash,Delivered,2361.21
15333,812,51,2025-10-28,Card,Delivered,2417.47
15334,661,34,2025-02-13,Cash,Delivered,1983.49
15335,485,54,2025-05-20,Card,Delivered,892.34
15336,378,24,2025-01-26,Cash,Delivered,1766.65
15337,995,19,2025-11-27,Cash,Delivered,2510.44
15338,404,55,2025-07-22,Card,Delivered,495.47
15339,474,83,2025-07-01,UPI,Cancelled,1277.32
15340,903,97,2025-03-27,UPI,Cancelled,330.44
15341,711,36,2025-05-21,Card,Cancelled,2277.87
15342,36,86,2025-01-06,UPI,Delivered,2265.84
15343,4,71,2025-01-25,Card,Delivered,505.0
15344,627,11,2025-08-06,UPI,Delivered,1450.65
15345,320,97,2025-01-08,UPI,Delivered,2026.79
15346,61,59,2025-03-06,Card,Cancelled,1880.56
15347,42,47,2025-08-14,Card,Cancelled,1233.32
15348,592,14,2025-08-25,Cash,Cancelled,972.49
15349,147,59,2025-11-17,Card,Cancelled,1665.1
15350,36,60,2025-07-29,Cash,Cancelled,563.62
15351,600,7,2025-12-13,UPI,Cancelled,652.91
15352,168,38,2025-02-25,UPI,Delivered,1430.74
15353,715,25,2025-03-23,Cash,Cancelled,2843.16
15354,23,76,2025-10-23,Card,Cancelled,1322.0
15355,607,17,2025-05-26,Card,Delivered,2616.27
15356,332,2,2025-05-05,Card,Delivered,2748.39
15357,983,63,2025-02-14,Cash,Cancelled,1790.01
15358,745,94,2025-11-06,UPI,Delivered,1144.19
15359,236,21,2025-04-12,Card,Cancelled,2660.53
15360,360,56,2025-11-19,UPI,Cancelled,1807.01
15361,350,75,2025-06-15,Cash,Delivered,213.37
15362,931,9,2025-03-25,UPI,Cancelled,1119.7
15363,449,19,2025-01-07,Card,Cancelled,508.68
15364,769,68,2025-01-26,Cash,Delivered,1467.26
15365,815,7,2025-01-22,UPI,Cancelled,861.03
15366,195,69,2025-05-14,Cash,Delivered,271.29
15367,80,10,2025-05-04,Cash,Delivered,2143.01
15368,699,57,2025-11-08,Cash,Delivered,2007.89
15369,744,93,2025-03-09,Card,Delivered,342.66
15370,646,65,2025-04-01,UPI,Cancelled,2981.38
15371,191,12,2025-10-15,UPI,Cancelled,1744.52
15372,99,81,2025-02-08,UPI,Delivered,953.07
15373,243,54,2025-02-18,Card,Delivered,535.78
15374,409,61,2025-03-12,Cash,Cancelled,1387.73
15375,391,87,2025-03-06,UPI,Cancelled,1250.69
15376,21,19,2025-10-25,Cash,Delivered,1984.37
15377,843,31,2025-10-01,Card,Delivered,1013.84
15378,742,81,2025-01-27,Cash,Delivered,1273.97
15379,368,17,2025-02-25,Cash,Delivered,1242.57
15380,416,70,2025-09-22,Card,Delivered,553.64
15381,708,83,2025-11-16,UPI,Cancelled,1665.56
15382,192,96,2025-07-13,Card,Delivered,1680.35
15383,541,46,2025-12-01,Card,Delivered,2814.07
15384,586,20,2025-01-04,UPI,Cancelled,2186.27
15385,372,12,2025-08-20,UPI,Cancelled,1795.11
15386,787,69,2025-01-03,Cash,Cancelled,2802.63
15387,971,65,2025-11-19,UPI,Delivered,2707.56
15388,7,76,2025-02-15,UPI,Delivered,1626.74
15389,465,74,2025-09-08,Cash,Delivered,2229.84
15390,771,81,2025-07-29,Card,Delivered,2016.17
15391,896,38,2025-08-28,Cash,Cancelled,1219.24
15392,148,59,2025-09-17,Cash,Delivered,1794.15
15393,672,70,2025-02-22,UPI,Delivered,2149.36
15394,334,56,2025-06-25,Cash,Cancelled,418.62
15395,583,48,2025-04-15,Card,Delivered,2824.27
15396,239,20,2025-01-15,Cash,Cancelled,2962.95
15397,872,73,2025-06-06,Cash,Cancelled,1525.06
15398,442,53,2025-07-17,Cash,Cancelled,2592.53
15399,227,56,2025-07-09,UPI,Delivered,466.81
15400,565,15,2025-10-26,UPI,Cancelled,286.99
15401,984,40,2025-03-12,Card,Delivered,1716.47
15402,578,78,2025-12-05,UPI,Delivered,786.19
15403,875,53,2025-01-17,Card,Delivered,619.63
15404,663,73,2025-02-19,Card,Delivered,520.55
15405,841,72,2025-07-23,UPI,Cancelled,2360.82
15406,208,95,2025-06-29,Cash,Delivered,312.07
15407,859,2,2025-11-15,Cash,Delivered,1665.89
15408,864,48,2025-05-31,Card,Delivered,1428.32
15409,301,94,2025-05-28,Cash,Cancelled,1895.14
15410,847,90,2025-08-07,Card,Cancelled,1971.97
15411,263,10,2025-03-25,UPI,Delivered,2171.04
15412,94,43,2025-03-05,UPI,Cancelled,482.74
15413,597,69,2025-08-07,Cash,Cancelled,2341.93
15414,561,99,2025-07-21,UPI,Delivered,929.46
15415,925,48,2025-01-21,Cash,Cancelled,2465.24
15416,466,65,2025-03-06,UPI,Cancelled,2017.42
15417,104,85,2025-08-21,UPI,Delivered,2296.49
15418,305,42,2025-05-31,UPI,Cancelled,957.38
15419,920,42,2025-12-01,Card,Delivered,2215.38
15420,754,94,2025-08-22,UPI,Cancelled,1756.96
15421,82,33,2025-01-18,Card,Delivered,2148.65
15422,72,45,2025-10-05,Card,Delivered,1803.57
15423,268,13,2025-06-01,Card,Delivered,235.25
15424,945,37,2025-05-21,Cash,Delivered,2532.58
15425,251,43,2025-10-12,Card,Cancelled,601.31
15426,72,26,2025-02-13,Card,Delivered,2849.69
15427,365,79,2025-01-14,Card,Delivered,1967.89
15428,277,9,2025-12-13,Card,Delivered,1049.05
15429,788,67,2025-10-26,UPI,Delivered,1020.55
15430,19,43,2025-10-31,Card,Cancelled,2927.69
15431,736,1,2025-07-08,Card,Cancelled,1102.89
15432,277,89,2025-06-19,UPI,Delivered,2694.89
15433,523,91,2025-09-11,UPI,Delivered,2093.1
15434,627,80,2025-12-24,Card,Delivered,2243.96
15435,378,51,2025-05-17,Cash,Delivered,1970.72
15436,699,6,2025-11-17,Cash,Delivered,231.66
15437,262,75,2025-05-18,Card,Cancelled,2768.4
15438,901,26,2025-07-04,Card,Delivered,1452.47
15439,818,92,2025-04-15,UPI,Cancelled,1769.08
15440,685,35,2025-06-20,Card,Cancelled,2656.95
15441,338,25,2025-05-25,Cash,Delivered,1010.97
15442,982,4,2025-01-13,Card,Cancelled,946.83
15443,190,46,2025-05-09,Cash,Cancelled,1660.83
15444,162,58,2025-01-26,UPI,Delivered,2179.49
15445,785,48,2025-12-31,UPI,Delivered,1082.57
15446,94,76,2025-01-30,Cash,Cancelled,2730.91
15447,15,91,2025-12-17,Card,Delivered,2799.31
15448,472,51,2025-02-28,Card,Delivered,2536.2
15449,799,83,2025-06-08,UPI,Cancelled,1945.01
15450,962,9,2025-05-26,Card,Delivered,1979.14
15451,954,73,2025-01-28,UPI,Delivered,714.12
15452,247,38,2025-07-28,Card,Cancelled,1940.78
15453,200,56,2025-04-23,UPI,Delivered,1551.32
15454,962,86,2025-03-25,UPI,Cancelled,1997.81
15455,250,51,2025-03-23,Card,Cancelled,2781.24
15456,63,37,2025-08-23,UPI,Delivered,252.14
15457,783,1,2025-11-23,UPI,Cancelled,616.69
15458,760,17,2025-07-08,Cash,Delivered,1743.78
15459,178,56,2025-03-05,UPI,Delivered,315.74
15460,818,69,2025-08-30,Cash,Cancelled,2314.45
15461,22,80,2025-07-17,Card,Delivered,2078.75
15462,912,11,2025-12-16,Cash,Delivered,1351.63
15463,505,21,2025-03-17,Card,Delivered,346.58
15464,788,26,2025-09-25,Card,Delivered,1206.32
15465,722,42,2025-11-11,Cash,Delivered,2148.33
15466,445,5,2025-01-14,UPI,Cancelled,654.71
15467,276,46,2025-01-08,UPI,Delivered,1002.93
15468,696,35,2025-11-07,Card,Cancelled,1894.44
15469,630,66,2025-01-02,UPI,Cancelled,2364.65
15470,850,26,2025-06-26,UPI,Cancelled,1037.42
15471,737,68,2025-02-26,Cash,Cancelled,837.07
15472,455,36,2025-08-02,Cash,Cancelled,2384.59
15473,572,69,2025-10-11,Cash,Delivered,2208.95
15474,590,51,2025-12-10,Card,Delivered,1131.04
15475,610,62,2025-10-10,UPI,Delivered,1072.55
15476,121,82,2025-05-03,UPI,Delivered,2565.77
15477,232,18,2025-08-27,Card,Cancelled,2539.52
15478,803,41,2025-02-06,Card,Cancelled,484.03
15479,785,47,2025-06-23,Card,Delivered,1592.74
15480,132,30,2025-05-29,Cash,Cancelled,1469.1
15481,83,15,2025-12-08,Cash,Delivered,268.2
15482,401,78,2025-09-07,Cash,Delivered,1845.62
15483,606,39,2025-12-11,Cash,Cancelled,1203.98
15484,619,12,2025-01-30,Card,Delivered,1088.78
15485,114,79,2025-11-30,Card,Cancelled,283.93
15486,835,11,2025-09-26,Card,Cancelled,2968.28
15487,247,94,2025-05-25,Cash,Cancelled,1091.41
15488,373,64,2025-06-06,UPI,Delivered,2656.27
15489,921,73,2025-03-21,Cash,Cancelled,206.69
15490,594,99,2025-05-21,Cash,Cancelled,2406.19
15491,149,24,2025-10-24,Card,Cancelled,2497.94
15492,577,92,2025-06-19,Cash,Cancelled,542.93
15493,161,11,2025-05-05,Cash,Delivered,1617.05
15494,321,44,2025-04-06,Card,Delivered,1337.79
15495,539,45,2025-05-07,UPI,Delivered,2591.81
15496,403,32,2025-09-05,UPI,Cancelled,1626.72
15497,999,17,2025-07-10,Cash,Cancelled,2883.64
15498,323,43,2025-10-26,UPI,Cancelled,2478.18
15499,322,34,2025-03-11,UPI,Delivered,2544.33
15500,941,85,2025-06-29,Card,Delivered,1671.57
15501,518,57,2025-01-25,UPI,Cancelled,2292.54
15502,376,84,2025-04-24,UPI,Delivered,1918.94
15503,778,37,2025-05-04,Cash,Cancelled,565.46
15504,412,12,2025-05-19,Cash,Delivered,716.62
15505,897,74,2025-02-08,Cash,Delivered,1996.33
15506,551,35,2025-10-23,Cash,Delivered,1098.89
15507,517,72,2025-06-16,Cash,Cancelled,229.3
15508,889,19,2025-01-17,Cash,Delivered,1187.62
15509,91,23,2025-02-02,Cash,Cancelled,2264.24
15510,243,6,2025-10-08,Cash,Cancelled,2310.53
15511,749,27,2025-12-29,UPI,Delivered,936.59
15512,532,64,2025-05-10,UPI,Delivered,358.28
15513,974,45,2025-08-16,Card,Delivered,2385.17
15514,295,72,2025-11-11,Card,Cancelled,864.79
15515,698,47,2025-12-07,Cash,Cancelled,1262.67
15516,822,17,2025-09-15,Cash,Cancelled,2361.93
15517,241,38,2025-10-24,Cash,Delivered,932.54
15518,116,53,2025-06-27,Cash,Delivered,2257.78
15519,378,70,2025-12-17,UPI,Delivered,936.36
15520,804,46,2025-12-27,Card,Delivered,2531.31
15521,553,21,2025-12-02,Cash,Delivered,333.32
15522,317,26,2025-06-09,UPI,Delivered,1231.98
15523,414,99,2025-02-09,Card,Delivered,1616.67
15524,626,79,2025-07-03,Card,Delivered,1454.31
15525,460,57,2025-10-21,Cash,Cancelled,2347.6
15526,377,52,2025-01-22,Cash,Cancelled,1121.48
15527,640,53,2025-06-27,Cash,Delivered,2678.01
15528,960,28,2025-02-23,Card,Delivered,2424.19
15529,58,49,2025-02-20,Card,Cancelled,1577.88
15530,247,15,2025-01-04,Card,Delivered,1480.05
15531,300,50,2025-07-14,Card,Delivered,2242.01
15532,845,55,2025-07-02,UPI,Delivered,1236.74
15533,330,81,2025-02-13,Card,Delivered,1872.13
15534,559,72,2025-05-29,Cash,Cancelled,1880.1
15535,437,67,2025-11-01,UPI,Cancelled,1955.94
15536,444,92,2025-09-22,Card,Cancelled,2562.97
15537,460,13,2025-06-15,UPI,Cancelled,498.64
15538,83,17,2025-04-04,UPI,Delivered,2572.78
15539,399,22,2025-03-25,Card,Cancelled,1402.54
15540,713,80,2025-01-25,Cash,Cancelled,1148.17
15541,207,90,2025-07-14,Card,Delivered,1354.26
15542,732,75,2025-04-20,Cash,Delivered,1064.03
15543,11,58,2025-10-09,Card,Cancelled,163.48
15544,910,81,2025-08-19,UPI,Delivered,2775.4
15545,651,79,2025-08-05,Cash,Delivered,1546.98
15546,545,38,2025-11-22,UPI,Cancelled,2054.8
15547,461,26,2025-12-18,Cash,Delivered,848.99
15548,666,30,2025-12-12,UPI,Delivered,2693.81
15549,82,10,2025-03-25,Cash,Cancelled,1822.43
15550,475,61,2025-10-22,UPI,Cancelled,610.07
15551,225,84,2025-12-30,UPI,Cancelled,2077.77
15552,512,41,2025-01-08,Cash,Cancelled,2667.69
15553,694,51,2025-06-01,Cash,Cancelled,2845.15
15554,651,51,2025-08-20,UPI,Cancelled,288.88
15555,361,85,2025-05-15,UPI,Delivered,1109.69
15556,227,81,2025-03-13,UPI,Delivered,2566.81
15557,688,76,2025-05-06,Cash,Delivered,605.52
15558,738,47,2025-04-04,Cash,Cancelled,2976.76
15559,415,4,2025-07-04,Card,Cancelled,2330.55
15560,714,57,2025-02-25,Cash,Delivered,2969.17
15561,999,52,2025-01-17,Card,Cancelled,1130.81
15562,634,62,2025-04-10,Card,Cancelled,1028.06
15563,802,15,2025-06-14,Cash,Delivered,2521.38
15564,774,85,2025-04-07,Cash,Cancelled,2118.79
15565,665,98,2025-09-02,Card,Cancelled,1861.48
15566,590,52,2025-07-07,Cash,Cancelled,2731.21
15567,534,41,2025-10-20,Card,Cancelled,956.23
15568,560,60,2025-04-20,UPI,Cancelled,1286.64
15569,900,62,2025-08-26,Card,Cancelled,953.86
15570,426,32,2025-03-10,UPI,Delivered,567.99
15571,158,32,2025-07-07,UPI,Cancelled,2215.49
15572,290,85,2025-03-12,UPI,Delivered,530.77
15573,27,86,2025-04-17,Card,Delivered,500.97
15574,969,63,2025-07-24,Cash,Delivered,921.44
15575,250,40,2025-05-19,Cash,Cancelled,2957.19
15576,515,63,2025-12-21,Card,Cancelled,277.0
15577,824,21,2025-07-16,UPI,Delivered,2354.17
15578,356,26,2025-01-16,Card,Delivered,1122.46
15579,977,4,2025-12-28,Card,Delivered,2736.04
15580,481,13,2025-12-04,Cash,Cancelled,1809.83
15581,43,69,2025-04-26,UPI,Cancelled,1852.52
15582,87,64,2025-05-03,UPI,Delivered,724.96
15583,839,4,2025-07-29,Cash,Cancelled,2868.83
15584,25,92,2025-05-13,Cash,Delivered,1093.43
15585,668,63,2025-10-30,Card,Delivered,2309.98
15586,732,17,2025-05-20,UPI,Delivered,643.83
15587,730,42,2025-05-30,UPI,Cancelled,1741.02
15588,540,16,2025-01-05,Cash,Delivered,171.38
15589,563,35,2025-08-31,Card,Cancelled,891.73
15590,35,9,2025-10-01,Cash,Delivered,2840.47
15591,570,56,2025-11-03,Card,Cancelled,2460.87
15592,902,41,2025-02-15,UPI,Delivered,2586.19
15593,908,22,2025-04-07,Card,Delivered,2550.62
15594,326,5,2025-07-13,UPI,Cancelled,1873.86
15595,178,64,2025-06-27,Card,Delivered,887.47
15596,147,61,2025-02-10,UPI,Cancelled,1708.61
15597,359,13,2025-10-06,Card,Delivered,1012.27
15598,158,97,2025-07-05,Card,Cancelled,2522.63
15599,114,70,2025-11-12,Card,Delivered,2515.51
15600,534,53,2025-10-17,UPI,Delivered,303.46
15601,537,92,2025-03-24,UPI,Cancelled,1846.42
15602,876,6,2025-02-12,Cash,Cancelled,530.18
15603,507,63,2025-11-20,UPI,Delivered,2567.66
15604,971,24,2025-06-25,Cash,Delivered,2401.91
15605,923,67,2025-04-14,UPI,Cancelled,1353.1
15606,829,91,2025-01-08,Cash,Delivered,514.7
15607,544,75,2025-03-14,Cash,Delivered,453.74
15608,824,73,2025-06-15,Cash,Delivered,2563.22
15609,755,3,2025-10-11,UPI,Cancelled,2525.96
15610,290,37,2025-03-29,UPI,Delivered,1500.66
15611,335,9,2025-08-23,Card,Delivered,342.15
15612,875,98,2025-08-08,UPI,Delivered,446.25
15613,730,85,2025-05-10,Card,Cancelled,1862.64
15614,816,48,2025-09-17,Card,Delivered,2252.1
15615,895,8,2025-01-22,Card,Cancelled,1458.43
15616,187,84,2025-12-28,UPI,Delivered,546.49
15617,312,20,2025-04-03,Card,Cancelled,1388.58
15618,994,38,2025-03-16,Cash,Delivered,2330.66
15619,554,28,2025-07-31,Card,Delivered,1273.73
15620,719,81,2025-03-11,UPI,Delivered,1258.7
15621,195,35,2025-11-05,UPI,Cancelled,2386.69
15622,803,48,2025-11-20,Cash,Cancelled,2402.51
15623,555,46,2025-01-26,Cash,Delivered,274.4
15624,68,45,2025-06-14,Card,Delivered,320.81
15625,561,43,2025-08-26,UPI,Delivered,528.71
15626,574,14,2025-12-13,Card,Cancelled,611.53
15627,731,65,2025-08-07,UPI,Delivered,2788.75
15628,623,100,2025-04-15,UPI,Cancelled,1716.65
15629,328,69,2025-08-02,UPI,Cancelled,1412.89
15630,723,85,2025-02-03,UPI,Delivered,630.21
15631,444,5,2025-11-23,Card,Delivered,2608.79
15632,951,26,2025-05-24,UPI,Cancelled,644.33
15633,413,65,2025-02-28,UPI,Cancelled,2493.42
15634,764,26,2025-01-15,Card,Delivered,2959.08
15635,647,19,2025-09-25,Card,Delivered,1013.02
15636,521,94,2025-05-20,Cash,Cancelled,2069.31
15637,518,12,2025-08-24,Card,Cancelled,1944.8
15638,764,71,2025-03-05,UPI,Delivered,621.5
15639,258,5,2025-09-06,Cash,Delivered,254.13
15640,81,87,2025-02-19,UPI,Cancelled,581.05
15641,665,27,2025-08-07,Card,Delivered,1525.67
15642,294,9,2025-06-17,Cash,Delivered,2659.5
15643,568,45,2025-01-19,Cash,Cancelled,2579.09
15644,825,87,2025-10-30,UPI,Cancelled,746.26
15645,432,62,2025-01-01,UPI,Cancelled,2866.49
15646,853,97,2025-02-11,UPI,Delivered,441.14
15647,393,65,2025-11-26,Cash,Delivered,948.54
15648,637,87,2025-08-10,UPI,Delivered,2477.03
15649,533,80,2025-11-08,Card,Cancelled,910.83
15650,683,70,2025-05-08,Cash,Delivered,1263.24
15651,15,28,2025-10-10,Card,Delivered,161.9
15652,597,89,2025-06-03,UPI,Cancelled,317.38
15653,470,36,2025-02-26,Card,Cancelled,2835.88
15654,863,87,2025-05-12,Card,Cancelled,2664.86
15655,914,6,2025-04-06,Cash,Delivered,991.39
15656,893,31,2025-12-14,UPI,Cancelled,1164.33
15657,927,4,2025-08-17,Card,Delivered,1018.66
15658,341,74,2025-01-15,UPI,Delivered,1844.87
15659,85,77,2025-02-20,Card,Delivered,2671.14
15660,782,23,2025-07-05,Card,Cancelled,890.35
15661,223,95,2025-08-11,Cash,Cancelled,2390.48
15662,180,80,2025-10-01,Card,Delivered,405.05
15663,27,78,2025-09-11,Card,Delivered,2984.0
15664,370,21,2025-04-23,UPI,Cancelled,1129.42
15665,349,90,2025-10-11,UPI,Cancelled,1878.87
15666,821,43,2025-07-08,Card,Delivered,1934.51
15667,214,55,2025-12-09,Card,Delivered,2171.96
15668,997,41,2025-10-23,UPI,Cancelled,1770.83
15669,282,91,2025-12-16,UPI,Delivered,670.03
15670,728,13,2025-01-12,Cash,Cancelled,2293.53
15671,624,27,2025-10-03,Card,Delivered,1963.49
15672,145,97,2025-10-01,UPI,Cancelled,452.28
15673,388,80,2025-01-05,UPI,Cancelled,599.43
15674,273,63,2025-06-01,UPI,Cancelled,1821.39
15675,710,62,2025-01-24,UPI,Delivered,2077.72
15676,810,52,2025-07-18,Cash,Delivered,1099.6
15677,327,82,2025-08-28,UPI,Delivered,2352.68
15678,696,42,2025-12-01,Cash,Delivered,1915.47
15679,602,63,2025-11-12,UPI,Delivered,705.62
15680,761,72,2025-08-03,Card,Cancelled,957.39
15681,692,79,2025-05-10,Cash,Cancelled,1496.86
15682,864,45,2025-08-14,Cash,Delivered,2615.7
15683,210,9,2025-10-09,Cash,Cancelled,791.47
15684,551,76,2025-02-05,Cash,Delivered,152.6
15685,259,64,2025-06-11,Card,Cancelled,1747.38
15686,369,26,2025-05-18,Card,Delivered,1548.07
15687,887,51,2025-11-22,UPI,Delivered,1665.2
15688,603,27,2025-08-23,Card,Delivered,1861.05
15689,193,22,2025-06-21,UPI,Delivered,2123.93
15690,553,17,2025-06-02,UPI,Cancelled,1607.56
15691,1,65,2025-01-24,Cash,Cancelled,602.53
15692,465,51,2025-02-14,Cash,Cancelled,2851.49
15693,954,52,2025-01-24,Cash,Cancelled,2399.58
15694,183,3,2025-10-24,Card,Cancelled,1829.21
15695,734,72,2025-05-31,Cash,Cancelled,827.21
15696,572,71,2025-09-10,Card,Cancelled,2237.85
15697,33,75,2025-10-15,UPI,Delivered,384.77
15698,613,4,2025-03-08,Card,Cancelled,465.33
15699,712,20,2025-08-07,Cash,Cancelled,939.73
15700,132,38,2025-05-18,Cash,Cancelled,1363.38
15701,118,27,2025-04-19,Card,Delivered,1688.37
15702,657,14,2025-11-29,Card,Cancelled,529.49
15703,304,6,2025-05-07,Card,Delivered,2538.01
15704,514,62,2025-05-15,Card,Cancelled,201.87
15705,76,52,2025-06-12,UPI,Cancelled,1163.72
15706,843,62,2025-05-20,Card,Delivered,945.6
15707,595,96,2025-11-02,UPI,Delivered,2848.53
15708,105,53,2025-10-06,Card,Cancelled,343.31
15709,443,56,2025-12-02,Card,Delivered,1079.37
15710,144,99,2025-01-05,Card,Cancelled,2418.87
15711,143,58,2025-08-31,Cash,Delivered,2631.29
15712,862,55,2025-11-02,Card,Delivered,1000.81
15713,431,39,2025-06-27,UPI,Cancelled,721.73
15714,246,59,2025-07-26,Card,Cancelled,2026.73
15715,720,64,2025-04-30,UPI,Cancelled,2993.99
15716,319,16,2025-01-26,Card,Delivered,973.07
15717,374,94,2025-12-17,UPI,Cancelled,2959.53
15718,144,11,2025-05-20,Card,Cancelled,1387.13
15719,997,39,2025-10-18,Cash,Cancelled,1738.14
15720,729,13,2025-06-24,Cash,Delivered,2413.94
15721,960,74,2025-07-02,UPI,Cancelled,1534.64
15722,798,95,2025-03-09,Cash,Cancelled,2102.84
15723,995,50,2025-09-19,Cash,Cancelled,2296.41
15724,524,42,2025-05-17,Cash,Cancelled,2293.38
15725,973,23,2025-04-13,Card,Cancelled,2327.59
15726,517,73,2025-03-27,Card,Cancelled,1915.98
15727,588,53,2025-08-20,UPI,Cancelled,1379.8
15728,92,68,2025-06-29,UPI,Cancelled,723.61
15729,594,48,2025-10-17,UPI,Cancelled,596.91
15730,564,74,2025-02-17,Card,Cancelled,186.41
15731,806,14,2025-10-14,Card,Delivered,2826.12
15732,350,6,2025-09-07,UPI,Cancelled,1518.14
15733,939,40,2025-10-26,Card,Cancelled,2199.95
15734,165,75,2025-12-07,Card,Cancelled,1868.6
15735,668,72,2025-01-12,Card,Cancelled,792.56
15736,140,7,2025-02-24,Card,Delivered,304.85
15737,556,19,2025-05-05,UPI,Cancelled,1536.4
15738,696,55,2025-03-10,Card,Delivered,2442.53
15739,556,36,2025-01-21,Cash,Cancelled,1296.14
15740,596,80,2025-05-27,UPI,Cancelled,2566.08
15741,292,28,2025-03-16,UPI,Delivered,1020.38
15742,982,48,2025-06-18,UPI,Cancelled,2480.99
15743,879,56,2025-08-22,Cash,Delivered,2881.3
15744,564,53,2025-10-27,Cash,Cancelled,1508.83
15745,301,41,2025-05-17,Card,Delivered,500.48
15746,832,34,2025-11-30,Cash,Delivered,1328.25
15747,212,41,2025-08-22,Card,Cancelled,2875.41
15748,481,94,2025-09-19,Cash,Delivered,2421.3
15749,598,8,2025-09-04,Card,Delivered,923.98
15750,732,43,2025-02-20,Cash,Delivered,201.21
15751,635,100,2025-08-08,UPI,Delivered,311.03
15752,149,19,2025-11-09,UPI,Delivered,2484.23
15753,443,11,2025-06-02,Card,Cancelled,2124.31
15754,401,89,2025-05-31,Cash,Cancelled,2036.25
15755,874,36,2025-05-22,Cash,Delivered,2949.86
15756,61,44,2025-06-23,Card,Cancelled,2858.05
15757,432,66,2025-04-29,Cash,Cancelled,703.66
15758,600,98,2025-12-14,Card,Delivered,1040.26
15759,797,40,2025-07-04,Cash,Delivered,1405.07
15760,588,40,2025-05-23,Cash,Cancelled,324.39
15761,884,96,2025-09-06,UPI,Cancelled,695.31
15762,51,2,2025-07-01,Card,Cancelled,601.76
15763,236,9,2025-07-15,Card,Delivered,2935.86
15764,437,94,2025-08-02,Cash,Cancelled,1585.89
15765,847,2,2025-01-30,Cash,Delivered,815.34
15766,41,83,2025-01-27,UPI,Cancelled,504.98
15767,875,68,2025-01-24,Cash,Delivered,1258.17
15768,540,68,2025-01-09,Cash,Delivered,508.23
15769,442,26,2025-05-27,UPI,Cancelled,1711.4
15770,800,17,2025-12-16,Cash,Delivered,184.49
15771,128,26,2025-11-09,UPI,Delivered,923.96
15772,290,95,2025-05-15,UPI,Cancelled,2139.39
15773,135,19,2025-10-10,Cash,Cancelled,545.57
15774,342,27,2025-02-10,UPI,Delivered,2366.16
15775,59,44,2025-06-10,Card,Cancelled,853.62
15776,288,5,2025-05-30,Card,Delivered,577.77
15777,142,62,2025-08-22,UPI,Delivered,2586.4
15778,352,19,2025-02-06,Cash,Cancelled,2274.33
15779,426,1,2025-07-19,Cash,Delivered,2247.89
15780,611,81,2025-09-29,Card,Delivered,1968.72
15781,73,18,2025-07-21,Card,Delivered,2571.12
15782,414,12,2025-05-06,Card,Cancelled,1464.87
15783,733,83,2025-09-12,Cash,Delivered,837.86
15784,550,20,2025-06-10,Card,Cancelled,1331.36
15785,862,72,2025-12-31,UPI,Delivered,2682.55
15786,980,19,2025-06-23,UPI,Cancelled,2764.55
15787,13,58,2025-12-28,Card,Delivered,174.28
15788,229,75,2025-08-23,UPI,Cancelled,2356.55
15789,794,92,2025-10-26,UPI,Delivered,1586.39
15790,227,56,2025-05-16,Cash,Cancelled,2089.49
15791,809,91,2025-08-20,Card,Delivered,618.22
15792,712,13,2025-04-06,Cash,Delivered,923.41
15793,212,67,2025-11-13,Card,Cancelled,2857.27
15794,941,85,2025-10-18,Card,Cancelled,852.94
15795,198,54,2025-07-16,Card,Delivered,2142.06
15796,424,87,2025-03-27,Cash,Cancelled,1902.41
15797,941,95,2025-08-01,Card,Cancelled,504.55
15798,815,76,2025-03-10,UPI,Delivered,520.41
15799,414,90,2025-12-01,UPI,Cancelled,2400.21
15800,4,12,2025-09-20,UPI,Cancelled,2740.68
15801,38,59,2025-10-16,Card,Cancelled,1053.61
15802,726,76,2025-04-12,Card,Delivered,511.12
15803,250,100,2025-12-21,UPI,Cancelled,901.38
15804,813,74,2025-09-23,UPI,Cancelled,2845.18
15805,947,27,2025-03-31,Cash,Delivered,595.57
15806,729,49,2025-02-26,Card,Delivered,1797.2
15807,380,44,2025-11-29,Card,Delivered,227.71
15808,831,59,2025-07-25,Cash,Delivered,2996.85
15809,502,12,2025-10-03,Cash,Cancelled,1458.48
15810,292,54,2025-08-03,UPI,Cancelled,1014.55
15811,271,45,2025-12-02,UPI,Cancelled,2701.09
15812,709,82,2025-01-16,Cash,Cancelled,2441.98
15813,576,84,2025-08-14,Card,Delivered,159.96
15814,366,23,2025-07-25,UPI,Cancelled,260.99
15815,239,24,2025-01-01,Card,Cancelled,2885.15
15816,164,21,2025-02-16,UPI,Cancelled,1832.15
15817,713,39,2025-02-22,Card,Cancelled,622.99
15818,891,100,2025-10-05,Cash,Cancelled,1422.04
15819,581,93,2025-01-27,Cash,Cancelled,1817.93
15820,994,38,2025-08-15,Card,Cancelled,2761.67
15821,917,62,2025-12-30,Cash,Delivered,261.04
15822,145,72,2025-02-17,Card,Cancelled,1808.62
15823,905,91,2025-08-27,Cash,Cancelled,506.96
15824,466,94,2025-07-16,Cash,Cancelled,883.74
15825,532,75,2025-03-17,Card,Delivered,1596.23
15826,305,71,2025-03-31,UPI,Delivered,2748.36
15827,150,10,2025-01-25,Card,Cancelled,1539.42
15828,138,2,2025-02-22,Card,Delivered,2834.53
15829,336,34,2025-07-01,UPI,Delivered,354.33
15830,155,2,2025-05-25,Card,Cancelled,1928.12
15831,374,12,2025-09-01,Card,Delivered,2122.75
15832,996,93,2025-04-22,UPI,Cancelled,1856.27
15833,72,84,2025-06-03,Cash,Cancelled,261.12
15834,927,55,2025-04-26,UPI,Cancelled,2145.77
15835,41,23,2025-03-02,Card,Cancelled,718.3
15836,479,51,2025-09-25,UPI,Delivered,2498.57
15837,897,77,2025-09-27,Cash,Delivered,927.34
15838,17,69,2025-02-17,UPI,Cancelled,2739.66
15839,663,70,2025-05-30,UPI,Delivered,2096.42
15840,575,52,2025-07-07,Card,Delivered,1163.36
15841,561,33,2025-01-06,Card,Delivered,1855.73
15842,583,99,2025-12-27,Cash,Cancelled,1947.5
15843,623,84,2025-11-26,Card,Delivered,460.89
15844,663,22,2025-08-09,UPI,Delivered,2993.02
15845,653,19,2025-11-06,Cash,Delivered,801.85
15846,932,18,2025-10-25,Cash,Delivered,1076.3
15847,445,40,2025-12-25,Cash,Cancelled,2349.54
15848,36,16,2025-08-01,Card,Cancelled,2938.42
15849,460,59,2025-03-23,UPI,Delivered,1828.82
15850,46,56,2025-11-18,UPI,Delivered,2682.62
15851,268,26,2025-02-14,UPI,Delivered,460.48
15852,660,2,2025-06-18,Card,Delivered,765.97
15853,394,45,2025-08-16,Card,Cancelled,1004.2
15854,363,86,2025-01-21,UPI,Cancelled,431.86
15855,154,18,2025-11-11,Card,Delivered,242.67
15856,515,27,2025-03-18,Cash,Delivered,2855.62
15857,724,6,2025-08-27,Card,Delivered,2162.13
15858,224,68,2025-04-01,Card,Delivered,1644.39
15859,995,13,2025-08-03,Cash,Delivered,2531.17
15860,979,26,2025-08-07,Card,Delivered,2920.86
15861,477,71,2025-08-15,Card,Delivered,926.82
15862,829,96,2025-08-19,Cash,Delivered,2746.24
15863,944,66,2025-08-30,Cash,Cancelled,1647.67
15864,778,18,2025-12-28,Card,Delivered,786.05
15865,456,93,2025-10-18,Card,Cancelled,1146.82
15866,294,63,2025-03-11,UPI,Cancelled,903.89
15867,995,16,2025-03-07,Card,Cancelled,1414.51
15868,70,58,2025-05-20,Cash,Cancelled,1854.89
15869,655,66,2025-07-22,Cash,Cancelled,2832.37
15870,537,40,2025-03-29,Card,Delivered,2623.21
15871,197,85,2025-10-13,UPI,Cancelled,1732.57
15872,448,59,2025-02-14,Card,Cancelled,1024.29
15873,331,13,2025-02-27,Card,Delivered,970.82
15874,441,2,2025-09-11,Cash,Cancelled,316.41
15875,614,86,2025-02-08,Card,Cancelled,2505.62
15876,929,58,2025-10-07,Card,Delivered,870.84
15877,457,42,2025-12-17,Card,Cancelled,715.96
15878,49,36,2025-04-13,UPI,Delivered,320.3
15879,827,91,2025-08-25,UPI,Delivered,2268.72
15880,494,1,2025-04-29,Card,Cancelled,1013.68
15881,538,18,2025-09-23,Card,Cancelled,2936.59
15882,174,67,2025-02-09,Card,Cancelled,1831.39
15883,5,85,2025-10-22,Cash,Cancelled,1006.31
15884,415,69,2025-10-18,Card,Cancelled,1606.95
15885,576,82,2025-09-09,Cash,Delivered,424.09
15886,916,99,2025-09-19,Card,Delivered,229.51
15887,289,45,2025-06-19,Card,Delivered,2440.1
15888,908,33,2025-10-08,Cash,Delivered,2401.04
15889,867,32,2025-09-10,Cash,Delivered,2832.41
15890,524,67,2025-02-21,Card,Cancelled,1208.29
15891,203,13,2025-07-14,UPI,Delivered,2751.03
15892,552,60,2025-05-09,Cash,Cancelled,1759.03
15893,370,18,2025-07-13,Card,Cancelled,924.23
15894,803,48,2025-12-31,Cash,Delivered,1168.81
15895,770,66,2025-09-16,UPI,Delivered,2811.61
15896,579,71,2025-07-05,Cash,Delivered,1550.73
15897,633,36,2025-12-12,Card,Cancelled,360.99
15898,122,49,2025-01-11,UPI,Cancelled,2779.75
15899,281,42,2025-01-31,Card,Cancelled,2939.65
15900,999,2,2025-09-24,Card,Cancelled,2082.99
15901,681,68,2025-03-29,Cash,Cancelled,1884.02
15902,241,21,2025-04-11,Cash,Cancelled,886.29
15903,131,16,2025-06-26,Card,Cancelled,1996.04
15904,777,65,2025-03-02,Card,Delivered,205.92
15905,597,52,2025-01-23,Cash,Delivered,664.55
15906,128,72,2025-03-17,UPI,Delivered,1516.7
15907,359,99,2025-04-25,UPI,Delivered,1554.3
15908,878,12,2025-09-28,UPI,Delivered,548.99
15909,815,51,2025-01-18,UPI,Delivered,2388.18
15910,469,66,2025-07-03,Cash,Delivered,2071.59
15911,688,26,2025-11-12,Card,Cancelled,609.25
15912,677,67,2025-09-23,UPI,Cancelled,1986.09
15913,799,89,2025-02-15,UPI,Delivered,1730.28
15914,262,24,2025-02-14,Cash,Delivered,2487.65
15915,378,39,2025-07-09,Card,Delivered,1480.34
15916,334,27,2025-02-04,Card,Cancelled,1532.58
15917,171,75,2025-03-31,Cash,Cancelled,414.26
15918,291,23,2025-05-16,UPI,Cancelled,321.54
15919,685,60,2025-01-23,Cash,Cancelled,1753.2
15920,941,39,2025-12-09,UPI,Cancelled,730.83
15921,511,18,2025-02-03,UPI,Cancelled,1391.39
15922,287,42,2025-01-25,Card,Delivered,1407.6
15923,806,25,2025-08-29,UPI,Cancelled,1869.91
15924,306,65,2025-11-08,UPI,Delivered,1843.2
15925,207,16,2025-03-23,Card,Cancelled,2939.0
15926,707,31,2025-06-01,Cash,Cancelled,1029.18
15927,624,85,2025-04-08,UPI,Cancelled,1990.13
15928,884,79,2025-04-24,UPI,Delivered,504.63
15929,914,14,2025-09-30,UPI,Delivered,1019.64
15930,74,98,2025-12-03,Card,Delivered,2671.13
15931,877,57,2025-01-14,Cash,Cancelled,194.34
15932,794,42,2025-02-13,UPI,Delivered,557.94
15933,398,66,2025-12-04,Cash,Cancelled,2346.62
15934,562,24,2025-02-03,Card,Cancelled,325.15
15935,394,58,2025-09-03,Cash,Delivered,1457.58
15936,826,40,2025-03-07,UPI,Delivered,1554.94
15937,548,52,2025-08-11,Card,Cancelled,2845.11
15938,424,60,2025-04-08,Cash,Delivered,2335.47
15939,472,10,2025-07-04,Cash,Delivered,925.54
15940,144,50,2025-12-11,Cash,Delivered,981.58
15941,866,62,2025-05-31,Cash,Delivered,2556.0
15942,29,27,2025-03-24,Card,Delivered,1347.12
15943,887,55,2025-09-09,Cash,Delivered,2299.62
15944,737,14,2025-07-26,Cash,Delivered,1173.3
15945,4,16,2025-05-24,Card,Cancelled,2636.7
15946,564,19,2025-09-08,Card,Cancelled,1476.41
15947,335,100,2025-02-06,Card,Cancelled,361.14
15948,680,13,2025-01-29,Cash,Cancelled,769.46
15949,992,34,2025-12-27,UPI,Delivered,2061.02
15950,971,13,2025-10-19,Cash,Delivered,1456.15
15951,978,49,2025-05-21,UPI,Cancelled,1636.81
15952,481,40,2025-08-02,Cash,Cancelled,988.91
15953,652,97,2025-05-28,Cash,Delivered,1247.07
15954,429,40,2025-09-22,Card,Cancelled,2412.13
15955,572,78,2025-10-11,Card,Cancelled,2898.72
15956,174,78,2025-03-16,Card,Delivered,1279.19
15957,289,4,2025-12-12,UPI,Cancelled,1883.81
15958,594,87,2025-01-14,Cash,Delivered,1470.13
15959,73,68,2025-04-22,Card,Delivered,2226.27
15960,124,51,2025-04-25,Cash,Delivered,2108.07
15961,902,3,2025-03-15,Cash,Cancelled,502.47
15962,182,18,2025-05-05,Cash,Cancelled,2820.19
15963,214,31,2025-04-26,Card,Cancelled,1355.64
15964,98,19,2025-02-01,UPI,Delivered,486.21
15965,792,12,2025-02-28,Card,Delivered,1475.85
15966,428,58,2025-08-22,Card,Delivered,1917.56
15967,380,86,2025-02-07,Cash,Cancelled,1099.34
15968,855,62,2025-11-27,Cash,Delivered,2464.74
15969,798,33,2025-03-24,Cash,Cancelled,2177.15
15970,124,90,2025-06-14,Cash,Delivered,2022.95
15971,838,92,2025-09-05,Cash,Cancelled,875.55
15972,73,55,2025-11-10,Cash,Delivered,2043.73
15973,569,6,2025-06-06,UPI,Delivered,881.04
15974,546,29,2025-04-22,UPI,Cancelled,1800.6
15975,901,32,2025-10-16,Cash,Cancelled,1985.8
15976,51,12,2025-05-30,Cash,Cancelled,2752.67
15977,141,90,2025-11-03,Card,Cancelled,2048.13
15978,94,81,2025-10-14,UPI,Delivered,218.73
15979,385,57,2025-07-25,UPI,Cancelled,2077.11
15980,187,96,2025-07-09,Card,Cancelled,2271.06
15981,226,44,2025-01-03,UPI,Delivered,1946.62
15982,617,99,2025-06-04,Card,Delivered,2906.13
15983,193,3,2025-06-14,Cash,Delivered,524.99
15984,719,84,2025-08-17,Cash,Cancelled,2860.52
15985,90,30,2025-12-11,Card,Delivered,339.4
15986,355,30,2025-08-21,UPI,Delivered,2724.59
15987,394,88,2025-01-25,Cash,Cancelled,1684.37
15988,526,64,2025-02-22,Cash,Delivered,2116.76
15989,369,85,2025-03-08,Card,Delivered,703.51
15990,714,34,2025-05-14,Card,Cancelled,2167.55
15991,621,48,2025-11-09,Card,Delivered,1439.92
15992,693,20,2025-04-13,Card,Cancelled,872.89
15993,749,22,2025-02-23,Card,Cancelled,1093.35
15994,85,96,2025-10-09,Card,Cancelled,1209.4
15995,365,16,2025-06-23,UPI,Delivered,482.91
15996,118,52,2025-08-01,Card,Delivered,2514.8
15997,856,14,2025-04-08,Card,Cancelled,150.78
15998,674,35,2025-05-25,UPI,Cancelled,845.1
15999,856,54,2025-04-17,UPI,Delivered,2420.99
16000,591,34,2025-03-01,Card,Cancelled,963.36
16001,954,79,2025-12-27,UPI,Cancelled,831.17
16002,918,39,2025-05-21,UPI,Cancelled,482.17
16003,142,45,2025-04-20,Card,Delivered,733.27
16004,96,2,2025-08-16,Cash,Cancelled,1103.3
16005,531,98,2025-08-20,Card,Cancelled,225.78
16006,105,66,2025-05-30,Cash,Cancelled,473.45
16007,830,72,2025-05-10,Cash,Delivered,278.11
16008,975,51,2025-03-06,Card,Delivered,2338.39
16009,561,55,2025-07-27,UPI,Cancelled,2977.17
16010,871,82,2025-08-16,Cash,Delivered,2646.27
16011,989,17,2025-08-22,Card,Delivered,1026.72
16012,852,24,2025-07-23,Cash,Cancelled,2605.99
16013,435,38,2025-09-13,UPI,Delivered,2202.12
16014,274,35,2025-07-03,Card,Cancelled,1127.22
16015,546,31,2025-03-19,Cash,Delivered,876.61
16016,222,76,2025-07-17,Card,Delivered,895.25
16017,144,54,2025-09-06,Cash,Delivered,1625.03
16018,741,24,2025-06-19,Cash,Delivered,2616.66
16019,548,91,2025-08-16,Card,Delivered,1931.82
16020,743,98,2025-08-24,UPI,Delivered,611.84
16021,362,91,2025-02-28,Cash,Cancelled,1273.91
16022,290,86,2025-08-27,UPI,Delivered,424.08
16023,441,88,2025-08-29,UPI,Cancelled,1065.99
16024,399,90,2025-08-02,Card,Delivered,514.64
16025,860,79,2025-04-06,Cash,Delivered,1733.29
16026,578,96,2025-12-09,Card,Cancelled,2060.76
16027,195,52,2025-02-27,Cash,Cancelled,642.31
16028,308,32,2025-10-25,Cash,Cancelled,2138.12
16029,542,87,2025-03-05,UPI,Cancelled,2034.38
16030,454,11,2025-05-20,UPI,Cancelled,2694.41
16031,734,62,2025-02-01,Card,Delivered,2415.89
16032,437,23,2025-09-05,UPI,Delivered,1187.85
16033,735,31,2025-01-18,UPI,Delivered,1955.33
16034,674,48,2025-01-08,Cash,Delivered,2328.49
16035,973,5,2025-07-27,Cash,Delivered,2800.15
16036,436,13,2025-06-14,UPI,Cancelled,2842.19
16037,187,37,2025-04-23,UPI,Cancelled,2466.46
16038,562,24,2025-11-01,Card,Cancelled,2666.21
16039,933,87,2025-09-11,UPI,Delivered,1393.86
16040,953,97,2025-04-03,Card,Delivered,2640.71
16041,671,55,2025-10-06,Card,Cancelled,625.78
16042,862,16,2025-11-09,UPI,Delivered,1087.89
16043,167,10,2025-01-05,UPI,Delivered,2447.04
16044,84,84,2025-12-07,UPI,Cancelled,2786.42
16045,570,70,2025-05-06,Card,Cancelled,1484.1
16046,26,91,2025-04-11,Card,Delivered,1443.65
16047,532,43,2025-09-20,Cash,Delivered,1884.3
16048,992,4,2025-09-07,Card,Cancelled,1786.71
16049,378,13,2025-04-12,Cash,Cancelled,410.36
16050,475,25,2025-11-02,Card,Cancelled,2946.8
16051,74,31,2025-03-14,Card,Delivered,883.69
16052,158,63,2025-12-03,Cash,Delivered,171.64
16053,775,91,2025-12-16,Cash,Delivered,2179.44
16054,669,40,2025-05-02,Card,Cancelled,2522.86
16055,661,26,2025-07-12,UPI,Delivered,1096.37
16056,77,71,2025-04-14,Cash,Delivered,1942.19
16057,606,25,2025-04-13,Cash,Delivered,2385.8
16058,601,74,2025-04-14,UPI,Cancelled,621.36
16059,694,62,2025-09-12,UPI,Delivered,325.65
16060,339,29,2025-07-19,Cash,Cancelled,2665.17
16061,634,30,2025-10-24,UPI,Cancelled,1195.76
16062,987,84,2025-12-10,UPI,Delivered,2745.61
16063,633,13,2025-08-21,Card,Delivered,1912.07
16064,655,13,2025-05-06,Cash,Delivered,2111.82
16065,764,42,2025-10-22,UPI,Cancelled,2677.42
16066,702,44,2025-08-24,Cash,Delivered,1399.83
16067,709,28,2025-06-22,UPI,Cancelled,2098.13
16068,793,50,2025-11-25,UPI,Delivered,2040.01
16069,957,27,2025-10-24,UPI,Cancelled,211.67
16070,97,32,2025-03-24,Card,Delivered,1999.38
16071,26,13,2025-12-19,UPI,Cancelled,2885.12
16072,147,79,2025-10-13,Cash,Cancelled,2217.55
16073,610,92,2025-10-22,Cash,Delivered,2070.41
16074,294,92,2025-08-19,Card,Cancelled,1429.22
16075,589,86,2025-02-19,Cash,Delivered,2360.9
16076,538,44,2025-06-21,Cash,Delivered,647.56
16077,168,88,2025-08-24,UPI,Cancelled,257.1
16078,350,13,2025-04-21,Card,Delivered,1678.47
16079,670,5,2025-06-09,Cash,Delivered,2134.02
16080,359,75,2025-08-25,Cash,Delivered,2906.34
16081,18,37,2025-07-20,UPI,Delivered,190.25
16082,825,19,2025-10-06,UPI,Delivered,2459.1
16083,25,45,2025-07-22,UPI,Cancelled,2970.99
16084,548,67,2025-12-06,UPI,Cancelled,2924.03
16085,724,57,2025-02-21,UPI,Cancelled,2424.39
16086,664,22,2025-11-04,Cash,Cancelled,2338.73
16087,375,61,2025-01-12,Cash,Cancelled,2058.03
16088,826,45,2025-05-18,UPI,Cancelled,702.75
16089,915,66,2025-09-21,UPI,Cancelled,275.26
16090,199,50,2025-12-02,Cash,Cancelled,1607.84
16091,732,51,2025-09-11,Cash,Cancelled,1643.57
16092,322,47,2025-12-29,UPI,Cancelled,1543.45
16093,6,69,2025-06-10,UPI,Cancelled,967.3
16094,599,79,2025-08-12,UPI,Cancelled,2491.53
16095,954,31,2025-05-14,Cash,Delivered,1108.74
16096,85,100,2025-10-13,Cash,Cancelled,1965.84
16097,139,99,2025-03-08,Card,Delivered,2460.06
16098,822,7,2025-05-24,UPI,Cancelled,1791.94
16099,532,61,2025-05-17,UPI,Delivered,2649.04
16100,813,50,2025-03-27,UPI,Delivered,301.06
16101,544,59,2025-01-08,Card,Delivered,2672.07
16102,153,50,2025-04-14,UPI,Cancelled,900.27
16103,415,86,2025-07-22,Card,Delivered,935.81
16104,813,58,2025-01-13,Cash,Cancelled,1977.23
16105,625,77,2025-08-20,Cash,Cancelled,299.49
16106,184,22,2025-08-05,Card,Cancelled,1889.77
16107,45,22,2025-08-31,UPI,Delivered,2298.9
16108,32,80,2025-12-09,Cash,Delivered,2334.58
16109,933,85,2025-01-25,UPI,Delivered,1876.87
16110,308,12,2025-05-02,Card,Delivered,2203.95
16111,28,31,2025-06-29,UPI,Delivered,2068.88
16112,900,95,2025-12-25,Cash,Cancelled,627.8
16113,159,8,2025-09-11,Card,Cancelled,2959.69
16114,558,49,2025-06-28,UPI,Delivered,1966.1
16115,41,67,2025-12-12,Cash,Cancelled,713.73
16116,714,54,2025-01-03,Cash,Cancelled,686.6
16117,331,62,2025-09-12,Card,Delivered,860.57
16118,233,13,2025-01-14,UPI,Cancelled,2272.3
16119,331,29,2025-11-27,Card,Cancelled,390.07
16120,599,33,2025-01-12,Cash,Cancelled,1471.91
16121,642,88,2025-02-18,Card,Cancelled,1288.41
16122,771,85,2025-12-14,Cash,Cancelled,1705.52
16123,6,39,2025-12-21,Cash,Cancelled,1379.72
16124,588,25,2025-10-30,UPI,Cancelled,2243.23
16125,92,80,2025-07-23,Cash,Cancelled,825.36
16126,863,76,2025-12-08,Card,Cancelled,2054.56
16127,849,83,2025-10-13,Cash,Cancelled,588.65
16128,822,91,2025-03-03,Card,Cancelled,2565.46
16129,521,75,2025-11-09,Card,Cancelled,405.73
16130,850,46,2025-06-06,Card,Cancelled,1580.47
16131,696,48,2025-12-31,UPI,Delivered,2707.23
16132,862,91,2025-10-03,Cash,Delivered,2538.47
16133,84,76,2025-12-01,Cash,Delivered,2454.16
16134,825,89,2025-03-24,Cash,Delivered,1608.19
16135,534,63,2025-02-10,UPI,Cancelled,1909.99
16136,949,11,2025-07-25,UPI,Delivered,912.47
16137,209,75,2025-02-24,UPI,Cancelled,1021.86
16138,213,56,2025-08-11,Card,Cancelled,2636.61
16139,179,42,2025-03-12,Card,Delivered,1547.53
16140,654,5,2025-01-19,Cash,Cancelled,890.27
16141,697,5,2025-06-09,Cash,Cancelled,421.59
16142,675,10,2025-06-25,Card,Delivered,573.67
16143,798,24,2025-03-11,Card,Cancelled,971.6
16144,97,7,2025-07-22,Cash,Cancelled,519.6
16145,923,60,2025-12-31,UPI,Cancelled,1069.1
16146,296,71,2025-02-14,Card,Delivered,1276.47
16147,281,54,2025-01-02,Card,Delivered,2506.82
16148,617,47,2025-09-10,Card,Cancelled,2468.72
16149,117,91,2025-10-08,UPI,Cancelled,242.26
16150,884,4,2025-04-18,Card,Delivered,2053.67
16151,343,56,2025-01-10,UPI,Cancelled,1066.88
16152,997,23,2025-04-08,Cash,Cancelled,2282.06
16153,856,82,2025-12-28,UPI,Delivered,2346.01
16154,416,45,2025-04-28,Card,Delivered,1987.43
16155,454,43,2025-08-02,Card,Delivered,754.91
16156,922,5,2025-12-14,UPI,Cancelled,983.82
16157,896,17,2025-08-06,UPI,Cancelled,1944.37
16158,595,24,2025-06-05,UPI,Delivered,532.8
16159,709,76,2025-03-23,Card,Cancelled,1130.77
16160,696,6,2025-01-18,Cash,Cancelled,1400.71
16161,12,23,2025-12-16,UPI,Cancelled,2811.5
16162,211,97,2025-12-01,UPI,Delivered,2702.64
16163,580,6,2025-02-01,Card,Cancelled,803.25
16164,357,22,2025-12-09,Card,Delivered,206.13
16165,322,37,2025-06-14,Card,Delivered,2206.55
16166,280,9,2025-12-14,Card,Cancelled,2392.57
16167,277,42,2025-11-10,UPI,Cancelled,2303.92
16168,902,12,2025-11-07,Cash,Delivered,1777.79
16169,336,45,2025-09-16,UPI,Cancelled,1715.82
16170,746,100,2025-11-13,UPI,Cancelled,390.42
16171,595,45,2025-07-16,UPI,Cancelled,2505.72
16172,891,64,2025-02-13,Card,Delivered,1986.93
16173,344,58,2025-08-11,Cash,Cancelled,2827.42
16174,354,36,2025-12-13,UPI,Cancelled,2528.09
16175,438,34,2025-05-27,UPI,Cancelled,1908.38
16176,612,81,2025-05-27,UPI,Cancelled,438.23
16177,598,77,2025-10-12,Cash,Delivered,1111.44
16178,347,86,2025-01-02,Card,Delivered,2898.63
16179,251,37,2025-10-26,Card,Delivered,1629.22
16180,930,93,2025-04-26,Card,Cancelled,1862.09
16181,167,63,2025-02-12,UPI,Cancelled,1982.31
16182,505,12,2025-02-10,Cash,Delivered,2588.4
16183,714,44,2025-02-03,Cash,Cancelled,2792.82
16184,403,52,2025-04-12,Card,Delivered,2424.57
16185,448,25,2025-12-31,UPI,Delivered,2972.84
16186,769,63,2025-01-29,Cash,Cancelled,2031.39
16187,376,14,2025-10-26,Cash,Delivered,444.74
16188,675,25,2025-05-11,Card,Cancelled,1492.82
16189,878,9,2025-09-22,Cash,Delivered,2219.77
16190,925,55,2025-12-23,Cash,Cancelled,2276.03
16191,980,21,2025-02-28,UPI,Cancelled,2009.08
16192,592,81,2025-12-30,Cash,Delivered,1487.73
16193,985,61,2025-10-02,Card,Delivered,1257.42
16194,802,29,2025-04-19,Card,Cancelled,1789.69
16195,342,37,2025-05-23,Cash,Delivered,2357.07
16196,835,16,2025-12-11,Card,Cancelled,838.06
16197,854,3,2025-04-19,Card,Delivered,1855.24
16198,373,25,2025-02-10,Card,Delivered,2982.64
16199,25,82,2025-10-28,Cash,Delivered,2287.25
16200,254,97,2025-03-04,Card,Cancelled,222.77
16201,618,43,2025-08-24,UPI,Cancelled,221.78
16202,191,15,2025-04-25,Cash,Delivered,265.4
16203,263,33,2025-05-20,Card,Cancelled,1662.71
16204,201,82,2025-11-16,UPI,Delivered,2771.04
16205,519,96,2025-09-26,Card,Cancelled,1715.93
16206,202,34,2025-02-24,UPI,Delivered,2974.83
16207,206,37,2025-03-07,Cash,Cancelled,2864.15
16208,616,99,2025-03-24,Cash,Delivered,2627.93
16209,48,41,2025-06-06,Card,Cancelled,259.78
16210,967,63,2025-03-03,Card,Cancelled,945.33
16211,989,66,2025-02-02,UPI,Cancelled,740.93
16212,938,24,2025-10-29,UPI,Delivered,375.01
16213,679,5,2025-05-10,Card,Cancelled,1010.06
16214,252,50,2025-02-21,UPI,Cancelled,1850.17
16215,115,98,2025-07-07,Cash,Cancelled,563.43
16216,715,30,2025-12-23,Cash,Cancelled,1474.99
16217,454,6,2025-07-15,Card,Delivered,1928.32
16218,502,78,2025-12-09,UPI,Cancelled,1836.38
16219,256,35,2025-06-15,Card,Delivered,1037.84
16220,692,78,2025-04-20,UPI,Cancelled,2084.03
16221,181,10,2025-09-01,Cash,Cancelled,2908.77
16222,818,33,2025-12-09,UPI,Delivered,1557.56
16223,209,27,2025-03-27,Cash,Cancelled,1764.01
16224,679,88,2025-01-18,Card,Cancelled,878.24
16225,15,40,2025-04-13,Cash,Delivered,344.27
16226,954,78,2025-09-30,Cash,Cancelled,1671.64
16227,524,66,2025-06-08,UPI,Cancelled,1128.26
16228,867,98,2025-06-12,Card,Cancelled,2326.32
16229,960,16,2025-06-21,Card,Cancelled,647.43
16230,966,92,2025-02-22,UPI,Cancelled,1058.94
16231,410,36,2025-11-06,Card,Delivered,2759.63
16232,931,40,2025-08-12,Card,Cancelled,608.74
16233,479,47,2025-06-23,Cash,Cancelled,1385.55
16234,331,19,2025-10-23,Cash,Delivered,901.15
16235,147,30,2025-06-07,Cash,Delivered,2983.67
16236,695,45,2025-09-14,Card,Cancelled,937.13
16237,416,23,2025-03-02,Card,Cancelled,1485.27
16238,110,23,2025-03-13,Card,Cancelled,2633.88
16239,823,52,2025-01-04,UPI,Delivered,1684.37
16240,373,92,2025-06-24,Card,Cancelled,263.88
16241,986,13,2025-04-14,Cash,Cancelled,715.98
16242,985,75,2025-08-10,Cash,Delivered,2025.97
16243,578,34,2025-01-15,Cash,Delivered,2492.81
16244,265,86,2025-11-07,Cash,Cancelled,1266.83
16245,655,55,2025-07-22,Card,Cancelled,1517.08
16246,92,66,2025-06-11,Cash,Cancelled,1776.67
16247,455,56,2025-01-30,Card,Cancelled,358.81
16248,719,11,2025-12-27,Cash,Delivered,2094.54
16249,858,64,2025-08-24,UPI,Cancelled,564.37
16250,918,38,2025-03-06,UPI,Cancelled,1521.57
16251,318,59,2025-08-12,Cash,Cancelled,378.57
16252,215,82,2025-09-24,UPI,Delivered,1626.37
16253,790,31,2025-04-24,UPI,Delivered,754.52
16254,548,32,2025-10-16,UPI,Cancelled,2758.39
16255,649,90,2025-04-08,UPI,Delivered,2820.47
16256,504,59,2025-12-15,Cash,Delivered,2878.43
16257,569,64,2025-01-11,UPI,Delivered,613.31
16258,44,83,2025-08-01,UPI,Cancelled,2555.23
16259,258,95,2025-02-13,Cash,Cancelled,2207.68
16260,826,27,2025-04-30,Card,Cancelled,1239.36
16261,167,3,2025-05-23,Card,Delivered,2421.46
16262,2,63,2025-06-20,UPI,Delivered,650.47
16263,123,57,2025-12-25,Cash,Delivered,278.74
16264,581,11,2025-03-15,Cash,Delivered,1250.83
16265,274,1,2025-04-20,Card,Cancelled,1736.53
16266,317,10,2025-05-17,Card,Cancelled,1128.25
16267,691,49,2025-06-01,Card,Cancelled,2940.0
16268,591,36,2025-04-08,UPI,Delivered,2959.59
16269,177,1,2025-10-22,Card,Cancelled,1913.94
16270,32,2,2025-03-03,UPI,Delivered,2824.61
16271,584,26,2025-04-06,Cash,Cancelled,2440.66
16272,734,87,2025-09-14,Card,Delivered,1405.06
16273,793,6,2025-12-02,UPI,Cancelled,2722.62
16274,887,39,2025-01-25,Cash,Delivered,2934.44
16275,657,36,2025-09-18,Cash,Delivered,1952.54
16276,293,45,2025-11-22,Card,Delivered,686.28
16277,620,61,2025-06-15,Cash,Cancelled,1313.39
16278,35,18,2025-12-01,Cash,Cancelled,2482.66
16279,799,91,2025-11-02,Cash,Delivered,2591.63
16280,910,28,2025-12-20,Card,Cancelled,2770.25
16281,669,17,2025-05-03,UPI,Cancelled,1810.97
16282,614,23,2025-05-28,Cash,Cancelled,1298.7
16283,991,39,2025-03-29,UPI,Cancelled,1926.78
16284,142,16,2025-07-25,Cash,Delivered,639.29
16285,306,29,2025-03-22,UPI,Delivered,1143.02
16286,46,55,2025-02-05,Cash,Delivered,500.28
16287,311,15,2025-03-20,Cash,Delivered,2162.43
16288,721,93,2025-06-29,Card,Delivered,1325.8
16289,592,7,2025-02-10,Cash,Cancelled,348.73
16290,919,22,2025-10-11,UPI,Delivered,1105.5
16291,506,51,2025-09-04,Card,Delivered,2180.51
16292,452,50,2025-09-04,Cash,Delivered,2192.26
16293,959,74,2025-03-24,UPI,Cancelled,2202.77
16294,616,18,2025-11-28,Card,Cancelled,2567.47
16295,466,45,2025-11-21,UPI,Delivered,2272.59
16296,648,85,2025-05-16,UPI,Delivered,1394.94
16297,123,25,2025-04-25,Cash,Cancelled,666.32
16298,21,56,2025-06-03,Cash,Cancelled,2058.35
16299,946,22,2025-02-26,UPI,Cancelled,1532.99
16300,82,93,2025-11-03,UPI,Cancelled,1826.17
16301,509,95,2025-03-21,Card,Delivered,892.53
16302,928,39,2025-11-22,UPI,Cancelled,2092.8
16303,247,94,2025-02-05,Card,Delivered,1013.53
16304,247,75,2025-02-26,UPI,Cancelled,486.0
16305,59,100,2025-03-19,Card,Delivered,2843.14
16306,882,45,2025-11-16,UPI,Cancelled,841.33
16307,602,77,2025-07-01,Card,Delivered,482.92
16308,902,95,2025-11-10,UPI,Delivered,1930.59
16309,532,92,2025-09-16,Cash,Cancelled,193.07
16310,908,4,2025-02-09,Card,Delivered,2666.69
16311,151,1,2025-04-16,Cash,Cancelled,1121.29
16312,601,87,2025-10-17,UPI,Cancelled,1944.82
16313,901,76,2025-09-25,Cash,Cancelled,791.14
16314,438,60,2025-02-04,Cash,Delivered,1237.14
16315,404,11,2025-07-28,UPI,Delivered,2912.98
16316,644,15,2025-06-07,Card,Delivered,1427.2
16317,203,61,2025-10-27,Cash,Cancelled,688.74
16318,326,42,2025-09-19,UPI,Cancelled,971.54
16319,683,44,2025-05-10,Card,Cancelled,814.39
16320,843,94,2025-08-20,Cash,Cancelled,2700.47
16321,57,61,2025-09-11,Cash,Cancelled,348.56
16322,666,42,2025-07-09,Card,Cancelled,2810.04
16323,261,66,2025-06-30,Card,Delivered,1469.77
16324,128,22,2025-07-05,UPI,Delivered,1666.68
16325,356,50,2025-09-20,UPI,Cancelled,426.96
16326,121,31,2025-10-05,UPI,Delivered,1788.91
16327,480,63,2025-07-22,Card,Cancelled,1511.77
16328,596,49,2025-08-14,Cash,Cancelled,314.93
16329,747,14,2025-09-04,Card,Cancelled,1375.16
16330,579,35,2025-02-16,Card,Cancelled,810.57
16331,461,84,2025-10-05,UPI,Cancelled,2744.71
16332,852,57,2025-07-31,Cash,Cancelled,879.58
16333,368,46,2025-10-12,Cash,Cancelled,2422.71
16334,900,93,2025-10-25,UPI,Delivered,875.03
16335,846,5,2025-12-18,Cash,Delivered,2188.14
16336,908,98,2025-09-30,Cash,Delivered,1293.28
16337,60,79,2025-12-06,Card,Delivered,2077.3
16338,213,10,2025-08-06,Cash,Delivered,503.42
16339,443,91,2025-07-26,Card,Cancelled,532.08
16340,49,52,2025-06-03,UPI,Cancelled,1859.59
16341,543,61,2025-08-03,UPI,Cancelled,2992.73
16342,970,45,2025-04-25,UPI,Delivered,494.05
16343,804,51,2025-12-30,Card,Delivered,2294.58
16344,231,91,2025-03-25,Card,Cancelled,519.36
16345,20,50,2025-09-23,UPI,Cancelled,1869.3
16346,388,70,2025-01-02,Card,Delivered,1525.66
16347,618,23,2025-06-03,Cash,Cancelled,2949.09
16348,384,25,2025-05-22,UPI,Cancelled,2775.04
16349,536,6,2025-10-05,Card,Cancelled,2209.29
16350,347,63,2025-10-24,UPI,Delivered,2744.5
16351,4,31,2025-11-09,Card,Delivered,746.24
16352,683,48,2025-05-13,Card,Delivered,2918.25
16353,353,11,2025-08-06,Cash,Delivered,2668.19
16354,873,43,2025-01-05,Cash,Cancelled,553.87
16355,55,59,2025-07-20,UPI,Delivered,2345.86
16356,931,36,2025-09-19,Card,Delivered,1450.57
16357,338,94,2025-02-07,UPI,Cancelled,2570.99
16358,828,94,2025-08-13,Card,Cancelled,745.7
16359,902,26,2025-09-08,UPI,Cancelled,644.87
16360,339,41,2025-09-03,Cash,Delivered,661.46
16361,96,51,2025-04-26,Card,Cancelled,1571.87
16362,746,70,2025-02-22,Card,Cancelled,998.68
16363,998,15,2025-12-24,UPI,Delivered,1600.17
16364,120,64,2025-03-29,UPI,Delivered,1721.23
16365,962,94,2025-12-31,Card,Delivered,2870.36
16366,874,62,2025-12-26,Cash,Cancelled,1274.82
16367,734,7,2025-12-30,Card,Delivered,486.53
16368,710,64,2025-05-17,Cash,Cancelled,1833.08
16369,789,14,2025-02-09,Cash,Delivered,195.3
16370,676,12,2025-02-17,UPI,Cancelled,2586.62
16371,961,51,2025-05-29,Card,Cancelled,1199.9
16372,456,1,2025-06-09,Cash,Delivered,2083.71
16373,636,88,2025-05-09,Card,Cancelled,2201.21
16374,426,49,2025-05-25,UPI,Delivered,1212.33
16375,750,63,2025-09-02,Card,Delivered,1007.31
16376,215,52,2025-12-22,Cash,Cancelled,326.33
16377,263,42,2025-07-19,UPI,Delivered,354.46
16378,430,12,2025-10-27,Cash,Delivered,192.88
16379,329,52,2025-10-30,UPI,Cancelled,2248.95
16380,909,61,2025-03-02,UPI,Delivered,1434.19
16381,329,8,2025-07-24,UPI,Cancelled,1948.4
16382,152,3,2025-02-16,Cash,Delivered,1807.69
16383,892,33,2025-01-02,Card,Cancelled,944.31
16384,640,53,2025-02-13,UPI,Cancelled,664.26
16385,787,43,2025-11-10,Card,Delivered,482.08
16386,784,100,2025-03-05,Card,Delivered,2037.33
16387,970,94,2025-08-09,Card,Cancelled,1841.32
16388,329,27,2025-12-31,Card,Cancelled,204.8
16389,858,81,2025-09-12,UPI,Delivered,2582.13
16390,350,91,2025-08-07,UPI,Cancelled,868.37
16391,820,86,2025-03-09,Card,Delivered,457.04
16392,628,68,2025-07-08,Card,Cancelled,1751.82
16393,568,1,2025-11-21,Cash,Cancelled,581.27
16394,672,20,2025-06-07,Cash,Delivered,466.43
16395,577,87,2025-06-23,UPI,Cancelled,1194.55
16396,261,52,2025-09-03,Card,Delivered,912.67
16397,111,5,2025-05-31,Card,Delivered,1419.12
16398,454,24,2025-05-09,Card,Cancelled,482.89
16399,658,93,2025-07-27,UPI,Delivered,772.6
16400,414,32,2025-11-22,Cash,Delivered,418.17
16401,144,91,2025-05-05,UPI,Delivered,2060.9
16402,143,54,2025-09-09,Cash,Cancelled,914.91
16403,471,2,2025-09-09,UPI,Cancelled,1178.52
16404,653,41,2025-07-02,Card,Cancelled,2943.93
16405,334,48,2025-12-15,Cash,Delivered,2238.01
16406,573,55,2025-12-20,Cash,Delivered,624.32
16407,153,83,2025-03-02,Cash,Delivered,619.3
16408,226,89,2025-12-28,UPI,Cancelled,2103.58
16409,469,66,2025-01-12,UPI,Cancelled,810.01
16410,888,20,2025-04-19,Card,Delivered,2655.77
16411,798,88,2025-05-29,Cash,Cancelled,1272.41
16412,203,13,2025-01-25,UPI,Delivered,2332.01
16413,632,27,2025-12-05,Cash,Cancelled,2659.91
16414,176,96,2025-05-28,UPI,Delivered,2905.17
16415,390,88,2025-09-13,Cash,Delivered,2961.82
16416,203,29,2025-04-29,Cash,Cancelled,1289.65
16417,909,13,2025-06-02,UPI,Cancelled,2778.28
16418,42,11,2025-05-11,Cash,Cancelled,2473.35
16419,64,64,2025-02-12,UPI,Cancelled,2362.31
16420,580,24,2025-12-06,Card,Delivered,2351.39
16421,6,64,2025-10-24,UPI,Cancelled,1858.73
16422,734,9,2025-05-14,Cash,Delivered,323.64
16423,825,55,2025-10-23,Card,Cancelled,2300.05
16424,862,7,2025-03-03,UPI,Delivered,559.13
16425,877,34,2025-04-02,Cash,Cancelled,1325.88
16426,401,10,2025-08-21,UPI,Delivered,1330.36
16427,679,16,2025-07-15,UPI,Cancelled,1339.02
16428,97,8,2025-07-05,UPI,Cancelled,630.93
16429,108,33,2025-04-18,Cash,Delivered,794.33
16430,677,50,2025-03-29,UPI,Cancelled,258.08
16431,932,59,2025-03-27,UPI,Delivered,789.79
16432,605,89,2025-12-20,Card,Delivered,427.88
16433,530,80,2025-02-24,Card,Cancelled,1342.67
16434,474,25,2025-06-26,UPI,Cancelled,1353.89
16435,309,13,2025-08-22,Card,Cancelled,2422.08
16436,222,73,2025-11-16,UPI,Cancelled,2206.55
16437,939,70,2025-08-28,UPI,Cancelled,398.55
16438,643,38,2025-07-13,UPI,Delivered,2931.28
16439,126,8,2025-11-13,UPI,Delivered,248.9
16440,667,34,2025-07-10,Cash,Cancelled,646.24
16441,467,38,2025-04-04,Cash,Delivered,237.56
16442,662,53,2025-03-11,UPI,Cancelled,1975.52
16443,69,62,2025-05-22,UPI,Cancelled,1011.03
16444,688,45,2025-02-25,UPI,Cancelled,1598.65
16445,130,42,2025-06-09,Cash,Delivered,1450.33
16446,287,16,2025-08-26,Cash,Cancelled,162.92
16447,735,14,2025-10-25,Cash,Cancelled,1242.44
16448,478,2,2025-04-29,UPI,Delivered,1170.46
16449,320,79,2025-03-04,Cash,Cancelled,2745.1
16450,576,64,2025-07-02,Cash,Delivered,1143.51
16451,401,51,2025-12-24,UPI,Cancelled,2047.1
16452,823,75,2025-08-08,Card,Delivered,677.76
16453,905,43,2025-08-06,UPI,Cancelled,1568.17
16454,342,78,2025-11-22,UPI,Cancelled,929.27
16455,248,58,2025-10-14,Cash,Delivered,2608.26
16456,549,85,2025-08-29,Cash,Delivered,859.59
16457,462,71,2025-03-18,UPI,Cancelled,1118.96
16458,282,76,2025-02-07,Card,Delivered,2365.66
16459,119,87,2025-09-27,Card,Cancelled,1928.75
16460,258,88,2025-01-16,Card,Cancelled,1450.23
16461,456,8,2025-04-03,UPI,Delivered,506.73
16462,967,94,2025-08-02,Cash,Delivered,612.72
16463,6,46,2025-08-16,Cash,Cancelled,362.35
16464,184,68,2025-12-07,Card,Delivered,1675.7
16465,674,26,2025-06-11,UPI,Delivered,2351.71
16466,509,72,2025-02-07,Card,Delivered,1174.64
16467,12,88,2025-04-21,UPI,Delivered,650.51
16468,771,16,2025-02-13,UPI,Cancelled,2807.54
16469,198,2,2025-07-20,Card,Delivered,609.43
16470,134,97,2025-03-30,Cash,Delivered,236.81
16471,263,13,2025-08-24,Cash,Cancelled,2715.06
16472,583,29,2025-03-28,Cash,Delivered,752.23
16473,885,34,2025-01-30,Card,Delivered,1736.2
16474,608,87,2025-04-05,Card,Cancelled,2172.92
16475,447,7,2025-05-03,UPI,Cancelled,152.11
16476,328,61,2025-01-01,Card,Delivered,2832.15
16477,72,60,2025-12-13,Cash,Delivered,758.8
16478,904,84,2025-12-19,Cash,Cancelled,2023.18
16479,168,7,2025-06-10,Cash,Delivered,2306.22
16480,745,16,2025-10-18,UPI,Cancelled,2749.07
16481,336,32,2025-02-23,Cash,Delivered,1783.06
16482,172,60,2025-06-16,Card,Delivered,888.82
16483,172,58,2025-01-05,Card,Cancelled,1730.9
16484,844,42,2025-09-02,Cash,Delivered,2152.95
16485,404,8,2025-12-23,Card,Cancelled,2302.03
16486,286,21,2025-06-12,UPI,Cancelled,2911.72
16487,881,32,2025-02-10,Cash,Cancelled,298.95
16488,209,90,2025-12-04,Card,Cancelled,391.52
16489,172,16,2025-04-07,UPI,Cancelled,504.05
16490,499,89,2025-07-10,Card,Delivered,1252.14
16491,975,94,2025-07-20,Cash,Delivered,1600.34
16492,6,53,2025-05-20,Card,Delivered,1431.77
16493,506,17,2025-02-01,Card,Cancelled,2934.32
16494,720,32,2025-12-14,Cash,Cancelled,2646.77
16495,231,26,2025-11-06,Cash,Delivered,1563.74
16496,344,46,2025-02-02,Card,Cancelled,1702.28
16497,771,75,2025-04-27,UPI,Cancelled,226.56
16498,594,11,2025-03-25,UPI,Cancelled,416.45
16499,217,31,2025-06-16,Card,Delivered,2358.23
16500,456,10,2025-12-08,UPI,Delivered,991.3
16501,228,24,2025-06-14,Cash,Cancelled,2706.2
16502,721,78,2025-01-05,UPI,Cancelled,901.98
16503,475,31,2025-05-13,Cash,Delivered,1070.22
16504,204,83,2025-11-29,Cash,Cancelled,2763.42
16505,575,1,2025-01-11,Card,Delivered,1056.45
16506,342,15,2025-06-13,Cash,Delivered,2853.3
16507,510,81,2025-06-10,Cash,Delivered,1988.55
16508,423,76,2025-03-25,Card,Cancelled,1378.18
16509,264,96,2025-03-10,Card,Cancelled,2427.18
16510,606,15,2025-08-19,Card,Delivered,188.01
16511,948,39,2025-06-08,UPI,Cancelled,533.96
16512,307,79,2025-08-20,UPI,Cancelled,2424.33
16513,239,78,2025-12-12,Cash,Cancelled,1676.86
16514,281,99,2025-10-13,Cash,Delivered,304.81
16515,617,15,2025-08-31,UPI,Delivered,2254.65
16516,412,98,2025-02-02,Card,Cancelled,1785.22
16517,641,85,2025-01-25,Cash,Delivered,1182.71
16518,731,57,2025-07-18,UPI,Delivered,2782.45
16519,883,88,2025-04-01,UPI,Delivered,954.04
16520,530,8,2025-08-02,Cash,Delivered,2743.9
16521,531,95,2025-09-22,Cash,Delivered,591.43
16522,342,42,2025-04-09,UPI,Delivered,213.06
16523,116,4,2025-02-12,Cash,Delivered,2506.16
16524,389,35,2025-02-16,UPI,Cancelled,1619.34
16525,281,68,2025-01-06,UPI,Delivered,2505.06
16526,999,90,2025-01-05,Card,Cancelled,205.51
16527,797,54,2025-07-31,UPI,Delivered,2327.02
16528,794,61,2025-05-14,Cash,Cancelled,2876.66
16529,499,64,2025-06-24,UPI,Cancelled,207.21
16530,696,26,2025-02-25,UPI,Cancelled,1625.09
16531,104,79,2025-01-23,Card,Cancelled,2350.92
16532,936,48,2025-09-19,Card,Cancelled,1836.32
16533,652,2,2025-07-11,Cash,Cancelled,2573.63
16534,942,35,2025-12-22,UPI,Delivered,2792.25
16535,373,93,2025-11-30,UPI,Delivered,2316.42
16536,989,41,2025-11-02,UPI,Delivered,2848.24
16537,669,15,2025-06-14,UPI,Delivered,1648.47
16538,841,63,2025-11-12,Cash,Cancelled,1705.87
16539,243,68,2025-08-24,Card,Cancelled,252.84
16540,311,84,2025-10-30,Card,Delivered,2443.81
16541,331,69,2025-04-21,Cash,Cancelled,2379.21
16542,136,73,2025-04-21,UPI,Delivered,2350.18
16543,554,75,2025-07-12,Card,Cancelled,2254.99
16544,589,10,2025-09-04,UPI,Delivered,631.39
16545,904,70,2025-09-21,Cash,Delivered,233.18
16546,609,81,2025-12-16,UPI,Cancelled,684.16
16547,785,41,2025-05-22,Card,Cancelled,1835.68
16548,398,84,2025-04-15,Card,Cancelled,2574.56
16549,476,66,2025-02-24,Cash,Cancelled,1342.12
16550,293,85,2025-04-24,UPI,Delivered,353.31
16551,742,54,2025-07-02,Card,Cancelled,458.27
16552,120,41,2025-10-24,UPI,Cancelled,275.29
16553,341,69,2025-07-01,UPI,Cancelled,1830.97
16554,916,25,2025-12-21,Cash,Delivered,2879.03
16555,68,56,2025-03-10,Cash,Cancelled,1262.23
16556,827,95,2025-12-29,Card,Cancelled,2238.05
16557,295,1,2025-09-01,UPI,Cancelled,1105.97
16558,412,60,2025-06-18,Card,Cancelled,2492.79
16559,530,5,2025-08-28,Card,Cancelled,1512.52
16560,164,81,2025-01-04,Card,Delivered,1969.55
16561,641,89,2025-08-01,UPI,Delivered,731.33
16562,313,7,2025-09-24,Cash,Delivered,218.68
16563,704,91,2025-12-18,Card,Cancelled,940.01
16564,6,8,2025-12-16,Cash,Cancelled,150.77
16565,889,75,2025-01-03,Card,Cancelled,2250.87
16566,141,21,2025-04-04,UPI,Cancelled,271.65
16567,186,53,2025-02-28,UPI,Cancelled,964.22
16568,487,19,2025-05-29,Card,Delivered,2027.21
16569,579,69,2025-02-04,Cash,Cancelled,2577.47
16570,187,26,2025-05-08,UPI,Cancelled,1637.97
16571,577,62,2025-04-28,Card,Delivered,2769.96
16572,813,95,2025-06-17,Cash,Cancelled,1597.01
16573,75,82,2025-01-04,Cash,Delivered,337.93
16574,201,3,2025-07-01,Cash,Cancelled,1240.1
16575,812,26,2025-04-11,Cash,Delivered,1935.81
16576,925,39,2025-05-03,Cash,Delivered,2290.12
16577,331,83,2025-02-14,UPI,Cancelled,545.26
16578,812,51,2025-03-15,UPI,Delivered,2740.12
16579,583,31,2025-10-05,Cash,Cancelled,848.34
16580,126,98,2025-09-02,Cash,Cancelled,1763.36
16581,882,81,2025-08-01,Cash,Delivered,2869.35
16582,767,16,2025-04-13,Cash,Cancelled,2209.24
16583,898,81,2025-06-09,Cash,Delivered,2632.08
16584,21,50,2025-08-12,UPI,Delivered,324.51
16585,136,10,2025-03-19,UPI,Cancelled,2636.95
16586,267,72,2025-09-14,Cash,Cancelled,2972.77
16587,58,56,2025-07-15,Cash,Delivered,2531.91
16588,412,41,2025-10-30,Card,Cancelled,1675.59
16589,444,30,2025-12-05,UPI,Delivered,1956.92
16590,202,90,2025-08-21,UPI,Cancelled,1602.1
16591,127,69,2025-03-29,Cash,Cancelled,920.28
16592,703,47,2025-03-11,Cash,Cancelled,2973.35
16593,820,57,2025-02-05,UPI,Cancelled,315.62
16594,93,44,2025-05-30,Cash,Delivered,201.88
16595,767,11,2025-10-17,UPI,Delivered,1830.23
16596,749,75,2025-12-05,Cash,Delivered,1696.19
16597,318,34,2025-09-17,Cash,Delivered,2138.75
16598,344,46,2025-01-21,Cash,Delivered,1013.62
16599,737,74,2025-08-20,Card,Cancelled,153.8
16600,97,43,2025-10-04,Card,Cancelled,904.27
16601,945,96,2025-03-14,UPI,Delivered,2372.3
16602,527,75,2025-05-15,UPI,Cancelled,649.48
16603,485,41,2025-03-18,Card,Cancelled,2597.46
16604,596,88,2025-07-30,UPI,Cancelled,1743.76
16605,71,50,2025-04-02,Cash,Cancelled,2496.62
16606,486,82,2025-03-12,Card,Cancelled,2587.26
16607,712,29,2025-09-28,Card,Cancelled,2887.42
16608,181,92,2025-02-11,UPI,Cancelled,1645.83
16609,478,98,2025-09-09,Cash,Delivered,1713.95
16610,846,49,2025-07-16,Cash,Cancelled,639.99
16611,546,99,2025-12-01,Cash,Delivered,2349.79
16612,845,67,2025-04-01,Cash,Cancelled,2982.52
16613,333,10,2025-05-25,UPI,Delivered,1174.7
16614,566,25,2025-07-26,Cash,Cancelled,505.72
16615,879,35,2025-10-28,Cash,Cancelled,2401.55
16616,390,45,2025-11-23,Card,Delivered,1146.56
16617,882,18,2025-05-30,Card,Delivered,1403.54
16618,528,88,2025-01-04,Card,Delivered,2269.02
16619,770,8,2025-02-26,UPI,Delivered,2269.05
16620,144,1,2025-12-26,UPI,Delivered,1363.67
16621,358,12,2025-08-07,Cash,Cancelled,218.79
16622,899,4,2025-03-10,UPI,Cancelled,354.44
16623,455,72,2025-12-04,Cash,Delivered,2378.25
16624,602,31,2025-04-17,Cash,Delivered,2257.4
16625,683,86,2025-01-14,Card,Delivered,1831.1
16626,902,78,2025-09-28,Card,Delivered,2793.7
16627,427,57,2025-04-05,Card,Delivered,1566.3
16628,522,22,2025-07-18,UPI,Delivered,1833.4
16629,51,41,2025-08-11,UPI,Cancelled,2075.11
16630,363,17,2025-02-03,UPI,Delivered,682.9
16631,580,35,2025-10-07,UPI,Delivered,1744.85
16632,125,87,2025-10-13,UPI,Delivered,2701.74
16633,503,10,2025-08-28,Cash,Delivered,2887.74
16634,345,95,2025-11-22,UPI,Delivered,1305.81
16635,242,38,2025-01-27,Card,Delivered,1318.07
16636,360,98,2025-07-01,UPI,Cancelled,471.5
16637,56,21,2025-06-02,Cash,Delivered,1992.86
16638,149,8,2025-11-18,UPI,Cancelled,2969.41
16639,633,75,2025-09-28,Card,Delivered,1727.92
16640,747,65,2025-03-17,Cash,Delivered,1007.45
16641,982,94,2025-05-20,Card,Delivered,462.49
16642,980,54,2025-05-28,Card,Cancelled,825.11
16643,861,44,2025-05-15,Card,Delivered,2481.28
16644,598,45,2025-03-03,Card,Delivered,2237.9
16645,788,41,2025-12-11,Cash,Cancelled,2247.74
16646,649,99,2025-11-14,UPI,Delivered,2927.36
16647,922,54,2025-11-19,Cash,Delivered,1235.19
16648,620,40,2025-07-19,Card,Delivered,2009.74
16649,92,62,2025-01-04,UPI,Cancelled,2691.7
16650,81,76,2025-03-28,Cash,Cancelled,432.64
16651,119,27,2025-02-03,UPI,Cancelled,1282.33
16652,107,81,2025-11-27,Card,Cancelled,602.11
16653,744,53,2025-11-06,Card,Cancelled,1845.22
16654,261,49,2025-08-29,UPI,Delivered,1767.33
16655,1,40,2025-08-16,Card,Delivered,159.76
16656,615,54,2025-10-02,Cash,Delivered,1917.02
16657,968,79,2025-06-18,Cash,Delivered,2704.54
16658,602,2,2025-01-04,UPI,Cancelled,2680.9
16659,368,43,2025-07-29,UPI,Cancelled,1470.64
16660,31,5,2025-07-11,UPI,Cancelled,2196.09
16661,243,8,2025-04-16,Card,Delivered,1487.72
16662,743,20,2025-07-22,Cash,Delivered,2245.4
16663,474,62,2025-08-07,Cash,Delivered,1195.14
16664,178,52,2025-04-23,UPI,Cancelled,628.98
16665,231,84,2025-08-17,UPI,Cancelled,2865.65
16666,23,8,2025-07-29,Cash,Cancelled,1039.56
16667,29,89,2025-04-07,Card,Delivered,926.94
16668,744,66,2025-04-06,Card,Delivered,1695.76
16669,82,79,2025-11-04,Card,Cancelled,2147.99
16670,463,47,2025-10-12,Card,Cancelled,880.6
16671,952,77,2025-02-20,Cash,Cancelled,919.27
16672,148,83,2025-02-15,UPI,Cancelled,1474.24
16673,303,17,2025-07-05,Cash,Delivered,1326.05
16674,328,14,2025-05-02,Card,Delivered,194.45
16675,854,87,2025-12-18,Cash,Cancelled,403.84
16676,836,87,2025-01-17,Cash,Delivered,397.44
16677,124,69,2025-07-22,Card,Delivered,267.07
16678,770,32,2025-08-10,UPI,Cancelled,983.09
16679,727,88,2025-07-02,Cash,Delivered,2790.8
16680,815,52,2025-10-03,Cash,Delivered,2238.15
16681,284,57,2025-04-23,Cash,Delivered,948.99
16682,87,34,2025-11-14,Cash,Delivered,2028.3
16683,50,72,2025-12-11,Cash,Cancelled,2744.85
16684,487,15,2025-05-16,UPI,Cancelled,581.07
16685,290,77,2025-04-25,Card,Delivered,1501.68
16686,644,14,2025-05-19,Cash,Delivered,316.93
16687,180,71,2025-04-02,Cash,Cancelled,2165.06
16688,503,88,2025-08-25,Card,Delivered,675.7
16689,274,96,2025-03-29,Cash,Delivered,984.31
16690,101,7,2025-05-20,UPI,Cancelled,2693.31
16691,30,91,2025-11-11,UPI,Delivered,1874.87
16692,51,1,2025-10-11,Card,Delivered,901.19
16693,969,14,2025-09-12,Cash,Delivered,1125.68
16694,65,24,2025-11-06,UPI,Delivered,1132.93
16695,186,48,2025-09-12,UPI,Delivered,575.97
16696,685,32,2025-03-07,UPI,Delivered,2923.71
16697,599,20,2025-05-06,Card,Cancelled,2000.8
16698,52,91,2025-02-26,Card,Cancelled,379.63
16699,250,84,2025-08-15,Card,Delivered,1929.03
16700,483,47,2025-01-01,UPI,Delivered,2357.17
16701,459,47,2025-05-01,UPI,Delivered,188.44
16702,68,62,2025-04-21,UPI,Delivered,1741.75
16703,811,78,2025-06-18,Cash,Cancelled,2528.87
16704,109,36,2025-10-18,Cash,Cancelled,906.54
16705,669,41,2025-11-12,Card,Cancelled,2637.77
16706,89,86,2025-04-29,UPI,Delivered,623.52
16707,990,61,2025-07-05,Card,Delivered,2449.07
16708,85,43,2025-06-30,Cash,Delivered,1068.17
16709,497,10,2025-11-17,Card,Delivered,2887.88
16710,616,33,2025-08-07,Card,Cancelled,1492.75
16711,41,45,2025-02-11,UPI,Delivered,1870.5
16712,385,37,2025-03-29,Card,Cancelled,2865.63
16713,159,88,2025-12-28,UPI,Delivered,638.71
16714,860,40,2025-10-17,Card,Cancelled,394.4
16715,143,60,2025-06-15,Card,Cancelled,1788.56
16716,666,59,2025-02-17,Card,Delivered,1716.97
16717,385,3,2025-03-22,Card,Cancelled,2016.41
16718,118,74,2025-12-08,Card,Cancelled,1622.1
16719,255,24,2025-09-25,Card,Delivered,2068.2
16720,921,35,2025-11-13,UPI,Delivered,186.28
16721,396,63,2025-04-16,UPI,Delivered,2919.0
16722,420,95,2025-01-24,Card,Cancelled,1184.9
16723,731,47,2025-07-25,Card,Delivered,1430.02
16724,316,8,2025-02-25,UPI,Cancelled,1799.22
16725,712,69,2025-11-30,Cash,Delivered,2172.71
16726,491,34,2025-04-19,UPI,Cancelled,2232.79
16727,729,24,2025-02-04,UPI,Cancelled,2641.89
16728,902,23,2025-07-07,UPI,Delivered,213.41
16729,828,10,2025-07-18,Cash,Cancelled,2915.11
16730,791,44,2025-06-02,Card,Delivered,2519.02
16731,831,84,2025-04-24,UPI,Cancelled,552.02
16732,330,64,2025-05-07,Cash,Cancelled,1290.97
16733,474,98,2025-01-12,UPI,Cancelled,1252.84
16734,25,6,2025-10-07,Cash,Cancelled,850.95
16735,414,9,2025-04-04,Cash,Cancelled,1642.95
16736,316,17,2025-11-07,UPI,Delivered,521.97
16737,409,23,2025-11-18,Cash,Delivered,1418.34
16738,409,32,2025-07-06,Cash,Delivered,1076.87
16739,292,45,2025-08-11,Card,Delivered,973.52
16740,631,1,2025-05-12,Card,Delivered,2726.48
16741,167,39,2025-10-04,UPI,Delivered,1374.55
16742,352,25,2025-12-04,Cash,Cancelled,1386.62
16743,343,10,2025-05-12,UPI,Delivered,762.18
16744,870,33,2025-07-15,Cash,Cancelled,2838.28
16745,958,28,2025-04-06,UPI,Cancelled,283.26
16746,774,29,2025-10-20,UPI,Cancelled,2822.26
16747,215,76,2025-03-17,UPI,Cancelled,2753.67
16748,977,60,2025-04-13,UPI,Delivered,454.13
16749,812,13,2025-10-20,Card,Cancelled,430.39
16750,437,88,2025-03-04,UPI,Delivered,2070.18
16751,187,92,2025-01-23,Card,Cancelled,1614.44
16752,309,79,2025-09-21,Cash,Cancelled,2051.0
16753,348,20,2025-01-23,Cash,Cancelled,2706.1
16754,549,7,2025-08-10,Card,Delivered,1263.51
16755,99,31,2025-04-05,Cash,Delivered,815.59
16756,882,36,2025-03-18,Card,Cancelled,1615.27
16757,596,67,2025-12-29,Card,Delivered,717.0
16758,719,78,2025-12-17,Cash,Cancelled,2973.64
16759,956,71,2025-02-09,UPI,Delivered,438.79
16760,313,38,2025-11-01,UPI,Delivered,2014.63
16761,591,1,2025-05-20,Card,Cancelled,2959.66
16762,408,1,2025-07-21,Cash,Cancelled,2311.24
16763,358,11,2025-03-30,Card,Delivered,288.22
16764,537,84,2025-03-09,Cash,Cancelled,606.16
16765,357,12,2025-04-08,UPI,Delivered,908.95
16766,374,75,2025-04-04,Card,Cancelled,332.74
16767,832,2,2025-05-03,Cash,Cancelled,1607.39
16768,966,31,2025-03-08,Card,Delivered,2903.34
16769,700,54,2025-10-27,Cash,Delivered,2913.94
16770,762,55,2025-01-18,Cash,Delivered,2461.26
16771,447,24,2025-08-07,UPI,Delivered,2613.89
16772,131,74,2025-08-01,Card,Delivered,1511.01
16773,863,95,2025-08-06,UPI,Cancelled,2191.26
16774,213,63,2025-03-07,Cash,Cancelled,1622.6
16775,232,66,2025-01-22,UPI,Cancelled,2081.01
16776,208,36,2025-01-11,UPI,Delivered,2914.75
16777,320,85,2025-09-26,UPI,Cancelled,384.67
16778,898,15,2025-09-11,Cash,Cancelled,232.46
16779,303,89,2025-12-19,UPI,Delivered,2959.2
16780,20,13,2025-08-18,UPI,Cancelled,1472.44
16781,122,53,2025-10-20,UPI,Cancelled,1058.3
16782,296,82,2025-08-24,Card,Delivered,2581.38
16783,840,64,2025-02-04,Cash,Cancelled,1642.89
16784,827,48,2025-11-22,Cash,Delivered,2875.67
16785,91,91,2025-01-18,UPI,Cancelled,311.45
16786,105,61,2025-07-22,Cash,Delivered,2677.56
16787,142,84,2025-04-26,UPI,Cancelled,721.95
16788,56,42,2025-10-31,Card,Cancelled,307.18
16789,845,14,2025-02-24,UPI,Delivered,468.79
16790,812,10,2025-09-27,Card,Cancelled,1273.62
16791,333,34,2025-04-06,Card,Cancelled,1197.7
16792,438,10,2025-11-30,Card,Delivered,1111.17
16793,94,88,2025-11-04,UPI,Delivered,1441.46
16794,533,95,2025-08-17,Card,Delivered,284.48
16795,9,52,2025-08-18,UPI,Delivered,540.81
16796,26,96,2025-08-16,Card,Cancelled,1262.23
16797,985,31,2025-12-11,Cash,Cancelled,442.0
16798,343,81,2025-06-27,UPI,Cancelled,267.24
16799,638,11,2025-03-06,Cash,Delivered,903.58
16800,774,36,2025-07-13,Card,Cancelled,359.34
16801,863,10,2025-08-10,Card,Delivered,2168.04
16802,148,100,2025-08-07,Cash,Cancelled,1896.22
16803,274,19,2025-04-24,Cash,Cancelled,1597.07
16804,457,86,2025-10-09,Card,Cancelled,1313.22
16805,156,43,2025-07-23,Card,Cancelled,623.17
16806,87,68,2025-07-11,Card,Cancelled,876.9
16807,252,68,2025-12-23,UPI,Cancelled,1785.23
16808,719,88,2025-07-05,Card,Cancelled,759.91
16809,889,89,2025-11-05,Card,Delivered,729.65
16810,540,3,2025-08-11,Card,Delivered,2745.56
16811,492,63,2025-04-18,Card,Delivered,2677.76
16812,268,42,2025-06-22,Card,Cancelled,2390.47
16813,945,10,2025-02-04,UPI,Delivered,2613.77
16814,13,24,2025-06-19,Card,Cancelled,961.02
16815,585,35,2025-04-16,Card,Cancelled,1376.15
16816,904,46,2025-11-11,Card,Cancelled,268.59
16817,535,72,2025-12-26,UPI,Cancelled,1211.27
16818,909,14,2025-10-23,UPI,Delivered,2974.35
16819,699,13,2025-08-27,UPI,Delivered,2054.21
16820,443,66,2025-11-27,UPI,Cancelled,1936.74
16821,971,19,2025-03-28,Cash,Delivered,2982.09
16822,874,92,2025-11-04,Card,Delivered,1603.55
16823,202,61,2025-09-05,Card,Delivered,2444.36
16824,162,15,2025-03-02,UPI,Delivered,2204.15
16825,946,85,2025-03-24,Cash,Delivered,1253.35
16826,318,1,2025-12-31,Cash,Delivered,1193.17
16827,256,35,2025-09-23,UPI,Delivered,2214.76
16828,767,89,2025-08-04,UPI,Delivered,1598.92
16829,860,19,2025-07-12,Card,Cancelled,2577.3
16830,168,82,2025-12-02,Card,Delivered,1294.97
16831,385,88,2025-02-04,Cash,Cancelled,1723.88
16832,638,32,2025-12-06,Card,Cancelled,2818.0
16833,840,46,2025-04-05,Card,Cancelled,2516.46
16834,257,55,2025-11-14,Card,Cancelled,2193.89
16835,809,46,2025-06-06,UPI,Delivered,2141.64
16836,999,93,2025-10-02,UPI,Cancelled,1928.76
16837,779,10,2025-10-05,Cash,Cancelled,1557.16
16838,298,27,2025-04-11,UPI,Delivered,2333.54
16839,473,27,2025-06-02,Card,Cancelled,2516.66
16840,799,6,2025-03-09,UPI,Delivered,1000.27
16841,419,12,2025-11-16,Card,Delivered,1137.87
16842,465,90,2025-05-26,Cash,Delivered,2926.45
16843,268,34,2025-05-01,UPI,Delivered,1885.51
16844,92,31,2025-12-16,UPI,Delivered,322.29
16845,810,52,2025-07-27,Card,Cancelled,1347.4
16846,118,77,2025-09-12,Card,Delivered,849.78
16847,504,11,2025-01-11,UPI,Cancelled,1969.2
16848,559,9,2025-01-23,Cash,Cancelled,200.45
16849,358,8,2025-12-03,Card,Delivered,2073.42
16850,50,36,2025-08-14,UPI,Cancelled,1985.5
16851,270,81,2025-11-18,Card,Delivered,2849.21
16852,396,66,2025-01-01,UPI,Delivered,1340.22
16853,195,78,2025-10-27,Card,Cancelled,1803.6
16854,220,100,2025-07-05,UPI,Delivered,1392.02
16855,178,84,2025-05-29,UPI,Delivered,588.0
16856,828,12,2025-03-05,Cash,Cancelled,2210.87
16857,821,40,2025-06-09,Cash,Cancelled,1875.12
16858,126,47,2025-03-06,UPI,Cancelled,293.4
16859,164,2,2025-09-05,Cash,Delivered,960.49
16860,921,89,2025-08-13,UPI,Cancelled,2523.9
16861,963,53,2025-09-26,Card,Delivered,364.8
16862,304,91,2025-06-25,Cash,Delivered,177.59
16863,237,21,2025-08-08,Cash,Delivered,473.83
16864,613,38,2025-06-12,Cash,Cancelled,2675.92
16865,501,30,2025-04-24,UPI,Delivered,2320.52
16866,471,81,2025-11-05,UPI,Cancelled,2933.97
16867,861,2,2025-11-07,Cash,Cancelled,2239.76
16868,415,9,2025-05-26,Card,Cancelled,975.0
16869,496,33,2025-01-06,UPI,Delivered,2575.04
16870,44,51,2025-04-15,Card,Delivered,1104.16
16871,490,83,2025-03-26,Card,Delivered,1616.19
16872,307,68,2025-05-24,Card,Delivered,2794.7
16873,656,54,2025-05-07,Card,Delivered,2145.18
16874,358,44,2025-09-16,Card,Cancelled,2977.31
16875,2,93,2025-06-04,Card,Delivered,2603.08
16876,724,57,2025-10-20,UPI,Delivered,1485.89
16877,920,78,2025-07-07,Card,Delivered,1363.63
16878,656,48,2025-12-25,Card,Delivered,1854.15
16879,564,1,2025-05-29,UPI,Cancelled,2860.82
16880,61,79,2025-07-25,Cash,Cancelled,2841.6
16881,22,99,2025-09-15,Cash,Delivered,2237.37
16882,606,62,2025-04-27,Cash,Delivered,1661.29
16883,830,43,2025-05-21,Card,Cancelled,401.72
16884,830,3,2025-08-16,Card,Delivered,1635.16
16885,483,90,2025-09-03,Card,Cancelled,1960.32
16886,850,83,2025-05-28,Cash,Cancelled,2327.3
16887,775,77,2025-10-10,Card,Delivered,577.35
16888,2,56,2025-08-02,Cash,Delivered,2279.13
16889,311,24,2025-08-04,Cash,Cancelled,2674.18
16890,573,33,2025-05-13,UPI,Delivered,632.99
16891,762,32,2025-06-26,UPI,Cancelled,765.46
16892,746,6,2025-04-07,Card,Cancelled,435.18
16893,516,30,2025-12-28,Cash,Cancelled,1296.77
16894,354,56,2025-03-22,Card,Delivered,2303.03
16895,839,62,2025-08-10,Card,Delivered,188.39
16896,284,81,2025-08-10,Cash,Cancelled,1855.79
16897,955,10,2025-03-14,Cash,Delivered,1108.56
16898,185,8,2025-04-06,Cash,Cancelled,2924.75
16899,246,29,2025-11-30,Card,Cancelled,2661.51
16900,594,24,2025-06-14,Card,Cancelled,1023.12
16901,363,94,2025-02-07,Card,Cancelled,675.17
16902,862,22,2025-11-14,Card,Delivered,632.4
16903,732,97,2025-03-29,UPI,Cancelled,1000.81
16904,919,22,2025-08-09,Cash,Delivered,2821.18
16905,825,87,2025-03-13,Cash,Cancelled,2182.49
16906,109,79,2025-10-27,Cash,Cancelled,1820.62
16907,833,23,2025-04-11,UPI,Cancelled,602.73
16908,665,13,2025-01-17,Card,Cancelled,730.18
16909,256,35,2025-03-03,Cash,Cancelled,351.61
16910,29,10,2025-08-19,UPI,Delivered,672.99
16911,607,97,2025-07-24,UPI,Cancelled,717.56
16912,127,32,2025-07-31,UPI,Delivered,2623.76
16913,281,37,2025-02-23,UPI,Cancelled,2373.85
16914,393,48,2025-09-03,UPI,Cancelled,1880.47
16915,791,21,2025-03-05,UPI,Cancelled,1128.65
16916,425,89,2025-09-29,UPI,Delivered,2244.51
16917,460,33,2025-04-18,UPI,Cancelled,1099.42
16918,331,53,2025-10-12,Card,Delivered,1915.07
16919,20,69,2025-12-11,UPI,Cancelled,527.13
16920,871,81,2025-10-24,Card,Cancelled,1870.37
16921,112,59,2025-09-23,UPI,Delivered,2682.01
16922,63,29,2025-08-31,Card,Delivered,630.18
16923,42,30,2025-11-07,Cash,Cancelled,532.43
16924,278,81,2025-02-06,UPI,Cancelled,181.57
16925,325,69,2025-05-10,Cash,Cancelled,247.39
16926,457,82,2025-05-24,UPI,Delivered,2187.62
16927,982,10,2025-12-29,Card,Cancelled,1793.42
16928,877,81,2025-09-06,UPI,Cancelled,2817.51
16929,102,87,2025-10-25,Cash,Cancelled,717.85
16930,963,97,2025-10-04,Cash,Cancelled,2166.72
16931,186,91,2025-05-04,UPI,Cancelled,2114.2
16932,688,20,2025-09-30,Card,Delivered,2489.5
16933,711,67,2025-12-15,UPI,Delivered,795.01
16934,899,64,2025-03-09,UPI,Cancelled,1426.19
16935,249,90,2025-12-12,Card,Cancelled,2779.64
16936,634,1,2025-06-19,UPI,Cancelled,1784.16
16937,33,21,2025-10-04,Cash,Cancelled,2521.11
16938,590,33,2025-02-18,Cash,Delivered,2926.88
16939,145,49,2025-01-30,Cash,Delivered,2292.48
16940,386,64,2025-02-24,Cash,Delivered,2719.67
16941,51,97,2025-09-01,UPI,Delivered,258.28
16942,369,64,2025-06-15,UPI,Cancelled,365.35
16943,182,83,2025-04-15,Card,Cancelled,1356.44
16944,602,9,2025-10-10,UPI,Delivered,1775.55
16945,509,37,2025-07-21,Card,Delivered,1902.2
16946,553,52,2025-01-13,Card,Delivered,1113.96
16947,13,77,2025-02-07,Cash,Cancelled,1508.04
16948,388,22,2025-03-18,Card,Cancelled,1870.34
16949,734,44,2025-06-28,Card,Cancelled,1705.51
16950,843,56,2025-03-28,UPI,Delivered,1042.9
16951,803,54,2025-08-23,UPI,Cancelled,1726.65
16952,71,72,2025-12-24,UPI,Cancelled,1041.99
16953,692,32,2025-08-13,Card,Delivered,307.84
16954,500,26,2025-01-06,Cash,Cancelled,844.32
16955,140,12,2025-11-26,Card,Cancelled,2372.36
16956,918,4,2025-05-19,UPI,Cancelled,291.1
16957,479,97,2025-12-04,UPI,Delivered,1495.9
16958,658,54,2025-08-28,Card,Cancelled,1814.91
16959,776,89,2025-02-11,Card,Delivered,1740.24
16960,82,26,2025-05-13,Cash,Cancelled,2892.73
16961,524,97,2025-09-01,Cash,Delivered,2793.52
16962,51,10,2025-02-03,Card,Delivered,1029.06
16963,327,81,2025-04-14,Cash,Cancelled,915.11
16964,457,100,2025-08-22,UPI,Cancelled,413.08
16965,342,66,2025-09-16,Cash,Delivered,435.47
16966,634,31,2025-06-11,UPI,Cancelled,2220.15
16967,205,75,2025-05-16,UPI,Cancelled,1509.72
16968,779,44,2025-08-30,Cash,Cancelled,2742.24
16969,216,59,2025-07-04,Card,Delivered,1722.37
16970,99,31,2025-09-04,Cash,Delivered,1613.94
16971,185,31,2025-04-04,Card,Delivered,926.25
16972,377,77,2025-01-23,Card,Cancelled,2696.08
16973,520,8,2025-01-03,Card,Cancelled,662.86
16974,902,96,2025-11-13,Cash,Delivered,1754.95
16975,263,97,2025-02-21,UPI,Delivered,1137.89
16976,657,71,2025-02-13,Cash,Delivered,1376.37
16977,149,48,2025-12-19,Cash,Cancelled,353.54
16978,865,64,2025-04-07,Cash,Delivered,453.02
16979,130,8,2025-04-17,UPI,Delivered,2218.45
16980,882,59,2025-12-03,Cash,Delivered,671.35
16981,819,36,2025-04-21,UPI,Cancelled,854.42
16982,337,62,2025-12-02,Cash,Cancelled,2354.69
16983,431,92,2025-10-30,UPI,Delivered,2466.54
16984,685,15,2025-12-05,UPI,Delivered,2352.89
16985,878,87,2025-06-05,Card,Delivered,2411.34
16986,673,72,2025-02-02,Cash,Delivered,1747.15
16987,758,37,2025-02-20,Card,Delivered,1675.03
16988,637,31,2025-08-20,Card,Delivered,685.83
16989,680,12,2025-05-08,Cash,Delivered,2598.24
16990,912,16,2025-06-20,Card,Cancelled,902.68
16991,775,41,2025-03-14,UPI,Cancelled,2516.68
16992,497,64,2025-07-31,Card,Cancelled,1133.89
16993,87,66,2025-08-06,Card,Cancelled,261.66
16994,889,59,2025-10-28,UPI,Delivered,413.31
16995,658,46,2025-05-15,Cash,Cancelled,1213.49
16996,875,79,2025-02-12,Cash,Cancelled,820.58
16997,611,76,2025-03-22,Card,Delivered,2536.53
16998,456,1,2025-11-17,UPI,Cancelled,496.31
16999,123,87,2025-05-26,Card,Delivered,1453.96
17000,293,67,2025-08-14,UPI,Delivered,1729.34
17001,798,84,2025-09-18,UPI,Cancelled,413.21
17002,51,81,2025-09-29,Card,Delivered,1941.57
17003,585,79,2025-10-02,UPI,Cancelled,295.54
17004,250,95,2025-06-18,Cash,Cancelled,561.63
17005,886,34,2025-12-24,Card,Delivered,1225.07
17006,30,4,2025-11-30,Cash,Delivered,2865.36
17007,626,7,2025-09-20,UPI,Cancelled,1268.92
17008,671,54,2025-08-16,Cash,Delivered,1405.62
17009,496,68,2025-03-15,UPI,Delivered,1479.01
17010,269,59,2025-12-04,Cash,Delivered,1979.74
17011,778,99,2025-07-19,Card,Cancelled,1112.62
17012,178,78,2025-06-11,Cash,Delivered,564.66
17013,400,94,2025-12-09,Card,Cancelled,1303.32
17014,928,2,2025-06-09,Cash,Delivered,2753.03
17015,29,32,2025-06-15,Cash,Delivered,1902.31
17016,884,33,2025-05-05,UPI,Cancelled,233.21
17017,603,14,2025-04-05,UPI,Delivered,1114.63
17018,13,56,2025-05-01,UPI,Cancelled,663.44
17019,827,62,2025-12-09,Card,Cancelled,1574.2
17020,592,12,2025-11-20,Cash,Cancelled,340.24
17021,475,46,2025-03-28,Card,Delivered,2533.36
17022,842,4,2025-05-31,Cash,Cancelled,670.08
17023,335,86,2025-05-20,UPI,Delivered,1637.3
17024,451,70,2025-06-23,UPI,Delivered,440.54
17025,359,26,2025-02-06,Cash,Delivered,2221.44
17026,977,72,2025-06-03,Card,Delivered,1355.98
17027,273,44,2025-10-11,Card,Delivered,1791.09
17028,857,70,2025-03-02,UPI,Cancelled,1324.85
17029,849,18,2025-12-21,Card,Cancelled,1979.49
17030,8,74,2025-06-05,UPI,Delivered,1005.91
17031,725,81,2025-06-09,Cash,Delivered,420.81
17032,621,98,2025-01-18,Card,Cancelled,2013.48
17033,428,100,2025-05-31,Card,Cancelled,2108.41
17034,589,57,2025-10-17,Cash,Delivered,2393.36
17035,956,41,2025-03-06,Cash,Delivered,769.73
17036,791,91,2025-09-09,Cash,Delivered,404.01
17037,349,49,2025-02-26,UPI,Cancelled,1018.03
17038,211,26,2025-09-22,Cash,Cancelled,1131.55
17039,689,84,2025-03-26,Card,Delivered,1702.69
17040,650,34,2025-11-24,Cash,Delivered,306.79
17041,996,68,2025-04-07,Card,Cancelled,2259.68
17042,836,98,2025-04-17,Cash,Delivered,2667.01
17043,350,28,2025-08-05,Cash,Delivered,1108.8
17044,105,60,2025-09-20,Cash,Cancelled,376.61
17045,131,11,2025-11-12,UPI,Delivered,1223.19
17046,260,20,2025-08-13,UPI,Cancelled,1186.21
17047,691,98,2025-06-02,Card,Delivered,2955.93
17048,22,55,2025-06-22,Card,Delivered,2069.47
17049,316,87,2025-12-29,Cash,Cancelled,2842.08
17050,55,89,2025-01-12,Card,Cancelled,663.2
17051,495,63,2025-01-21,UPI,Cancelled,1664.43
17052,469,31,2025-12-20,Cash,Delivered,317.08
17053,768,22,2025-04-19,UPI,Cancelled,2620.1
17054,122,18,2025-04-08,Card,Delivered,1766.01
17055,457,4,2025-07-01,Cash,Cancelled,1654.27
17056,849,82,2025-10-20,UPI,Delivered,1391.11
17057,602,86,2025-07-06,Cash,Cancelled,549.91
17058,804,76,2025-04-03,Card,Delivered,1481.73
17059,795,39,2025-08-02,UPI,Delivered,1124.35
17060,452,33,2025-07-14,Card,Cancelled,2480.56
17061,16,42,2025-04-17,Card,Cancelled,1880.44
17062,348,29,2025-02-10,Card,Delivered,830.05
17063,611,20,2025-08-30,UPI,Cancelled,287.78
17064,921,63,2025-02-22,Card,Cancelled,1626.02
17065,256,27,2025-11-24,UPI,Cancelled,722.48
17066,573,48,2025-12-02,Cash,Delivered,522.94
17067,609,15,2025-02-24,Card,Delivered,2598.23
17068,430,35,2025-10-22,Cash,Delivered,2751.33
17069,68,81,2025-09-18,Card,Delivered,996.22
17070,155,15,2025-03-15,Card,Cancelled,1752.14
17071,23,32,2025-04-25,Cash,Cancelled,2721.06
17072,881,26,2025-07-24,UPI,Cancelled,2965.97
17073,488,54,2025-05-31,Card,Delivered,1757.11
17074,534,88,2025-10-29,Card,Delivered,1102.17
17075,148,23,2025-01-01,Card,Delivered,2318.68
17076,406,32,2025-02-16,Card,Delivered,192.21
17077,27,100,2025-07-14,Cash,Delivered,1416.14
17078,917,89,2025-07-03,Card,Delivered,1792.75
17079,410,70,2025-11-28,Card,Cancelled,1930.74
17080,446,27,2025-01-14,UPI,Delivered,1697.96
17081,46,87,2025-05-16,Card,Cancelled,2441.97
17082,170,59,2025-01-29,Cash,Cancelled,2705.04
17083,971,97,2025-10-06,Cash,Cancelled,1627.33
17084,685,69,2025-08-13,Card,Delivered,1134.85
17085,606,72,2025-09-23,Cash,Cancelled,1722.63
17086,239,56,2025-10-19,UPI,Cancelled,180.17
17087,750,50,2025-08-18,UPI,Delivered,1409.81
17088,719,84,2025-01-14,Card,Delivered,1945.72
17089,882,70,2025-05-26,UPI,Cancelled,2516.13
17090,305,80,2025-10-03,UPI,Delivered,342.76
17091,712,53,2025-08-31,Card,Cancelled,1127.37
17092,703,96,2025-06-20,Cash,Delivered,1670.85
17093,635,63,2025-01-01,Card,Cancelled,1018.34
17094,145,1,2025-11-29,Card,Cancelled,2416.36
17095,607,53,2025-12-10,Card,Delivered,524.34
17096,451,68,2025-12-17,Cash,Cancelled,2119.47
17097,218,93,2025-02-18,Card,Delivered,877.81
17098,898,88,2025-06-12,Cash,Cancelled,949.41
17099,290,85,2025-12-07,UPI,Cancelled,635.45
17100,386,43,2025-10-13,UPI,Delivered,1052.23
17101,703,43,2025-12-07,UPI,Delivered,578.54
17102,893,42,2025-11-24,UPI,Delivered,2462.18
17103,309,89,2025-05-06,Cash,Delivered,2552.9
17104,432,82,2025-05-27,Card,Cancelled,493.24
17105,165,22,2025-11-11,UPI,Delivered,2022.29
17106,64,51,2025-08-01,UPI,Delivered,1437.29
17107,700,36,2025-03-10,Cash,Delivered,2065.56
17108,782,73,2025-01-05,Cash,Delivered,785.32
17109,152,34,2025-10-21,Cash,Delivered,785.05
17110,828,85,2025-08-11,Card,Delivered,2374.19
17111,740,99,2025-02-03,UPI,Cancelled,745.15
17112,183,22,2025-08-04,UPI,Delivered,2995.8
17113,148,60,2025-10-09,Cash,Cancelled,1283.85
17114,187,74,2025-03-14,Card,Cancelled,2449.36
17115,544,41,2025-05-16,UPI,Cancelled,537.09
17116,654,35,2025-08-31,Card,Delivered,1116.01
17117,510,26,2025-02-22,UPI,Delivered,1290.67
17118,740,11,2025-12-13,Card,Delivered,2376.41
17119,45,10,2025-09-11,Cash,Delivered,809.36
17120,470,92,2025-09-25,Cash,Delivered,154.74
17121,627,67,2025-06-26,Cash,Cancelled,457.85
17122,239,31,2025-08-14,Card,Cancelled,2865.6
17123,645,77,2025-04-07,Card,Cancelled,421.7
17124,624,6,2025-09-23,UPI,Cancelled,897.03
17125,486,92,2025-08-01,Card,Delivered,1264.09
17126,720,62,2025-11-05,Card,Delivered,2689.93
17127,737,29,2025-06-27,Card,Cancelled,2124.77
17128,353,33,2025-04-01,Card,Delivered,930.12
17129,628,20,2025-01-18,Cash,Delivered,1366.31
17130,336,23,2025-02-06,UPI,Delivered,2993.91
17131,398,41,2025-05-11,UPI,Delivered,2180.51
17132,882,94,2025-12-30,Cash,Delivered,652.72
17133,23,55,2025-10-08,UPI,Delivered,2329.67
17134,881,20,2025-08-22,UPI,Delivered,1675.88
17135,41,45,2025-11-02,UPI,Delivered,229.4
17136,351,13,2025-03-06,UPI,Cancelled,1967.84
17137,166,53,2025-05-10,Card,Delivered,444.85
17138,562,24,2025-04-24,Card,Cancelled,486.92
17139,998,14,2025-06-17,UPI,Delivered,825.21
17140,535,93,2025-04-23,Card,Delivered,1431.36
17141,575,72,2025-01-05,Card,Delivered,1025.37
17142,720,85,2025-09-16,Card,Delivered,1538.93
17143,57,88,2025-08-18,Cash,Cancelled,1845.77
17144,63,69,2025-12-12,Cash,Delivered,1896.38
17145,174,82,2025-02-13,Cash,Cancelled,1967.43
17146,151,13,2025-05-06,Cash,Cancelled,2750.7
17147,856,56,2025-01-14,Card,Cancelled,1842.76
17148,915,29,2025-08-01,Cash,Cancelled,2811.61
17149,141,39,2025-12-06,UPI,Cancelled,1735.84
17150,95,36,2025-01-06,UPI,Cancelled,2656.51
17151,201,12,2025-08-20,UPI,Delivered,461.58
17152,578,61,2025-06-10,Cash,Cancelled,1651.91
17153,486,17,2025-03-17,Cash,Cancelled,1124.23
17154,436,42,2025-04-17,UPI,Cancelled,2194.86
17155,922,39,2025-11-11,UPI,Delivered,2546.94
17156,930,95,2025-04-22,Card,Cancelled,2515.9
17157,217,22,2025-07-26,Cash,Delivered,2124.37
17158,477,86,2025-03-09,Card,Cancelled,2770.32
17159,21,40,2025-06-18,UPI,Cancelled,509.84
17160,106,45,2025-01-16,Cash,Cancelled,842.53
17161,273,97,2025-11-27,Cash,Cancelled,2579.8
17162,272,6,2025-07-30,UPI,Delivered,2000.24
17163,440,79,2025-10-01,Cash,Cancelled,966.1
17164,488,17,2025-08-04,UPI,Delivered,1691.72
17165,665,17,2025-02-24,Card,Delivered,224.3
17166,110,34,2025-11-18,Card,Delivered,1647.43
17167,399,28,2025-10-19,UPI,Cancelled,2540.22
17168,934,8,2025-01-24,UPI,Cancelled,2176.57
17169,641,95,2025-03-26,Cash,Cancelled,807.07
17170,353,78,2025-04-20,Card,Delivered,2135.42
17171,743,75,2025-07-21,Cash,Cancelled,1370.83
17172,416,53,2025-10-28,UPI,Delivered,163.7
17173,698,7,2025-05-05,Cash,Cancelled,2435.06
17174,130,87,2025-10-25,Cash,Delivered,1387.46
17175,743,69,2025-05-05,Cash,Cancelled,849.53
17176,544,52,2025-06-30,Card,Cancelled,1676.88
17177,676,91,2025-07-03,UPI,Cancelled,2875.97
17178,914,8,2025-06-25,UPI,Cancelled,2752.59
17179,271,3,2025-07-28,Cash,Delivered,830.7
17180,501,89,2025-08-06,Cash,Cancelled,2317.85
17181,986,70,2025-04-14,Card,Cancelled,2654.65
17182,819,95,2025-02-12,Cash,Delivered,1745.76
17183,140,95,2025-04-11,UPI,Cancelled,2109.05
17184,431,83,2025-09-10,Cash,Cancelled,1184.15
17185,479,73,2025-03-12,Cash,Delivered,241.7
17186,542,74,2025-11-01,Cash,Delivered,524.07
17187,341,84,2025-05-01,Cash,Delivered,2094.46
17188,2,10,2025-12-17,UPI,Cancelled,1693.07
17189,46,85,2025-12-12,UPI,Delivered,2985.81
17190,767,98,2025-07-13,Cash,Delivered,1748.04
17191,463,86,2025-08-01,Card,Delivered,1919.43
17192,932,51,2025-05-29,UPI,Delivered,1607.03
17193,423,39,2025-12-05,Cash,Delivered,1644.1
17194,978,71,2025-02-19,Card,Delivered,720.07
17195,40,32,2025-08-06,UPI,Delivered,1556.61
17196,939,68,2025-11-10,UPI,Delivered,2841.59
17197,651,90,2025-02-28,UPI,Cancelled,449.38
17198,136,35,2025-03-28,Cash,Cancelled,351.93
17199,808,71,2025-01-06,Cash,Delivered,2460.66
17200,434,29,2025-03-11,Card,Cancelled,1134.95
17201,182,99,2025-06-27,Cash,Cancelled,2118.12
17202,176,1,2025-09-30,Card,Delivered,1547.19
17203,236,82,2025-06-23,UPI,Cancelled,1658.03
17204,609,11,2025-10-07,Card,Delivered,2337.81
17205,672,24,2025-01-10,Card,Cancelled,2736.5
17206,672,67,2025-06-27,UPI,Cancelled,1714.99
17207,341,21,2025-10-18,UPI,Delivered,814.09
17208,811,13,2025-06-29,Cash,Delivered,1274.94
17209,534,63,2025-12-04,Cash,Cancelled,2416.27
17210,692,81,2025-02-02,Cash,Delivered,2913.42
17211,770,45,2025-07-20,Cash,Cancelled,2184.78
17212,582,20,2025-11-05,UPI,Delivered,2797.57
17213,172,73,2025-02-07,Card,Cancelled,487.86
17214,160,46,2025-10-31,Cash,Cancelled,1366.36
17215,560,83,2025-04-19,Card,Delivered,169.1
17216,306,97,2025-09-27,Card,Delivered,746.36
17217,473,39,2025-01-09,Cash,Delivered,537.53
17218,67,47,2025-03-14,Cash,Delivered,386.13
17219,792,8,2025-07-18,Card,Cancelled,1033.33
17220,888,79,2025-06-11,Cash,Cancelled,2268.73
17221,671,46,2025-09-19,Card,Cancelled,1755.04
17222,422,52,2025-06-02,Cash,Cancelled,1271.13
17223,994,63,2025-12-15,Cash,Delivered,655.21
17224,122,24,2025-03-17,UPI,Delivered,630.95
17225,63,44,2025-09-07,UPI,Cancelled,2159.23
17226,114,82,2025-11-15,Card,Delivered,1500.82
17227,37,87,2025-11-29,Cash,Cancelled,2601.78
17228,203,99,2025-04-14,Card,Delivered,412.44
17229,351,87,2025-04-30,Cash,Delivered,2198.16
17230,394,42,2025-12-17,UPI,Delivered,1535.48
17231,151,97,2025-07-11,UPI,Cancelled,1234.43
17232,491,87,2025-06-30,Cash,Delivered,2333.23
17233,121,86,2025-03-12,Cash,Delivered,2115.62
17234,706,23,2025-07-27,Card,Cancelled,1127.81
17235,18,9,2025-01-15,Cash,Cancelled,2294.44
17236,297,79,2025-10-12,Cash,Cancelled,1825.65
17237,959,99,2025-12-28,Card,Delivered,412.31
17238,886,66,2025-09-01,Cash,Delivered,2611.62
17239,316,61,2025-08-30,UPI,Cancelled,1224.54
17240,499,40,2025-07-22,UPI,Cancelled,273.4
17241,895,67,2025-07-25,UPI,Delivered,2302.05
17242,616,39,2025-09-18,UPI,Cancelled,2294.4
17243,606,58,2025-10-18,Cash,Cancelled,619.99
17244,903,7,2025-12-21,Cash,Delivered,2791.43
17245,2,87,2025-11-23,UPI,Cancelled,730.92
17246,530,92,2025-11-23,UPI,Delivered,2854.69
17247,948,57,2025-08-20,UPI,Delivered,1260.05
17248,480,61,2025-07-13,UPI,Delivered,229.79
17249,602,20,2025-02-17,Cash,Delivered,2043.42
17250,965,66,2025-04-21,UPI,Delivered,1767.94
17251,999,7,2025-08-26,UPI,Cancelled,1882.75
17252,760,60,2025-10-31,Cash,Cancelled,2990.8
17253,641,21,2025-06-06,Card,Cancelled,730.91
17254,164,65,2025-12-01,Cash,Delivered,919.93
17255,645,51,2025-07-18,Card,Cancelled,1886.33
17256,117,53,2025-05-03,Cash,Cancelled,2202.06
17257,612,45,2025-07-16,Card,Delivered,598.58
17258,573,57,2025-02-28,Cash,Delivered,1196.89
17259,505,52,2025-04-04,Card,Cancelled,1084.03
17260,878,66,2025-06-16,Card,Cancelled,1894.98
17261,645,38,2025-10-29,Card,Delivered,1253.49
17262,990,9,2025-07-29,Cash,Delivered,1345.68
17263,995,6,2025-04-03,Card,Delivered,1151.26
17264,226,56,2025-05-26,UPI,Cancelled,1381.18
17265,99,29,2025-04-02,Cash,Cancelled,1713.17
17266,854,23,2025-12-15,Card,Cancelled,854.22
17267,802,21,2025-09-21,Cash,Cancelled,2238.46
17268,571,100,2025-06-25,Cash,Delivered,2740.68
17269,564,81,2025-03-04,Card,Cancelled,280.77
17270,530,39,2025-08-26,UPI,Delivered,1310.25
17271,610,44,2025-03-15,UPI,Delivered,1506.53
17272,138,28,2025-02-06,Card,Cancelled,2867.19
17273,17,72,2025-02-16,Card,Cancelled,1123.22
17274,871,55,2025-03-02,UPI,Cancelled,2925.25
17275,689,80,2025-04-23,Cash,Delivered,603.96
17276,526,72,2025-06-15,UPI,Cancelled,1344.93
17277,941,93,2025-11-08,Card,Cancelled,1442.79
17278,853,98,2025-05-23,Cash,Cancelled,1420.56
17279,781,53,2025-08-11,Card,Delivered,2579.73
17280,84,79,2025-12-10,Card,Cancelled,2617.4
17281,448,16,2025-06-16,UPI,Cancelled,403.76
17282,316,50,2025-06-18,Cash,Delivered,1717.98
17283,664,77,2025-06-17,UPI,Delivered,2457.13
17284,620,27,2025-02-02,UPI,Delivered,2784.36
17285,638,64,2025-05-14,Cash,Cancelled,981.64
17286,718,32,2025-10-12,Cash,Cancelled,1631.97
17287,79,55,2025-04-10,Card,Cancelled,1130.63
17288,124,46,2025-03-15,Cash,Delivered,331.66
17289,738,72,2025-04-09,Cash,Cancelled,1594.52
17290,244,73,2025-10-23,Card,Delivered,2988.57
17291,654,43,2025-01-06,Card,Cancelled,1612.55
17292,35,62,2025-03-23,Card,Delivered,835.62
17293,169,70,2025-11-01,UPI,Cancelled,1254.06
17294,410,36,2025-04-17,UPI,Cancelled,2197.9
17295,698,28,2025-08-18,Card,Delivered,466.0
17296,35,61,2025-07-23,UPI,Delivered,2510.34
17297,696,2,2025-12-19,UPI,Cancelled,2662.87
17298,542,43,2025-04-19,Cash,Delivered,2882.41
17299,950,21,2025-08-19,Card,Cancelled,1626.8
17300,24,92,2025-06-17,Cash,Cancelled,2598.29
17301,534,85,2025-07-15,Card,Cancelled,802.05
17302,684,70,2025-02-24,Card,Delivered,495.36
17303,802,73,2025-12-22,UPI,Cancelled,2337.73
17304,497,28,2025-01-16,Cash,Delivered,1568.98
17305,273,73,2025-08-22,Cash,Delivered,2841.55
17306,119,99,2025-09-22,UPI,Delivered,2640.78
17307,373,71,2025-08-02,UPI,Cancelled,2065.26
17308,594,2,2025-10-31,Card,Delivered,1881.71
17309,709,75,2025-04-15,Card,Delivered,923.02
17310,358,88,2025-07-20,Cash,Cancelled,2234.62
17311,482,13,2025-04-27,Card,Delivered,2416.28
17312,879,54,2025-08-18,Card,Delivered,1041.18
17313,843,2,2025-06-02,Card,Delivered,1488.27
17314,767,75,2025-08-07,Card,Delivered,2181.59
17315,19,48,2025-06-25,Card,Delivered,2523.97
17316,259,84,2025-04-23,UPI,Cancelled,1474.75
17317,751,99,2025-11-19,Card,Delivered,945.67
17318,105,89,2025-02-20,Card,Delivered,2782.94
17319,247,41,2025-10-20,Card,Delivered,1404.34
17320,905,88,2025-10-30,Card,Delivered,1030.62
17321,262,71,2025-07-18,Cash,Cancelled,209.94
17322,160,51,2025-09-05,Cash,Delivered,2637.85
17323,49,40,2025-06-18,UPI,Cancelled,2693.63
17324,931,15,2025-08-05,UPI,Delivered,1860.56
17325,360,16,2025-04-10,Cash,Cancelled,2880.45
17326,740,14,2025-02-04,Cash,Delivered,2940.51
17327,496,22,2025-10-06,Cash,Cancelled,197.52
17328,623,22,2025-03-25,Cash,Cancelled,2067.29
17329,328,69,2025-11-02,Cash,Delivered,2657.2
17330,549,38,2025-09-27,Cash,Delivered,322.96
17331,934,26,2025-09-14,Card,Cancelled,2478.2
17332,21,8,2025-11-14,Cash,Delivered,1855.3
17333,333,88,2025-01-03,Card,Delivered,1261.85
17334,412,98,2025-03-18,UPI,Delivered,1795.58
17335,370,4,2025-07-17,UPI,Delivered,227.91
17336,554,85,2025-05-16,Card,Cancelled,598.54
17337,150,49,2025-12-06,Card,Delivered,1519.93
17338,636,58,2025-10-16,Card,Delivered,2563.51
17339,498,62,2025-01-11,Card,Delivered,896.48
17340,637,16,2025-10-29,UPI,Cancelled,1300.6
17341,456,99,2025-02-27,UPI,Delivered,1738.2
17342,218,83,2025-10-08,Card,Delivered,993.16
17343,95,100,2025-01-04,Cash,Delivered,186.16
17344,84,74,2025-03-18,Cash,Cancelled,613.88
17345,614,14,2025-02-26,Card,Cancelled,841.46
17346,906,80,2025-07-09,UPI,Cancelled,268.39
17347,313,71,2025-12-07,UPI,Delivered,1934.8
17348,811,88,2025-10-19,UPI,Delivered,1140.24
17349,12,64,2025-04-01,Card,Cancelled,756.84
17350,864,5,2025-06-10,Cash,Delivered,2996.4
17351,507,54,2025-02-28,Card,Cancelled,1938.57
17352,296,2,2025-12-16,UPI,Cancelled,1723.57
17353,749,23,2025-02-15,Card,Delivered,781.79
17354,942,29,2025-09-03,UPI,Cancelled,1385.88
17355,739,38,2025-06-07,UPI,Delivered,1962.66
17356,348,100,2025-12-23,UPI,Cancelled,2284.1
17357,248,86,2025-07-17,Card,Delivered,2315.62
17358,158,97,2025-08-20,Cash,Delivered,2575.73
17359,27,72,2025-04-14,Cash,Cancelled,2779.99
17360,561,71,2025-04-13,Cash,Delivered,213.0
17361,478,28,2025-05-18,UPI,Delivered,1068.53
17362,338,61,2025-04-23,UPI,Delivered,625.44
17363,557,93,2025-08-08,UPI,Cancelled,1384.78
17364,271,97,2025-09-19,Cash,Delivered,296.37
17365,233,38,2025-01-07,UPI,Cancelled,216.31
17366,242,67,2025-11-09,UPI,Cancelled,764.96
17367,118,52,2025-12-08,Card,Delivered,1683.96
17368,526,41,2025-06-17,Card,Cancelled,1484.98
17369,808,27,2025-03-14,Card,Delivered,370.9
17370,476,86,2025-06-12,Cash,Cancelled,1076.5
17371,956,68,2025-05-16,Cash,Delivered,2990.32
17372,827,33,2025-04-22,Cash,Cancelled,1104.65
17373,639,23,2025-12-19,Cash,Cancelled,177.0
17374,913,43,2025-08-11,Cash,Cancelled,2022.38
17375,429,60,2025-01-28,UPI,Delivered,244.51
17376,819,59,2025-06-18,Card,Cancelled,933.57
17377,446,94,2025-03-03,Cash,Cancelled,1447.84
17378,440,96,2025-06-26,Card,Delivered,546.43
17379,542,78,2025-05-01,Cash,Cancelled,2968.78
17380,12,1,2025-03-10,Cash,Delivered,2633.83
17381,66,53,2025-01-14,Cash,Delivered,915.16
17382,764,41,2025-10-10,Cash,Cancelled,723.95
17383,407,64,2025-03-15,Cash,Delivered,1069.94
17384,411,64,2025-04-17,Card,Cancelled,658.19
17385,572,67,2025-06-05,UPI,Delivered,2363.17
17386,343,35,2025-04-17,UPI,Delivered,2730.29
17387,546,67,2025-11-10,Cash,Cancelled,1392.34
17388,206,81,2025-12-04,Cash,Cancelled,2242.29
17389,282,85,2025-12-09,Card,Cancelled,772.77
17390,631,46,2025-03-11,Cash,Cancelled,1627.81
17391,412,24,2025-10-28,Card,Delivered,1932.28
17392,950,7,2025-10-11,Cash,Delivered,878.06
17393,908,59,2025-03-11,UPI,Cancelled,678.01
17394,671,43,2025-05-18,UPI,Delivered,1867.26
17395,903,83,2025-07-21,Cash,Cancelled,1092.38
17396,625,47,2025-11-10,Card,Delivered,269.13
17397,446,19,2025-10-25,Cash,Cancelled,2120.81
17398,482,80,2025-07-07,UPI,Cancelled,158.9
17399,937,92,2025-11-11,Card,Cancelled,2918.03
17400,165,37,2025-09-13,Card,Cancelled,964.34
17401,983,53,2025-07-30,UPI,Cancelled,466.32
17402,633,85,2025-05-09,Cash,Cancelled,2642.57
17403,688,34,2025-08-26,Card,Delivered,2494.63
17404,343,91,2025-03-08,Card,Delivered,1958.64
17405,650,44,2025-09-12,UPI,Delivered,650.85
17406,477,80,2025-11-05,Cash,Cancelled,2459.56
17407,671,72,2025-05-25,UPI,Cancelled,2656.93
17408,53,33,2025-12-14,Cash,Cancelled,1652.08
17409,825,56,2025-10-06,UPI,Delivered,975.9
17410,658,14,2025-12-15,UPI,Delivered,1220.42
17411,673,14,2025-06-27,UPI,Cancelled,234.39
17412,896,98,2025-10-12,Cash,Cancelled,2717.06
17413,114,42,2025-07-14,Cash,Delivered,1802.25
17414,534,90,2025-07-05,Cash,Delivered,1134.49
17415,921,87,2025-11-12,Cash,Cancelled,2292.24
17416,229,44,2025-08-19,Cash,Cancelled,2586.78
17417,924,26,2025-05-01,Card,Cancelled,2270.03
17418,15,45,2025-03-30,UPI,Cancelled,1799.58
17419,416,37,2025-04-02,UPI,Cancelled,1913.36
17420,272,28,2025-07-26,Cash,Delivered,2821.06
17421,481,67,2025-07-16,UPI,Delivered,938.85
17422,634,70,2025-03-02,UPI,Cancelled,2647.37
17423,246,72,2025-03-01,Cash,Cancelled,1020.41
17424,265,10,2025-06-08,UPI,Cancelled,1661.26
17425,219,51,2025-02-03,UPI,Cancelled,1941.79
17426,902,91,2025-03-11,Cash,Delivered,2517.66
17427,716,87,2025-01-30,Card,Cancelled,260.35
17428,916,60,2025-10-04,UPI,Delivered,1406.08
17429,412,73,2025-11-03,UPI,Delivered,492.02
17430,909,33,2025-09-23,Card,Cancelled,2331.83
17431,4,94,2025-02-05,UPI,Cancelled,1274.7
17432,816,71,2025-12-05,Cash,Cancelled,672.35
17433,924,52,2025-03-26,UPI,Delivered,839.98
17434,67,28,2025-08-09,Card,Cancelled,2828.53
17435,625,77,2025-05-06,UPI,Delivered,2138.96
17436,619,58,2025-11-24,Card,Cancelled,2480.56
17437,937,71,2025-08-12,Cash,Cancelled,1065.81
17438,72,19,2025-07-05,Card,Cancelled,2443.1
17439,436,47,2025-07-23,Card,Delivered,759.07
17440,459,8,2025-11-16,UPI,Cancelled,373.37
17441,595,60,2025-09-21,Cash,Cancelled,1889.04
17442,753,60,2025-02-07,Cash,Cancelled,2778.19
17443,250,80,2025-12-02,Cash,Cancelled,307.95
17444,453,22,2025-08-17,Card,Delivered,876.28
17445,271,96,2025-09-01,Cash,Cancelled,2551.14
17446,639,83,2025-07-31,UPI,Cancelled,1711.34
17447,263,73,2025-02-15,UPI,Cancelled,2838.27
17448,250,11,2025-12-16,Cash,Cancelled,2471.16
17449,469,58,2025-06-10,UPI,Delivered,1615.74
17450,55,5,2025-10-23,Card,Cancelled,511.11
17451,742,31,2025-02-04,Cash,Delivered,2754.19
17452,453,42,2025-03-09,UPI,Delivered,1266.92
17453,481,33,2025-07-16,UPI,Cancelled,2193.51
17454,427,12,2025-07-26,Cash,Cancelled,1728.75
17455,591,100,2025-10-27,Cash,Cancelled,2417.39
17456,366,77,2025-08-31,Card,Delivered,766.75
17457,873,29,2025-05-22,Cash,Cancelled,1087.07
17458,765,11,2025-11-14,UPI,Delivered,1776.3
17459,497,68,2025-11-18,Cash,Delivered,698.33
17460,975,33,2025-04-17,Cash,Delivered,765.19
17461,281,50,2025-10-10,Card,Delivered,879.91
17462,882,74,2025-08-01,Card,Delivered,498.77
17463,49,6,2025-12-28,UPI,Cancelled,678.54
17464,798,42,2025-11-06,UPI,Cancelled,661.92
17465,71,91,2025-09-13,Card,Delivered,1426.44
17466,669,27,2025-06-24,Cash,Delivered,2468.93
17467,922,79,2025-08-02,Cash,Delivered,2178.2
17468,966,82,2025-06-26,Cash,Cancelled,2731.29
17469,234,16,2025-10-21,Card,Cancelled,2271.82
17470,300,48,2025-07-24,UPI,Cancelled,2949.71
17471,926,87,2025-07-25,UPI,Delivered,206.29
17472,384,26,2025-09-08,Card,Cancelled,2005.33
17473,337,45,2025-01-02,Cash,Delivered,604.97
17474,515,79,2025-11-27,Card,Delivered,2516.64
17475,317,30,2025-12-24,UPI,Cancelled,2310.31
17476,179,46,2025-09-05,Card,Cancelled,2783.95
17477,715,24,2025-05-17,UPI,Delivered,192.75
17478,226,42,2025-01-30,Card,Delivered,2708.34
17479,266,68,2025-07-22,Cash,Delivered,1097.88
17480,869,94,2025-05-25,Card,Cancelled,761.71
17481,540,69,2025-09-24,Card,Delivered,1883.93
17482,64,76,2025-09-14,Card,Cancelled,337.56
17483,619,72,2025-12-24,UPI,Cancelled,2319.31
17484,569,9,2025-01-27,UPI,Delivered,2391.27
17485,287,64,2025-03-27,Card,Cancelled,2210.67
17486,781,23,2025-11-17,Card,Cancelled,946.9
17487,206,8,2025-11-12,UPI,Cancelled,2566.02
17488,629,1,2025-03-23,UPI,Cancelled,2881.24
17489,865,23,2025-10-17,Card,Cancelled,2017.59
17490,665,62,2025-01-31,Cash,Delivered,729.68
17491,284,63,2025-05-09,Card,Delivered,2919.26
17492,750,17,2025-05-02,Cash,Delivered,1808.87
17493,437,53,2025-11-29,Card,Cancelled,170.17
17494,872,77,2025-08-29,Card,Delivered,1396.4
17495,763,58,2025-10-27,UPI,Delivered,428.48
17496,823,17,2025-01-01,Cash,Cancelled,2737.53
17497,781,16,2025-09-29,Cash,Cancelled,586.0
17498,237,63,2025-10-28,UPI,Delivered,1112.65
17499,913,25,2025-06-09,UPI,Delivered,1028.51
17500,130,23,2025-03-11,Cash,Cancelled,1609.72
17501,773,43,2025-02-24,Card,Cancelled,987.92
17502,508,19,2025-08-12,Cash,Cancelled,411.12
17503,447,51,2025-09-12,Cash,Cancelled,1238.26
17504,348,87,2025-06-04,Cash,Delivered,2371.25
17505,987,86,2025-07-01,UPI,Delivered,1979.47
17506,641,4,2025-08-22,Cash,Delivered,261.06
17507,371,58,2025-02-24,Cash,Cancelled,995.91
17508,576,72,2025-10-22,UPI,Cancelled,1128.38
17509,727,100,2025-03-17,UPI,Delivered,2700.99
17510,528,95,2025-08-24,Cash,Delivered,1818.49
17511,908,71,2025-10-08,Card,Cancelled,1817.01
17512,814,10,2025-08-29,Card,Cancelled,1653.34
17513,593,63,2025-02-14,UPI,Cancelled,869.62
17514,447,43,2025-02-12,UPI,Cancelled,788.04
17515,602,8,2025-09-06,Card,Delivered,2568.92
17516,451,49,2025-09-03,UPI,Delivered,476.07
17517,42,84,2025-05-25,Card,Delivered,1509.96
17518,271,92,2025-10-04,Card,Cancelled,2681.86
17519,235,20,2025-01-24,UPI,Cancelled,193.86
17520,399,77,2025-10-06,Card,Delivered,483.39
17521,403,44,2025-03-03,Card,Delivered,2593.3
17522,237,40,2025-12-07,Card,Cancelled,340.97
17523,121,99,2025-04-10,UPI,Cancelled,490.95
17524,404,60,2025-04-20,Card,Delivered,1685.75
17525,635,80,2025-08-31,UPI,Cancelled,2752.59
17526,411,92,2025-06-11,Cash,Delivered,461.14
17527,191,56,2025-10-16,Cash,Delivered,2557.13
17528,598,9,2025-03-13,Cash,Delivered,2604.99
17529,291,91,2025-08-29,Card,Cancelled,2468.33
17530,397,92,2025-08-24,UPI,Cancelled,2635.04
17531,70,79,2025-03-09,Cash,Cancelled,893.93
17532,857,23,2025-06-16,Card,Delivered,694.87
17533,473,93,2025-02-07,UPI,Delivered,387.79
17534,30,54,2025-01-17,UPI,Cancelled,2969.89
17535,748,52,2025-01-15,Cash,Delivered,1174.37
17536,441,94,2025-05-10,Card,Delivered,1687.67
17537,999,32,2025-11-09,Card,Cancelled,2112.27
17538,850,27,2025-08-18,UPI,Cancelled,274.06
17539,478,84,2025-03-08,UPI,Delivered,1006.08
17540,733,94,2025-06-16,Card,Delivered,1876.98
17541,681,16,2025-04-08,Card,Delivered,517.61
17542,598,41,2025-12-25,UPI,Cancelled,2459.68
17543,1000,97,2025-04-21,Cash,Cancelled,1650.21
17544,175,68,2025-07-06,Card,Delivered,393.47
17545,566,88,2025-10-19,Card,Delivered,801.39
17546,980,18,2025-09-13,Cash,Cancelled,1139.01
17547,160,73,2025-09-17,Card,Cancelled,2150.4
17548,431,95,2025-05-25,Cash,Cancelled,1265.08
17549,305,60,2025-05-27,UPI,Delivered,1185.04
17550,154,9,2025-09-19,Cash,Cancelled,850.84
17551,543,37,2025-10-05,Cash,Cancelled,2540.2
17552,753,34,2025-01-04,UPI,Delivered,1558.24
17553,933,84,2025-09-27,Cash,Cancelled,2603.98
17554,816,7,2025-03-28,Card,Delivered,958.93
17555,814,83,2025-12-12,UPI,Cancelled,1475.64
17556,994,22,2025-10-14,UPI,Cancelled,1753.17
17557,463,4,2025-12-17,UPI,Delivered,2122.74
17558,313,80,2025-12-10,Cash,Cancelled,2114.65
17559,478,48,2025-12-14,Cash,Cancelled,598.37
17560,758,82,2025-09-04,UPI,Delivered,2693.12
17561,921,68,2025-09-01,Card,Cancelled,388.09
17562,485,3,2025-01-29,UPI,Cancelled,1282.04
17563,734,96,2025-05-06,Card,Delivered,561.64
17564,682,33,2025-11-27,Card,Cancelled,837.5
17565,417,77,2025-02-01,Card,Cancelled,962.53
17566,213,69,2025-03-10,UPI,Delivered,1179.17
17567,757,100,2025-05-21,Cash,Delivered,218.56
17568,989,30,2025-11-20,Cash,Delivered,1820.81
17569,602,63,2025-04-22,Card,Delivered,344.03
17570,368,74,2025-10-29,Cash,Cancelled,1111.39
17571,608,82,2025-02-25,Card,Cancelled,2131.84
17572,995,13,2025-11-04,Card,Delivered,1964.84
17573,814,100,2025-07-28,Cash,Cancelled,1212.16
17574,883,31,2025-06-07,Cash,Cancelled,1447.51
17575,988,48,2025-02-07,UPI,Cancelled,2502.13
17576,620,26,2025-11-27,Card,Cancelled,211.24
17577,728,38,2025-04-11,Cash,Cancelled,662.18
17578,971,69,2025-10-10,Card,Cancelled,490.8
17579,292,60,2025-08-06,Cash,Cancelled,2823.46
17580,810,38,2025-04-26,UPI,Cancelled,2759.93
17581,930,61,2025-08-16,Cash,Cancelled,2202.99
17582,826,93,2025-09-13,UPI,Delivered,1358.66
17583,916,79,2025-08-15,Card,Delivered,243.5
17584,761,92,2025-06-11,Cash,Delivered,422.71
17585,855,96,2025-02-07,Card,Cancelled,1153.52
17586,594,71,2025-08-04,Cash,Cancelled,1479.69
17587,492,26,2025-03-11,UPI,Delivered,2060.3
17588,94,7,2025-08-11,Card,Cancelled,1361.31
17589,835,68,2025-12-09,Cash,Delivered,2340.32
17590,864,86,2025-04-24,UPI,Delivered,677.62
17591,293,86,2025-04-23,Cash,Delivered,1723.13
17592,382,33,2025-10-04,Cash,Delivered,1581.54
17593,480,97,2025-11-09,Cash,Cancelled,1612.11
17594,240,19,2025-05-24,Card,Cancelled,1849.07
17595,831,62,2025-02-18,UPI,Delivered,702.65
17596,227,80,2025-01-03,UPI,Cancelled,1174.31
17597,695,71,2025-06-06,Card,Delivered,1232.37
17598,194,14,2025-03-16,Card,Cancelled,2890.08
17599,909,70,2025-07-13,Card,Cancelled,2077.89
17600,491,38,2025-08-12,UPI,Cancelled,2068.82
17601,176,91,2025-03-03,Cash,Delivered,2783.38
17602,934,91,2025-08-26,Card,Delivered,1116.6
17603,291,61,2025-11-04,Card,Delivered,1240.8
17604,651,61,2025-01-30,Cash,Cancelled,1769.47
17605,550,49,2025-05-15,Card,Cancelled,2014.24
17606,262,53,2025-02-28,Cash,Cancelled,1309.7
17607,283,21,2025-11-08,Card,Delivered,2456.84
17608,649,53,2025-11-24,Cash,Delivered,2559.66
17609,456,36,2025-09-12,Cash,Delivered,339.66
17610,111,52,2025-04-03,UPI,Delivered,2939.11
17611,360,72,2025-07-08,Cash,Cancelled,186.67
17612,955,91,2025-07-07,Cash,Cancelled,1207.19
17613,882,34,2025-06-16,Cash,Cancelled,1766.01
17614,897,83,2025-12-27,Card,Cancelled,1015.72
17615,98,26,2025-12-28,Card,Cancelled,1961.14
17616,920,27,2025-01-09,Cash,Cancelled,1329.08
17617,715,54,2025-09-07,Cash,Delivered,1542.92
17618,231,95,2025-01-16,Card,Delivered,2947.65
17619,711,46,2025-08-16,Card,Cancelled,197.03
17620,854,83,2025-06-04,Card,Cancelled,1500.45
17621,232,67,2025-07-18,Card,Delivered,2836.89
17622,511,7,2025-12-19,Cash,Cancelled,2758.94
17623,840,25,2025-02-09,Cash,Delivered,2607.68
17624,232,81,2025-11-07,Card,Cancelled,1674.51
17625,730,100,2025-11-01,Card,Delivered,2749.91
17626,198,77,2025-02-12,UPI,Cancelled,1875.82
17627,272,35,2025-02-18,Card,Delivered,1918.09
17628,181,76,2025-11-24,Cash,Cancelled,985.82
17629,908,100,2025-12-09,Cash,Delivered,732.5
17630,898,87,2025-11-09,Card,Delivered,675.83
17631,465,9,2025-04-03,Card,Cancelled,2948.51
17632,977,10,2025-06-23,Cash,Delivered,637.18
17633,811,89,2025-08-23,Cash,Delivered,487.19
17634,194,50,2025-08-04,Card,Cancelled,2523.12
17635,792,41,2025-06-09,Cash,Cancelled,2934.7
17636,512,5,2025-05-21,UPI,Delivered,582.18
17637,351,74,2025-09-11,UPI,Cancelled,1807.21
17638,649,50,2025-06-19,Cash,Cancelled,1336.52
17639,802,66,2025-09-16,UPI,Delivered,1386.42
17640,154,3,2025-04-01,Cash,Delivered,908.62
17641,831,31,2025-08-10,Cash,Cancelled,556.57
17642,759,33,2025-12-27,UPI,Delivered,1483.84
17643,191,29,2025-12-04,Cash,Cancelled,2190.8
17644,921,87,2025-03-17,Card,Cancelled,2530.43
17645,459,45,2025-04-22,UPI,Delivered,2045.46
17646,821,29,2025-05-27,Cash,Cancelled,2245.05
17647,468,96,2025-09-19,Card,Delivered,1593.69
17648,974,30,2025-05-18,UPI,Cancelled,2340.56
17649,411,44,2025-06-26,Cash,Cancelled,2881.98
17650,172,33,2025-05-08,Cash,Cancelled,1519.84
17651,317,75,2025-09-17,Card,Delivered,2175.9
17652,870,83,2025-06-11,Card,Cancelled,166.61
17653,979,1,2025-10-25,UPI,Delivered,1516.67
17654,437,8,2025-05-30,UPI,Delivered,837.25
17655,246,67,2025-08-20,Card,Cancelled,901.64
17656,16,40,2025-03-05,UPI,Cancelled,1176.78
17657,274,22,2025-08-08,Card,Cancelled,1331.33
17658,292,90,2025-10-01,Cash,Delivered,2106.69
17659,250,88,2025-04-14,Card,Delivered,2704.18
17660,869,20,2025-04-12,UPI,Delivered,331.01
17661,627,15,2025-05-13,Card,Delivered,2305.42
17662,316,25,2025-03-08,Cash,Cancelled,767.48
17663,811,84,2025-01-03,Cash,Delivered,884.19
17664,262,57,2025-06-04,UPI,Delivered,1352.29
17665,215,80,2025-01-01,Card,Delivered,886.94
17666,993,9,2025-02-04,Card,Cancelled,353.77
17667,869,38,2025-08-15,UPI,Cancelled,1168.64
17668,556,93,2025-03-22,Cash,Delivered,1520.45
17669,132,61,2025-01-06,Card,Cancelled,1470.64
17670,284,22,2025-03-18,Card,Delivered,2276.51
17671,831,51,2025-09-27,Cash,Delivered,676.29
17672,181,24,2025-02-07,Card,Delivered,2463.85
17673,88,55,2025-11-24,UPI,Delivered,2955.78
17674,314,48,2025-08-03,Card,Delivered,1502.62
17675,437,67,2025-08-20,UPI,Cancelled,612.9
17676,81,96,2025-05-20,Cash,Cancelled,1913.6
17677,310,16,2025-02-05,UPI,Cancelled,319.17
17678,275,23,2025-03-09,UPI,Cancelled,2840.59
17679,305,59,2025-11-02,UPI,Cancelled,494.88
17680,957,33,2025-08-18,Card,Cancelled,2794.05
17681,972,74,2025-05-27,Card,Delivered,640.08
17682,106,99,2025-04-22,Card,Delivered,1455.05
17683,423,59,2025-05-25,UPI,Cancelled,1751.93
17684,826,77,2025-08-25,UPI,Cancelled,2674.12
17685,152,67,2025-03-07,Card,Cancelled,860.09
17686,453,92,2025-02-06,Cash,Delivered,840.68
17687,255,81,2025-04-09,Card,Delivered,1597.06
17688,510,57,2025-01-25,Cash,Cancelled,1368.69
17689,803,88,2025-07-20,UPI,Cancelled,1347.49
17690,740,80,2025-10-11,Card,Cancelled,989.96
17691,670,90,2025-06-03,UPI,Delivered,1683.37
17692,640,60,2025-11-24,Card,Delivered,1411.28
17693,702,48,2025-09-19,Cash,Delivered,206.54
17694,685,57,2025-08-20,UPI,Delivered,1034.4
17695,269,87,2025-06-22,Cash,Delivered,1804.67
17696,602,82,2025-06-21,Card,Cancelled,2373.45
17697,330,45,2025-12-08,Card,Delivered,1155.91
17698,794,47,2025-07-17,UPI,Delivered,435.78
17699,694,48,2025-02-13,Card,Cancelled,1445.51
17700,260,58,2025-02-17,Cash,Cancelled,790.02
17701,888,62,2025-10-14,Cash,Delivered,1003.57
17702,471,3,2025-08-24,UPI,Delivered,373.28
17703,941,65,2025-10-25,UPI,Cancelled,2077.59
17704,65,69,2025-05-30,UPI,Cancelled,243.04
17705,499,72,2025-11-14,Card,Cancelled,2159.17
17706,334,14,2025-07-27,Cash,Delivered,1379.91
17707,710,20,2025-08-08,Card,Cancelled,1226.92
17708,418,73,2025-03-11,UPI,Delivered,2343.01
17709,564,26,2025-01-31,Card,Cancelled,1179.42
17710,917,78,2025-09-21,Card,Cancelled,2731.44
17711,638,68,2025-12-11,UPI,Cancelled,1146.59
17712,748,71,2025-04-04,Card,Delivered,2393.91
17713,480,25,2025-06-01,Cash,Delivered,1675.18
17714,73,92,2025-10-22,UPI,Cancelled,185.7
17715,172,39,2025-01-09,UPI,Delivered,1997.88
17716,112,12,2025-05-28,Cash,Cancelled,1011.17
17717,856,83,2025-08-22,Card,Cancelled,722.81
17718,600,36,2025-02-21,UPI,Cancelled,813.0
17719,211,33,2025-08-07,Card,Delivered,1210.81
17720,231,44,2025-05-01,Cash,Delivered,1372.35
17721,582,65,2025-05-04,Card,Cancelled,2024.03
17722,266,74,2025-12-21,UPI,Delivered,1210.07
17723,776,60,2025-02-03,UPI,Delivered,725.72
17724,390,42,2025-10-20,Cash,Delivered,2359.85
17725,865,17,2025-04-22,Card,Delivered,2166.55
17726,818,77,2025-12-26,UPI,Cancelled,2085.47
17727,272,100,2025-07-11,UPI,Cancelled,2067.58
17728,724,70,2025-01-01,Cash,Delivered,1888.95
17729,197,57,2025-03-17,UPI,Cancelled,572.57
17730,126,58,2025-09-23,Card,Delivered,372.05
17731,887,16,2025-01-13,UPI,Cancelled,614.97
17732,441,10,2025-04-14,Card,Delivered,1918.18
17733,972,20,2025-10-22,UPI,Delivered,685.13
17734,571,24,2025-04-30,UPI,Delivered,1591.0
17735,594,78,2025-07-22,UPI,Delivered,2339.39
17736,419,59,2025-10-04,UPI,Cancelled,1425.96
17737,528,47,2025-07-14,Card,Cancelled,823.18
17738,235,67,2025-01-12,UPI,Delivered,2779.01
17739,814,88,2025-01-21,Cash,Delivered,351.3
17740,801,27,2025-10-31,UPI,Cancelled,1545.87
17741,892,84,2025-01-28,UPI,Delivered,2465.43
17742,931,45,2025-04-19,Cash,Delivered,2825.08
17743,962,8,2025-05-20,UPI,Delivered,222.91
17744,953,13,2025-10-09,Card,Cancelled,2719.99
17745,20,96,2025-03-29,Card,Cancelled,309.52
17746,678,9,2025-09-29,Cash,Delivered,2567.29
17747,808,39,2025-09-12,UPI,Cancelled,974.65
17748,781,63,2025-10-18,Card,Cancelled,1915.99
17749,650,47,2025-02-04,UPI,Cancelled,1020.6
17750,202,32,2025-08-21,Card,Delivered,1167.14
17751,698,35,2025-09-15,Cash,Delivered,610.44
17752,187,66,2025-03-19,UPI,Cancelled,1730.46
17753,522,10,2025-01-29,Cash,Delivered,2238.92
17754,465,1,2025-07-31,Card,Cancelled,2678.23
17755,976,24,2025-12-17,Card,Cancelled,2360.84
17756,429,47,2025-11-06,Cash,Delivered,2571.86
17757,668,89,2025-12-02,UPI,Cancelled,2574.46
17758,204,34,2025-04-16,UPI,Cancelled,2396.06
17759,325,57,2025-02-12,UPI,Cancelled,2129.75
17760,668,77,2025-10-09,Cash,Cancelled,575.68
17761,197,8,2025-06-04,Cash,Cancelled,2245.59
17762,504,43,2025-01-17,Card,Cancelled,907.86
17763,352,57,2025-02-13,Card,Cancelled,2077.68
17764,882,99,2025-09-14,Card,Delivered,512.04
17765,413,58,2025-06-28,Cash,Cancelled,2670.08
17766,172,96,2025-05-23,Card,Delivered,667.52
17767,742,2,2025-07-28,Card,Delivered,1773.68
17768,736,54,2025-06-08,UPI,Cancelled,2144.58
17769,465,13,2025-01-10,Card,Delivered,368.09
17770,456,24,2025-04-22,Cash,Delivered,2220.5
17771,407,69,2025-09-20,Card,Cancelled,1379.23
17772,608,78,2025-09-04,UPI,Delivered,1422.28
17773,160,31,2025-06-05,Card,Cancelled,1500.88
17774,688,68,2025-03-04,Card,Delivered,594.73
17775,568,28,2025-05-19,UPI,Delivered,2948.58
17776,379,82,2025-05-13,Cash,Delivered,1069.83
17777,410,44,2025-03-25,Cash,Cancelled,388.47
17778,87,84,2025-07-29,UPI,Delivered,2019.94
17779,125,54,2025-03-25,Cash,Delivered,1419.9
17780,255,58,2025-11-25,Card,Cancelled,294.63
17781,348,69,2025-04-15,Card,Cancelled,2027.37
17782,660,96,2025-04-06,Card,Cancelled,189.47
17783,905,75,2025-10-25,UPI,Delivered,2520.14
17784,368,21,2025-08-04,UPI,Delivered,2538.95
17785,837,84,2025-08-26,Card,Cancelled,2583.76
17786,237,90,2025-08-05,UPI,Cancelled,1786.59
17787,326,40,2025-08-22,UPI,Cancelled,1477.65
17788,80,89,2025-08-17,Card,Delivered,2945.6
17789,763,29,2025-08-28,Cash,Cancelled,1684.23
17790,460,20,2025-08-10,Card,Delivered,2806.63
17791,183,98,2025-08-03,Cash,Cancelled,2627.14
17792,457,89,2025-04-30,Cash,Cancelled,1086.43
17793,308,84,2025-11-05,Card,Cancelled,2366.06
17794,62,49,2025-03-13,Card,Cancelled,509.41
17795,822,30,2025-02-13,Cash,Delivered,1074.73
17796,610,98,2025-09-10,UPI,Delivered,884.85
17797,195,11,2025-12-22,UPI,Cancelled,791.1
17798,113,56,2025-03-16,Card,Delivered,2965.89
17799,285,10,2025-06-17,Cash,Delivered,1271.07
17800,279,48,2025-03-14,Cash,Cancelled,1482.32
17801,889,47,2025-01-20,Cash,Cancelled,2722.94
17802,278,18,2025-06-26,UPI,Delivered,180.81
17803,652,2,2025-01-25,UPI,Delivered,1842.6
17804,162,80,2025-04-01,Card,Delivered,1639.09
17805,696,63,2025-03-27,UPI,Delivered,1117.0
17806,702,62,2025-06-18,UPI,Cancelled,1995.76
17807,822,77,2025-10-16,UPI,Cancelled,1928.92
17808,374,63,2025-06-01,UPI,Cancelled,348.47
17809,219,40,2025-07-15,Card,Delivered,1114.58
17810,630,49,2025-02-11,UPI,Delivered,1396.15
17811,1000,75,2025-08-26,Cash,Cancelled,1216.39
17812,971,64,2025-04-05,Card,Cancelled,893.57
17813,324,79,2025-02-16,Cash,Delivered,2811.46
17814,113,74,2025-11-06,UPI,Delivered,1921.69
17815,232,60,2025-12-17,UPI,Delivered,2971.66
17816,52,63,2025-09-03,Cash,Cancelled,1977.35
17817,788,1,2025-07-27,UPI,Cancelled,963.98
17818,931,28,2025-05-04,UPI,Delivered,1570.82
17819,489,41,2025-12-31,Cash,Delivered,1458.05
17820,12,8,2025-10-26,UPI,Cancelled,2727.78
17821,993,49,2025-09-14,UPI,Cancelled,1530.51
17822,834,6,2025-06-14,Card,Delivered,2893.36
17823,351,89,2025-08-11,Card,Cancelled,521.41
17824,776,88,2025-09-20,Card,Cancelled,2473.64
17825,76,74,2025-04-15,Card,Cancelled,1639.51
17826,13,6,2025-03-18,Card,Cancelled,2730.89
17827,452,59,2025-02-28,UPI,Cancelled,816.44
17828,54,67,2025-05-28,Cash,Delivered,1887.05
17829,426,30,2025-12-11,UPI,Delivered,2493.98
17830,787,53,2025-05-27,Cash,Delivered,1301.5
17831,923,33,2025-12-02,Cash,Delivered,1521.12
17832,136,78,2025-07-20,UPI,Cancelled,1937.8
17833,845,46,2025-02-11,Cash,Cancelled,446.65
17834,457,20,2025-12-31,Card,Delivered,1805.25
17835,599,68,2025-08-23,Cash,Delivered,498.17
17836,23,45,2025-05-16,UPI,Delivered,2183.92
17837,205,100,2025-02-07,UPI,Cancelled,1726.16
17838,672,38,2025-06-05,UPI,Delivered,2977.67
17839,449,3,2025-02-18,UPI,Cancelled,1125.83
17840,935,71,2025-03-05,Cash,Cancelled,941.34
17841,81,45,2025-06-03,Card,Cancelled,1150.45
17842,881,64,2025-11-14,Cash,Delivered,1704.9
17843,163,83,2025-01-23,UPI,Delivered,2632.93
17844,406,51,2025-11-27,Cash,Cancelled,2112.2
17845,949,37,2025-12-25,UPI,Cancelled,2848.94
17846,98,30,2025-08-07,UPI,Cancelled,624.88
17847,92,53,2025-11-09,UPI,Delivered,2906.23
17848,40,27,2025-07-21,Card,Delivered,2327.91
17849,574,99,2025-09-16,UPI,Delivered,1273.35
17850,202,81,2025-07-06,Cash,Delivered,1398.73
17851,894,87,2025-04-28,UPI,Cancelled,2509.8
17852,955,92,2025-03-23,Card,Delivered,887.54
17853,878,82,2025-12-05,UPI,Cancelled,549.75
17854,617,92,2025-04-15,UPI,Delivered,665.57
17855,571,65,2025-09-28,Card,Cancelled,2450.26
17856,865,8,2025-07-13,Card,Delivered,400.23
17857,922,56,2025-03-24,Card,Cancelled,1139.55
17858,491,55,2025-08-07,Cash,Cancelled,1065.91
17859,760,52,2025-02-20,UPI,Cancelled,1829.63
17860,690,69,2025-07-10,UPI,Delivered,1417.49
17861,991,33,2025-09-22,UPI,Cancelled,2346.83
17862,711,76,2025-05-07,Cash,Delivered,473.4
17863,247,66,2025-04-25,Card,Delivered,721.87
17864,642,28,2025-02-05,Cash,Cancelled,2442.38
17865,539,36,2025-01-27,Card,Cancelled,1047.24
17866,805,83,2025-04-10,Card,Cancelled,652.3
17867,43,64,2025-05-01,UPI,Delivered,1643.92
17868,541,44,2025-05-23,Cash,Delivered,2187.96
17869,944,46,2025-05-31,UPI,Delivered,2357.38
17870,113,47,2025-02-16,UPI,Cancelled,2890.77
17871,12,50,2025-05-19,Cash,Cancelled,1546.94
17872,711,60,2025-11-08,Card,Cancelled,1957.03
17873,769,15,2025-12-24,Cash,Cancelled,1608.46
17874,129,39,2025-02-26,Cash,Delivered,743.12
17875,733,15,2025-08-26,Cash,Cancelled,2477.19
17876,849,48,2025-06-13,Cash,Cancelled,2973.59
17877,533,11,2025-01-27,UPI,Delivered,1759.23
17878,311,81,2025-06-29,Card,Delivered,1594.34
17879,332,84,2025-11-16,UPI,Cancelled,1210.76
17880,648,45,2025-05-05,UPI,Cancelled,2664.58
17881,712,33,2025-02-26,UPI,Delivered,1214.92
17882,46,40,2025-07-05,UPI,Delivered,482.37
17883,391,31,2025-08-28,Card,Delivered,1136.01
17884,235,35,2025-01-07,UPI,Cancelled,1482.34
17885,44,32,2025-11-03,UPI,Delivered,2408.18
17886,642,81,2025-02-09,Card,Delivered,720.69
17887,473,91,2025-08-16,Card,Cancelled,1292.87
17888,705,1,2025-12-01,Card,Delivered,2642.61
17889,225,15,2025-05-09,Card,Cancelled,1279.69
17890,31,18,2025-11-02,Cash,Cancelled,2578.51
17891,860,39,2025-06-01,Card,Delivered,2207.92
17892,117,42,2025-03-06,Card,Cancelled,1960.76
17893,447,10,2025-05-08,Cash,Delivered,1252.33
17894,595,52,2025-04-28,UPI,Cancelled,1417.13
17895,735,34,2025-08-08,Cash,Cancelled,1062.78
17896,327,65,2025-11-14,UPI,Cancelled,1536.78
17897,672,45,2025-04-06,Card,Cancelled,878.28
17898,483,80,2025-07-23,UPI,Cancelled,2804.05
17899,233,65,2025-02-18,Cash,Delivered,395.66
17900,312,67,2025-04-20,Card,Cancelled,245.44
17901,962,73,2025-02-09,Cash,Delivered,2106.43
17902,878,62,2025-01-23,UPI,Cancelled,1338.68
17903,157,31,2025-06-19,Card,Delivered,2072.44
17904,292,39,2025-03-15,Card,Delivered,564.34
17905,594,35,2025-05-18,UPI,Cancelled,2491.22
17906,597,7,2025-06-17,UPI,Delivered,566.47
17907,737,25,2025-07-12,Cash,Delivered,1875.42
17908,776,22,2025-04-14,Cash,Cancelled,1091.21
17909,957,14,2025-09-29,Card,Delivered,1028.09
17910,841,55,2025-03-01,Cash,Cancelled,2180.39
17911,987,26,2025-02-25,Card,Delivered,444.11
17912,669,40,2025-10-16,Card,Cancelled,1985.06
17913,4,55,2025-09-06,Card,Cancelled,2838.79
17914,849,48,2025-09-21,UPI,Cancelled,2242.37
17915,454,2,2025-10-26,UPI,Delivered,2905.46
17916,883,85,2025-05-25,Card,Delivered,2365.49
17917,10,81,2025-06-09,UPI,Delivered,819.68
17918,783,73,2025-02-05,Cash,Cancelled,1982.16
17919,42,80,2025-01-16,Card,Delivered,969.93
17920,656,20,2025-03-26,Cash,Delivered,2189.32
17921,863,65,2025-12-09,Cash,Cancelled,2364.69
17922,273,32,2025-07-18,UPI,Delivered,1137.59
17923,214,70,2025-04-19,Card,Cancelled,2743.67
17924,831,85,2025-12-10,Cash,Cancelled,1287.43
17925,335,15,2025-10-11,Cash,Cancelled,1903.95
17926,417,29,2025-10-31,UPI,Delivered,1743.82
17927,787,49,2025-04-20,Card,Delivered,1620.67
17928,919,82,2025-08-31,UPI,Cancelled,874.9
17929,406,83,2025-07-05,Cash,Delivered,1074.17
17930,725,72,2025-07-28,Card,Cancelled,596.19
17931,531,95,2025-02-25,Cash,Cancelled,894.22
17932,604,25,2025-11-19,Cash,Delivered,2974.94
17933,160,87,2025-01-17,Cash,Cancelled,864.37
17934,481,12,2025-01-04,UPI,Delivered,808.53
17935,634,1,2025-07-24,UPI,Delivered,1347.97
17936,313,54,2025-12-02,Cash,Cancelled,1811.34
17937,78,72,2025-10-19,Card,Cancelled,2539.23
17938,666,22,2025-12-26,Card,Delivered,488.68
17939,97,64,2025-01-01,Card,Delivered,2544.51
17940,580,50,2025-09-22,UPI,Cancelled,2080.03
17941,104,85,2025-08-05,Cash,Cancelled,803.32
17942,579,48,2025-01-29,Cash,Cancelled,1089.68
17943,529,96,2025-09-27,Cash,Delivered,915.49
17944,512,52,2025-05-11,Card,Delivered,2564.16
17945,677,7,2025-03-22,Card,Cancelled,2251.68
17946,932,72,2025-02-11,Cash,Delivered,2888.27
17947,643,39,2025-01-23,Card,Delivered,1349.23
17948,619,87,2025-12-24,UPI,Delivered,1270.88
17949,781,9,2025-09-14,Cash,Cancelled,2172.97
17950,157,100,2025-02-25,Cash,Delivered,2378.15
17951,348,30,2025-12-11,Cash,Cancelled,2826.96
17952,21,54,2025-04-27,Cash,Cancelled,2626.33
17953,323,32,2025-02-14,Card,Cancelled,1382.48
17954,873,87,2025-10-24,UPI,Delivered,1897.43
17955,235,39,2025-07-09,Card,Cancelled,1983.81
17956,966,1,2025-08-31,UPI,Delivered,2636.99
17957,630,76,2025-05-10,Card,Delivered,735.22
17958,706,4,2025-01-15,Cash,Delivered,1675.81
17959,591,27,2025-03-23,Card,Cancelled,194.57
17960,85,55,2025-08-22,Cash,Delivered,2559.55
17961,404,16,2025-09-22,Card,Cancelled,1215.11
17962,88,75,2025-06-21,Card,Cancelled,2690.67
17963,283,45,2025-10-14,Card,Delivered,1646.88
17964,965,33,2025-02-27,Cash,Delivered,2569.51
17965,200,31,2025-10-06,Card,Cancelled,2444.55
17966,739,13,2025-08-01,Card,Cancelled,1429.32
17967,351,90,2025-09-21,UPI,Cancelled,1854.32
17968,740,95,2025-06-16,UPI,Cancelled,1298.55
17969,605,40,2025-10-29,UPI,Cancelled,2464.37
17970,87,12,2025-07-04,Card,Delivered,2051.92
17971,720,60,2025-05-30,UPI,Cancelled,1591.3
17972,177,93,2025-10-31,Cash,Delivered,703.12
17973,85,87,2025-03-04,UPI,Delivered,1176.9
17974,363,50,2025-01-31,Card,Delivered,2201.05
17975,677,85,2025-03-09,Card,Cancelled,1644.49
17976,405,61,2025-12-02,Cash,Cancelled,2242.53
17977,618,90,2025-04-30,Card,Cancelled,2140.54
17978,393,74,2025-11-14,UPI,Cancelled,249.41
17979,557,37,2025-04-09,Card,Cancelled,777.5
17980,572,42,2025-06-16,Card,Delivered,1516.16
17981,313,26,2025-03-15,Cash,Delivered,1003.26
17982,455,53,2025-03-09,Cash,Delivered,1622.76
17983,822,59,2025-09-08,Cash,Delivered,1085.65
17984,665,23,2025-02-27,UPI,Delivered,1325.36
17985,477,71,2025-05-24,Card,Cancelled,1916.3
17986,247,16,2025-05-11,Card,Delivered,502.9
17987,672,61,2025-10-15,Card,Cancelled,2640.34
17988,703,47,2025-03-26,Card,Delivered,837.62
17989,3,57,2025-08-17,UPI,Delivered,674.16
17990,866,5,2025-11-15,UPI,Delivered,1169.89
17991,156,66,2025-06-02,Cash,Delivered,2173.4
17992,961,24,2025-02-03,Cash,Cancelled,231.48
17993,4,16,2025-04-25,UPI,Delivered,1697.32
17994,234,66,2025-03-17,UPI,Cancelled,2454.72
17995,654,83,2025-06-18,UPI,Delivered,1897.65
17996,398,67,2025-12-06,Card,Cancelled,1811.63
17997,865,51,2025-03-29,Card,Cancelled,1150.78
17998,97,2,2025-09-18,UPI,Delivered,207.49
17999,468,73,2025-09-06,UPI,Cancelled,2891.85
18000,198,7,2025-05-28,Cash,Delivered,2044.6
18001,294,97,2025-08-07,UPI,Delivered,445.27
18002,9,72,2025-10-11,Card,Cancelled,170.03
18003,822,15,2025-12-22,Card,Delivered,618.53
18004,620,15,2025-01-06,Card,Cancelled,2867.32
18005,945,65,2025-05-22,UPI,Cancelled,1828.08
18006,258,96,2025-10-15,Cash,Cancelled,496.26
18007,813,39,2025-08-11,Card,Cancelled,1775.75
18008,397,88,2025-01-22,Cash,Delivered,1682.54
18009,576,65,2025-08-27,UPI,Cancelled,1338.48
18010,766,23,2025-08-24,UPI,Cancelled,732.96
18011,596,59,2025-11-08,Card,Delivered,1867.85
18012,524,22,2025-05-15,Card,Delivered,1031.01
18013,583,72,2025-08-11,UPI,Delivered,1819.65
18014,847,58,2025-05-11,UPI,Delivered,2464.22
18015,648,100,2025-05-18,Cash,Delivered,983.0
18016,469,71,2025-12-03,Card,Delivered,2711.77
18017,292,91,2025-01-24,Cash,Delivered,166.63
18018,182,21,2025-01-07,UPI,Cancelled,1675.21
18019,366,26,2025-11-19,Cash,Delivered,900.17
18020,428,40,2025-08-18,UPI,Delivered,1639.17
18021,998,20,2025-01-17,UPI,Cancelled,2485.8
18022,619,53,2025-05-21,Cash,Delivered,1514.21
18023,61,19,2025-04-30,UPI,Cancelled,469.35
18024,445,69,2025-09-17,UPI,Cancelled,679.98
18025,639,65,2025-02-24,Card,Delivered,2896.72
18026,272,96,2025-01-29,Cash,Delivered,2719.5
18027,339,22,2025-09-04,Cash,Cancelled,728.61
18028,173,47,2025-05-14,UPI,Cancelled,429.43
18029,20,84,2025-12-05,UPI,Cancelled,2318.45
18030,659,82,2025-02-10,UPI,Delivered,2683.8
18031,140,61,2025-04-12,Card,Cancelled,1515.64
18032,206,60,2025-11-29,UPI,Delivered,696.34
18033,426,37,2025-04-17,Card,Delivered,2817.9
18034,769,25,2025-08-17,UPI,Delivered,2630.83
18035,6,92,2025-10-19,Card,Delivered,2110.92
18036,221,64,2025-10-08,UPI,Cancelled,541.05
18037,32,50,2025-01-05,Cash,Delivered,2012.05
18038,538,24,2025-10-28,UPI,Delivered,347.1
18039,90,81,2025-06-23,UPI,Delivered,1193.87
18040,479,67,2025-12-15,Card,Cancelled,2163.5
18041,471,24,2025-12-14,UPI,Cancelled,552.44
18042,401,79,2025-05-04,Cash,Cancelled,1752.92
18043,238,41,2025-10-02,Cash,Delivered,1311.24
18044,216,27,2025-05-11,Cash,Delivered,984.69
18045,662,39,2025-02-15,UPI,Cancelled,1315.21
18046,83,68,2025-04-18,UPI,Cancelled,1873.23
18047,585,2,2025-09-12,UPI,Cancelled,2688.47
18048,697,54,2025-03-24,Cash,Delivered,1909.76
18049,629,2,2025-08-20,Cash,Cancelled,1341.63
18050,575,57,2025-01-11,Card,Cancelled,2274.22
18051,456,50,2025-11-27,Cash,Cancelled,1793.4
18052,457,34,2025-04-19,Cash,Delivered,2258.37
18053,830,27,2025-01-17,UPI,Cancelled,163.86
18054,722,88,2025-01-14,Cash,Cancelled,2335.54
18055,98,91,2025-04-01,Cash,Delivered,1961.98
18056,251,88,2025-04-17,UPI,Cancelled,2620.01
18057,298,48,2025-05-23,Cash,Delivered,1521.97
18058,971,94,2025-04-14,Card,Delivered,370.14
18059,161,32,2025-11-21,UPI,Delivered,2904.65
18060,294,44,2025-09-12,Cash,Cancelled,392.13
18061,548,30,2025-12-15,UPI,Cancelled,1316.32
18062,43,42,2025-08-13,Cash,Delivered,2025.78
18063,209,84,2025-05-26,UPI,Cancelled,942.24
18064,669,45,2025-10-28,Card,Delivered,2202.67
18065,501,36,2025-08-28,Card,Delivered,943.74
18066,793,97,2025-12-09,Cash,Cancelled,2251.98
18067,950,44,2025-11-06,Cash,Delivered,1728.82
18068,302,16,2025-09-12,Cash,Cancelled,1288.09
18069,299,1,2025-08-03,UPI,Cancelled,702.62
18070,421,8,2025-07-03,Card,Cancelled,1191.93
18071,565,19,2025-01-30,Card,Delivered,569.86
18072,201,4,2025-08-16,Card,Delivered,2892.31
18073,919,35,2025-03-06,UPI,Delivered,687.16
18074,275,81,2025-04-04,UPI,Cancelled,2113.12
18075,229,71,2025-04-17,UPI,Delivered,1348.98
18076,707,18,2025-07-05,Cash,Cancelled,2444.85
18077,765,22,2025-01-07,Cash,Delivered,1491.14
18078,250,31,2025-04-02,Card,Cancelled,2922.24
18079,778,69,2025-03-11,Cash,Delivered,1968.4
18080,812,55,2025-06-21,Card,Cancelled,817.5
18081,821,8,2025-11-05,Cash,Delivered,2235.54
18082,491,19,2025-07-20,Card,Delivered,1568.69
18083,256,78,2025-12-12,Cash,Cancelled,2579.27
18084,822,3,2025-01-09,Cash,Cancelled,274.87
18085,16,95,2025-06-25,Cash,Cancelled,881.9
18086,570,99,2025-03-25,UPI,Delivered,2928.62
18087,321,19,2025-12-11,Cash,Cancelled,2261.31
18088,942,49,2025-01-31,Card,Cancelled,2015.79
18089,265,12,2025-03-22,Cash,Cancelled,191.65
18090,384,2,2025-12-12,Card,Cancelled,1655.07
18091,443,11,2025-09-25,Cash,Delivered,1689.16
18092,989,30,2025-08-28,Cash,Delivered,2971.1
18093,184,94,2025-12-26,Card,Cancelled,173.52
18094,165,13,2025-04-01,UPI,Delivered,1430.28
18095,826,57,2025-12-02,UPI,Cancelled,2709.75
18096,368,75,2025-06-20,Card,Delivered,964.1
18097,267,48,2025-10-28,Card,Cancelled,823.28
18098,844,24,2025-06-06,Card,Delivered,2536.24
18099,829,38,2025-11-03,Card,Delivered,2315.75
18100,731,6,2025-04-02,Cash,Delivered,1964.53
18101,966,37,2025-03-25,Card,Cancelled,2635.63
18102,492,88,2025-06-20,Card,Delivered,2692.03
18103,214,67,2025-03-27,Cash,Cancelled,2633.64
18104,233,2,2025-07-06,Card,Delivered,669.64
18105,91,5,2025-06-06,UPI,Cancelled,2958.03
18106,348,94,2025-06-22,UPI,Cancelled,157.01
18107,41,60,2025-03-26,Cash,Delivered,2665.2
18108,222,7,2025-09-13,Card,Cancelled,1315.35
18109,928,41,2025-05-03,Cash,Cancelled,1979.14
18110,952,23,2025-10-26,Cash,Cancelled,2916.66
18111,815,34,2025-08-21,Cash,Cancelled,1744.33
18112,814,81,2025-06-03,UPI,Delivered,1814.7
18113,526,65,2025-04-05,UPI,Delivered,2027.51
18114,774,9,2025-09-13,Cash,Cancelled,1467.93
18115,925,60,2025-06-10,Cash,Delivered,1922.42
18116,17,99,2025-07-23,Cash,Cancelled,935.47
18117,280,32,2025-06-01,Cash,Delivered,1673.65
18118,28,86,2025-12-16,Card,Delivered,2850.78
18119,978,65,2025-03-06,UPI,Delivered,1771.11
18120,553,78,2025-02-04,Cash,Delivered,2774.15
18121,226,17,2025-04-03,Cash,Delivered,254.45
18122,644,17,2025-12-14,Cash,Cancelled,1040.32
18123,752,94,2025-10-08,Card,Delivered,1548.12
18124,603,18,2025-11-18,Card,Delivered,708.17
18125,179,63,2025-01-18,Cash,Cancelled,750.14
18126,478,10,2025-11-12,Card,Delivered,976.83
18127,165,20,2025-02-27,Card,Cancelled,2891.76
18128,331,30,2025-09-10,Cash,Delivered,1613.73
18129,920,21,2025-11-17,Cash,Delivered,2980.73
18130,199,39,2025-04-28,Card,Cancelled,2245.12
18131,387,91,2025-10-17,Card,Cancelled,2386.32
18132,497,29,2025-03-28,Card,Delivered,2679.57
18133,419,76,2025-12-26,UPI,Delivered,2381.6
18134,611,12,2025-11-22,Card,Cancelled,2013.17
18135,409,49,2025-02-01,UPI,Delivered,2830.19
18136,814,31,2025-04-15,Cash,Delivered,2341.2
18137,909,84,2025-08-17,UPI,Cancelled,2185.45
18138,939,77,2025-09-25,UPI,Cancelled,1320.44
18139,503,44,2025-09-17,UPI,Cancelled,1139.95
18140,467,34,2025-04-05,Cash,Delivered,1991.83
18141,794,55,2025-07-30,Cash,Cancelled,539.29
18142,996,4,2025-02-14,UPI,Cancelled,2832.97
18143,197,92,2025-12-11,UPI,Delivered,2396.81
18144,864,12,2025-09-25,Card,Cancelled,1234.81
18145,709,83,2025-10-03,UPI,Cancelled,1282.2
18146,946,72,2025-03-07,Cash,Delivered,556.56
18147,244,88,2025-07-05,Card,Cancelled,494.17
18148,742,39,2025-02-15,Card,Delivered,1527.37
18149,417,10,2025-11-07,Cash,Cancelled,2411.17
18150,490,16,2025-05-31,Cash,Delivered,2051.64
18151,767,28,2025-11-05,Card,Delivered,1382.46
18152,777,3,2025-12-01,Card,Cancelled,1693.87
18153,945,52,2025-12-11,Cash,Cancelled,1373.46
18154,659,87,2025-12-24,Card,Delivered,1858.55
18155,291,57,2025-04-12,Cash,Cancelled,2829.13
18156,657,13,2025-09-29,Card,Cancelled,2972.23
18157,43,11,2025-09-09,UPI,Delivered,2101.81
18158,43,89,2025-06-02,Cash,Cancelled,397.51
18159,905,86,2025-03-31,Cash,Cancelled,976.23
18160,699,85,2025-11-19,UPI,Cancelled,707.42
18161,591,86,2025-11-13,Cash,Cancelled,382.41
18162,285,81,2025-01-27,UPI,Cancelled,2012.71
18163,153,30,2025-05-04,Cash,Cancelled,2100.2
18164,791,29,2025-07-04,UPI,Cancelled,2300.74
18165,50,44,2025-11-10,UPI,Delivered,1587.46
18166,418,10,2025-02-02,UPI,Cancelled,1198.44
18167,369,90,2025-12-12,UPI,Delivered,1757.74
18168,471,78,2025-05-29,Card,Cancelled,317.83
18169,127,65,2025-09-30,UPI,Cancelled,195.07
18170,917,36,2025-07-07,Cash,Cancelled,2068.33
18171,139,39,2025-04-02,Cash,Delivered,2870.24
18172,54,17,2025-11-26,Cash,Cancelled,2097.54
18173,830,26,2025-02-26,Cash,Delivered,2378.93
18174,705,23,2025-07-28,Cash,Delivered,525.96
18175,774,39,2025-03-21,Cash,Delivered,1273.29
18176,672,52,2025-02-24,Card,Delivered,2400.83
18177,906,43,2025-10-18,Cash,Cancelled,2744.17
18178,48,74,2025-05-16,UPI,Delivered,2818.2
18179,19,60,2025-09-01,Card,Delivered,2547.87
18180,78,99,2025-02-21,Cash,Delivered,1504.91
18181,377,54,2025-08-17,UPI,Delivered,1591.73
18182,281,1,2025-08-23,Cash,Delivered,1877.21
18183,819,45,2025-08-07,Card,Delivered,2113.56
18184,689,36,2025-06-25,Cash,Delivered,2234.59
18185,632,25,2025-06-25,Cash,Delivered,796.41
18186,389,25,2025-05-09,Cash,Delivered,2422.85
18187,835,48,2025-07-22,Cash,Delivered,797.36
18188,421,63,2025-08-12,Card,Delivered,2749.5
18189,695,93,2025-05-18,Cash,Delivered,224.24
18190,356,61,2025-09-16,UPI,Cancelled,1566.99
18191,769,84,2025-09-20,UPI,Cancelled,2850.94
18192,583,15,2025-04-12,Cash,Delivered,609.25
18193,359,85,2025-05-08,UPI,Cancelled,1556.25
18194,964,17,2025-06-22,Card,Delivered,588.74
18195,458,33,2025-10-28,Card,Cancelled,2894.26
18196,321,7,2025-08-26,Cash,Delivered,1072.74
18197,6,61,2025-03-01,UPI,Delivered,2798.77
18198,980,18,2025-07-20,UPI,Delivered,853.79
18199,243,22,2025-07-04,Cash,Delivered,2172.56
18200,303,23,2025-03-06,UPI,Cancelled,1227.89
18201,376,40,2025-02-15,Card,Cancelled,657.85
18202,273,11,2025-06-08,Card,Delivered,588.3
18203,874,85,2025-01-06,UPI,Cancelled,1714.97
18204,752,55,2025-05-07,Card,Cancelled,1702.73
18205,597,27,2025-02-26,Cash,Cancelled,1487.68
18206,58,57,2025-01-12,Card,Cancelled,1597.01
18207,443,24,2025-07-12,Cash,Cancelled,2407.89
18208,123,27,2025-09-03,Cash,Cancelled,2865.1
18209,290,55,2025-07-29,UPI,Cancelled,1713.32
18210,588,61,2025-02-24,Cash,Cancelled,2085.65
18211,754,64,2025-06-02,UPI,Cancelled,642.31
18212,741,14,2025-02-05,UPI,Delivered,1889.08
18213,383,15,2025-07-07,UPI,Cancelled,1242.62
18214,985,10,2025-09-11,Card,Cancelled,2811.32
18215,586,34,2025-09-28,Cash,Cancelled,1620.83
18216,672,16,2025-05-27,Cash,Delivered,2401.48
18217,904,60,2025-05-12,UPI,Delivered,1424.04
18218,569,72,2025-08-30,UPI,Delivered,800.25
18219,619,9,2025-08-22,UPI,Delivered,2930.76
18220,619,57,2025-06-23,UPI,Cancelled,2102.22
18221,295,24,2025-04-25,Card,Cancelled,651.27
18222,193,100,2025-02-16,UPI,Delivered,2660.33
18223,972,39,2025-11-14,Cash,Cancelled,2960.55
18224,191,66,2025-10-24,UPI,Cancelled,1125.61
18225,547,54,2025-08-18,UPI,Cancelled,2712.06
18226,513,86,2025-06-19,Cash,Cancelled,1540.16
18227,456,36,2025-06-27,Cash,Delivered,2656.71
18228,437,32,2025-05-27,Card,Delivered,2456.21
18229,400,79,2025-03-24,UPI,Delivered,2520.85
18230,341,22,2025-01-22,Cash,Cancelled,2682.75
18231,805,52,2025-08-14,UPI,Cancelled,2216.63
18232,954,16,2025-02-23,Cash,Delivered,2833.12
18233,941,38,2025-12-16,UPI,Delivered,1063.11
18234,922,39,2025-09-10,Cash,Cancelled,1351.75
18235,691,10,2025-05-06,Card,Cancelled,2547.51
18236,17,1,2025-02-24,Card,Cancelled,1041.57
18237,775,100,2025-09-25,Cash,Delivered,2495.31
18238,259,62,2025-07-30,Card,Delivered,2785.91
18239,523,97,2025-06-07,UPI,Delivered,572.54
18240,484,73,2025-09-04,Card,Delivered,403.39
18241,743,79,2025-06-01,Card,Delivered,2957.56
18242,99,17,2025-04-08,Cash,Cancelled,2685.22
18243,180,50,2025-05-19,UPI,Cancelled,897.0
18244,625,65,2025-08-20,Card,Cancelled,1051.31
18245,946,3,2025-03-12,Cash,Delivered,461.89
18246,18,55,2025-08-19,UPI,Cancelled,1930.12
18247,929,16,2025-11-04,Card,Delivered,1184.78
18248,983,43,2025-12-05,UPI,Delivered,508.21
18249,97,19,2025-09-30,Cash,Delivered,808.59
18250,436,20,2025-08-04,Cash,Delivered,2637.44
18251,70,32,2025-08-08,Card,Delivered,2390.31
18252,902,85,2025-08-27,Cash,Delivered,847.66
18253,869,26,2025-03-16,UPI,Cancelled,924.66
18254,202,41,2025-12-05,Card,Delivered,1501.09
18255,941,39,2025-07-08,Cash,Cancelled,1556.74
18256,873,86,2025-08-31,UPI,Delivered,1120.18
18257,380,26,2025-03-15,UPI,Delivered,2486.93
18258,757,52,2025-09-04,Card,Cancelled,684.33
18259,819,99,2025-09-14,Cash,Delivered,1669.79
18260,35,15,2025-07-26,UPI,Cancelled,586.09
18261,259,1,2025-09-10,UPI,Cancelled,1952.09
18262,559,16,2025-02-05,Card,Cancelled,2939.14
18263,800,4,2025-11-28,UPI,Delivered,870.26
18264,115,83,2025-08-31,UPI,Delivered,1375.94
18265,281,37,2025-03-23,Cash,Cancelled,436.63
18266,723,9,2025-01-01,Cash,Cancelled,724.63
18267,34,66,2025-07-19,Card,Delivered,1985.74
18268,449,26,2025-05-15,UPI,Cancelled,1326.18
18269,869,55,2025-01-03,UPI,Cancelled,565.79
18270,830,40,2025-06-08,UPI,Delivered,2617.2
18271,653,43,2025-04-22,Cash,Delivered,347.64
18272,748,22,2025-09-14,Card,Cancelled,1113.92
18273,880,22,2025-08-17,UPI,Cancelled,457.92
18274,676,42,2025-05-28,Card,Delivered,2524.64
18275,115,23,2025-10-02,Card,Cancelled,2978.77
18276,137,43,2025-02-12,UPI,Delivered,1206.24
18277,177,37,2025-08-24,UPI,Cancelled,1044.05
18278,638,37,2025-08-09,Card,Delivered,2543.51
18279,802,21,2025-01-30,Cash,Cancelled,372.2
18280,904,93,2025-05-09,UPI,Cancelled,2720.41
18281,448,33,2025-02-05,Card,Delivered,743.49
18282,589,73,2025-12-18,Card,Delivered,804.71
18283,254,94,2025-07-16,UPI,Cancelled,581.64
18284,355,55,2025-03-22,UPI,Delivered,1189.45
18285,561,33,2025-04-19,Card,Cancelled,755.95
18286,900,4,2025-11-08,Card,Cancelled,2561.21
18287,473,51,2025-04-02,UPI,Delivered,1175.86
18288,954,42,2025-09-24,Card,Delivered,739.78
18289,232,49,2025-02-16,Cash,Delivered,1276.2
18290,51,49,2025-06-19,UPI,Delivered,2070.69
18291,632,94,2025-11-27,Card,Delivered,2489.58
18292,684,43,2025-03-17,Cash,Delivered,2461.28
18293,285,8,2025-11-26,UPI,Cancelled,2442.38
18294,620,93,2025-05-22,Card,Cancelled,474.97
18295,42,77,2025-06-29,Cash,Cancelled,324.53
18296,731,100,2025-12-18,Card,Delivered,232.89
18297,902,80,2025-02-28,UPI,Delivered,2589.86
18298,421,61,2025-02-28,Card,Cancelled,718.44
18299,246,73,2025-05-18,Cash,Cancelled,2341.99
18300,474,83,2025-07-11,Cash,Cancelled,1248.69
18301,976,37,2025-04-28,UPI,Cancelled,981.28
18302,741,12,2025-02-24,Card,Cancelled,1398.83
18303,724,25,2025-11-14,Card,Cancelled,1712.74
18304,804,100,2025-04-06,UPI,Delivered,1703.69
18305,722,53,2025-09-19,Card,Delivered,1361.54
18306,548,56,2025-08-16,UPI,Delivered,1672.3
18307,225,8,2025-02-15,Card,Cancelled,733.49
18308,495,34,2025-09-10,Card,Cancelled,1379.58
18309,943,74,2025-05-23,Cash,Delivered,692.57
18310,153,28,2025-10-29,UPI,Cancelled,604.0
18311,286,67,2025-01-01,Cash,Cancelled,2658.2
18312,969,45,2025-02-09,Card,Delivered,2516.64
18313,712,93,2025-08-04,Card,Delivered,916.24
18314,804,30,2025-09-22,Card,Delivered,2185.15
18315,814,34,2025-04-20,UPI,Cancelled,326.61
18316,303,1,2025-04-22,Card,Delivered,2108.04
18317,687,67,2025-07-24,Cash,Cancelled,2263.38
18318,967,18,2025-04-08,UPI,Delivered,696.73
18319,846,72,2025-04-03,Card,Cancelled,2473.4
18320,510,39,2025-12-28,Cash,Cancelled,2890.13
18321,444,48,2025-09-13,UPI,Delivered,2666.2
18322,903,98,2025-07-13,Cash,Delivered,1535.59
18323,222,52,2025-10-06,Cash,Cancelled,2617.5
18324,128,32,2025-06-11,Cash,Cancelled,2083.17
18325,355,60,2025-04-06,UPI,Delivered,2981.84
18326,755,23,2025-10-06,UPI,Cancelled,420.22
18327,427,89,2025-04-11,UPI,Delivered,455.7
18328,9,76,2025-05-11,Card,Delivered,2684.39
18329,286,1,2025-11-18,UPI,Delivered,2760.46
18330,805,65,2025-11-15,UPI,Cancelled,2215.58
18331,139,49,2025-06-03,Cash,Cancelled,1276.5
18332,543,80,2025-06-21,Card,Delivered,2322.86
18333,409,70,2025-10-15,Card,Delivered,2428.52
18334,336,94,2025-08-02,UPI,Cancelled,2572.56
18335,612,60,2025-04-28,Card,Delivered,527.57
18336,836,67,2025-08-15,UPI,Delivered,2831.29
18337,1,84,2025-10-08,UPI,Delivered,2819.9
18338,337,25,2025-12-12,Cash,Cancelled,1012.44
18339,152,26,2025-09-17,Cash,Cancelled,2548.73
18340,998,77,2025-12-15,Card,Delivered,182.92
18341,372,35,2025-07-13,Cash,Cancelled,1341.96
18342,494,60,2025-12-29,UPI,Delivered,2891.28
18343,735,12,2025-04-18,Cash,Cancelled,2268.5
18344,889,70,2025-09-15,Cash,Cancelled,1074.01
18345,826,74,2025-12-24,UPI,Cancelled,2206.72
18346,590,16,2025-12-06,Cash,Delivered,1860.57
18347,522,49,2025-02-28,Cash,Cancelled,1031.92
18348,691,67,2025-04-02,UPI,Cancelled,2246.15
18349,958,17,2025-01-02,UPI,Delivered,805.81
18350,924,46,2025-04-17,Cash,Delivered,1190.21
18351,405,53,2025-07-05,Card,Delivered,1293.66
18352,962,74,2025-10-19,Card,Delivered,1891.1
18353,651,71,2025-09-01,UPI,Cancelled,1317.5
18354,322,58,2025-01-07,Cash,Delivered,763.88
18355,142,42,2025-10-09,UPI,Cancelled,2124.23
18356,54,75,2025-07-12,UPI,Delivered,834.32
18357,790,38,2025-09-30,Cash,Cancelled,2373.03
18358,337,72,2025-02-22,UPI,Delivered,1402.96
18359,583,4,2025-12-17,Card,Cancelled,2683.26
18360,993,37,2025-04-21,Card,Cancelled,1501.03
18361,911,69,2025-08-22,Cash,Cancelled,2848.07
18362,892,1,2025-08-28,Card,Delivered,223.58
18363,262,89,2025-02-13,Cash,Cancelled,1681.52
18364,753,42,2025-11-03,UPI,Cancelled,955.8
18365,716,100,2025-07-03,UPI,Delivered,466.49
18366,457,35,2025-10-25,Cash,Delivered,2810.69
18367,385,92,2025-02-10,Cash,Delivered,294.91
18368,78,32,2025-02-22,Card,Delivered,1335.66
18369,882,96,2025-09-24,Card,Cancelled,1514.45
18370,737,46,2025-08-17,UPI,Cancelled,1734.86
18371,330,43,2025-02-25,UPI,Delivered,2044.8
18372,436,5,2025-12-30,Cash,Cancelled,872.4
18373,642,3,2025-10-01,Cash,Delivered,482.57
18374,301,48,2025-09-27,Card,Delivered,1826.49
18375,804,14,2025-12-17,Cash,Cancelled,2638.92
18376,589,22,2025-01-20,UPI,Delivered,297.72
18377,554,90,2025-03-19,UPI,Cancelled,279.59
18378,365,86,2025-02-19,Card,Cancelled,1733.02
18379,865,69,2025-10-04,Cash,Delivered,794.0
18380,760,44,2025-11-11,Cash,Delivered,1099.36
18381,569,7,2025-02-09,Card,Cancelled,2417.3
18382,358,83,2025-03-07,UPI,Delivered,2101.51
18383,129,73,2025-05-26,Card,Delivered,2463.52
18384,474,30,2025-11-17,Cash,Cancelled,1946.27
18385,247,12,2025-07-15,Card,Delivered,266.62
18386,955,70,2025-05-22,UPI,Delivered,2010.79
18387,106,48,2025-10-16,Card,Delivered,1594.02
18388,149,37,2025-02-11,UPI,Cancelled,1270.13
18389,137,8,2025-02-14,Cash,Delivered,2915.21
18390,103,5,2025-12-09,Card,Delivered,489.46
18391,148,55,2025-09-01,Card,Delivered,2665.66
18392,56,50,2025-04-24,Cash,Cancelled,1568.99
18393,921,64,2025-12-26,UPI,Delivered,826.51
18394,931,94,2025-06-07,Card,Cancelled,2735.16
18395,268,83,2025-03-26,UPI,Cancelled,1588.01
18396,748,41,2025-07-25,UPI,Delivered,566.43
18397,420,13,2025-05-04,UPI,Delivered,2783.07
18398,127,48,2025-05-02,Cash,Cancelled,2664.09
18399,796,20,2025-10-15,UPI,Delivered,1316.39
18400,113,46,2025-04-16,Card,Delivered,1026.78
18401,404,68,2025-10-12,UPI,Delivered,1346.67
18402,749,59,2025-05-09,Card,Delivered,1878.72
18403,436,48,2025-05-22,Cash,Cancelled,1810.22
18404,358,51,2025-08-21,Card,Cancelled,1868.69
18405,684,71,2025-12-07,Cash,Cancelled,2824.24
18406,841,54,2025-03-28,UPI,Delivered,1639.59
18407,686,23,2025-01-17,UPI,Cancelled,1573.9
18408,852,28,2025-08-22,UPI,Delivered,1044.12
18409,869,52,2025-08-06,Card,Delivered,1107.32
18410,887,17,2025-01-18,Cash,Delivered,718.52
18411,783,29,2025-06-04,Cash,Delivered,1973.8
18412,293,26,2025-01-31,UPI,Cancelled,1216.4
18413,814,47,2025-10-23,Card,Cancelled,2170.52
18414,588,73,2025-11-18,Card,Cancelled,2460.77
18415,192,14,2025-04-13,Card,Delivered,241.52
18416,332,37,2025-03-17,Card,Delivered,1905.47
18417,856,12,2025-04-20,Cash,Cancelled,1258.26
18418,439,65,2025-09-24,Card,Delivered,2404.15
18419,533,14,2025-04-24,Card,Delivered,468.5
18420,255,72,2025-10-06,Card,Delivered,797.23
18421,463,49,2025-10-05,Cash,Delivered,631.54
18422,357,3,2025-07-01,Cash,Cancelled,1855.51
18423,55,92,2025-11-14,UPI,Cancelled,1232.22
18424,408,36,2025-12-31,Card,Delivered,2809.77
18425,370,17,2025-11-07,UPI,Delivered,801.68
18426,760,30,2025-01-12,Cash,Cancelled,2721.0
18427,904,90,2025-10-23,Card,Delivered,2958.4
18428,418,66,2025-02-05,Card,Cancelled,346.9
18429,667,73,2025-12-26,UPI,Delivered,751.76
18430,331,73,2025-12-05,UPI,Cancelled,869.67
18431,869,20,2025-05-15,Cash,Delivered,2944.01
18432,862,86,2025-05-26,UPI,Delivered,2452.19
18433,51,76,2025-06-20,Cash,Cancelled,225.86
18434,225,54,2025-12-06,Cash,Delivered,1901.01
18435,613,7,2025-10-14,Card,Cancelled,2315.37
18436,840,40,2025-10-16,UPI,Delivered,1784.71
18437,605,60,2025-12-02,UPI,Cancelled,1190.1
18438,207,31,2025-05-03,Card,Cancelled,397.12
18439,355,56,2025-12-21,Card,Cancelled,2333.69
18440,394,50,2025-04-08,UPI,Cancelled,743.24
18441,421,7,2025-02-18,UPI,Cancelled,244.55
18442,755,94,2025-01-26,Cash,Cancelled,2888.3
18443,204,90,2025-02-17,Cash,Cancelled,695.97
18444,938,77,2025-03-08,Cash,Delivered,1085.46
18445,808,63,2025-03-24,Card,Cancelled,2253.53
18446,574,94,2025-07-06,UPI,Cancelled,2689.8
18447,153,71,2025-04-07,UPI,Delivered,1339.17
18448,832,44,2025-05-11,Cash,Delivered,578.44
18449,611,97,2025-07-11,Card,Delivered,1751.09
18450,433,99,2025-02-09,UPI,Cancelled,912.87
18451,503,26,2025-06-28,UPI,Delivered,404.44
18452,574,55,2025-08-16,UPI,Cancelled,2944.81
18453,224,61,2025-03-24,UPI,Delivered,429.16
18454,325,88,2025-11-24,UPI,Cancelled,1045.72
18455,645,78,2025-10-24,Card,Cancelled,650.59
18456,73,55,2025-10-18,UPI,Cancelled,2325.15
18457,128,48,2025-06-29,Card,Delivered,522.55
18458,282,45,2025-09-22,UPI,Delivered,1175.14
18459,506,61,2025-10-30,Card,Cancelled,2584.76
18460,554,66,2025-08-24,Cash,Delivered,580.2
18461,161,28,2025-06-21,Card,Delivered,2668.55
18462,89,59,2025-04-01,Cash,Delivered,2449.6
18463,561,10,2025-11-02,Cash,Delivered,1126.63
18464,662,97,2025-06-28,UPI,Delivered,1423.01
18465,188,52,2025-12-22,Card,Cancelled,251.94
18466,721,78,2025-02-25,Card,Delivered,2211.75
18467,967,67,2025-06-12,Card,Cancelled,2528.49
18468,358,54,2025-01-25,Cash,Delivered,821.23
18469,884,70,2025-06-06,Card,Delivered,1757.85
18470,74,1,2025-06-16,UPI,Cancelled,2847.24
18471,713,39,2025-01-19,Card,Delivered,1793.13
18472,974,4,2025-04-22,UPI,Cancelled,636.29
18473,484,2,2025-07-12,UPI,Cancelled,675.46
18474,184,54,2025-01-05,UPI,Delivered,2204.89
18475,243,50,2025-01-01,Card,Delivered,2997.75
18476,259,38,2025-03-09,Cash,Delivered,2453.35
18477,356,64,2025-10-22,Cash,Delivered,1116.22
18478,538,55,2025-12-13,Cash,Cancelled,1964.77
18479,951,54,2025-01-09,Cash,Cancelled,1216.76
18480,176,29,2025-09-19,Card,Delivered,2800.55
18481,165,61,2025-11-03,Cash,Cancelled,1652.99
18482,741,51,2025-02-21,UPI,Delivered,1371.91
18483,114,76,2025-12-25,Cash,Cancelled,949.88
18484,904,35,2025-04-22,UPI,Cancelled,1163.64
18485,721,23,2025-12-07,Card,Delivered,512.68
18486,135,52,2025-03-22,Card,Cancelled,1488.9
18487,957,5,2025-08-07,UPI,Cancelled,2768.22
18488,432,8,2025-07-19,UPI,Delivered,907.34
18489,57,48,2025-11-15,UPI,Delivered,2828.24
18490,867,34,2025-09-08,Card,Delivered,1229.1
18491,977,54,2025-09-09,Card,Delivered,1519.62
18492,390,77,2025-04-12,UPI,Delivered,354.88
18493,960,79,2025-07-16,UPI,Cancelled,1207.08
18494,350,3,2025-02-26,Cash,Delivered,2177.5
18495,239,9,2025-05-14,Card,Delivered,498.25
18496,970,80,2025-06-16,UPI,Cancelled,1226.79
18497,1000,28,2025-01-26,Card,Delivered,796.23
18498,448,66,2025-08-14,UPI,Cancelled,942.64
18499,242,3,2025-03-16,UPI,Cancelled,403.31
18500,68,72,2025-08-10,UPI,Delivered,1347.7
18501,233,7,2025-07-16,Cash,Delivered,2685.7
18502,641,21,2025-11-05,Cash,Delivered,2031.88
18503,840,79,2025-11-03,UPI,Delivered,2743.72
18504,465,73,2025-12-10,UPI,Delivered,738.75
18505,830,12,2025-12-04,UPI,Cancelled,967.78
18506,104,26,2025-05-22,Cash,Delivered,1894.97
18507,98,74,2025-05-19,UPI,Delivered,979.31
18508,868,48,2025-10-03,UPI,Delivered,1181.06
18509,508,27,2025-04-15,Card,Delivered,1003.65
18510,38,47,2025-08-18,Card,Delivered,1285.85
18511,752,88,2025-03-20,Cash,Cancelled,1622.29
18512,290,6,2025-05-14,UPI,Delivered,1881.65
18513,342,81,2025-04-14,Cash,Delivered,596.22
18514,812,13,2025-04-01,UPI,Delivered,933.25
18515,251,88,2025-03-21,Cash,Delivered,2282.49
18516,395,85,2025-04-28,Cash,Cancelled,1137.12
18517,507,6,2025-08-20,Cash,Cancelled,683.47
18518,904,47,2025-12-26,UPI,Cancelled,674.94
18519,941,25,2025-02-06,UPI,Delivered,1730.57
18520,404,87,2025-04-04,Cash,Cancelled,2256.07
18521,406,28,2025-02-12,Cash,Cancelled,1225.82
18522,971,29,2025-09-17,Card,Delivered,2809.43
18523,306,78,2025-01-18,UPI,Cancelled,447.62
18524,19,90,2025-05-24,UPI,Delivered,1179.03
18525,902,3,2025-03-25,Card,Delivered,1987.33
18526,9,88,2025-09-04,Cash,Delivered,2963.15
18527,144,43,2025-05-09,Card,Cancelled,949.13
18528,452,40,2025-02-22,UPI,Delivered,778.91
18529,869,17,2025-10-06,Card,Cancelled,1523.09
18530,13,73,2025-05-08,Card,Delivered,1910.36
18531,128,38,2025-09-06,Cash,Cancelled,2634.49
18532,61,91,2025-11-19,UPI,Cancelled,2337.04
18533,677,30,2025-10-24,UPI,Delivered,662.93
18534,79,62,2025-04-28,Card,Delivered,1610.41
18535,472,68,2025-11-12,Cash,Delivered,876.01
18536,609,15,2025-11-20,UPI,Cancelled,864.58
18537,959,81,2025-06-18,UPI,Delivered,1083.08
18538,168,7,2025-06-25,Cash,Delivered,1436.66
18539,250,42,2025-01-06,Cash,Cancelled,1161.64
18540,603,9,2025-11-20,Cash,Cancelled,1443.8
18541,935,19,2025-01-14,UPI,Delivered,2556.68
18542,166,65,2025-12-13,UPI,Cancelled,2991.49
18543,82,45,2025-03-14,Card,Cancelled,681.21
18544,99,94,2025-05-10,Cash,Cancelled,2796.44
18545,358,76,2025-02-25,Card,Cancelled,2355.67
18546,552,97,2025-09-03,UPI,Delivered,805.06
18547,34,73,2025-11-29,Card,Cancelled,1332.88
18548,390,51,2025-11-01,Card,Delivered,2553.31
18549,82,75,2025-06-19,Card,Delivered,593.15
18550,911,38,2025-08-03,UPI,Delivered,1185.51
18551,336,32,2025-06-26,Cash,Cancelled,2228.53
18552,925,34,2025-03-20,UPI,Cancelled,1733.14
18553,50,65,2025-04-29,UPI,Cancelled,157.37
18554,175,30,2025-02-19,Cash,Delivered,2148.95
18555,731,36,2025-01-09,UPI,Cancelled,2844.8
18556,554,57,2025-02-09,Cash,Cancelled,1634.64
18557,33,49,2025-12-18,UPI,Cancelled,790.66
18558,716,13,2025-07-04,Card,Cancelled,528.92
18559,287,84,2025-10-03,Cash,Delivered,2088.21
18560,778,43,2025-06-07,UPI,Cancelled,2743.55
18561,885,69,2025-06-21,Card,Cancelled,2390.75
18562,698,72,2025-10-07,UPI,Cancelled,2170.54
18563,20,90,2025-08-21,UPI,Cancelled,2843.89
18564,692,29,2025-05-03,Cash,Delivered,1918.21
18565,896,64,2025-03-21,Card,Cancelled,1492.76
18566,448,51,2025-04-25,Card,Cancelled,692.72
18567,613,79,2025-05-20,Card,Delivered,2219.06
18568,757,71,2025-12-24,Cash,Cancelled,2715.34
18569,490,1,2025-07-05,Card,Delivered,2251.58
18570,336,54,2025-09-21,UPI,Delivered,1538.91
18571,814,23,2025-02-15,Card,Cancelled,1414.07
18572,870,41,2025-12-12,Cash,Delivered,2334.67
18573,352,54,2025-11-22,Card,Delivered,2542.1
18574,854,3,2025-11-21,UPI,Cancelled,475.81
18575,297,99,2025-03-17,UPI,Cancelled,2999.24
18576,213,15,2025-12-26,Card,Cancelled,2281.5
18577,794,88,2025-08-04,Card,Cancelled,723.84
18578,211,69,2025-01-10,Card,Cancelled,150.06
18579,654,98,2025-05-16,Cash,Cancelled,1868.62
18580,283,18,2025-02-25,UPI,Cancelled,2415.44
18581,58,61,2025-01-30,UPI,Cancelled,2638.37
18582,927,67,2025-03-23,Cash,Delivered,1578.48
18583,270,20,2025-02-22,UPI,Cancelled,1138.49
18584,180,85,2025-03-28,UPI,Cancelled,1115.46
18585,451,98,2025-01-21,Card,Cancelled,1554.97
18586,306,52,2025-07-11,Cash,Delivered,1715.13
18587,632,37,2025-08-20,UPI,Cancelled,1173.48
18588,969,56,2025-08-27,Card,Cancelled,624.72
18589,273,23,2025-03-29,Card,Delivered,2653.76
18590,991,25,2025-06-11,UPI,Cancelled,2491.81
18591,133,43,2025-08-12,Card,Cancelled,298.7
18592,54,37,2025-06-30,Cash,Delivered,180.36
18593,360,54,2025-02-06,UPI,Cancelled,1385.22
18594,866,24,2025-12-08,Card,Cancelled,238.82
18595,272,46,2025-04-06,UPI,Delivered,1133.35
18596,251,23,2025-08-02,UPI,Cancelled,1084.3
18597,581,85,2025-02-22,Cash,Delivered,2193.04
18598,34,9,2025-01-07,Card,Delivered,1994.69
18599,136,90,2025-07-10,UPI,Cancelled,982.43
18600,269,37,2025-06-26,UPI,Cancelled,152.21
18601,315,69,2025-08-03,UPI,Delivered,1691.15
18602,678,97,2025-04-02,Cash,Delivered,2221.93
18603,4,82,2025-01-01,Cash,Cancelled,1690.14
18604,303,98,2025-04-17,Card,Cancelled,1048.27
18605,237,17,2025-10-16,Card,Cancelled,1503.86
18606,648,40,2025-01-24,UPI,Cancelled,1309.78
18607,496,41,2025-03-12,UPI,Delivered,1445.83
18608,565,77,2025-01-04,Cash,Cancelled,1444.69
18609,951,62,2025-04-29,Card,Delivered,2236.54
18610,901,44,2025-10-27,Card,Cancelled,2217.92
18611,805,18,2025-06-06,Cash,Delivered,780.08
18612,700,49,2025-10-22,Cash,Delivered,159.37
18613,596,76,2025-07-21,Cash,Delivered,2540.13
18614,155,64,2025-08-01,Card,Delivered,1571.62
18615,748,54,2025-01-03,UPI,Cancelled,1941.93
18616,744,44,2025-03-18,UPI,Cancelled,852.68
18617,806,2,2025-05-20,Cash,Cancelled,2613.04
18618,586,34,2025-12-01,Card,Cancelled,1997.52
18619,394,70,2025-10-26,Cash,Cancelled,301.1
18620,752,40,2025-12-19,UPI,Cancelled,2325.96
18621,833,58,2025-08-07,Cash,Cancelled,2126.61
18622,610,92,2025-06-17,Card,Cancelled,2713.32
18623,628,49,2025-08-06,Card,Delivered,1913.34
18624,860,23,2025-10-09,UPI,Cancelled,1334.3
18625,966,89,2025-05-12,Card,Delivered,1877.14
18626,738,55,2025-06-01,Cash,Cancelled,1519.16
18627,373,7,2025-12-27,Cash,Delivered,1749.17
18628,709,96,2025-04-26,UPI,Delivered,769.76
18629,142,82,2025-11-25,Card,Cancelled,1991.82
18630,906,34,2025-05-30,Card,Cancelled,1465.08
18631,261,93,2025-11-06,UPI,Delivered,580.77
18632,184,35,2025-11-14,UPI,Delivered,2885.74
18633,789,13,2025-06-17,UPI,Delivered,2633.12
18634,729,44,2025-02-08,UPI,Cancelled,2459.68
18635,945,42,2025-06-13,UPI,Cancelled,2781.17
18636,197,44,2025-02-23,Card,Cancelled,381.37
18637,530,57,2025-01-15,UPI,Cancelled,1902.93
18638,868,93,2025-10-19,UPI,Delivered,1220.13
18639,189,81,2025-02-18,Card,Delivered,1039.2
18640,26,80,2025-03-31,UPI,Delivered,1698.91
18641,729,51,2025-06-20,Card,Cancelled,2403.68
18642,922,69,2025-01-11,Cash,Cancelled,1899.5
18643,604,57,2025-06-14,Cash,Cancelled,2712.75
18644,701,3,2025-04-08,Cash,Cancelled,2673.46
18645,865,4,2025-06-02,Cash,Delivered,356.87
18646,122,38,2025-11-04,UPI,Delivered,1513.53
18647,323,53,2025-01-05,Card,Cancelled,2472.85
18648,507,67,2025-10-13,Cash,Delivered,1456.07
18649,724,50,2025-07-02,UPI,Cancelled,578.73
18650,246,94,2025-01-25,Card,Delivered,2991.67
18651,910,74,2025-07-22,Cash,Cancelled,1372.33
18652,125,22,2025-05-05,Cash,Cancelled,332.73
18653,151,83,2025-04-29,Cash,Cancelled,948.19
18654,580,17,2025-02-13,Cash,Delivered,572.67
18655,437,70,2025-06-29,Cash,Cancelled,1571.09
18656,362,31,2025-06-11,UPI,Delivered,2354.89
18657,472,49,2025-12-23,Cash,Cancelled,1291.82
18658,37,83,2025-12-09,Cash,Cancelled,2864.65
18659,585,11,2025-05-27,Cash,Delivered,1558.25
18660,629,26,2025-01-15,Card,Delivered,869.06
18661,697,30,2025-12-10,Card,Cancelled,683.62
18662,187,2,2025-12-10,UPI,Delivered,1883.11
18663,987,52,2025-11-30,Cash,Delivered,1694.08
18664,544,51,2025-04-26,UPI,Delivered,2410.98
18665,686,49,2025-08-28,Card,Delivered,932.78
18666,451,66,2025-10-29,UPI,Delivered,292.04
18667,196,74,2025-10-08,UPI,Delivered,2517.82
18668,973,75,2025-12-01,Cash,Delivered,495.81
18669,929,83,2025-03-31,UPI,Delivered,816.65
18670,276,9,2025-07-16,UPI,Delivered,2098.01
18671,230,74,2025-08-13,Card,Cancelled,571.9
18672,136,91,2025-07-30,Cash,Delivered,1772.21
18673,159,57,2025-07-10,UPI,Cancelled,1163.1
18674,449,3,2025-01-03,Cash,Cancelled,278.09
18675,999,39,2025-04-24,UPI,Delivered,2240.75
18676,323,31,2025-07-14,Cash,Cancelled,2373.67
18677,207,96,2025-09-21,Cash,Delivered,1157.89
18678,765,69,2025-09-20,Cash,Delivered,2538.18
18679,546,2,2025-12-26,UPI,Cancelled,2868.11
18680,193,2,2025-07-15,UPI,Delivered,1238.63
18681,480,88,2025-09-01,Cash,Cancelled,506.44
18682,475,91,2025-02-11,UPI,Delivered,1734.86
18683,932,27,2025-12-12,UPI,Delivered,1537.75
18684,7,40,2025-07-12,Card,Cancelled,1320.88
18685,71,68,2025-09-03,UPI,Cancelled,1698.41
18686,893,15,2025-01-19,UPI,Cancelled,2754.73
18687,825,91,2025-02-04,UPI,Cancelled,2010.33
18688,986,34,2025-02-15,Cash,Cancelled,934.47
18689,203,27,2025-01-18,UPI,Delivered,2249.06
18690,558,91,2025-05-08,Cash,Cancelled,2632.47
18691,235,82,2025-07-08,Card,Delivered,534.13
18692,683,1,2025-09-08,UPI,Cancelled,2802.6
18693,334,18,2025-09-12,UPI,Cancelled,1887.51
18694,954,60,2025-04-07,UPI,Delivered,1869.49
18695,215,48,2025-10-03,UPI,Delivered,2972.15
18696,352,19,2025-06-09,Card,Cancelled,559.93
18697,26,70,2025-07-18,Card,Delivered,624.41
18698,995,76,2025-06-22,Cash,Delivered,2387.38
18699,573,71,2025-03-21,UPI,Delivered,957.01
18700,888,92,2025-12-09,Cash,Cancelled,288.94
18701,352,58,2025-02-14,Cash,Delivered,1166.83
18702,50,33,2025-03-21,Card,Delivered,2164.42
18703,713,5,2025-07-26,UPI,Cancelled,2427.72
18704,380,50,2025-03-07,Cash,Delivered,1024.0
18705,807,76,2025-01-17,UPI,Delivered,1736.17
18706,230,4,2025-06-21,Card,Delivered,2038.59
18707,85,64,2025-12-29,Card,Delivered,2426.74
18708,560,6,2025-06-02,Cash,Delivered,1076.98
18709,93,90,2025-11-11,UPI,Cancelled,964.29
18710,805,76,2025-05-31,Cash,Cancelled,1487.09
18711,515,13,2025-01-02,Cash,Delivered,1319.1
18712,406,13,2025-10-28,Cash,Cancelled,1662.16
18713,174,97,2025-05-11,Cash,Cancelled,728.16
18714,893,1,2025-10-01,UPI,Cancelled,1005.49
18715,272,57,2025-02-17,UPI,Delivered,1631.06
18716,990,15,2025-12-17,Card,Cancelled,2745.53
18717,88,13,2025-07-02,UPI,Delivered,1514.51
18718,70,75,2025-07-10,UPI,Delivered,1338.46
18719,490,49,2025-08-23,UPI,Delivered,714.17
18720,654,11,2025-09-19,Cash,Cancelled,835.94
18721,36,97,2025-07-31,Cash,Cancelled,641.41
18722,979,47,2025-12-23,Card,Cancelled,1448.02
18723,86,71,2025-07-12,Card,Delivered,2169.52
18724,562,41,2025-09-13,Cash,Cancelled,534.1
18725,28,91,2025-03-06,UPI,Cancelled,2037.12
18726,246,22,2025-07-10,UPI,Cancelled,2125.45
18727,490,72,2025-08-20,Cash,Cancelled,1610.46
18728,323,97,2025-01-19,Cash,Delivered,610.49
18729,400,83,2025-05-23,Cash,Delivered,765.41
18730,907,92,2025-05-09,Cash,Delivered,1974.33
18731,77,64,2025-09-04,Cash,Delivered,685.72
18732,297,65,2025-02-15,Cash,Delivered,1472.01
18733,327,30,2025-10-07,UPI,Delivered,379.88
18734,974,90,2025-11-13,Card,Delivered,1241.57
18735,27,28,2025-04-12,Cash,Delivered,693.33
18736,518,25,2025-09-25,UPI,Cancelled,1968.69
18737,761,24,2025-09-02,UPI,Cancelled,657.62
18738,225,19,2025-08-20,UPI,Delivered,1843.4
18739,646,9,2025-03-05,Cash,Delivered,1651.76
18740,257,21,2025-12-02,UPI,Cancelled,2229.04
18741,239,87,2025-09-20,UPI,Delivered,2372.84
18742,298,4,2025-10-19,Card,Delivered,2868.14
18743,159,56,2025-02-05,UPI,Delivered,675.38
18744,129,46,2025-11-10,UPI,Cancelled,1703.62
18745,402,99,2025-02-13,Card,Delivered,1276.07
18746,788,8,2025-05-16,Card,Delivered,1020.34
18747,967,44,2025-11-01,Card,Cancelled,1453.43
18748,987,17,2025-09-14,Cash,Delivered,1769.86
18749,495,36,2025-07-31,UPI,Cancelled,353.69
18750,211,53,2025-08-11,Cash,Delivered,2938.09
18751,318,59,2025-07-03,UPI,Cancelled,255.33
18752,828,57,2025-01-03,Card,Delivered,1263.22
18753,503,18,2025-06-13,Card,Delivered,866.9
18754,172,23,2025-06-24,Cash,Cancelled,1754.12
18755,778,13,2025-09-21,Card,Delivered,1790.31
18756,650,13,2025-08-12,UPI,Delivered,1166.69
18757,801,48,2025-11-06,Card,Cancelled,2521.58
18758,461,65,2025-03-13,Cash,Cancelled,1636.12
18759,303,15,2025-07-27,Cash,Delivered,312.18
18760,257,86,2025-11-19,Card,Delivered,2953.57
18761,692,65,2025-03-20,Cash,Cancelled,2782.31
18762,944,79,2025-10-01,Card,Cancelled,2896.75
18763,459,25,2025-08-12,Cash,Cancelled,1258.46
18764,456,35,2025-04-14,UPI,Cancelled,573.39
18765,206,56,2025-10-28,Cash,Delivered,1882.69
18766,90,9,2025-04-03,UPI,Delivered,966.07
18767,262,45,2025-04-28,UPI,Delivered,2185.46
18768,450,54,2025-11-09,Cash,Delivered,1724.9
18769,724,2,2025-10-03,Cash,Delivered,1802.96
18770,686,79,2025-08-20,Cash,Cancelled,2257.65
18771,424,59,2025-11-15,Card,Delivered,1119.81
18772,134,78,2025-06-19,Card,Cancelled,1188.48
18773,565,42,2025-11-10,Cash,Delivered,1801.84
18774,738,58,2025-12-16,Cash,Delivered,2974.55
18775,658,70,2025-04-15,Card,Cancelled,1363.53
18776,751,29,2025-04-20,Cash,Cancelled,1806.66
18777,168,11,2025-05-26,UPI,Cancelled,2766.1
18778,354,5,2025-03-25,Cash,Delivered,2542.06
18779,735,8,2025-03-31,UPI,Delivered,668.1
18780,704,16,2025-02-17,Card,Delivered,231.45
18781,663,5,2025-04-02,UPI,Cancelled,1178.35
18782,821,13,2025-01-12,UPI,Delivered,2930.96
18783,36,16,2025-07-18,UPI,Cancelled,1866.73
18784,289,84,2025-06-11,Card,Cancelled,903.42
18785,94,81,2025-10-24,UPI,Cancelled,1932.89
18786,699,54,2025-07-20,Cash,Cancelled,731.06
18787,858,10,2025-01-24,Card,Cancelled,1031.47
18788,261,40,2025-09-19,Cash,Cancelled,1438.02
18789,889,94,2025-03-13,UPI,Cancelled,1505.51
18790,844,73,2025-11-06,Card,Cancelled,2286.48
18791,511,23,2025-03-11,Cash,Cancelled,1191.16
18792,521,95,2025-06-07,Card,Cancelled,481.51
18793,342,50,2025-09-22,Cash,Delivered,1029.47
18794,278,65,2025-10-26,UPI,Delivered,465.27
18795,56,60,2025-05-10,Cash,Cancelled,668.07
18796,923,74,2025-01-07,UPI,Cancelled,2217.57
18797,768,20,2025-05-13,Card,Cancelled,1479.15
18798,503,75,2025-08-05,UPI,Cancelled,154.81
18799,792,70,2025-04-30,Cash,Delivered,794.35
18800,570,100,2025-03-20,Card,Cancelled,614.68
18801,781,94,2025-03-22,Card,Cancelled,1055.45
18802,711,24,2025-08-15,Cash,Cancelled,1852.06
18803,460,53,2025-08-22,Card,Delivered,924.63
18804,132,46,2025-06-29,Card,Cancelled,1517.23
18805,197,51,2025-10-06,Card,Delivered,2200.84
18806,940,93,2025-06-26,UPI,Cancelled,213.54
18807,691,64,2025-09-23,Card,Cancelled,1401.07
18808,626,64,2025-06-10,Cash,Cancelled,2726.74
18809,366,62,2025-11-14,Cash,Delivered,1960.14
18810,528,89,2025-09-17,Cash,Cancelled,1293.29
18811,968,43,2025-01-28,Cash,Delivered,2099.93
18812,656,16,2025-04-10,UPI,Delivered,2670.25
18813,298,56,2025-08-16,UPI,Cancelled,362.18
18814,471,26,2025-01-22,UPI,Delivered,1727.3
18815,591,47,2025-11-11,Card,Delivered,1672.01
18816,387,88,2025-05-05,Cash,Cancelled,2634.75
18817,577,68,2025-01-30,Card,Cancelled,1105.21
18818,353,87,2025-06-26,Cash,Delivered,2549.43
18819,762,32,2025-11-12,Card,Delivered,1606.29
18820,920,74,2025-10-05,Cash,Delivered,2350.32
18821,44,36,2025-09-16,Card,Cancelled,1478.34
18822,551,52,2025-01-20,Card,Cancelled,2473.88
18823,164,21,2025-11-23,UPI,Cancelled,305.94
18824,684,51,2025-10-24,UPI,Delivered,263.59
18825,15,4,2025-04-29,UPI,Cancelled,1176.41
18826,127,16,2025-10-11,UPI,Cancelled,1984.28
18827,969,39,2025-07-19,Cash,Cancelled,2636.39
18828,252,98,2025-01-16,Cash,Delivered,2169.22
18829,543,63,2025-09-10,Cash,Delivered,1106.03
18830,871,88,2025-03-09,Card,Delivered,1248.45
18831,742,96,2025-05-21,UPI,Cancelled,1602.57
18832,267,51,2025-01-09,UPI,Cancelled,2342.96
18833,179,59,2025-06-24,UPI,Delivered,2932.02
18834,35,14,2025-09-07,Cash,Cancelled,1615.25
18835,895,81,2025-03-01,UPI,Cancelled,2382.94
18836,352,41,2025-06-29,Cash,Delivered,627.58
18837,334,83,2025-02-25,UPI,Delivered,2291.15
18838,627,72,2025-06-01,UPI,Cancelled,2208.18
18839,288,56,2025-04-26,Card,Delivered,2258.07
18840,45,81,2025-03-08,UPI,Delivered,2229.41
18841,13,11,2025-05-16,Cash,Delivered,276.9
18842,965,72,2025-10-27,UPI,Delivered,626.98
18843,345,96,2025-02-06,Card,Delivered,154.67
18844,107,53,2025-04-03,Cash,Cancelled,1098.97
18845,949,97,2025-02-07,UPI,Cancelled,954.33
18846,321,97,2025-12-18,UPI,Delivered,2691.83
18847,246,80,2025-06-27,Card,Delivered,2576.02
18848,717,7,2025-02-15,UPI,Delivered,2053.32
18849,254,2,2025-07-05,UPI,Delivered,2560.91
18850,216,52,2025-06-23,UPI,Delivered,907.81
18851,699,26,2025-01-31,UPI,Delivered,2156.09
18852,337,97,2025-03-11,Cash,Delivered,648.53
18853,275,19,2025-09-09,UPI,Cancelled,2164.46
18854,830,78,2025-11-12,Card,Cancelled,1528.04
18855,912,20,2025-01-08,Cash,Cancelled,676.69
18856,205,31,2025-06-06,UPI,Delivered,1197.32
18857,158,82,2025-11-27,Card,Delivered,217.97
18858,429,58,2025-03-27,Card,Cancelled,2923.25
18859,637,65,2025-09-08,UPI,Delivered,1484.82
18860,251,49,2025-04-15,Cash,Cancelled,2731.97
18861,148,14,2025-05-29,Cash,Delivered,2697.24
18862,371,18,2025-10-24,Card,Delivered,1243.17
18863,318,28,2025-08-15,Cash,Delivered,982.24
18864,808,48,2025-12-08,UPI,Cancelled,1350.46
18865,816,68,2025-07-11,Cash,Delivered,908.04
18866,228,1,2025-03-05,UPI,Cancelled,879.62
18867,321,20,2025-11-02,Cash,Cancelled,273.05
18868,478,52,2025-05-23,Cash,Cancelled,1735.97
18869,310,16,2025-10-06,Cash,Delivered,2530.35
18870,250,53,2025-05-02,Cash,Cancelled,469.16
18871,672,43,2025-06-08,Card,Cancelled,1761.29
18872,815,59,2025-09-23,Cash,Cancelled,2270.13
18873,585,47,2025-08-23,Cash,Delivered,623.19
18874,408,62,2025-10-30,Cash,Delivered,1151.75
18875,107,31,2025-09-23,Cash,Cancelled,2840.07
18876,659,96,2025-11-27,UPI,Delivered,1941.78
18877,655,91,2025-09-03,Cash,Delivered,588.97
18878,319,40,2025-05-07,Card,Delivered,1473.02
18879,690,82,2025-01-04,Cash,Delivered,2063.98
18880,525,15,2025-10-14,Card,Delivered,1902.86
18881,426,84,2025-06-22,Card,Cancelled,1842.59
18882,465,75,2025-07-19,Card,Delivered,758.56
18883,584,27,2025-03-31,UPI,Cancelled,610.02
18884,679,34,2025-03-16,UPI,Cancelled,189.05
18885,927,63,2025-04-26,UPI,Cancelled,1747.55
18886,591,29,2025-05-07,Card,Delivered,2624.2
18887,966,56,2025-10-10,UPI,Cancelled,2346.05
18888,200,15,2025-07-13,Card,Delivered,1887.83
18889,142,97,2025-11-21,Cash,Delivered,2995.02
18890,794,26,2025-07-18,UPI,Cancelled,677.21
18891,772,52,2025-07-26,Cash,Delivered,1436.56
18892,69,12,2025-04-29,UPI,Delivered,2063.04
18893,580,28,2025-01-25,Card,Cancelled,1800.81
18894,400,9,2025-12-22,Cash,Cancelled,1551.05
18895,123,58,2025-10-22,Cash,Delivered,2559.27
18896,436,27,2025-01-21,Cash,Cancelled,2218.69
18897,462,86,2025-09-30,Card,Cancelled,2706.85
18898,455,83,2025-06-27,Cash,Delivered,1322.59
18899,287,28,2025-10-09,Cash,Cancelled,898.41
18900,106,50,2025-10-18,Card,Cancelled,958.27
18901,132,3,2025-07-31,Card,Delivered,1286.79
18902,17,39,2025-06-01,Cash,Delivered,2911.35
18903,785,79,2025-06-16,Cash,Delivered,708.08
18904,215,92,2025-10-04,Card,Cancelled,2311.61
18905,668,68,2025-06-14,Cash,Cancelled,2051.54
18906,899,61,2025-09-12,Card,Cancelled,579.31
18907,746,62,2025-10-08,UPI,Delivered,1700.63
18908,514,82,2025-03-25,UPI,Delivered,1698.57
18909,596,71,2025-06-18,UPI,Cancelled,2161.09
18910,523,69,2025-02-14,Cash,Cancelled,596.57
18911,685,25,2025-12-23,Card,Delivered,2789.72
18912,634,87,2025-01-07,Cash,Cancelled,549.85
18913,362,79,2025-07-26,Cash,Delivered,2732.77
18914,191,38,2025-11-22,UPI,Delivered,2720.12
18915,822,50,2025-11-02,Cash,Cancelled,1348.84
18916,390,54,2025-10-31,Cash,Cancelled,2036.61
18917,989,78,2025-03-15,Cash,Cancelled,1441.55
18918,757,57,2025-06-18,Cash,Cancelled,2287.34
18919,131,85,2025-06-11,UPI,Cancelled,2267.48
18920,527,42,2025-03-03,UPI,Delivered,1704.78
18921,242,93,2025-09-11,Cash,Delivered,470.09
18922,432,8,2025-04-21,UPI,Cancelled,1101.73
18923,791,81,2025-03-09,Cash,Delivered,2201.84
18924,777,60,2025-02-19,UPI,Cancelled,2495.69
18925,571,13,2025-06-02,UPI,Delivered,999.71
18926,787,88,2025-04-20,Card,Delivered,2466.52
18927,41,35,2025-06-10,Cash,Delivered,1083.53
18928,116,64,2025-02-25,Card,Delivered,1382.48
18929,119,44,2025-02-05,Cash,Cancelled,980.84
18930,740,92,2025-05-23,Card,Cancelled,1065.55
18931,334,18,2025-03-13,Card,Cancelled,2005.41
18932,65,3,2025-04-28,Cash,Cancelled,866.62
18933,457,60,2025-10-30,Cash,Cancelled,863.99
18934,967,29,2025-02-25,Cash,Cancelled,1290.7
18935,51,84,2025-09-07,UPI,Cancelled,2752.06
18936,426,44,2025-08-19,Cash,Cancelled,953.15
18937,289,17,2025-04-05,Card,Delivered,2666.69
18938,35,54,2025-06-15,UPI,Delivered,2981.72
18939,451,97,2025-10-19,Card,Delivered,2572.88
18940,399,40,2025-11-20,Cash,Cancelled,2798.45
18941,559,78,2025-01-16,Card,Cancelled,2160.07
18942,282,39,2025-08-04,Cash,Cancelled,440.45
18943,944,94,2025-08-06,Cash,Cancelled,1629.64
18944,58,20,2025-05-18,Card,Cancelled,2311.42
18945,794,13,2025-07-07,UPI,Delivered,507.64
18946,880,19,2025-07-10,Card,Cancelled,439.68
18947,835,23,2025-10-29,Cash,Delivered,1407.78
18948,826,59,2025-06-02,Card,Delivered,2929.31
18949,45,20,2025-04-30,Cash,Cancelled,922.65
18950,544,14,2025-03-23,UPI,Cancelled,2378.99
18951,493,43,2025-11-15,Cash,Delivered,777.51
18952,320,60,2025-02-01,UPI,Cancelled,2468.56
18953,475,99,2025-06-05,Cash,Delivered,1596.52
18954,113,19,2025-01-03,Card,Cancelled,2895.43
18955,959,26,2025-01-25,UPI,Cancelled,2868.7
18956,288,36,2025-03-01,Card,Cancelled,2652.79
18957,202,67,2025-06-18,Cash,Delivered,1924.16
18958,113,64,2025-10-06,UPI,Delivered,2574.93
18959,513,86,2025-05-10,UPI,Delivered,2873.39
18960,8,11,2025-09-17,Card,Delivered,1319.34
18961,266,89,2025-03-14,UPI,Cancelled,1460.44
18962,459,60,2025-03-31,UPI,Delivered,1633.74
18963,776,68,2025-11-24,Cash,Cancelled,2737.8
18964,455,54,2025-07-26,Cash,Cancelled,292.63
18965,217,30,2025-12-09,Card,Delivered,2559.31
18966,802,28,2025-10-17,UPI,Delivered,2471.62
18967,694,67,2025-04-28,Card,Cancelled,2038.06
18968,728,13,2025-02-13,UPI,Delivered,2778.44
18969,808,67,2025-05-16,UPI,Cancelled,2023.0
18970,83,97,2025-12-29,Cash,Cancelled,1746.98
18971,984,100,2025-12-22,Cash,Cancelled,1112.64
18972,684,37,2025-02-23,Cash,Cancelled,567.83
18973,272,14,2025-05-04,Cash,Cancelled,2595.82
18974,346,11,2025-08-01,UPI,Cancelled,2294.59
18975,528,12,2025-11-15,Card,Delivered,1379.79
18976,744,69,2025-04-14,Cash,Cancelled,1314.41
18977,409,81,2025-07-15,UPI,Delivered,431.93
18978,781,23,2025-09-06,UPI,Delivered,1737.06
18979,12,82,2025-11-01,Card,Delivered,2542.57
18980,479,99,2025-08-16,Card,Delivered,2362.36
18981,564,67,2025-11-02,UPI,Delivered,1030.72
18982,465,80,2025-09-13,Card,Delivered,350.47
18983,329,39,2025-08-28,Card,Delivered,269.64
18984,576,34,2025-03-31,Cash,Cancelled,151.45
18985,248,82,2025-08-19,UPI,Delivered,2661.44
18986,861,82,2025-12-03,Card,Delivered,841.75
18987,540,70,2025-01-23,Card,Cancelled,485.36
18988,537,34,2025-12-13,Card,Delivered,1516.59
18989,25,46,2025-05-08,UPI,Cancelled,1384.45
18990,325,66,2025-08-24,UPI,Delivered,203.77
18991,176,36,2025-09-20,UPI,Delivered,2660.97
18992,167,55,2025-12-15,Cash,Delivered,1240.8
18993,344,13,2025-06-30,Card,Delivered,2029.09
18994,989,3,2025-10-07,UPI,Delivered,2282.6
18995,159,84,2025-11-11,Cash,Delivered,1605.15
18996,521,86,2025-04-15,Cash,Cancelled,902.66
18997,551,72,2025-01-25,Cash,Delivered,862.43
18998,271,93,2025-05-13,Cash,Delivered,1929.98
18999,977,94,2025-01-24,UPI,Delivered,582.93
19000,973,44,2025-04-26,Card,Delivered,451.02
19001,518,31,2025-11-26,Cash,Delivered,365.93
19002,186,32,2025-01-09,Card,Delivered,1643.17
19003,925,10,2025-07-01,Card,Delivered,1450.54
19004,179,76,2025-03-14,Card,Cancelled,1547.32
19005,247,44,2025-10-14,Cash,Delivered,2684.43
19006,581,32,2025-04-24,UPI,Cancelled,2209.76
19007,617,39,2025-09-28,Card,Delivered,2579.58
19008,239,17,2025-01-21,Cash,Delivered,414.28
19009,625,91,2025-11-02,Cash,Delivered,1147.65
19010,597,12,2025-03-23,Card,Delivered,2394.46
19011,599,20,2025-05-17,UPI,Delivered,1457.31
19012,106,66,2025-08-08,Card,Delivered,1680.89
19013,430,75,2025-04-23,Card,Cancelled,2010.31
19014,139,49,2025-11-25,Cash,Delivered,1502.12
19015,780,36,2025-10-06,UPI,Delivered,310.36
19016,557,99,2025-11-20,Cash,Cancelled,306.26
19017,213,65,2025-02-17,Cash,Cancelled,422.68
19018,322,54,2025-02-22,Cash,Cancelled,2673.44
19019,116,33,2025-02-13,Card,Delivered,1146.22
19020,680,22,2025-10-28,Cash,Cancelled,2222.12
19021,304,89,2025-05-14,Cash,Delivered,1265.65
19022,132,16,2025-12-22,UPI,Cancelled,1464.88
19023,221,45,2025-11-03,Card,Delivered,2936.04
19024,752,55,2025-04-07,UPI,Delivered,2342.94
19025,743,21,2025-02-07,UPI,Delivered,1738.49
19026,950,43,2025-09-15,UPI,Cancelled,1831.65
19027,567,93,2025-10-20,Card,Delivered,2136.91
19028,440,18,2025-01-10,Card,Delivered,1845.95
19029,835,34,2025-08-09,UPI,Cancelled,712.73
19030,265,92,2025-12-05,Card,Delivered,450.63
19031,428,39,2025-11-19,UPI,Delivered,2554.16
19032,831,57,2025-11-23,Card,Delivered,1810.74
19033,669,35,2025-03-13,Card,Delivered,2265.13
19034,22,24,2025-03-08,Card,Cancelled,1266.11
19035,58,92,2025-09-07,Cash,Cancelled,1740.27
19036,45,38,2025-09-13,Cash,Cancelled,434.03
19037,538,64,2025-12-10,UPI,Delivered,2265.63
19038,240,69,2025-08-20,Cash,Cancelled,459.22
19039,839,26,2025-02-24,Cash,Delivered,978.87
19040,5,70,2025-05-19,UPI,Cancelled,807.04
19041,153,19,2025-12-05,Cash,Delivered,1037.23
19042,60,90,2025-03-26,UPI,Cancelled,388.47
19043,692,55,2025-06-29,Cash,Cancelled,1700.77
19044,808,57,2025-06-19,UPI,Cancelled,2984.81
19045,949,34,2025-08-09,UPI,Cancelled,1253.56
19046,327,51,2025-04-01,Cash,Delivered,1569.44
19047,196,61,2025-09-30,Card,Cancelled,2906.23
19048,269,77,2025-08-17,Cash,Delivered,2149.7
19049,104,40,2025-06-29,Card,Cancelled,908.71
19050,843,97,2025-05-16,UPI,Delivered,1790.51
19051,64,29,2025-07-26,Cash,Delivered,655.27
19052,923,1,2025-11-05,UPI,Cancelled,1802.74
19053,223,9,2025-04-28,Card,Delivered,1684.12
19054,272,64,2025-11-29,Card,Cancelled,957.89
19055,560,44,2025-04-24,UPI,Cancelled,1744.3
19056,903,56,2025-10-02,Card,Cancelled,2911.9
19057,508,60,2025-02-16,UPI,Delivered,2239.71
19058,132,86,2025-01-22,Card,Cancelled,2628.45
19059,421,34,2025-01-18,UPI,Delivered,1391.65
19060,302,1,2025-07-19,UPI,Cancelled,1407.63
19061,873,54,2025-04-25,Card,Delivered,448.46
19062,333,46,2025-10-08,Card,Delivered,1192.93
19063,515,55,2025-10-19,Card,Cancelled,1966.96
19064,842,100,2025-08-28,Cash,Cancelled,2079.25
19065,1,47,2025-07-19,UPI,Cancelled,2079.7
19066,842,81,2025-01-16,UPI,Delivered,2386.1
19067,189,1,2025-02-09,UPI,Delivered,1812.18
19068,745,82,2025-10-13,Cash,Delivered,486.0
19069,741,30,2025-02-15,UPI,Delivered,217.41
19070,785,16,2025-06-08,Cash,Cancelled,2010.93
19071,420,30,2025-04-15,Card,Cancelled,2879.56
19072,702,76,2025-09-22,Cash,Cancelled,2172.11
19073,100,93,2025-01-09,UPI,Delivered,1539.71
19074,360,90,2025-04-24,Card,Delivered,831.63
19075,639,82,2025-11-20,Cash,Cancelled,1693.21
19076,599,6,2025-01-10,Card,Delivered,1360.84
19077,718,94,2025-09-20,UPI,Delivered,2337.61
19078,118,78,2025-07-02,UPI,Cancelled,1635.83
19079,545,30,2025-07-16,Cash,Cancelled,386.46
19080,496,70,2025-06-04,Cash,Cancelled,1572.29
19081,83,81,2025-08-20,Cash,Delivered,2804.18
19082,220,99,2025-11-18,UPI,Cancelled,1532.43
19083,483,74,2025-09-27,Card,Delivered,1939.9
19084,519,12,2025-09-16,Card,Delivered,1143.67
19085,920,55,2025-12-04,Card,Cancelled,957.43
19086,604,94,2025-09-05,Card,Cancelled,2147.35
19087,464,29,2025-08-09,UPI,Cancelled,2599.3
19088,296,76,2025-10-09,Card,Cancelled,581.62
19089,827,9,2025-10-03,UPI,Delivered,1915.56
19090,984,87,2025-01-09,Cash,Delivered,1608.5
19091,891,30,2025-10-22,UPI,Delivered,1857.55
19092,427,35,2025-08-19,Card,Delivered,1505.75
19093,222,73,2025-02-02,Card,Delivered,2044.67
19094,3,49,2025-01-16,Card,Delivered,2400.56
19095,245,79,2025-09-21,Card,Delivered,2430.39
19096,852,48,2025-12-14,Cash,Cancelled,443.04
19097,102,15,2025-12-29,UPI,Delivered,2856.66
19098,697,8,2025-04-21,UPI,Cancelled,424.73
19099,630,37,2025-11-11,UPI,Delivered,2678.09
19100,716,85,2025-03-17,Card,Delivered,1585.02
19101,622,97,2025-10-31,Card,Cancelled,270.88
19102,432,74,2025-08-13,Card,Delivered,1419.49
19103,890,24,2025-08-06,Cash,Delivered,947.73
19104,653,50,2025-05-29,Cash,Delivered,969.91
19105,589,44,2025-01-12,Cash,Delivered,604.08
19106,637,23,2025-08-11,Card,Delivered,683.43
19107,452,84,2025-04-09,Cash,Cancelled,1696.39
19108,129,81,2025-11-14,Card,Delivered,2395.89
19109,902,77,2025-03-10,Card,Cancelled,1639.8
19110,113,72,2025-04-03,Cash,Delivered,293.01
19111,941,41,2025-09-06,Cash,Delivered,2799.24
19112,489,33,2025-09-13,Cash,Delivered,1845.65
19113,366,19,2025-03-02,UPI,Delivered,1712.22
19114,554,53,2025-08-07,Card,Delivered,216.16
19115,256,95,2025-01-16,Cash,Delivered,687.79
19116,308,48,2025-03-03,Cash,Cancelled,1910.23
19117,648,6,2025-07-18,UPI,Cancelled,794.29
19118,565,49,2025-02-13,Cash,Delivered,1252.44
19119,752,80,2025-06-21,Cash,Cancelled,742.91
19120,170,16,2025-06-19,Cash,Delivered,2923.06
19121,340,24,2025-10-26,Card,Delivered,1721.69
19122,288,55,2025-05-08,Cash,Cancelled,1735.21
19123,320,13,2025-07-07,UPI,Delivered,1232.79
19124,82,95,2025-03-18,Card,Delivered,2729.81
19125,584,84,2025-01-04,Cash,Cancelled,233.97
19126,763,10,2025-07-19,Card,Cancelled,1379.06
19127,400,22,2025-12-02,Cash,Delivered,2602.25
19128,677,70,2025-12-12,Cash,Cancelled,2742.81
19129,657,58,2025-08-31,UPI,Delivered,1250.06
19130,762,14,2025-07-26,Card,Cancelled,483.02
19131,381,62,2025-05-23,Cash,Delivered,470.84
19132,729,64,2025-06-05,Cash,Cancelled,1645.8
19133,386,37,2025-05-10,Card,Delivered,2077.85
19134,654,4,2025-01-26,Card,Cancelled,2971.58
19135,924,49,2025-07-19,Card,Delivered,2788.04
19136,253,40,2025-09-21,Cash,Delivered,692.15
19137,661,88,2025-08-26,Cash,Cancelled,1859.97
19138,993,24,2025-02-28,Card,Delivered,2213.71
19139,384,94,2025-05-03,Card,Delivered,2718.39
19140,16,34,2025-10-08,Cash,Delivered,580.01
19141,176,43,2025-04-01,UPI,Cancelled,857.8
19142,950,60,2025-08-22,Card,Cancelled,1851.84
19143,846,70,2025-05-27,Cash,Delivered,1169.13
19144,468,12,2025-11-14,Card,Cancelled,818.19
19145,539,64,2025-11-03,Cash,Cancelled,1665.65
19146,715,64,2025-09-12,Card,Cancelled,2738.35
19147,62,63,2025-09-13,Cash,Delivered,476.93
19148,158,78,2025-09-16,UPI,Cancelled,2896.84
19149,933,18,2025-08-12,Cash,Cancelled,2148.12
19150,821,25,2025-08-17,Card,Cancelled,2584.18
19151,955,66,2025-03-19,UPI,Delivered,1373.7
19152,43,46,2025-10-01,Cash,Cancelled,1737.09
19153,846,62,2025-12-18,Card,Delivered,468.23
19154,400,87,2025-01-12,Card,Delivered,1085.02
19155,205,29,2025-01-30,Cash,Cancelled,1380.73
19156,643,8,2025-04-02,Card,Cancelled,1476.43
19157,484,20,2025-01-23,Cash,Cancelled,2837.04
19158,255,78,2025-02-06,Card,Delivered,2058.15
19159,271,81,2025-02-02,Cash,Delivered,2343.7
19160,183,95,2025-08-17,Card,Cancelled,712.18
19161,524,45,2025-05-19,Cash,Delivered,992.56
19162,716,9,2025-05-01,Card,Delivered,1122.18
19163,412,80,2025-05-29,Cash,Delivered,1424.78
19164,892,21,2025-02-28,UPI,Cancelled,1832.09
19165,407,9,2025-02-08,Cash,Delivered,2953.05
19166,205,70,2025-09-30,UPI,Cancelled,151.02
19167,620,61,2025-11-05,Cash,Cancelled,711.05
19168,243,31,2025-08-14,UPI,Cancelled,1562.84
19169,56,12,2025-06-28,UPI,Delivered,1702.62
19170,974,31,2025-11-12,Cash,Cancelled,2632.34
19171,736,21,2025-10-19,Cash,Delivered,1356.83
19172,994,46,2025-09-05,Cash,Cancelled,2975.49
19173,844,48,2025-06-15,Cash,Delivered,1873.35
19174,784,22,2025-10-15,Cash,Delivered,2430.41
19175,779,3,2025-02-10,Cash,Delivered,511.12
19176,818,96,2025-01-17,Card,Delivered,2808.96
19177,269,57,2025-02-04,UPI,Cancelled,701.7
19178,107,40,2025-11-22,UPI,Cancelled,1019.81
19179,366,76,2025-08-30,Card,Delivered,1210.57
19180,943,16,2025-10-13,Card,Cancelled,2973.38
19181,840,3,2025-10-24,Cash,Cancelled,2137.21
19182,625,25,2025-04-21,Cash,Cancelled,2874.32
19183,367,16,2025-05-25,Card,Cancelled,341.29
19184,262,33,2025-11-28,UPI,Delivered,2012.86
19185,888,14,2025-07-13,Card,Delivered,2195.02
19186,628,86,2025-08-14,UPI,Delivered,2699.67
19187,623,69,2025-05-03,UPI,Delivered,2929.64
19188,442,17,2025-06-25,UPI,Cancelled,1969.22
19189,387,83,2025-06-27,Cash,Cancelled,1815.4
19190,527,13,2025-08-05,Cash,Cancelled,2755.69
19191,1,34,2025-10-10,Card,Cancelled,1210.47
19192,226,83,2025-08-07,Card,Cancelled,644.34
19193,869,50,2025-10-21,UPI,Delivered,812.14
19194,505,99,2025-08-26,UPI,Cancelled,2722.94
19195,594,9,2025-04-08,Cash,Delivered,201.49
19196,546,69,2025-07-28,Card,Cancelled,793.59
19197,953,93,2025-01-14,Card,Delivered,2975.57
19198,468,3,2025-08-07,UPI,Delivered,1714.38
19199,161,25,2025-03-24,UPI,Delivered,1746.44
19200,916,34,2025-09-14,Card,Delivered,2109.4
19201,294,25,2025-09-26,UPI,Delivered,1317.01
19202,327,5,2025-10-23,Card,Cancelled,218.23
19203,813,33,2025-09-26,Card,Delivered,1336.26
19204,324,94,2025-05-29,UPI,Cancelled,1487.36
19205,932,15,2025-04-22,Card,Cancelled,2211.45
19206,55,9,2025-12-21,Card,Delivered,2309.42
19207,204,7,2025-12-13,Card,Cancelled,2086.59
19208,500,1,2025-01-28,Cash,Delivered,666.88
19209,51,23,2025-12-04,UPI,Delivered,2814.9
19210,431,70,2025-12-21,Card,Cancelled,1991.37
19211,728,2,2025-10-04,Cash,Cancelled,2912.15
19212,280,69,2025-04-15,UPI,Cancelled,2828.88
19213,603,4,2025-12-07,Cash,Delivered,2464.76
19214,233,29,2025-10-04,Cash,Cancelled,683.61
19215,216,95,2025-10-12,UPI,Cancelled,2226.11
19216,392,55,2025-03-08,Card,Delivered,348.85
19217,175,65,2025-12-25,Card,Cancelled,2044.72
19218,939,56,2025-09-15,Cash,Delivered,980.3
19219,922,18,2025-12-14,Card,Delivered,2977.71
19220,382,94,2025-11-07,Card,Delivered,412.6
19221,185,84,2025-08-18,UPI,Cancelled,1273.44
19222,282,38,2025-11-25,Cash,Cancelled,2087.41
19223,803,28,2025-02-07,Card,Cancelled,1827.5
19224,89,8,2025-07-03,UPI,Delivered,704.33
19225,868,37,2025-08-16,Card,Cancelled,332.69
19226,322,1,2025-01-08,Cash,Delivered,1452.54
19227,782,54,2025-01-06,Card,Cancelled,2881.11
19228,71,6,2025-02-16,UPI,Cancelled,1439.62
19229,451,43,2025-12-16,Card,Delivered,2866.55
19230,941,50,2025-12-19,UPI,Delivered,1212.08
19231,850,8,2025-11-26,Card,Cancelled,894.04
19232,257,100,2025-05-21,Card,Cancelled,1209.62
19233,457,26,2025-09-07,UPI,Delivered,584.6
19234,4,72,2025-09-26,Cash,Delivered,295.39
19235,546,68,2025-10-15,UPI,Cancelled,475.75
19236,65,30,2025-10-12,Cash,Cancelled,407.09
19237,183,51,2025-09-10,UPI,Delivered,1968.94
19238,337,12,2025-04-16,UPI,Delivered,895.42
19239,492,44,2025-06-11,UPI,Cancelled,510.97
19240,713,81,2025-10-03,Card,Delivered,393.9
19241,935,31,2025-03-27,Card,Delivered,2775.49
19242,337,50,2025-11-24,Cash,Cancelled,449.6
19243,309,56,2025-06-19,UPI,Cancelled,1218.45
19244,89,36,2025-07-25,Card,Cancelled,1121.88
19245,74,67,2025-05-15,Cash,Delivered,2922.96
19246,534,11,2025-06-08,Cash,Delivered,1717.48
19247,784,79,2025-05-22,UPI,Delivered,217.81
19248,58,72,2025-08-09,Card,Cancelled,1632.99
19249,73,61,2025-03-21,UPI,Delivered,2733.75
19250,641,10,2025-09-07,UPI,Delivered,797.19
19251,253,30,2025-10-06,Cash,Cancelled,1292.1
19252,31,38,2025-11-19,UPI,Delivered,321.5
19253,505,11,2025-09-25,Cash,Cancelled,2828.65
19254,340,6,2025-10-25,UPI,Delivered,1942.19
19255,840,32,2025-04-10,Cash,Delivered,1110.8
19256,218,37,2025-08-31,Cash,Cancelled,2691.1
19257,38,10,2025-05-18,Card,Delivered,2357.13
19258,541,40,2025-02-27,Cash,Delivered,2940.04
19259,885,39,2025-09-15,UPI,Cancelled,1171.81
19260,461,14,2025-04-28,UPI,Cancelled,816.67
19261,962,97,2025-12-13,Cash,Cancelled,521.05
19262,146,16,2025-03-22,Card,Cancelled,2250.68
19263,144,74,2025-12-27,Card,Delivered,2545.1
19264,27,36,2025-03-31,UPI,Delivered,2488.17
19265,920,19,2025-10-12,UPI,Cancelled,2569.4
19266,876,42,2025-07-12,UPI,Cancelled,1667.01
19267,589,57,2025-05-10,UPI,Cancelled,1164.56
19268,932,48,2025-01-01,UPI,Delivered,435.16
19269,692,40,2025-06-19,Cash,Delivered,2304.66
19270,977,33,2025-07-08,Cash,Cancelled,1366.77
19271,107,6,2025-08-01,UPI,Cancelled,1507.72
19272,228,49,2025-02-01,UPI,Delivered,1583.02
19273,858,87,2025-06-12,UPI,Delivered,555.22
19274,190,41,2025-06-17,UPI,Cancelled,2567.92
19275,757,77,2025-02-22,Card,Cancelled,2205.56
19276,47,43,2025-04-02,Card,Delivered,2648.26
19277,365,72,2025-05-17,UPI,Delivered,2749.54
19278,394,44,2025-08-03,Cash,Cancelled,923.08
19279,861,24,2025-05-13,Card,Delivered,831.42
19280,849,70,2025-06-25,UPI,Delivered,536.29
19281,969,56,2025-12-02,Cash,Delivered,2173.53
19282,858,93,2025-12-29,Card,Cancelled,531.37
19283,619,68,2025-01-28,Card,Delivered,407.73
19284,288,46,2025-06-22,Cash,Delivered,2085.69
19285,91,68,2025-04-20,Cash,Cancelled,1535.95
19286,857,45,2025-04-12,Card,Delivered,1852.81
19287,778,73,2025-06-21,Card,Cancelled,2659.19
19288,759,41,2025-09-26,Card,Cancelled,2521.46
19289,806,17,2025-03-09,UPI,Cancelled,1793.59
19290,426,79,2025-02-13,Card,Cancelled,1562.02
19291,158,95,2025-12-17,Card,Delivered,1525.54
19292,851,83,2025-03-02,Cash,Delivered,2195.15
19293,282,2,2025-12-30,Cash,Delivered,1446.47
19294,888,94,2025-11-15,Card,Delivered,2812.53
19295,620,33,2025-04-08,UPI,Delivered,1162.46
19296,769,63,2025-02-18,UPI,Delivered,529.7
19297,972,87,2025-12-14,UPI,Cancelled,1430.79
19298,708,78,2025-01-07,UPI,Cancelled,2543.84
19299,123,35,2025-09-10,Card,Delivered,1767.77
19300,97,41,2025-08-04,Card,Delivered,1795.99
19301,525,53,2025-12-30,UPI,Cancelled,2923.49
19302,874,86,2025-05-16,UPI,Cancelled,356.64
19303,389,41,2025-12-25,UPI,Cancelled,729.86
19304,280,92,2025-04-15,Card,Delivered,1748.39
19305,829,23,2025-01-08,UPI,Cancelled,1360.39
19306,53,95,2025-07-01,UPI,Delivered,2221.17
19307,568,51,2025-12-22,UPI,Cancelled,645.3
19308,16,39,2025-03-23,Card,Cancelled,303.46
19309,338,46,2025-04-11,Cash,Cancelled,364.41
19310,267,22,2025-04-19,UPI,Cancelled,2793.7
19311,28,84,2025-02-15,Cash,Cancelled,1629.77
19312,909,24,2025-06-27,UPI,Delivered,1350.14
19313,731,91,2025-03-14,UPI,Cancelled,2061.24
19314,118,40,2025-12-23,Card,Delivered,2797.85
19315,660,72,2025-10-02,UPI,Delivered,1156.87
19316,735,30,2025-10-12,UPI,Delivered,2169.63
19317,158,63,2025-10-25,UPI,Cancelled,2927.45
19318,95,50,2025-05-29,Cash,Cancelled,1588.86
19319,28,72,2025-09-26,UPI,Delivered,2985.64
19320,846,68,2025-08-08,Card,Cancelled,2406.45
19321,927,5,2025-09-18,Cash,Delivered,660.91
19322,84,13,2025-03-03,UPI,Delivered,2494.88
19323,260,5,2025-10-23,Card,Cancelled,1107.51
19324,279,16,2025-03-19,UPI,Delivered,1699.37
19325,914,65,2025-07-08,Cash,Delivered,177.13
19326,746,16,2025-01-21,Cash,Delivered,347.64
19327,388,74,2025-01-23,Cash,Cancelled,1708.02
19328,961,96,2025-09-04,Card,Delivered,787.91
19329,205,69,2025-09-15,UPI,Delivered,776.61
19330,609,43,2025-05-23,UPI,Delivered,1984.31
19331,758,74,2025-09-06,Card,Cancelled,2743.37
19332,317,24,2025-03-10,Card,Cancelled,1867.61
19333,345,64,2025-04-07,UPI,Cancelled,2420.11
19334,252,63,2025-01-31,Card,Delivered,2137.75
19335,421,31,2025-04-26,UPI,Delivered,1115.49
19336,342,14,2025-12-20,Cash,Delivered,856.62
19337,836,88,2025-11-24,UPI,Delivered,2367.66
19338,65,100,2025-01-31,UPI,Delivered,2929.9
19339,264,8,2025-08-22,Cash,Delivered,1181.6
19340,261,49,2025-03-27,Card,Delivered,2357.86
19341,167,16,2025-12-09,Card,Delivered,2313.83
19342,87,16,2025-02-08,Cash,Delivered,1776.98
19343,568,46,2025-05-10,UPI,Cancelled,2393.85
19344,679,78,2025-02-19,UPI,Delivered,2292.22
19345,791,83,2025-01-21,Card,Cancelled,538.03
19346,723,56,2025-09-22,Card,Delivered,2538.08
19347,179,75,2025-12-12,Card,Cancelled,2266.37
19348,765,11,2025-12-02,Cash,Delivered,1970.23
19349,253,74,2025-07-11,UPI,Cancelled,211.86
19350,894,16,2025-07-11,Cash,Cancelled,159.15
19351,619,76,2025-04-26,UPI,Delivered,2611.45
19352,314,37,2025-01-05,Cash,Delivered,1305.32
19353,957,49,2025-10-25,UPI,Cancelled,1009.74
19354,300,43,2025-08-05,UPI,Delivered,956.3
19355,272,83,2025-04-14,UPI,Cancelled,1621.12
19356,646,29,2025-04-17,Card,Delivered,1233.52
19357,212,37,2025-04-18,UPI,Delivered,1267.39
19358,646,7,2025-01-07,UPI,Delivered,1440.26
19359,737,26,2025-12-19,Card,Cancelled,782.02
19360,622,12,2025-06-23,UPI,Cancelled,2680.61
19361,576,51,2025-07-25,Card,Cancelled,1376.65
19362,491,19,2025-09-16,UPI,Cancelled,721.08
19363,848,61,2025-10-28,Cash,Delivered,721.04
19364,403,24,2025-05-19,Cash,Cancelled,2623.57
19365,844,80,2025-03-25,UPI,Delivered,2953.81
19366,559,92,2025-12-05,Card,Cancelled,894.61
19367,84,8,2025-09-07,Card,Delivered,500.28
19368,441,24,2025-04-09,UPI,Cancelled,504.23
19369,896,10,2025-09-26,UPI,Delivered,884.66
19370,156,96,2025-05-25,UPI,Delivered,1184.1
19371,770,12,2025-09-05,Card,Delivered,1192.14
19372,540,16,2025-02-14,Card,Cancelled,2185.58
19373,193,27,2025-12-21,Card,Cancelled,2057.12
19374,946,89,2025-12-11,UPI,Cancelled,2388.39
19375,417,81,2025-12-15,Card,Cancelled,471.99
19376,676,39,2025-07-18,UPI,Cancelled,375.14
19377,816,31,2025-07-07,Cash,Cancelled,496.29
19378,983,67,2025-02-09,Cash,Cancelled,942.95
19379,726,35,2025-07-01,Cash,Cancelled,1213.83
19380,797,58,2025-12-31,Cash,Cancelled,2956.47
19381,582,5,2025-03-11,Card,Delivered,532.47
19382,579,1,2025-02-06,Card,Cancelled,1063.88
19383,892,25,2025-01-06,UPI,Delivered,2133.21
19384,575,91,2025-09-29,Cash,Delivered,564.06
19385,79,1,2025-10-20,UPI,Delivered,913.88
19386,475,81,2025-01-03,Card,Delivered,784.96
19387,385,51,2025-06-25,Cash,Delivered,1880.81
19388,51,62,2025-05-18,Card,Delivered,308.13
19389,949,44,2025-10-12,Card,Cancelled,1954.8
19390,374,93,2025-12-27,Cash,Cancelled,2094.72
19391,980,13,2025-11-29,Cash,Delivered,2956.65
19392,354,2,2025-08-07,Cash,Cancelled,616.42
19393,284,22,2025-07-11,UPI,Cancelled,2899.84
19394,229,65,2025-05-12,Cash,Delivered,1165.12
19395,569,81,2025-08-27,UPI,Delivered,2479.12
19396,154,99,2025-08-23,Cash,Delivered,1731.91
19397,830,26,2025-09-27,Card,Cancelled,1900.52
19398,556,69,2025-03-31,Card,Cancelled,571.48
19399,952,23,2025-04-01,Card,Delivered,1608.92
19400,985,55,2025-06-01,UPI,Delivered,2151.18
19401,208,16,2025-08-31,UPI,Delivered,1941.79
19402,325,76,2025-10-18,Cash,Cancelled,2863.7
19403,911,17,2025-11-24,Cash,Delivered,493.96
19404,550,87,2025-06-12,Card,Delivered,2629.19
19405,131,36,2025-12-04,UPI,Cancelled,1603.42
19406,292,76,2025-11-17,UPI,Cancelled,959.03
19407,99,89,2025-07-23,Card,Cancelled,2501.39
19408,948,51,2025-06-03,Cash,Delivered,2333.49
19409,16,15,2025-12-28,Card,Cancelled,2547.33
19410,144,53,2025-01-07,Card,Cancelled,1732.09
19411,77,80,2025-07-09,Card,Delivered,1764.85
19412,25,21,2025-03-07,UPI,Cancelled,1089.84
19413,553,23,2025-12-01,Card,Cancelled,2682.5
19414,815,12,2025-10-24,UPI,Delivered,2096.97
19415,244,64,2025-12-16,UPI,Delivered,1217.76
19416,340,11,2025-04-04,Cash,Delivered,2163.25
19417,158,52,2025-04-09,Card,Delivered,2681.43
19418,160,98,2025-07-24,Cash,Delivered,877.34
19419,859,6,2025-10-07,UPI,Cancelled,1405.92
19420,990,38,2025-06-01,Card,Cancelled,586.55
19421,697,70,2025-04-24,Card,Delivered,1379.76
19422,584,9,2025-03-01,Card,Delivered,1184.07
19423,306,72,2025-11-13,Cash,Cancelled,1141.75
19424,475,30,2025-02-12,UPI,Cancelled,1291.34
19425,49,30,2025-07-17,Card,Delivered,1458.98
19426,963,45,2025-01-23,UPI,Cancelled,605.72
19427,783,32,2025-07-24,UPI,Delivered,564.71
19428,623,63,2025-12-15,Cash,Delivered,872.56
19429,717,56,2025-08-30,UPI,Cancelled,850.03
19430,825,73,2025-11-05,Cash,Delivered,2599.25
19431,754,63,2025-02-24,Cash,Cancelled,808.03
19432,670,91,2025-07-03,Card,Cancelled,1110.16
19433,94,96,2025-05-07,Card,Delivered,788.75
19434,600,41,2025-02-28,Card,Delivered,754.15
19435,648,48,2025-03-23,Cash,Cancelled,727.01
19436,607,47,2025-01-07,Cash,Delivered,2319.15
19437,674,9,2025-03-17,Cash,Cancelled,1233.96
19438,742,55,2025-12-10,Card,Cancelled,507.69
19439,594,33,2025-08-01,Card,Cancelled,1587.91
19440,234,56,2025-07-08,Card,Cancelled,1084.59
19441,3,85,2025-04-03,Card,Delivered,2887.59
19442,853,9,2025-04-13,Cash,Cancelled,896.74
19443,549,13,2025-05-16,UPI,Delivered,1898.35
19444,665,31,2025-02-23,Card,Cancelled,269.04
19445,692,97,2025-07-17,Cash,Delivered,748.81
19446,11,20,2025-12-11,Card,Delivered,703.54
19447,393,54,2025-02-02,UPI,Delivered,2188.48
19448,921,46,2025-03-10,UPI,Cancelled,2544.82
19449,422,77,2025-10-24,UPI,Delivered,2110.83
19450,406,48,2025-01-18,Card,Cancelled,2011.07
19451,873,84,2025-08-31,UPI,Cancelled,2664.24
19452,990,55,2025-01-06,Card,Cancelled,2873.63
19453,942,93,2025-09-10,Cash,Delivered,574.65
19454,358,55,2025-01-20,UPI,Delivered,791.12
19455,276,77,2025-11-18,Cash,Cancelled,1895.4
19456,8,19,2025-05-25,Cash,Delivered,2744.35
19457,663,37,2025-04-28,UPI,Cancelled,2282.07
19458,733,30,2025-05-08,Card,Cancelled,2063.67
19459,482,30,2025-09-02,UPI,Delivered,2256.64
19460,241,93,2025-06-11,UPI,Delivered,2624.92
19461,219,89,2025-09-05,UPI,Delivered,2084.13
19462,68,52,2025-03-27,Cash,Cancelled,1014.68
19463,557,41,2025-12-16,Cash,Cancelled,2157.69
19464,52,100,2025-07-15,Cash,Delivered,1151.1
19465,411,49,2025-12-25,Card,Cancelled,2595.14
19466,236,65,2025-02-23,UPI,Cancelled,1839.56
19467,86,93,2025-09-23,UPI,Cancelled,2267.33
19468,447,80,2025-05-23,UPI,Cancelled,837.38
19469,569,15,2025-08-04,Card,Cancelled,182.27
19470,731,62,2025-06-23,UPI,Cancelled,415.24
19471,605,23,2025-01-08,Cash,Delivered,171.13
19472,195,7,2025-11-19,Card,Cancelled,1195.02
19473,146,50,2025-11-06,Card,Cancelled,2406.06
19474,16,80,2025-08-12,Cash,Delivered,2511.34
19475,846,94,2025-03-01,UPI,Delivered,2214.57
19476,816,1,2025-07-19,Card,Cancelled,2455.01
19477,627,92,2025-06-07,Cash,Delivered,2951.52
19478,217,53,2025-12-08,Card,Delivered,1825.35
19479,151,96,2025-12-18,Card,Delivered,2762.23
19480,443,54,2025-06-17,Cash,Cancelled,2624.55
19481,351,23,2025-03-06,Card,Delivered,2343.74
19482,521,100,2025-06-06,Cash,Cancelled,1718.35
19483,236,13,2025-09-14,UPI,Delivered,2414.63
19484,905,96,2025-06-14,Cash,Delivered,1307.79
19485,460,43,2025-10-06,UPI,Delivered,425.77
19486,772,61,2025-05-05,Card,Delivered,175.11
19487,35,28,2025-09-09,Card,Delivered,442.04
19488,67,99,2025-11-08,UPI,Cancelled,1684.25
19489,515,18,2025-09-24,Cash,Delivered,1353.85
19490,507,47,2025-04-14,UPI,Delivered,2307.74
19491,673,50,2025-05-15,Cash,Cancelled,2965.63
19492,236,62,2025-09-14,Cash,Delivered,2164.75
19493,4,2,2025-06-30,Cash,Cancelled,1829.49
19494,419,94,2025-07-05,Card,Delivered,1953.32
19495,728,11,2025-05-03,Card,Delivered,1610.11
19496,36,28,2025-04-22,Cash,Delivered,2955.98
19497,593,64,2025-03-21,UPI,Cancelled,1970.75
19498,152,84,2025-06-28,Cash,Delivered,2376.48
19499,561,29,2025-10-11,UPI,Cancelled,594.36
19500,997,43,2025-09-28,Card,Cancelled,166.8
19501,100,88,2025-09-23,Cash,Delivered,2097.41
19502,669,31,2025-11-01,Cash,Cancelled,1902.54
19503,460,74,2025-03-05,Cash,Delivered,1463.66
19504,529,18,2025-04-25,Card,Delivered,2546.55
19505,217,18,2025-11-17,Card,Cancelled,1286.39
19506,205,58,2025-12-25,Card,Cancelled,401.82
19507,361,84,2025-10-07,Card,Delivered,2696.79
19508,558,51,2025-03-26,Card,Cancelled,2615.33
19509,512,30,2025-11-15,Card,Cancelled,283.37
19510,443,94,2025-06-02,Cash,Cancelled,1373.46
19511,349,15,2025-06-23,Cash,Delivered,2128.65
19512,3,19,2025-08-29,Card,Delivered,2308.04
19513,876,27,2025-12-11,Cash,Cancelled,2985.88
19514,695,65,2025-04-16,UPI,Delivered,1751.27
19515,607,82,2025-07-22,Card,Cancelled,2280.79
19516,108,66,2025-01-31,UPI,Delivered,2514.79
19517,760,7,2025-01-24,UPI,Cancelled,1680.3
19518,228,18,2025-07-21,UPI,Cancelled,1651.52
19519,513,88,2025-11-28,UPI,Delivered,696.3
19520,860,7,2025-12-06,Card,Cancelled,1160.25
19521,761,38,2025-12-22,UPI,Delivered,1392.99
19522,900,94,2025-10-08,Card,Delivered,2136.79
19523,707,50,2025-03-27,Card,Cancelled,2646.31
19524,185,95,2025-10-17,Card,Delivered,2532.35
19525,871,71,2025-03-29,Cash,Delivered,310.08
19526,90,6,2025-10-17,UPI,Delivered,1796.8
19527,34,64,2025-06-28,Cash,Delivered,2239.41
19528,891,21,2025-03-28,UPI,Delivered,2896.67
19529,548,78,2025-05-24,Card,Delivered,697.89
19530,167,93,2025-11-11,Cash,Cancelled,2613.52
19531,737,54,2025-10-14,Cash,Cancelled,2161.96
19532,447,39,2025-11-07,Card,Cancelled,2754.58
19533,563,76,2025-12-09,UPI,Delivered,606.17
19534,410,60,2025-02-07,Card,Cancelled,1054.14
19535,787,71,2025-08-14,Card,Cancelled,2383.74
19536,838,65,2025-02-25,Card,Delivered,979.08
19537,404,85,2025-04-23,Cash,Cancelled,410.75
19538,616,45,2025-06-06,Cash,Delivered,177.26
19539,821,95,2025-12-03,Cash,Cancelled,2310.65
19540,200,63,2025-03-10,Card,Delivered,504.17
19541,30,76,2025-04-18,UPI,Cancelled,1891.17
19542,797,49,2025-06-15,Cash,Cancelled,804.65
19543,740,34,2025-06-26,Cash,Delivered,1991.48
19544,786,100,2025-05-26,Card,Cancelled,224.49
19545,822,9,2025-11-25,Card,Delivered,951.16
19546,953,56,2025-09-20,UPI,Cancelled,583.3
19547,521,33,2025-05-03,Cash,Delivered,2410.93
19548,751,30,2025-02-23,Cash,Cancelled,2361.69
19549,55,93,2025-08-27,UPI,Cancelled,2159.91
19550,129,71,2025-06-27,Card,Cancelled,1954.45
19551,64,88,2025-07-05,Cash,Cancelled,1145.77
19552,272,75,2025-10-22,Cash,Delivered,883.48
19553,703,10,2025-02-12,UPI,Cancelled,679.49
19554,843,90,2025-05-21,Card,Delivered,1557.63
19555,426,95,2025-01-09,Card,Delivered,1390.27
19556,24,25,2025-06-20,Cash,Delivered,2540.91
19557,699,34,2025-07-13,Cash,Delivered,561.98
19558,492,6,2025-02-04,Card,Cancelled,1047.02
19559,671,34,2025-09-10,Cash,Delivered,714.93
19560,349,49,2025-06-27,Card,Delivered,1544.96
19561,976,19,2025-03-18,Cash,Delivered,2735.28
19562,622,62,2025-05-28,Card,Cancelled,976.47
19563,251,83,2025-05-01,UPI,Cancelled,388.09
19564,870,1,2025-12-10,Card,Cancelled,2696.27
19565,847,28,2025-08-08,Cash,Cancelled,2707.51
19566,321,39,2025-03-27,Card,Delivered,1473.98
19567,490,29,2025-09-16,UPI,Delivered,1794.7
19568,102,52,2025-01-02,UPI,Cancelled,2379.7
19569,489,27,2025-02-07,Card,Delivered,2934.53
19570,167,73,2025-03-21,UPI,Delivered,2823.17
19571,654,44,2025-05-16,UPI,Cancelled,1240.07
19572,186,59,2025-06-22,Cash,Delivered,2441.37
19573,234,93,2025-11-03,Cash,Cancelled,2806.29
19574,527,24,2025-03-13,Cash,Cancelled,500.4
19575,467,18,2025-12-15,Card,Cancelled,2118.53
19576,649,29,2025-08-06,UPI,Delivered,2909.25
19577,324,93,2025-05-06,Cash,Delivered,2882.26
19578,179,49,2025-05-01,Cash,Cancelled,494.82
19579,36,56,2025-11-23,Card,Cancelled,862.23
19580,751,17,2025-02-14,Card,Cancelled,1608.69
19581,512,17,2025-03-03,Card,Delivered,1302.63
19582,983,92,2025-01-19,Card,Cancelled,1172.53
19583,171,7,2025-12-14,Cash,Delivered,2870.95
19584,307,56,2025-03-04,Cash,Cancelled,1308.74
19585,617,75,2025-02-01,UPI,Cancelled,1045.18
19586,300,2,2025-08-12,Card,Delivered,2340.76
19587,607,89,2025-11-12,Card,Delivered,955.86
19588,386,46,2025-06-16,Card,Delivered,256.48
19589,542,44,2025-11-18,Card,Delivered,2655.42
19590,740,46,2025-10-23,UPI,Cancelled,401.38
19591,629,100,2025-06-17,Card,Cancelled,1941.04
19592,681,23,2025-04-06,Cash,Delivered,943.63
19593,293,94,2025-05-15,Cash,Delivered,1995.89
19594,582,27,2025-08-15,Cash,Delivered,1259.14
19595,775,73,2025-04-05,Card,Cancelled,223.8
19596,223,96,2025-10-27,Cash,Cancelled,842.78
19597,233,15,2025-11-05,Cash,Delivered,2871.03
19598,193,18,2025-01-03,UPI,Delivered,2138.78
19599,574,15,2025-11-17,Card,Cancelled,1136.47
19600,868,25,2025-07-08,Card,Delivered,1172.89
19601,806,11,2025-11-17,Card,Delivered,2854.38
19602,14,97,2025-04-22,Cash,Delivered,2574.26
19603,95,21,2025-04-14,UPI,Cancelled,2359.49
19604,411,93,2025-01-10,Card,Cancelled,1081.51
19605,817,59,2025-05-31,Card,Cancelled,1682.43
19606,381,67,2025-09-04,Cash,Cancelled,1438.02
19607,497,71,2025-11-12,UPI,Cancelled,2068.38
19608,574,77,2025-06-13,UPI,Cancelled,2305.64
19609,449,21,2025-12-14,UPI,Cancelled,529.43
19610,861,17,2025-12-25,Cash,Delivered,1858.66
19611,811,56,2025-03-10,Cash,Delivered,832.18
19612,608,51,2025-12-30,Card,Delivered,2142.59
19613,847,84,2025-10-03,Cash,Cancelled,276.5
19614,802,18,2025-10-30,UPI,Delivered,1691.0
19615,941,85,2025-03-16,Cash,Cancelled,1015.06
19616,948,12,2025-11-03,Card,Delivered,1784.27
19617,181,44,2025-11-14,UPI,Cancelled,918.82
19618,710,1,2025-05-17,Cash,Cancelled,794.17
19619,524,14,2025-02-09,UPI,Cancelled,2251.86
19620,266,41,2025-02-14,Card,Cancelled,2778.17
19621,870,63,2025-05-20,UPI,Delivered,2264.48
19622,397,42,2025-12-13,UPI,Cancelled,1771.79
19623,649,65,2025-02-14,Cash,Delivered,921.34
19624,272,74,2025-10-07,UPI,Delivered,2779.31
19625,428,91,2025-03-16,UPI,Cancelled,1152.92
19626,315,54,2025-05-26,UPI,Cancelled,926.82
19627,722,22,2025-08-27,Card,Cancelled,825.09
19628,596,47,2025-03-06,UPI,Delivered,1083.09
19629,848,32,2025-09-25,UPI,Delivered,2251.21
19630,687,61,2025-10-01,UPI,Delivered,316.41
19631,54,65,2025-05-14,UPI,Delivered,2968.44
19632,897,13,2025-04-21,UPI,Cancelled,2588.54
19633,556,4,2025-05-31,UPI,Cancelled,1244.0
19634,201,75,2025-06-30,UPI,Cancelled,1167.88
19635,333,37,2025-12-09,UPI,Cancelled,1689.69
19636,274,42,2025-06-21,UPI,Cancelled,2456.2
19637,538,86,2025-11-04,Cash,Cancelled,202.39
19638,959,95,2025-06-19,UPI,Delivered,2584.0
19639,237,47,2025-12-01,Cash,Delivered,2905.59
19640,814,92,2025-06-01,Cash,Delivered,910.97
19641,874,52,2025-12-23,UPI,Delivered,1806.59
19642,679,44,2025-10-22,Card,Delivered,758.23
19643,670,42,2025-03-31,Cash,Delivered,1600.79
19644,917,21,2025-12-19,Cash,Delivered,2831.43
19645,550,44,2025-02-05,Card,Delivered,1553.87
19646,639,77,2025-06-20,Card,Delivered,1663.74
19647,25,99,2025-04-05,Card,Delivered,2991.4
19648,823,32,2025-09-17,Cash,Delivered,1179.61
19649,562,79,2025-06-27,UPI,Cancelled,2963.43
19650,70,67,2025-12-25,UPI,Cancelled,654.46
19651,18,11,2025-05-09,UPI,Delivered,1355.12
19652,473,78,2025-04-30,UPI,Delivered,2914.79
19653,88,65,2025-11-02,UPI,Delivered,2453.09
19654,258,57,2025-02-06,Card,Cancelled,1922.69
19655,161,100,2025-01-21,Card,Delivered,1335.71
19656,285,57,2025-12-19,Cash,Cancelled,2779.12
19657,282,40,2025-10-02,Cash,Cancelled,1151.42
19658,128,17,2025-10-25,UPI,Delivered,1173.47
19659,679,79,2025-03-10,Cash,Delivered,1723.96
19660,187,28,2025-05-09,Cash,Delivered,2494.01
19661,724,92,2025-07-13,Card,Cancelled,2741.66
19662,918,50,2025-12-19,UPI,Delivered,1124.96
19663,55,31,2025-10-12,Cash,Cancelled,506.81
19664,129,17,2025-07-10,Card,Delivered,242.73
19665,453,94,2025-06-29,Card,Delivered,2745.47
19666,200,60,2025-12-24,Card,Delivered,1088.87
19667,525,53,2025-10-06,Card,Delivered,2466.5
19668,922,32,2025-09-16,Cash,Cancelled,1600.29
19669,80,67,2025-09-13,Card,Delivered,2049.01
19670,350,60,2025-11-19,UPI,Cancelled,1780.06
19671,40,5,2025-01-17,Card,Delivered,2167.42
19672,565,43,2025-04-13,UPI,Cancelled,2514.57
19673,18,28,2025-02-12,Cash,Cancelled,2190.18
19674,63,86,2025-06-04,Card,Delivered,1760.86
19675,766,99,2025-04-29,Cash,Delivered,2020.56
19676,188,11,2025-11-18,Cash,Delivered,695.51
19677,242,90,2025-01-10,Cash,Cancelled,862.99
19678,846,78,2025-01-27,UPI,Cancelled,1349.58
19679,198,8,2025-01-11,Card,Cancelled,1771.56
19680,821,42,2025-07-07,Card,Delivered,2565.48
19681,166,44,2025-06-27,UPI,Delivered,2230.74
19682,354,52,2025-01-28,Cash,Delivered,1306.19
19683,146,74,2025-06-13,Cash,Delivered,2782.4
19684,218,98,2025-04-15,UPI,Delivered,2217.3
19685,911,57,2025-05-19,UPI,Cancelled,1412.51
19686,515,30,2025-04-05,Card,Delivered,1929.2
19687,853,9,2025-03-06,Cash,Cancelled,2009.14
19688,907,84,2025-09-11,UPI,Delivered,2705.31
19689,540,75,2025-02-25,Card,Cancelled,1768.31
19690,981,88,2025-11-01,Cash,Delivered,1941.37
19691,541,1,2025-03-04,Cash,Delivered,397.54
19692,255,53,2025-10-01,UPI,Cancelled,1782.11
19693,299,38,2025-11-24,Card,Cancelled,2851.92
19694,166,24,2025-06-20,Cash,Cancelled,1348.55
19695,454,80,2025-07-30,Cash,Cancelled,1407.8
19696,65,60,2025-06-10,Cash,Delivered,2917.32
19697,442,88,2025-02-13,Card,Delivered,850.08
19698,401,16,2025-10-25,Cash,Delivered,1526.36
19699,873,44,2025-02-15,UPI,Delivered,1964.64
19700,680,36,2025-12-24,Card,Cancelled,734.3
19701,536,39,2025-03-26,Card,Cancelled,2460.86
19702,285,4,2025-12-08,UPI,Delivered,2032.21
19703,987,11,2025-04-18,Card,Delivered,962.73
19704,645,29,2025-06-05,Card,Cancelled,726.79
19705,581,64,2025-05-28,UPI,Delivered,2972.9
19706,46,92,2025-09-26,UPI,Cancelled,2284.15
19707,616,57,2025-05-09,Card,Delivered,2351.7
19708,616,22,2025-03-09,Card,Cancelled,846.12
19709,563,48,2025-06-14,Cash,Cancelled,554.23
19710,720,82,2025-01-06,Card,Cancelled,1668.05
19711,479,12,2025-02-11,Cash,Cancelled,2585.15
19712,672,86,2025-08-12,Card,Delivered,361.48
19713,210,83,2025-06-29,UPI,Delivered,1758.97
19714,956,74,2025-02-04,Card,Delivered,637.02
19715,72,37,2025-01-16,Card,Cancelled,733.93
19716,733,34,2025-08-22,Card,Delivered,1246.85
19717,344,23,2025-08-21,UPI,Delivered,852.74
19718,821,40,2025-01-02,Cash,Cancelled,1744.09
19719,301,65,2025-08-27,Card,Cancelled,1612.72
19720,512,27,2025-08-02,Cash,Delivered,401.04
19721,920,73,2025-04-05,Card,Delivered,2235.45
19722,290,20,2025-09-13,Card,Cancelled,201.43
19723,272,68,2025-07-01,Card,Delivered,274.01
19724,30,13,2025-12-19,UPI,Cancelled,1954.57
19725,887,13,2025-02-27,Card,Cancelled,2300.15
19726,163,27,2025-02-09,Card,Cancelled,567.38
19727,550,61,2025-04-14,Card,Cancelled,1120.58
19728,500,2,2025-12-27,UPI,Delivered,639.93
19729,881,77,2025-08-15,Cash,Delivered,2819.59
19730,397,82,2025-05-11,UPI,Delivered,2636.39
19731,758,100,2025-11-30,UPI,Cancelled,834.06
19732,334,94,2025-04-07,UPI,Cancelled,1652.38
19733,269,83,2025-12-06,UPI,Delivered,2764.95
19734,445,65,2025-04-23,Cash,Cancelled,2213.83
19735,361,3,2025-09-08,UPI,Delivered,2189.62
19736,136,28,2025-01-24,UPI,Delivered,2222.25
19737,443,17,2025-07-23,UPI,Delivered,480.69
19738,470,45,2025-10-07,Cash,Delivered,1505.95
19739,652,26,2025-05-03,UPI,Cancelled,2601.83
19740,371,51,2025-05-23,Card,Delivered,2086.76
19741,13,3,2025-08-05,UPI,Cancelled,1433.51
19742,380,52,2025-09-19,Cash,Delivered,1118.97
19743,631,48,2025-04-27,Cash,Delivered,2547.82
19744,847,69,2025-12-25,Cash,Cancelled,1254.35
19745,692,61,2025-03-20,Cash,Delivered,1797.59
19746,723,71,2025-03-13,Card,Cancelled,1585.63
19747,956,44,2025-03-20,Card,Cancelled,1525.68
19748,924,24,2025-12-02,UPI,Delivered,2445.87
19749,547,56,2025-03-01,Card,Delivered,848.95
19750,855,89,2025-02-09,Cash,Delivered,1760.05
19751,331,83,2025-06-14,Card,Delivered,256.09
19752,843,16,2025-05-19,Card,Cancelled,1847.91
19753,57,79,2025-08-29,UPI,Cancelled,983.85
19754,544,17,2025-08-24,Card,Delivered,1669.94
19755,739,56,2025-12-15,UPI,Delivered,186.47
19756,980,19,2025-11-17,Card,Delivered,1167.61
19757,471,72,2025-04-26,UPI,Cancelled,2312.07
19758,356,3,2025-02-17,UPI,Cancelled,2463.68
19759,880,75,2025-07-08,Cash,Delivered,2018.02
19760,756,63,2025-08-17,Card,Cancelled,2625.51
19761,665,88,2025-08-23,UPI,Delivered,2970.72
19762,797,73,2025-11-04,Cash,Cancelled,1964.38
19763,725,49,2025-03-16,UPI,Delivered,632.22
19764,745,23,2025-11-28,Card,Cancelled,1026.23
19765,361,47,2025-09-10,Card,Cancelled,1363.55
19766,349,55,2025-08-27,UPI,Cancelled,180.54
19767,338,27,2025-02-22,Cash,Cancelled,2172.03
19768,452,59,2025-11-07,Card,Cancelled,562.79
19769,957,24,2025-11-13,UPI,Delivered,686.27
19770,430,40,2025-03-08,Card,Cancelled,2906.08
19771,465,3,2025-06-13,UPI,Delivered,659.51
19772,627,14,2025-11-24,Card,Delivered,1619.19
19773,813,94,2025-11-18,UPI,Delivered,1610.34
19774,703,42,2025-02-02,Card,Delivered,1990.4
19775,652,27,2025-08-18,Card,Cancelled,2308.0
19776,307,68,2025-06-29,UPI,Cancelled,2179.45
19777,405,38,2025-07-24,UPI,Delivered,320.07
19778,500,99,2025-07-02,UPI,Delivered,2942.11
19779,27,1,2025-09-15,Card,Delivered,2543.62
19780,220,48,2025-10-24,UPI,Delivered,775.49
19781,10,93,2025-09-17,Card,Cancelled,1602.27
19782,567,44,2025-11-14,UPI,Cancelled,881.51
19783,186,75,2025-05-05,UPI,Delivered,1018.65
19784,273,8,2025-04-11,Cash,Cancelled,2890.6
19785,951,94,2025-09-30,UPI,Delivered,1719.6
19786,382,88,2025-09-11,Card,Cancelled,2211.99
19787,2,77,2025-08-30,Cash,Delivered,1714.84
19788,319,32,2025-01-22,Cash,Delivered,1066.69
19789,612,27,2025-07-11,UPI,Delivered,2267.49
19790,680,26,2025-03-23,UPI,Cancelled,503.99
19791,839,6,2025-03-20,UPI,Delivered,2687.02
19792,39,96,2025-08-01,UPI,Delivered,2005.16
19793,731,51,2025-02-07,UPI,Delivered,1954.17
19794,815,53,2025-05-04,Cash,Delivered,1941.86
19795,272,33,2025-09-09,UPI,Cancelled,169.47
19796,385,50,2025-09-22,UPI,Cancelled,1409.75
19797,523,23,2025-01-08,UPI,Cancelled,2628.55
19798,590,71,2025-01-07,Cash,Delivered,1227.34
19799,876,20,2025-08-14,UPI,Cancelled,1873.94
19800,689,40,2025-03-25,UPI,Delivered,2687.44
19801,775,42,2025-12-23,UPI,Cancelled,890.59
19802,37,94,2025-02-02,Cash,Cancelled,1743.52
19803,821,19,2025-11-12,UPI,Delivered,611.33
19804,857,89,2025-10-12,UPI,Cancelled,2280.73
19805,467,21,2025-07-14,UPI,Cancelled,685.76
19806,956,13,2025-09-01,UPI,Cancelled,2572.49
19807,570,49,2025-01-17,Card,Cancelled,240.31
19808,937,49,2025-04-05,UPI,Delivered,662.07
19809,709,72,2025-08-11,UPI,Cancelled,1024.99
19810,851,46,2025-04-05,Card,Cancelled,1831.09
19811,878,28,2025-03-05,UPI,Delivered,2981.84
19812,132,35,2025-01-01,Cash,Cancelled,2278.47
19813,410,50,2025-08-27,UPI,Cancelled,1987.92
19814,504,93,2025-07-07,Card,Cancelled,2719.22
19815,79,75,2025-01-12,Card,Delivered,2276.59
19816,754,3,2025-07-16,Card,Cancelled,618.23
19817,944,92,2025-12-22,Card,Delivered,831.58
19818,599,73,2025-10-16,UPI,Delivered,1988.73
19819,821,61,2025-10-18,UPI,Cancelled,2007.94
19820,319,48,2025-08-13,UPI,Cancelled,1148.95
19821,197,81,2025-09-16,Cash,Cancelled,2776.66
19822,347,53,2025-03-20,UPI,Cancelled,1544.9
19823,650,29,2025-02-10,Card,Cancelled,932.42
19824,511,40,2025-12-11,UPI,Cancelled,686.38
19825,935,19,2025-08-05,Cash,Cancelled,2025.49
19826,30,44,2025-06-16,Cash,Cancelled,1249.69
19827,417,61,2025-02-10,UPI,Delivered,1870.95
19828,412,87,2025-04-15,Card,Cancelled,2140.09
19829,134,20,2025-10-15,Card,Delivered,1407.31
19830,279,43,2025-01-27,Card,Cancelled,943.45
19831,300,41,2025-09-13,Card,Delivered,1188.89
19832,605,18,2025-10-21,Card,Delivered,2689.43
19833,407,26,2025-09-14,Card,Delivered,1012.27
19834,660,21,2025-06-18,Cash,Delivered,2317.48
19835,867,66,2025-12-10,Card,Cancelled,1099.28
19836,394,95,2025-01-28,UPI,Cancelled,1015.37
19837,371,81,2025-06-10,Card,Delivered,2731.05
19838,749,52,2025-04-27,UPI,Cancelled,2898.16
19839,274,55,2025-01-03,UPI,Cancelled,658.07
19840,763,30,2025-08-10,Cash,Cancelled,763.82
19841,112,84,2025-10-08,UPI,Cancelled,935.23
19842,163,41,2025-06-12,Cash,Cancelled,518.31
19843,649,49,2025-09-28,Cash,Cancelled,2138.73
19844,93,5,2025-06-28,Card,Delivered,2358.32
19845,292,5,2025-09-11,Cash,Cancelled,2327.7
19846,972,58,2025-04-15,Card,Cancelled,2296.1
19847,447,10,2025-12-27,Card,Cancelled,497.35
19848,689,65,2025-07-08,UPI,Delivered,676.05
19849,50,6,2025-06-15,UPI,Delivered,317.45
19850,46,5,2025-10-11,UPI,Delivered,1326.56
19851,22,98,2025-08-26,Cash,Cancelled,2102.0
19852,871,59,2025-10-29,Card,Cancelled,788.34
19853,328,44,2025-05-06,Cash,Cancelled,1049.32
19854,975,91,2025-07-21,Card,Cancelled,909.61
19855,74,20,2025-02-01,Cash,Delivered,1859.62
19856,699,73,2025-07-19,Card,Delivered,350.57
19857,67,41,2025-07-07,Card,Delivered,895.11
19858,615,67,2025-03-25,Card,Delivered,1629.01
19859,210,16,2025-06-25,Cash,Cancelled,521.34
19860,777,100,2025-12-02,UPI,Cancelled,621.9
19861,330,76,2025-10-30,Card,Cancelled,2420.34
19862,772,97,2025-11-30,Cash,Delivered,2231.53
19863,77,94,2025-04-10,UPI,Cancelled,2471.02
19864,932,20,2025-03-26,UPI,Cancelled,284.71
19865,739,60,2025-10-19,UPI,Delivered,1729.14
19866,396,69,2025-11-13,Card,Cancelled,1211.52
19867,611,16,2025-07-10,Cash,Cancelled,1666.53
19868,983,65,2025-07-13,UPI,Cancelled,1644.93
19869,443,74,2025-10-05,UPI,Delivered,2077.89
19870,503,45,2025-04-14,Cash,Delivered,756.17
19871,633,30,2025-03-11,UPI,Cancelled,915.01
19872,582,59,2025-10-05,Card,Delivered,1982.18
19873,524,62,2025-10-27,UPI,Cancelled,1095.81
19874,336,76,2025-08-23,Card,Delivered,1115.7
19875,301,15,2025-04-10,Card,Cancelled,955.06
19876,806,9,2025-04-20,Cash,Delivered,2138.71
19877,656,83,2025-12-23,UPI,Delivered,1051.89
19878,143,69,2025-12-03,Card,Delivered,2750.34
19879,652,20,2025-02-14,UPI,Delivered,2008.39
19880,282,56,2025-11-30,Cash,Cancelled,506.08
19881,594,58,2025-04-13,UPI,Delivered,1987.03
19882,622,48,2025-05-09,Card,Delivered,1163.64
19883,551,64,2025-01-15,Card,Delivered,2072.4
19884,106,62,2025-11-15,Card,Delivered,2564.17
19885,318,44,2025-02-15,Cash,Cancelled,240.75
19886,575,20,2025-11-01,Card,Cancelled,1709.8
19887,972,87,2025-11-05,Card,Cancelled,2898.62
19888,21,100,2025-09-25,Card,Cancelled,2786.02
19889,255,14,2025-11-21,UPI,Cancelled,225.05
19890,141,93,2025-01-31,Card,Delivered,2401.85
19891,141,71,2025-09-27,UPI,Cancelled,1697.79
19892,480,97,2025-11-10,Cash,Cancelled,2217.69
19893,524,55,2025-04-06,Card,Delivered,2203.8
19894,552,22,2025-08-30,Cash,Cancelled,277.91
19895,986,58,2025-07-23,Cash,Cancelled,486.24
19896,679,77,2025-02-23,Cash,Delivered,469.79
19897,334,51,2025-04-06,UPI,Cancelled,594.18
19898,737,4,2025-10-19,Cash,Delivered,815.17
19899,317,27,2025-09-09,Cash,Cancelled,2705.02
19900,746,15,2025-10-17,Card,Delivered,989.63
19901,475,68,2025-01-13,Card,Cancelled,305.61
19902,512,65,2025-02-15,Cash,Delivered,1909.82
19903,649,55,2025-09-28,Card,Delivered,1852.04
19904,825,56,2025-06-20,Cash,Delivered,1746.47
19905,135,6,2025-08-07,UPI,Delivered,2461.4
19906,194,14,2025-11-17,Cash,Cancelled,2847.29
19907,615,19,2025-08-01,UPI,Delivered,1954.97
19908,239,38,2025-04-15,Cash,Delivered,957.74
19909,246,50,2025-10-27,UPI,Cancelled,2265.7
19910,972,89,2025-01-22,UPI,Cancelled,746.25
19911,192,10,2025-03-19,UPI,Cancelled,2038.31
19912,90,55,2025-09-14,Card,Cancelled,2619.01
19913,60,59,2025-10-18,UPI,Cancelled,2639.77
19914,26,5,2025-08-28,Cash,Cancelled,1726.58
19915,496,58,2025-05-14,Cash,Delivered,2033.93
19916,764,79,2025-11-12,UPI,Cancelled,454.71
19917,208,91,2025-10-30,Card,Delivered,2658.9
19918,636,90,2025-01-29,UPI,Delivered,303.86
19919,490,98,2025-02-22,UPI,Delivered,2015.19
19920,740,26,2025-11-10,Cash,Delivered,1252.54
19921,711,50,2025-04-22,UPI,Cancelled,204.84
19922,658,87,2025-12-04,UPI,Delivered,2232.29
19923,903,10,2025-10-07,UPI,Cancelled,2050.29
19924,863,99,2025-11-15,Card,Cancelled,1245.78
19925,251,75,2025-11-06,UPI,Cancelled,2692.38
19926,361,62,2025-09-10,Cash,Cancelled,626.99
19927,831,49,2025-02-26,Card,Cancelled,300.84
19928,780,97,2025-10-07,UPI,Cancelled,1725.85
19929,283,100,2025-06-09,UPI,Delivered,880.41
19930,409,94,2025-01-31,Card,Cancelled,538.45
19931,17,28,2025-08-19,UPI,Cancelled,572.66
19932,516,67,2025-12-08,Card,Cancelled,1856.47
19933,706,80,2025-09-05,UPI,Delivered,895.23
19934,648,3,2025-02-12,UPI,Delivered,916.89
19935,489,32,2025-11-17,Cash,Delivered,961.78
19936,847,6,2025-04-16,UPI,Delivered,586.28
19937,352,88,2025-07-03,Cash,Cancelled,2640.77
19938,69,8,2025-11-26,UPI,Cancelled,1973.95
19939,277,68,2025-04-27,Cash,Cancelled,2189.16
19940,67,58,2025-11-06,UPI,Cancelled,2106.44
19941,215,4,2025-02-19,Cash,Cancelled,2584.05
19942,555,14,2025-12-14,Cash,Delivered,1298.49
19943,715,76,2025-05-07,Card,Cancelled,874.22
19944,777,5,2025-09-30,Cash,Cancelled,2389.11
19945,360,51,2025-09-19,Card,Delivered,2673.56
19946,222,16,2025-10-02,UPI,Delivered,1292.16
19947,607,15,2025-02-05,Card,Delivered,2483.56
19948,821,33,2025-09-17,Card,Delivered,1592.47
19949,488,68,2025-06-18,Card,Delivered,1886.31
19950,943,85,2025-03-09,UPI,Delivered,894.42
19951,181,26,2025-07-07,Cash,Delivered,249.3
19952,627,6,2025-05-14,UPI,Delivered,878.22
19953,76,46,2025-04-17,Card,Delivered,2431.51
19954,974,56,2025-01-04,Cash,Delivered,822.5
19955,306,78,2025-01-01,Cash,Delivered,658.7
19956,469,31,2025-08-07,Card,Cancelled,1675.63
19957,186,52,2025-06-29,Card,Cancelled,1583.05
19958,225,50,2025-03-17,Cash,Cancelled,621.6
19959,594,34,2025-12-26,Card,Cancelled,2355.96
19960,272,89,2025-05-03,Cash,Delivered,2953.11
19961,852,54,2025-03-21,UPI,Delivered,2076.07
19962,884,23,2025-07-18,UPI,Delivered,317.87
19963,820,52,2025-09-27,UPI,Delivered,1903.19
19964,967,27,2025-02-14,Card,Delivered,2352.71
19965,712,20,2025-02-06,Cash,Cancelled,1579.89
19966,472,55,2025-07-09,Card,Cancelled,2015.79
19967,107,72,2025-01-18,Cash,Delivered,1073.57
19968,733,29,2025-03-19,UPI,Delivered,278.78
19969,127,33,2025-03-04,Card,Delivered,2339.6
19970,552,40,2025-09-28,Card,Cancelled,1589.72
19971,599,43,2025-11-04,UPI,Cancelled,1845.39
19972,580,50,2025-11-09,Card,Delivered,1332.98
19973,823,49,2025-12-17,Cash,Cancelled,1143.13
19974,68,26,2025-06-01,Card,Cancelled,2820.73
19975,245,57,2025-01-23,Card,Cancelled,1819.91
19976,788,95,2025-03-25,Cash,Delivered,2568.65
19977,322,61,2025-03-29,UPI,Cancelled,889.98
19978,970,80,2025-01-10,Card,Delivered,345.12
19979,764,65,2025-05-15,UPI,Cancelled,1959.95
19980,177,48,2025-09-27,UPI,Cancelled,1075.83
19981,153,44,2025-10-08,Cash,Cancelled,2967.05
19982,683,13,2025-12-07,Cash,Delivered,904.58
19983,263,87,2025-03-10,Cash,Delivered,1092.54
19984,201,83,2025-10-20,UPI,Cancelled,1309.2
19985,996,17,2025-01-03,UPI,Delivered,1679.87
19986,24,71,2025-11-19,UPI,Cancelled,561.29
19987,18,32,2025-07-14,Card,Cancelled,2527.97
19988,914,44,2025-09-09,UPI,Cancelled,1452.35
19989,197,34,2025-07-17,UPI,Cancelled,958.66
19990,553,40,2025-08-03,Cash,Cancelled,2286.79
19991,334,33,2025-01-14,Cash,Delivered,1829.58
19992,527,16,2025-06-07,Cash,Cancelled,691.56
19993,150,8,2025-04-04,Card,Cancelled,1294.4
19994,420,41,2025-07-14,Cash,Cancelled,1405.42
19995,903,79,2025-01-28,UPI,Delivered,2451.01
19996,228,48,2025-07-20,Card,Delivered,1595.63
19997,405,95,2025-07-20,Cash,Cancelled,880.22
19998,433,25,2025-10-22,Card,Cancelled,1558.52
19999,826,79,2025-12-13,Cash,Cancelled,343.39
20000,601,13,2025-08-03,Cash,Delivered,777.6
