review_id,order_id,customer_id,restaurant_id,rating,review_text
1,17336,545,4,1,Good
2,10751,474,38,3,Good
3,5695,781,31,4,Good
4,13533,317,57,2,Good
5,4769,190,89,3,Good
6,95,941,8,2,Good
7,8995,402,31,2,Good
8,19896,531,21,3,Good
9,5793,792,52,1,Good
10,11904,147,33,4,Good
11,3361,14,18,2,Good
12,11707,841,73,4,Good
13,6210,826,47,5,Good
14,7180,684,42,2,Good
15,18462,291,2,3,Good
16,19975,916,36,3,Good
17,8730,544,41,1,Good
18,11262,523,19,5,Good
19,3015,267,25,1,Good
20,14150,486,33,2,Good
21,1218,224,70,4,Good
22,2667,434,11,1,Good
23,8336,675,25,1,Good
24,14862,749,52,1,Good
25,15162,975,59,3,Good
26,15131,46,81,3,Good
27,17001,268,33,1,Good
28,15728,763,66,4,Good
29,15294,531,46,3,Good
30,11729,95,63,5,Good
31,3517,250,9,1,Good
32,18623,410,80,4,Good
33,3144,490,33,2,Good
34,19925,342,75,4,Good
35,9734,501,22,4,Good
36,9846,559,48,4,Good
37,6415,664,2,4,Good
38,8153,33,4,2,Good
39,19823,501,60,5,Good
40,18170,548,67,2,Good
41,6550,181,48,5,Good
42,18227,673,20,5,Good
43,9713,673,1,5,Good
44,13083,285,57,2,Good
45,12642,549,84,4,Good
46,15262,209,24,1,Good
47,3177,719,25,3,Good
48,7674,94,3,2,Good
49,19323,554,87,4,Good
50,1750,99,67,3,Good
51,2387,827,46,4,Good
52,4412,178,80,5,Good
53,11644,860,50,3,Good
54,2771,189,60,1,Good
55,18927,480,94,4,Good
56,1262,877,86,5,Good
57,8568,208,74,3,Good
58,9280,667,58,5,Good
59,18572,392,92,1,Good
60,3873,134,78,1,Good
61,5110,44,9,3,Good
62,6032,504,8,3,Good
63,11411,154,82,1,Good
64,18669,219,1,5,Good
65,6012,221,48,4,Good
66,9068,786,35,3,Good
67,19126,946,51,3,Good
68,5917,763,60,1,Good
69,12920,632,46,5,Good
70,5829,21,41,1,Good
71,13716,892,63,2,Good
72,12773,945,18,5,Good
73,19692,315,77,5,Good
74,6251,402,97,2,Good
75,3532,300,30,2,Good
76,17682,13,26,1,Good
77,15896,53,34,5,Good
78,11148,489,98,1,Good
79,18374,442,74,1,Good
80,3217,380,24,4,Good
81,19089,991,54,5,Good
82,14413,469,42,2,Good
83,9020,553,65,1,Good
84,17845,6,4,1,Good
85,7611,818,33,5,Good
86,6345,724,95,5,Good
87,9151,312,11,5,Good
88,9458,886,90,2,Good
89,18967,444,12,1,Good
90,19128,754,62,3,Good
91,4011,234,34,5,Good
92,14361,761,75,3,Good
93,13736,379,9,3,Good
94,6164,172,100,5,Good
95,17229,284,77,1,Good
96,7808,504,58,2,Good
97,7270,934,29,1,Good
98,1656,581,42,2,Good
99,14933,540,30,2,Good
100,4270,149,78,1,Good
101,15991,784,81,2,Good
102,2335,787,77,1,Good
103,18461,46,78,3,Good
104,4110,811,15,5,Good
105,9451,951,38,4,Good
106,12932,791,70,1,Good
107,3586,25,71,5,Good
108,13974,119,73,4,Good
109,5189,884,95,2,Good
110,258,866,38,3,Good
111,7646,797,16,5,Good
112,12942,718,95,3,Good
113,4706,482,9,4,Good
114,9617,15,58,2,Good
115,16561,195,32,4,Good
116,16491,880,70,4,Good
117,12227,966,9,3,Good
118,1724,82,16,1,Good
119,10668,719,64,2,Good
120,2031,506,16,1,Good
121,533,300,91,1,Good
122,1532,321,90,1,Good
123,14950,293,45,4,Good
124,4394,957,71,2,Good
125,5135,377,46,5,Good
126,5128,955,67,4,Good
127,1888,894,13,3,Good
128,5191,519,90,1,Good
129,16821,357,47,3,Good
130,9525,763,51,2,Good
131,8832,337,82,3,Good
132,11051,8,60,1,Good
133,4917,632,19,1,Good
134,14312,236,70,2,Good
135,19540,119,100,1,Good
136,11386,132,22,3,Good
137,8596,690,21,1,Good
138,8713,490,15,1,Good
139,14138,488,68,1,Good
140,15084,505,43,4,Good
141,1055,244,78,3,Good
142,8154,107,74,1,Good
143,15643,611,16,5,Good
144,13523,408,76,1,Good
145,19522,566,38,1,Good
146,857,233,10,5,Good
147,14221,515,30,3,Good
148,17627,106,15,2,Good
149,16313,372,21,4,Good
150,7637,204,76,3,Good
151,307,985,84,3,Good
152,4768,460,91,2,Good
153,1543,441,24,4,Good
154,5421,644,49,2,Good
155,19526,597,4,3,Good
156,18673,962,34,5,Good
157,9115,825,9,4,Good
158,4835,792,41,2,Good
159,18358,375,41,2,Good
160,11274,636,57,5,Good
161,2136,697,71,2,Good
162,14606,734,83,3,Good
163,9140,32,23,4,Good
164,14076,43,11,1,Good
165,125,827,55,5,Good
166,4038,184,62,1,Good
167,3948,508,26,2,Good
168,12364,814,95,2,Good
169,8759,329,18,3,Good
170,10863,122,91,5,Good
171,7297,53,72,1,Good
172,1103,7,76,3,Good
173,15252,988,51,1,Good
174,5990,509,29,1,Good
175,12158,901,71,2,Good
176,2563,965,32,3,Good
177,443,360,91,2,Good
178,2206,501,58,1,Good
179,5735,396,97,2,Good
180,9918,483,50,3,Good
181,9054,777,16,1,Good
182,2770,115,76,2,Good
183,10422,465,90,1,Good
184,18488,494,20,5,Good
185,3896,691,37,2,Good
186,11547,632,84,1,Good
187,11071,309,49,3,Good
188,8981,823,5,4,Good
189,14395,201,87,1,Good
190,6598,913,25,4,Good
191,4515,375,7,2,Good
192,328,717,12,4,Good
193,5069,640,1,1,Good
194,3016,781,54,3,Good
195,14614,764,91,4,Good
196,13839,37,69,5,Good
197,15319,121,28,4,Good
198,442,621,59,3,Good
199,14167,455,69,1,Good
200,672,455,18,2,Good
201,1523,464,65,1,Good
202,16879,442,5,5,Good
203,3840,481,86,4,Good
204,16591,645,72,5,Good
205,18611,611,20,5,Good
206,16746,980,10,1,Good
207,2949,756,70,1,Good
208,9450,721,78,5,Good
209,12765,918,4,1,Good
210,8730,264,100,2,Good
211,4878,652,18,4,Good
212,9258,222,71,1,Good
213,4056,514,85,3,Good
214,13760,134,62,1,Good
215,2789,982,86,2,Good
216,15653,132,81,2,Good
217,2856,66,32,3,Good
218,12851,692,4,1,Good
219,6363,407,50,2,Good
220,9285,429,37,2,Good
221,12402,67,51,4,Good
222,4699,608,18,4,Good
223,13396,341,17,5,Good
224,18344,575,5,4,Good
225,13368,179,54,2,Good
226,2747,91,49,3,Good
227,15332,563,50,2,Good
228,4809,24,93,5,Good
229,2966,962,59,1,Good
230,11611,12,61,3,Good
231,10404,976,18,1,Good
232,4638,853,56,3,Good
233,13864,167,49,5,Good
234,7945,614,79,2,Good
235,821,435,92,2,Good
236,150,665,22,4,Good
237,19109,901,85,3,Good
238,3522,937,38,2,Good
239,19058,872,37,2,Good
240,11813,493,77,1,Good
241,9356,467,51,4,Good
242,18136,683,89,5,Good
243,16166,412,9,4,Good
244,6987,314,18,1,Good
245,11188,125,33,1,Good
246,8048,583,47,4,Good
247,13011,998,94,5,Good
248,16478,416,26,1,Good
249,18979,397,86,5,Good
250,8534,370,25,1,Good
251,11592,49,68,1,Good
252,8255,753,78,3,Good
253,9342,492,21,4,Good
254,5524,95,98,2,Good
255,8986,775,19,3,Good
256,13269,893,17,5,Good
257,10264,519,17,2,Good
258,8271,471,74,3,Good
259,16103,303,86,4,Good
260,1784,802,63,5,Good
261,8617,150,50,5,Good
262,15890,504,74,1,Good
263,4311,44,94,1,Good
264,7786,534,79,5,Good
265,15945,915,1,1,Good
266,15459,407,78,3,Good
267,10514,552,65,4,Good
268,2865,613,21,1,Good
269,5041,32,93,1,Good
270,17784,349,2,4,Good
271,16597,386,78,4,Good
272,18777,520,22,5,Good
273,7211,978,9,5,Good
274,4694,482,86,4,Good
275,2200,544,72,2,Good
276,3700,840,87,1,Good
277,6982,804,6,1,Good
278,6810,512,61,1,Good
279,247,416,49,4,Good
280,17269,888,61,3,Good
281,2009,611,91,3,Good
282,3451,526,83,1,Good
283,1936,982,60,5,Good
284,5059,555,71,3,Good
285,13562,997,73,1,Good
286,14099,936,78,4,Good
287,4006,946,96,3,Good
288,17134,329,43,5,Good
289,18186,87,43,1,Good
290,1575,945,50,2,Good
291,3020,661,69,4,Good
292,5520,88,89,3,Good
293,14956,269,94,5,Good
294,17417,848,54,1,Good
295,13355,922,38,1,Good
296,10276,503,99,5,Good
297,9330,884,62,2,Good
298,19850,96,26,1,Good
299,3486,533,49,2,Good
300,15883,854,80,2,Good
301,1607,987,48,1,Good
302,9624,221,55,1,Good
303,11135,969,64,1,Good
304,6540,444,2,3,Good
305,6649,371,99,5,Good
306,10235,523,62,5,Good
307,3323,168,88,3,Good
308,269,136,41,2,Good
309,9892,280,62,3,Good
310,6945,636,5,3,Good
311,13835,978,49,4,Good
312,14262,320,35,2,Good
313,18576,376,3,3,Good
314,11407,770,91,4,Good
315,18700,720,39,5,Good
316,4201,412,87,2,Good
317,15396,931,92,2,Good
318,10591,632,74,4,Good
319,15595,271,81,3,Good
320,4873,748,45,3,Good
321,11020,661,65,5,Good
322,1009,58,33,3,Good
323,15358,804,73,2,Good
324,4990,297,11,5,Good
325,12786,407,84,3,Good
326,12393,820,64,1,Good
327,6766,458,79,4,Good
328,9235,246,92,1,Good
329,2998,368,93,4,Good
330,14495,229,29,3,Good
331,14359,652,74,5,Good
332,13723,512,29,5,Good
333,11817,13,94,2,Good
334,972,781,3,2,Good
335,1666,565,66,5,Good
336,2007,478,72,2,Good
337,16699,526,60,4,Good
338,3869,40,67,5,Good
339,13668,4,54,3,Good
340,7745,709,93,4,Good
341,19370,289,24,5,Good
342,17985,67,99,3,Good
343,13978,91,77,3,Good
344,17580,693,13,2,Good
345,12208,851,100,5,Good
346,3472,434,37,4,Good
347,3665,955,13,3,Good
348,858,10,58,3,Good
349,19616,622,30,2,Good
350,7740,819,11,3,Good
351,6195,707,39,2,Good
352,12589,777,95,3,Good
353,671,301,28,4,Good
354,14597,132,8,1,Good
355,10105,210,9,1,Good
356,14934,43,58,3,Good
357,18141,316,69,1,Good
358,2821,61,62,3,Good
359,19421,20,6,1,Good
360,13478,438,80,2,Good
361,6518,204,7,4,Good
362,2948,581,79,1,Good
363,11774,593,26,4,Good
364,13972,343,69,2,Good
365,596,284,74,2,Good
366,8329,111,34,3,Good
367,46,27,8,5,Good
368,16316,202,38,3,Good
369,672,709,67,3,Good
370,19354,846,64,2,Good
371,17785,911,97,5,Good
372,8776,608,26,2,Good
373,2861,804,25,4,Good
374,13789,477,74,4,Good
375,4051,800,79,2,Good
376,13250,246,92,3,Good
377,4026,391,62,4,Good
378,12255,794,88,5,Good
379,10666,288,17,1,Good
380,4266,758,95,1,Good
381,5951,521,21,1,Good
382,9917,319,13,2,Good
383,4409,690,81,3,Good
384,7755,637,42,3,Good
385,10929,308,61,2,Good
386,3027,511,57,1,Good
387,9542,246,28,3,Good
388,16368,965,11,2,Good
389,1667,914,84,3,Good
390,1371,683,24,1,Good
391,7619,58,57,3,Good
392,4758,705,12,2,Good
393,2437,210,20,2,Good
394,13245,15,78,4,Good
395,7602,310,50,4,Good
396,17688,309,97,5,Good
397,5431,845,74,2,Good
398,16627,8,62,5,Good
399,8564,3,40,3,Good
400,1151,161,26,5,Good
401,1286,787,73,3,Good
402,2692,683,11,1,Good
403,16727,71,27,3,Good
404,3617,874,20,4,Good
405,1393,11,81,5,Good
406,17501,454,58,1,Good
407,9029,857,55,4,Good
408,3699,363,10,5,Good
409,17813,876,92,2,Good
410,17021,478,13,4,Good
411,11581,107,83,2,Good
412,361,787,33,2,Good
413,9236,422,23,1,Good
414,12224,676,81,1,Good
415,2896,630,97,1,Good
416,5749,770,89,1,Good
417,8343,362,18,2,Good
418,13821,712,11,3,Good
419,2824,782,39,1,Good
420,12308,124,14,4,Good
421,17872,230,93,4,Good
422,4031,993,83,1,Good
423,14512,562,38,3,Good
424,17782,910,69,2,Good
425,14420,567,88,2,Good
426,12282,32,28,1,Good
427,5618,840,68,5,Good
428,7131,567,81,5,Good
429,4332,16,80,2,Good
430,201,897,66,4,Good
431,13266,15,14,4,Good
432,7658,653,100,5,Good
433,14473,899,48,3,Good
434,3025,463,47,4,Good
435,11314,453,96,5,Good
436,622,253,80,3,Good
437,19979,312,33,5,Good
438,12318,90,69,3,Good
439,16675,392,66,3,Good
440,11532,860,34,3,Good
441,9376,195,79,1,Good
442,17009,169,5,4,Good
443,54,261,4,2,Good
444,10668,381,24,1,Good
445,11288,823,35,3,Good
446,12898,906,68,2,Good
447,2775,832,8,1,Good
448,13913,450,73,1,Good
449,19505,553,69,1,Good
450,492,791,66,1,Good
451,1023,457,76,5,Good
452,9564,776,51,1,Good
453,10920,343,32,2,Good
454,8077,149,68,5,Good
455,4423,105,52,3,Good
456,14305,435,73,1,Good
457,1186,335,31,1,Good
458,12954,288,40,5,Good
459,4581,568,70,1,Good
460,4401,125,34,3,Good
461,801,880,48,3,Good
462,16724,480,83,5,Good
463,16141,480,10,1,Good
464,11921,261,37,4,Good
465,16202,632,33,5,Good
466,1900,122,69,4,Good
467,7089,961,72,3,Good
468,11921,931,99,4,Good
469,15410,662,75,2,Good
470,4618,927,41,5,Good
471,18356,885,99,1,Good
472,19511,929,9,5,Good
473,16003,602,87,4,Good
474,11098,295,34,1,Good
475,8032,526,28,3,Good
476,11117,200,59,2,Good
477,8542,49,73,5,Good
478,8988,777,39,2,Good
479,14862,633,5,4,Good
480,12683,255,23,5,Good
481,10252,491,59,5,Good
482,4012,689,53,5,Good
483,6238,820,8,3,Good
484,3885,850,27,3,Good
485,16958,231,64,1,Good
486,16232,505,67,4,Good
487,2686,24,43,3,Good
488,4584,202,32,3,Good
489,19235,307,18,3,Good
490,2154,743,11,5,Good
491,10435,454,3,2,Good
492,7871,483,51,4,Good
493,16151,842,72,4,Good
494,5694,662,10,5,Good
495,3895,488,66,1,Good
496,3191,29,6,3,Good
497,7674,628,56,5,Good
498,8923,85,24,3,Good
499,18103,809,100,5,Good
500,10162,418,36,3,Good
501,10740,335,38,4,Good
502,1535,486,97,4,Good
503,11737,808,30,5,Good
504,9969,838,24,2,Good
505,3030,616,67,4,Good
506,18716,865,81,2,Good
507,1183,630,98,3,Good
508,8580,321,12,1,Good
509,1705,98,100,2,Good
510,4897,777,85,4,Good
511,16176,322,54,4,Good
512,988,628,37,1,Good
513,525,301,41,1,Good
514,18653,712,82,2,Good
515,15045,748,55,2,Good
516,18705,861,19,2,Good
517,2878,370,18,5,Good
518,15502,777,13,4,Good
519,15965,947,61,3,Good
520,3568,450,31,5,Good
521,2052,2,65,2,Good
522,8971,2,47,5,Good
523,6918,631,53,2,Good
524,9776,705,100,5,Good
525,18810,432,68,2,Good
526,7394,993,58,3,Good
527,4145,715,62,2,Good
528,6301,749,24,5,Good
529,6184,739,26,4,Good
530,8796,102,84,5,Good
531,16997,616,85,5,Good
532,4777,808,82,5,Good
533,4459,501,33,1,Good
534,13879,60,54,3,Good
535,6831,836,51,5,Good
536,794,663,37,5,Good
537,14252,787,73,1,Good
538,19467,151,96,5,Good
539,6447,681,10,3,Good
540,560,24,39,3,Good
541,2406,487,13,1,Good
542,14786,41,94,3,Good
543,4810,718,3,5,Good
544,12033,292,16,1,Good
545,4372,630,65,1,Good
546,19171,900,10,1,Good
547,11103,174,35,2,Good
548,1346,530,32,4,Good
549,12908,776,11,4,Good
550,14750,994,21,4,Good
551,83,71,14,1,Good
552,7871,921,8,3,Good
553,5750,755,15,5,Good
554,8494,121,38,4,Good
555,8183,527,35,1,Good
556,10827,988,65,5,Good
557,8555,436,56,5,Good
558,5176,172,93,1,Good
559,15882,869,13,3,Good
560,4927,429,71,2,Good
561,1928,19,53,3,Good
562,14354,560,51,3,Good
563,10181,504,33,1,Good
564,10734,693,79,4,Good
565,652,760,60,2,Good
566,8131,606,76,5,Good
567,9039,448,87,3,Good
568,12239,771,10,3,Good
569,9243,379,57,1,Good
570,6420,887,76,2,Good
571,6711,810,73,1,Good
572,968,922,48,3,Good
573,8403,651,54,1,Good
574,11387,111,35,5,Good
575,10366,659,45,2,Good
576,6159,260,62,2,Good
577,13681,403,99,3,Good
578,14132,860,15,1,Good
579,2454,344,38,4,Good
580,14161,854,91,4,Good
581,2061,550,8,1,Good
582,11832,471,93,3,Good
583,3948,971,67,5,Good
584,9125,547,40,2,Good
585,7725,826,89,2,Good
586,9194,505,70,2,Good
587,3535,685,43,2,Good
588,2884,409,85,3,Good
589,18320,432,91,5,Good
590,11306,873,69,2,Good
591,8707,150,40,4,Good
592,10391,963,9,3,Good
593,11882,593,67,4,Good
594,18817,370,61,2,Good
595,402,968,92,3,Good
596,13550,867,11,5,Good
597,2420,499,71,3,Good
598,6554,525,47,1,Good
599,14386,83,88,5,Good
600,9205,766,50,1,Good
601,1527,846,97,5,Good
602,19223,963,43,3,Good
603,1234,116,97,1,Good
604,2756,616,10,3,Good
605,12556,720,57,1,Good
606,19086,194,79,3,Good
607,16169,544,29,3,Good
608,15074,987,42,2,Good
609,3432,210,5,2,Good
610,1943,762,7,2,Good
611,495,964,25,1,Good
612,251,128,5,2,Good
613,12500,241,79,2,Good
614,16802,755,31,2,Good
615,8423,102,68,3,Good
616,4600,870,25,1,Good
617,6933,856,33,1,Good
618,15689,601,23,3,Good
619,10347,202,26,2,Good
620,16451,923,74,4,Good
621,12458,244,7,2,Good
622,1020,101,76,1,Good
623,8524,581,100,2,Good
624,5978,879,11,1,Good
625,11758,324,72,3,Good
626,17477,453,75,5,Good
627,1705,273,39,3,Good
628,7113,281,99,4,Good
629,2188,352,33,2,Good
630,17586,620,4,3,Good
631,10471,790,2,2,Good
632,19218,448,7,4,Good
633,17502,295,67,1,Good
634,15253,711,15,1,Good
635,14076,430,26,1,Good
636,16872,29,1,2,Good
637,11453,244,87,3,Good
638,13682,127,74,2,Good
639,1227,501,51,4,Good
640,5948,613,35,2,Good
641,8993,284,2,5,Good
642,3012,58,94,3,Good
643,5224,825,100,3,Good
644,17365,883,82,4,Good
645,3517,166,62,1,Good
646,18260,752,20,5,Good
647,16895,429,77,4,Good
648,19732,697,49,3,Good
649,18928,225,62,1,Good
650,16044,168,83,2,Good
651,9978,3,30,3,Good
652,4277,189,43,3,Good
653,5231,138,47,5,Good
654,8837,199,97,5,Good
655,5194,223,89,1,Good
656,10664,878,80,1,Good
657,9395,951,21,2,Good
658,9859,934,69,4,Good
659,17472,898,45,5,Good
660,17169,187,25,4,Good
661,12559,546,5,2,Good
662,10889,645,13,5,Good
663,4950,112,70,5,Good
664,14297,23,45,1,Good
665,14780,268,57,2,Good
666,4699,777,74,1,Good
667,9136,341,88,5,Good
668,11729,36,81,2,Good
669,10774,705,1,1,Good
670,7902,356,10,1,Good
671,15897,171,17,1,Good
672,7173,878,37,3,Good
673,10373,186,52,4,Good
674,19537,622,76,2,Good
675,11415,649,12,2,Good
676,13567,709,47,3,Good
677,2448,785,82,4,Good
678,4231,181,24,1,Good
679,2677,2,15,3,Good
680,6769,493,47,5,Good
681,10656,668,8,2,Good
682,11902,903,59,5,Good
683,15082,118,3,5,Good
684,13463,609,71,5,Good
685,17080,364,22,2,Good
686,1257,495,91,5,Good
687,82,592,34,3,Good
688,7446,299,88,4,Good
689,15942,162,73,3,Good
690,11585,885,28,3,Good
691,439,81,36,3,Good
692,15558,805,26,3,Good
693,10896,391,20,2,Good
694,17822,510,100,4,Good
695,14550,799,76,5,Good
696,9026,137,100,4,Good
697,8764,202,47,3,Good
698,4787,231,61,3,Good
699,3495,964,36,1,Good
700,14462,336,24,3,Good
701,18357,840,47,3,Good
702,9966,691,10,2,Good
703,4224,715,62,3,Good
704,9694,368,50,5,Good
705,15409,789,73,4,Good
706,9721,177,92,4,Good
707,94,151,93,3,Good
708,10783,584,94,2,Good
709,17753,723,48,3,Good
710,1852,729,52,2,Good
711,5501,499,91,3,Good
712,15278,32,28,1,Good
713,19814,682,34,2,Good
714,13172,759,71,1,Good
715,5380,285,40,5,Good
716,9384,436,91,5,Good
717,10776,341,54,2,Good
718,17218,364,35,4,Good
719,18406,423,27,1,Good
720,14762,417,39,5,Good
721,8053,128,74,4,Good
722,3302,698,80,4,Good
723,1465,646,9,2,Good
724,14855,535,60,1,Good
725,4587,770,5,2,Good
726,18729,282,62,3,Good
727,9944,207,66,2,Good
728,8386,345,40,5,Good
729,9450,151,6,5,Good
730,10135,736,72,3,Good
731,9348,344,73,5,Good
732,3258,316,52,5,Good
733,19100,84,80,5,Good
734,8946,160,56,3,Good
735,12980,370,38,5,Good
736,9250,688,38,2,Good
737,4413,763,37,2,Good
738,18701,173,94,4,Good
739,15837,786,36,5,Good
740,3944,199,28,4,Good
741,479,341,32,1,Good
742,13147,381,59,2,Good
743,18912,300,54,4,Good
744,1428,358,96,3,Good
745,5334,791,24,3,Good
746,12386,176,100,5,Good
747,9800,696,22,1,Good
748,9500,690,85,2,Good
749,16632,749,93,5,Good
750,18950,592,53,2,Good
751,8381,593,91,1,Good
752,7608,908,91,2,Good
753,19890,952,20,5,Good
754,13630,845,26,1,Good
755,8858,725,88,4,Good
756,17914,453,62,5,Good
757,15253,764,66,1,Good
758,18675,956,67,4,Good
759,4442,604,99,3,Good
760,18839,624,95,5,Good
761,17783,849,76,1,Good
762,7136,344,26,2,Good
763,207,235,23,1,Good
764,2580,271,98,1,Good
765,19425,461,51,4,Good
766,1963,785,42,5,Good
767,4791,451,42,4,Good
768,19368,138,87,3,Good
769,6067,309,7,2,Good
770,4545,555,81,3,Good
771,1683,84,59,4,Good
772,1086,439,57,1,Good
773,3617,612,26,5,Good
774,11745,217,83,1,Good
775,8183,31,91,5,Good
776,6448,70,66,3,Good
777,4629,991,66,4,Good
778,6075,710,9,4,Good
779,17978,917,34,4,Good
780,13936,983,92,1,Good
781,4849,735,11,3,Good
782,3420,335,26,1,Good
783,18008,758,65,5,Good
784,7615,889,20,2,Good
785,6179,645,43,2,Good
786,2035,861,74,1,Good
787,19666,689,17,2,Good
788,18349,823,100,5,Good
789,1422,188,36,3,Good
790,14277,875,35,5,Good
791,549,137,76,2,Good
792,17797,320,18,5,Good
793,1987,775,80,5,Good
794,5360,980,22,3,Good
795,16309,383,27,1,Good
796,4748,517,22,5,Good
797,18786,864,81,4,Good
798,941,498,25,2,Good
799,7242,283,94,2,Good
800,14956,532,78,2,Good
801,7243,740,34,4,Good
802,4295,58,94,1,Good
803,17286,582,44,1,Good
804,15974,12,37,4,Good
805,10134,487,46,2,Good
806,6319,800,7,1,Good
807,3746,684,66,4,Good
808,16497,767,62,1,Good
809,9402,690,81,4,Good
810,4230,967,75,5,Good
811,12269,699,34,5,Good
812,17228,940,2,4,Good
813,19064,760,12,5,Good
814,3244,199,60,5,Good
815,13352,575,5,3,Good
816,15569,877,97,5,Good
817,5128,712,41,3,Good
818,9419,750,11,3,Good
819,17977,395,43,2,Good
820,17182,522,85,3,Good
821,2699,543,42,4,Good
822,13893,820,39,5,Good
823,14340,784,97,5,Good
824,1943,552,66,1,Good
825,15325,681,22,3,Good
826,1270,811,71,4,Good
827,15846,782,52,1,Good
828,9123,322,61,4,Good
829,15092,372,28,2,Good
830,7814,663,91,3,Good
831,15912,687,51,3,Good
832,19560,540,23,2,Good
833,11379,130,37,3,Good
834,8390,331,56,5,Good
835,17836,838,18,1,Good
836,7384,548,71,4,Good
837,6859,896,46,5,Good
838,7988,478,27,3,Good
839,12496,218,63,5,Good
840,18743,795,13,1,Good
841,3933,529,16,3,Good
842,2148,252,87,5,Good
843,7017,671,92,3,Good
844,15144,953,42,4,Good
845,9032,429,63,3,Good
846,1398,989,26,2,Good
847,1802,756,48,2,Good
848,16355,281,50,2,Good
849,5758,444,26,1,Good
850,2932,578,47,4,Good
851,9952,134,19,1,Good
852,43,735,41,2,Good
853,8839,878,40,2,Good
854,19711,735,5,1,Good
855,19392,199,59,2,Good
856,7568,998,86,1,Good
857,7484,398,26,4,Good
858,13403,551,65,5,Good
859,15923,498,66,1,Good
860,13859,505,39,1,Good
861,5949,995,93,1,Good
862,13184,723,82,2,Good
863,7829,259,75,2,Good
864,6408,801,37,2,Good
865,1755,670,15,1,Good
866,15545,485,56,3,Good
867,3583,86,39,4,Good
868,18972,454,37,2,Good
869,15780,171,36,4,Good
870,15018,488,48,1,Good
871,19225,541,51,4,Good
872,3091,559,99,3,Good
873,12860,349,63,3,Good
874,1796,85,39,5,Good
875,10706,225,6,1,Good
876,2448,261,50,4,Good
877,12067,756,48,3,Good
878,4151,854,66,5,Good
879,6888,387,100,4,Good
880,5549,281,27,3,Good
881,8913,471,20,4,Good
882,15963,316,48,3,Good
883,19332,22,73,2,Good
884,12159,302,12,1,Good
885,5956,568,4,3,Good
886,1831,573,47,4,Good
887,12513,1000,22,4,Good
888,7092,813,38,3,Good
889,9810,663,27,3,Good
890,17499,497,60,3,Good
891,19629,543,26,2,Good
892,6600,500,92,3,Good
893,6512,330,92,4,Good
894,854,411,41,4,Good
895,14536,544,6,2,Good
896,16407,345,60,3,Good
897,17050,93,93,3,Good
898,5316,221,79,4,Good
899,8791,616,69,5,Good
900,3720,230,91,4,Good
901,9125,737,83,5,Good
902,10096,191,61,4,Good
903,6514,190,55,4,Good
904,18134,938,84,4,Good
905,6072,792,20,4,Good
906,17314,573,55,1,Good
907,18791,454,73,1,Good
908,15796,736,33,4,Good
909,13148,160,99,1,Good
910,9548,596,64,2,Good
911,6862,583,31,2,Good
912,1663,97,64,4,Good
913,14859,525,23,4,Good
914,18887,379,66,4,Good
915,11116,852,92,2,Good
916,351,113,16,1,Good
917,8595,339,29,5,Good
918,6833,3,58,2,Good
919,10424,833,28,3,Good
920,115,419,52,4,Good
921,10059,379,18,5,Good
922,11643,182,48,1,Good
923,10928,88,8,3,Good
924,3822,288,55,3,Good
925,4388,936,73,1,Good
926,10649,715,50,5,Good
927,12881,715,2,2,Good
928,7944,3,87,1,Good
929,11609,856,58,1,Good
930,6057,741,26,4,Good
931,18476,620,47,3,Good
932,4799,922,3,2,Good
933,15319,394,80,4,Good
934,9013,18,61,2,Good
935,9022,494,14,5,Good
936,13003,810,96,5,Good
937,18333,471,30,2,Good
938,18909,475,79,5,Good
939,12594,316,86,4,Good
940,7303,252,43,2,Good
941,19520,533,13,4,Good
942,5970,76,90,2,Good
943,2429,815,85,4,Good
944,955,433,63,3,Good
945,4053,502,35,3,Good
946,7498,10,28,5,Good
947,3842,700,54,4,Good
948,12424,221,28,5,Good
949,13596,181,26,4,Good
950,13677,459,80,1,Good
951,14505,39,58,5,Good
952,12961,289,29,2,Good
953,19689,43,97,2,Good
954,2744,476,79,4,Good
955,19254,700,91,5,Good
956,957,13,75,1,Good
957,15511,757,40,2,Good
958,14727,822,12,5,Good
959,15157,588,63,3,Good
960,3179,772,79,4,Good
961,4052,97,50,1,Good
962,14677,493,50,2,Good
963,11557,80,79,3,Good
964,16288,132,94,5,Good
965,17313,368,2,5,Good
966,16599,751,3,2,Good
967,19319,931,54,3,Good
968,7123,783,30,3,Good
969,9372,234,43,2,Good
970,8842,986,87,4,Good
971,8281,823,32,4,Good
972,14459,528,40,5,Good
973,13845,374,83,5,Good
974,3389,712,27,5,Good
975,7579,151,1,2,Good
976,3473,500,42,3,Good
977,17906,662,88,3,Good
978,7609,384,48,2,Good
979,12688,439,91,3,Good
980,12619,769,2,3,Good
981,10007,790,45,2,Good
982,11714,35,40,5,Good
983,2766,577,34,4,Good
984,17245,148,31,3,Good
985,16811,765,58,5,Good
986,12479,403,87,3,Good
987,1126,765,44,3,Good
988,11644,452,69,4,Good
989,8797,122,63,2,Good
990,1154,357,19,4,Good
991,115,845,86,5,Good
992,19939,139,47,5,Good
993,12152,829,14,1,Good
994,13710,779,100,4,Good
995,723,844,1,5,Good
996,5960,529,44,3,Good
997,18239,273,33,3,Good
998,9433,291,57,1,Good
999,6542,583,60,5,Good
1000,14599,647,46,2,Good
1001,11014,902,6,5,Good
1002,7296,82,73,5,Good
1003,12395,132,78,4,Good
1004,12089,586,59,3,Good
1005,7891,373,51,4,Good
1006,19954,988,30,3,Good
1007,1847,296,97,3,Good
1008,11213,731,63,5,Good
1009,14149,356,7,3,Good
1010,5245,654,64,2,Good
1011,13339,187,11,5,Good
1012,18817,812,75,4,Good
1013,18733,532,74,1,Good
1014,1847,127,49,4,Good
1015,7508,695,51,5,Good
1016,3801,359,78,4,Good
1017,1564,48,54,1,Good
1018,15526,253,54,3,Good
1019,6005,161,46,1,Good
1020,9520,103,58,1,Good
1021,11971,512,16,4,Good
1022,19127,711,76,2,Good
1023,11098,65,74,3,Good
1024,10256,348,3,3,Good
1025,8812,320,7,2,Good
1026,8876,524,84,3,Good
1027,5394,437,90,4,Good
1028,13495,131,49,1,Good
1029,1951,241,95,2,Good
1030,16356,464,27,3,Good
1031,3817,635,53,1,Good
1032,7407,333,26,5,Good
1033,9761,863,98,1,Good
1034,14644,307,31,2,Good
1035,11258,822,19,1,Good
1036,12063,396,29,5,Good
1037,8941,292,36,1,Good
1038,17874,74,78,2,Good
1039,1698,316,59,3,Good
1040,9315,784,65,1,Good
1041,7660,243,50,3,Good
1042,9437,535,66,3,Good
1043,2429,840,37,3,Good
1044,875,628,4,5,Good
1045,10760,184,51,1,Good
1046,7620,654,90,1,Good
1047,12126,800,66,5,Good
1048,15661,294,31,2,Good
1049,14002,356,16,4,Good
1050,11826,479,93,4,Good
1051,3125,816,75,4,Good
1052,13263,270,52,5,Good
1053,3985,920,61,3,Good
1054,1309,566,33,3,Good
1055,10692,158,49,3,Good
1056,17427,436,93,1,Good
1057,3846,360,8,1,Good
1058,8956,798,5,5,Good
1059,12921,576,49,2,Good
1060,12890,815,5,3,Good
1061,6442,49,82,1,Good
1062,4833,41,53,5,Good
1063,3446,21,22,2,Good
1064,12555,934,4,4,Good
1065,1627,383,54,5,Good
1066,9142,722,100,5,Good
1067,934,525,84,5,Good
1068,6083,704,76,3,Good
1069,8387,677,76,2,Good
1070,18896,988,80,2,Good
1071,18255,37,82,5,Good
1072,18795,884,76,3,Good
1073,2541,6,46,2,Good
1074,4002,30,1,5,Good
1075,4981,873,74,5,Good
1076,3036,926,20,5,Good
1077,5075,276,28,5,Good
1078,11787,85,19,3,Good
1079,1501,554,89,4,Good
1080,9824,176,59,5,Good
1081,16111,846,100,1,Good
1082,13810,130,1,2,Good
1083,19879,778,86,5,Good
1084,5507,993,39,1,Good
1085,13570,111,46,1,Good
1086,19371,156,92,5,Good
1087,16436,910,58,5,Good
1088,8490,419,79,1,Good
1089,95,432,64,1,Good
1090,19609,102,52,1,Good
1091,19961,967,19,2,Good
1092,5196,602,92,3,Good
1093,10695,966,50,4,Good
1094,9795,17,75,4,Good
1095,17537,473,32,4,Good
1096,17013,308,82,4,Good
1097,13628,333,87,5,Good
1098,2357,638,72,1,Good
1099,8387,592,26,4,Good
1100,17986,237,55,5,Good
1101,4216,237,31,2,Good
1102,3882,337,8,4,Good
1103,4320,483,42,1,Good
1104,12607,502,46,4,Good
1105,19868,717,58,5,Good
1106,18041,237,86,5,Good
1107,11077,557,86,2,Good
1108,2749,284,13,2,Good
1109,16379,515,9,1,Good
1110,15593,476,4,3,Good
1111,901,580,96,3,Good
1112,13226,907,36,1,Good
1113,12941,387,43,4,Good
1114,18128,662,7,3,Good
1115,19768,390,91,4,Good
1116,3723,860,38,2,Good
1117,8096,946,44,3,Good
1118,17119,708,40,4,Good
1119,19294,433,37,3,Good
1120,584,679,80,3,Good
1121,3801,799,66,4,Good
1122,13648,18,67,3,Good
1123,15443,127,74,2,Good
1124,14810,465,39,3,Good
1125,2133,889,26,5,Good
1126,482,48,4,1,Good
1127,17419,478,2,5,Good
1128,7048,458,43,4,Good
1129,7620,677,63,5,Good
1130,1035,22,46,4,Good
1131,18221,319,41,2,Good
1132,8108,780,44,4,Good
1133,7472,719,11,3,Good
1134,1159,572,74,3,Good
1135,13672,621,72,2,Good
1136,11006,124,41,4,Good
1137,14443,22,58,4,Good
1138,76,504,99,5,Good
1139,8180,58,4,2,Good
1140,2183,188,1,5,Good
1141,9779,54,30,5,Good
1142,15723,825,90,4,Good
1143,18283,305,34,4,Good
1144,3341,325,33,1,Good
1145,2504,105,87,4,Good
1146,1127,672,50,1,Good
1147,2694,884,5,4,Good
1148,10287,853,37,5,Good
1149,1842,940,32,5,Good
1150,8575,161,54,2,Good
1151,19969,677,9,1,Good
1152,5354,221,43,3,Good
1153,2213,371,36,5,Good
1154,5096,637,84,5,Good
1155,7242,819,88,2,Good
1156,18200,89,50,4,Good
1157,4817,986,94,1,Good
1158,2625,804,77,3,Good
1159,12201,515,84,1,Good
1160,10982,632,99,5,Good
1161,217,233,37,4,Good
1162,9213,931,86,3,Good
1163,432,603,4,2,Good
1164,10511,553,58,5,Good
1165,12522,6,55,2,Good
1166,4919,684,81,1,Good
1167,13589,739,69,3,Good
1168,9012,60,20,1,Good
1169,10797,39,81,4,Good
1170,9573,970,66,3,Good
1171,17303,326,47,3,Good
1172,12560,886,45,5,Good
1173,6660,208,28,2,Good
1174,17772,892,27,5,Good
1175,14313,543,48,4,Good
1176,14222,575,96,4,Good
1177,11916,792,90,2,Good
1178,2030,752,52,4,Good
1179,10502,850,5,5,Good
1180,4892,410,4,3,Good
1181,18396,73,80,1,Good
1182,373,350,22,2,Good
1183,19736,585,42,3,Good
1184,17238,466,35,4,Good
1185,12139,225,49,3,Good
1186,8227,11,9,2,Good
1187,4497,840,90,5,Good
1188,8849,250,11,4,Good
1189,13929,707,94,5,Good
1190,11406,462,13,2,Good
1191,2867,784,13,1,Good
1192,18806,168,36,4,Good
1193,17489,287,66,3,Good
1194,7932,554,7,1,Good
1195,5766,468,84,5,Good
1196,8473,169,94,2,Good
1197,19560,693,32,2,Good
1198,12254,370,19,5,Good
1199,10885,804,52,4,Good
1200,7229,728,88,2,Good
1201,19680,548,35,2,Good
1202,11345,936,27,5,Good
1203,11482,441,85,5,Good
1204,9200,523,72,5,Good
1205,10847,776,23,3,Good
1206,6506,272,87,2,Good
1207,8648,431,56,1,Good
1208,10014,792,83,3,Good
1209,12585,113,7,2,Good
1210,4683,136,81,5,Good
1211,16474,14,100,4,Good
1212,18950,789,78,5,Good
1213,5527,562,92,1,Good
1214,19839,685,88,2,Good
1215,7767,196,15,2,Good
1216,4464,414,68,1,Good
1217,2330,623,91,2,Good
1218,14559,25,40,3,Good
1219,7533,87,30,1,Good
1220,16222,255,36,3,Good
1221,16234,582,65,2,Good
1222,5755,878,56,5,Good
1223,17183,671,100,2,Good
1224,8212,870,92,5,Good
1225,10121,980,30,1,Good
1226,5997,723,80,1,Good
1227,4254,967,94,3,Good
1228,6132,59,86,1,Good
1229,2181,164,73,4,Good
1230,635,299,67,5,Good
1231,7215,642,6,3,Good
1232,14962,776,100,2,Good
1233,18900,271,14,5,Good
1234,1909,463,8,5,Good
1235,8216,247,7,3,Good
1236,13577,969,72,3,Good
1237,15809,544,45,5,Good
1238,9431,96,57,3,Good
1239,16557,571,13,5,Good
1240,1002,746,51,1,Good
1241,15133,894,48,4,Good
1242,17160,472,15,4,Good
1243,12515,408,24,1,Good
1244,5912,133,48,2,Good
1245,8387,925,38,3,Good
1246,15579,420,70,4,Good
1247,12114,849,12,1,Good
1248,12358,974,1,2,Good
1249,8762,811,69,2,Good
1250,18175,988,15,5,Good
1251,1243,545,84,5,Good
1252,12251,175,58,3,Good
1253,11962,409,79,4,Good
1254,19753,47,58,1,Good
1255,1523,751,69,2,Good
1256,17188,398,12,2,Good
1257,7304,152,7,4,Good
1258,15361,437,45,3,Good
1259,11578,50,57,4,Good
1260,10571,297,91,4,Good
1261,17899,830,60,2,Good
1262,7181,115,81,3,Good
1263,14312,453,95,1,Good
1264,2221,226,12,1,Good
1265,437,758,55,2,Good
1266,14026,947,24,3,Good
1267,3488,608,70,5,Good
1268,14631,232,76,4,Good
1269,310,989,27,3,Good
1270,8829,143,14,3,Good
1271,16324,582,90,5,Good
1272,2955,864,91,4,Good
1273,2698,966,11,1,Good
1274,15137,657,88,4,Good
1275,11179,744,7,2,Good
1276,11777,657,90,2,Good
1277,11203,26,11,4,Good
1278,3824,103,31,5,Good
1279,19707,998,40,3,Good
1280,4219,995,69,1,Good
1281,16444,907,88,1,Good
1282,12290,604,54,2,Good
1283,3010,960,58,2,Good
1284,11979,611,66,5,Good
1285,19486,196,86,3,Good
1286,8897,53,75,1,Good
1287,3724,328,10,4,Good
1288,11023,439,53,1,Good
1289,11594,92,81,3,Good
1290,12191,620,65,4,Good
1291,1118,991,37,3,Good
1292,7326,730,41,4,Good
1293,10728,67,44,2,Good
1294,3693,684,77,2,Good
1295,19403,58,34,1,Good
1296,237,694,66,2,Good
1297,2639,439,72,5,Good
1298,10298,770,87,5,Good
1299,10758,734,24,5,Good
1300,10399,484,42,4,Good
1301,6531,626,12,3,Good
1302,916,808,94,1,Good
1303,3416,447,86,3,Good
1304,8904,85,66,1,Good
1305,11741,206,71,4,Good
1306,1034,485,31,1,Good
1307,14292,575,40,2,Good
1308,3121,283,50,5,Good
1309,8794,319,37,2,Good
1310,13247,861,22,4,Good
1311,12959,443,51,4,Good
1312,8686,620,55,2,Good
1313,14004,601,58,4,Good
1314,8035,791,97,5,Good
1315,5518,88,65,3,Good
1316,12355,120,97,5,Good
1317,1841,46,11,1,Good
1318,10841,471,63,4,Good
1319,1470,576,9,3,Good
1320,11111,777,1,1,Good
1321,4410,791,74,4,Good
1322,13225,593,78,1,Good
1323,19082,756,96,4,Good
1324,8835,80,86,2,Good
1325,8140,634,89,2,Good
1326,17619,839,29,3,Good
1327,15900,950,80,1,Good
1328,7048,452,80,4,Good
1329,19054,883,86,4,Good
1330,13483,776,29,5,Good
1331,11906,650,53,4,Good
1332,10566,371,17,5,Good
1333,11650,329,59,5,Good
1334,6024,12,4,2,Good
1335,17758,812,53,2,Good
1336,2884,411,2,2,Good
1337,17309,963,11,2,Good
1338,13846,56,46,5,Good
1339,16525,729,84,3,Good
1340,5176,90,12,3,Good
1341,19980,530,90,1,Good
1342,5650,400,17,2,Good
1343,11004,248,72,1,Good
1344,17260,826,31,5,Good
1345,3869,167,3,5,Good
1346,10883,601,14,5,Good
1347,348,367,11,4,Good
1348,1731,918,47,3,Good
1349,5603,114,44,2,Good
1350,6842,98,81,1,Good
1351,3064,205,45,2,Good
1352,8231,769,78,1,Good
1353,7814,932,83,4,Good
1354,3517,919,72,2,Good
1355,15838,427,87,2,Good
1356,6620,413,98,3,Good
1357,3654,784,81,1,Good
1358,17697,558,8,5,Good
1359,12276,1000,56,2,Good
1360,10992,881,99,3,Good
1361,3351,707,81,3,Good
1362,10026,527,54,5,Good
1363,14620,263,43,3,Good
1364,12051,423,52,1,Good
1365,6111,754,61,1,Good
1366,2375,359,17,3,Good
1367,2568,909,47,3,Good
1368,11606,211,76,3,Good
1369,3863,618,14,5,Good
1370,17434,592,52,1,Good
1371,19140,971,85,3,Good
1372,16034,555,96,4,Good
1373,17180,45,49,4,Good
1374,16065,118,47,4,Good
1375,8252,289,7,5,Good
1376,17902,983,24,3,Good
1377,5661,967,52,5,Good
1378,15593,546,21,4,Good
1379,9779,538,44,3,Good
1380,14259,259,51,2,Good
1381,11188,946,76,1,Good
1382,4417,929,19,2,Good
1383,18626,176,46,1,Good
1384,10596,773,13,2,Good
1385,16802,836,75,3,Good
1386,6811,786,98,4,Good
1387,15582,397,82,1,Good
1388,16845,742,15,5,Good
1389,9442,602,27,4,Good
1390,10834,179,34,4,Good
1391,11674,951,42,5,Good
1392,3623,534,37,3,Good
1393,1648,843,7,4,Good
1394,4424,69,33,2,Good
1395,8579,382,67,1,Good
1396,15364,851,59,5,Good
1397,9887,722,14,1,Good
1398,3388,128,81,3,Good
1399,7313,119,16,4,Good
1400,15078,592,99,3,Good
1401,434,2,70,5,Good
1402,15121,587,80,4,Good
1403,2670,702,35,2,Good
1404,19710,897,54,4,Good
1405,7393,553,78,3,Good
1406,1846,357,68,4,Good
1407,3068,362,30,5,Good
1408,9498,453,1,3,Good
1409,8880,973,56,3,Good
1410,16876,665,79,3,Good
1411,4638,649,38,4,Good
1412,12674,933,66,5,Good
1413,6879,283,28,4,Good
1414,10661,382,63,4,Good
1415,3904,655,4,1,Good
1416,1987,157,40,2,Good
1417,11206,599,67,5,Good
1418,5282,705,60,5,Good
1419,6856,140,89,5,Good
1420,7147,70,9,5,Good
1421,18342,243,63,3,Good
1422,6074,273,92,4,Good
1423,45,541,70,2,Good
1424,11267,269,58,4,Good
1425,13727,847,10,2,Good
1426,14819,289,14,2,Good
1427,18178,596,21,4,Good
1428,15399,545,69,2,Good
1429,6985,474,43,3,Good
1430,18024,233,93,3,Good
1431,9030,864,49,2,Good
1432,10649,989,7,5,Good
1433,17238,375,57,5,Good
1434,10350,929,36,1,Good
1435,1973,767,31,1,Good
1436,18651,429,33,1,Good
1437,6037,594,30,5,Good
1438,13244,554,63,2,Good
1439,5781,665,83,1,Good
1440,13538,881,18,2,Good
1441,8143,821,69,4,Good
1442,14281,180,1,3,Good
1443,9468,260,29,5,Good
1444,16533,441,46,2,Good
1445,19948,70,40,3,Good
1446,4118,807,27,2,Good
1447,13028,418,6,3,Good
1448,2204,615,19,2,Good
1449,7425,81,87,4,Good
1450,17996,736,79,2,Good
1451,6864,981,80,5,Good
1452,10832,992,75,1,Good
1453,9716,465,15,1,Good
1454,16861,223,31,4,Good
1455,7995,75,14,3,Good
1456,14341,359,58,2,Good
1457,2169,234,90,1,Good
1458,19903,493,76,5,Good
1459,13567,455,15,5,Good
1460,282,468,81,3,Good
1461,5141,47,81,1,Good
1462,17475,103,19,1,Good
1463,5519,17,62,5,Good
1464,1624,118,90,3,Good
1465,18590,954,6,5,Good
1466,15223,940,44,5,Good
1467,11866,264,44,1,Good
1468,7539,472,68,1,Good
1469,9524,834,25,3,Good
1470,12122,116,29,4,Good
1471,14168,325,45,1,Good
1472,18354,999,35,3,Good
1473,15540,249,60,5,Good
1474,2181,526,46,4,Good
1475,16761,209,7,5,Good
1476,8357,905,74,3,Good
1477,16791,327,53,3,Good
1478,6456,458,51,4,Good
1479,3741,62,56,2,Good
1480,608,524,88,2,Good
1481,16574,261,64,4,Good
1482,10272,381,30,2,Good
1483,9140,872,54,2,Good
1484,7068,417,83,2,Good
1485,16021,717,56,3,Good
1486,11117,942,40,4,Good
1487,18526,504,84,5,Good
1488,858,10,5,4,Good
1489,8531,208,36,2,Good
1490,11989,3,47,5,Good
1491,7297,726,36,4,Good
1492,5401,565,1,4,Good
1493,11990,813,75,1,Good
1494,17512,615,83,4,Good
1495,10411,137,94,2,Good
1496,9590,800,74,1,Good
1497,13240,378,39,4,Good
1498,18008,795,34,4,Good
1499,19903,962,100,4,Good
1500,6038,786,99,5,Good
1501,11554,331,49,5,Good
1502,7048,481,65,1,Good
1503,2651,504,52,5,Good
1504,8997,736,91,4,Good
1505,12451,349,46,3,Good
1506,16272,881,97,5,Good
1507,18535,726,23,5,Good
1508,1725,994,77,4,Good
1509,1716,552,70,1,Good
1510,18160,205,57,2,Good
1511,9010,807,30,3,Good
1512,8158,710,10,4,Good
1513,16521,45,89,3,Good
1514,7644,771,23,3,Good
1515,4826,532,25,1,Good
1516,9866,487,71,3,Good
1517,17250,22,15,1,Good
1518,6783,561,85,1,Good
1519,15529,108,68,2,Good
1520,8897,478,41,1,Good
1521,6367,326,16,4,Good
1522,3985,760,94,1,Good
1523,8776,113,38,1,Good
1524,10706,83,37,2,Good
1525,11058,661,22,1,Good
1526,12820,288,55,3,Good
1527,8222,994,2,3,Good
1528,11356,680,56,5,Good
1529,19604,59,27,4,Good
1530,532,536,57,5,Good
1531,11831,261,77,3,Good
1532,623,232,56,5,Good
1533,13322,835,20,4,Good
1534,18087,639,86,3,Good
1535,10854,780,94,2,Good
1536,4222,765,61,5,Good
1537,15514,697,69,5,Good
1538,19921,41,35,2,Good
1539,19208,198,56,2,Good
1540,497,561,75,1,Good
1541,6236,483,58,1,Good
1542,8949,950,47,4,Good
1543,10302,106,64,1,Good
1544,12955,194,1,1,Good
1545,3709,287,16,3,Good
1546,19412,200,74,3,Good
1547,9411,772,64,3,Good
1548,17172,332,55,1,Good
1549,5905,832,27,5,Good
1550,2308,854,86,3,Good
1551,15181,676,29,3,Good
1552,2340,986,90,2,Good
1553,9606,851,30,4,Good
1554,3402,780,7,4,Good
1555,14225,110,43,5,Good
1556,19844,123,98,2,Good
1557,846,834,24,1,Good
1558,5906,769,85,3,Good
1559,7118,905,32,2,Good
1560,3121,459,3,4,Good
1561,16098,594,90,5,Good
1562,16663,373,90,3,Good
1563,3734,815,85,1,Good
1564,18877,56,24,3,Good
1565,414,743,16,4,Good
1566,18649,899,47,1,Good
1567,19434,689,47,5,Good
1568,18946,731,13,2,Good
1569,3461,385,15,4,Good
1570,17026,203,80,2,Good
1571,17232,137,17,4,Good
1572,7297,213,31,4,Good
1573,1132,207,11,4,Good
1574,12772,355,19,4,Good
1575,1302,606,74,3,Good
1576,7648,340,46,2,Good
1577,2159,932,77,3,Good
1578,18044,142,36,5,Good
1579,5767,302,54,5,Good
1580,10246,864,47,1,Good
1581,18722,154,10,3,Good
1582,3608,297,50,3,Good
1583,9349,428,31,2,Good
1584,11308,788,17,3,Good
1585,487,436,19,2,Good
1586,19151,337,53,4,Good
1587,5808,789,74,5,Good
1588,16645,790,35,5,Good
1589,14069,701,58,4,Good
1590,7491,210,91,5,Good
1591,6886,299,97,5,Good
1592,16976,880,15,1,Good
1593,16596,189,10,2,Good
1594,15035,977,80,5,Good
1595,12790,567,29,3,Good
1596,547,507,27,2,Good
1597,16410,559,97,4,Good
1598,7779,442,97,4,Good
1599,17414,48,54,5,Good
1600,16402,46,70,1,Good
1601,3808,352,37,1,Good
1602,16966,116,44,3,Good
1603,6985,620,84,4,Good
1604,5278,979,1,3,Good
1605,4542,86,82,2,Good
1606,15471,789,79,3,Good
1607,19917,642,39,1,Good
1608,10008,251,11,4,Good
1609,5102,257,85,1,Good
1610,1483,616,9,2,Good
1611,16504,290,51,1,Good
1612,14961,31,2,4,Good
1613,108,160,47,2,Good
1614,19624,583,4,5,Good
1615,1470,771,20,1,Good
1616,11727,296,21,5,Good
1617,12145,181,63,3,Good
1618,10224,890,52,1,Good
1619,16396,982,99,4,Good
1620,16702,13,65,3,Good
1621,1917,920,13,2,Good
1622,12103,895,14,1,Good
1623,10302,77,50,4,Good
1624,14010,476,76,4,Good
1625,14080,909,44,5,Good
1626,18622,422,52,1,Good
1627,10452,486,18,1,Good
1628,8156,885,11,2,Good
1629,8024,673,90,3,Good
1630,6966,278,72,1,Good
1631,13012,749,46,5,Good
1632,9043,197,57,1,Good
1633,727,447,20,1,Good
1634,5205,432,22,2,Good
1635,19295,407,61,4,Good
1636,13290,615,42,3,Good
1637,8581,235,64,1,Good
1638,13637,317,30,1,Good
1639,5602,270,63,2,Good
1640,1872,768,76,3,Good
1641,12212,883,83,1,Good
1642,7012,776,92,4,Good
1643,3186,224,75,5,Good
1644,2156,90,37,3,Good
1645,2374,225,24,5,Good
1646,334,53,73,2,Good
1647,11856,40,24,4,Good
1648,3745,242,91,5,Good
1649,11877,819,58,2,Good
1650,14932,226,16,5,Good
1651,17351,392,43,2,Good
1652,19750,436,22,5,Good
1653,849,354,90,2,Good
1654,18959,76,69,2,Good
1655,8213,961,5,2,Good
1656,9733,691,33,1,Good
1657,4171,171,20,2,Good
1658,2186,857,9,3,Good
1659,2831,433,20,5,Good
1660,11330,243,39,1,Good
1661,14943,115,53,4,Good
1662,17982,319,55,2,Good
1663,13484,604,49,5,Good
1664,7611,366,22,2,Good
1665,19919,12,78,2,Good
1666,10365,408,26,2,Good
1667,522,65,56,2,Good
1668,6277,234,19,5,Good
1669,15643,629,59,5,Good
1670,7665,879,11,4,Good
1671,10265,341,13,2,Good
1672,10099,282,36,2,Good
1673,2034,165,97,2,Good
1674,6783,12,9,3,Good
1675,16780,926,40,5,Good
1676,2932,462,99,2,Good
1677,2240,895,91,1,Good
1678,19538,230,87,5,Good
1679,12692,36,1,2,Good
1680,9393,414,48,2,Good
1681,11143,869,61,4,Good
1682,16234,145,45,2,Good
1683,19196,772,17,2,Good
1684,6967,397,20,4,Good
1685,17511,105,24,2,Good
1686,3287,79,51,5,Good
1687,11063,72,95,4,Good
1688,15769,684,75,3,Good
1689,19762,588,4,4,Good
1690,17649,242,3,1,Good
1691,4200,58,88,4,Good
1692,7039,533,18,5,Good
1693,6011,439,96,3,Good
1694,12893,596,93,2,Good
1695,2288,6,11,5,Good
1696,5396,718,64,5,Good
1697,10393,862,4,5,Good
1698,5912,999,33,4,Good
1699,19819,969,90,1,Good
1700,14770,645,56,4,Good
1701,5104,679,56,2,Good
1702,7796,225,77,3,Good
1703,3718,610,83,5,Good
1704,13017,237,21,2,Good
1705,16023,202,67,3,Good
1706,7234,98,75,5,Good
1707,5992,538,99,4,Good
1708,12993,418,26,4,Good
1709,19497,772,20,2,Good
1710,18102,574,46,5,Good
1711,8276,272,33,5,Good
1712,17392,2,62,1,Good
1713,7238,542,98,4,Good
1714,1519,359,66,5,Good
1715,15507,574,98,3,Good
1716,13930,839,62,4,Good
1717,19090,637,99,2,Good
1718,12842,485,19,4,Good
1719,7061,637,48,4,Good
1720,7600,358,70,1,Good
1721,6445,955,21,2,Good
1722,19612,180,11,3,Good
1723,8958,346,3,2,Good
1724,12129,68,53,3,Good
1725,3339,63,73,4,Good
1726,15966,254,9,1,Good
1727,16919,669,12,5,Good
1728,17651,204,31,2,Good
1729,4814,73,83,5,Good
1730,17060,275,62,5,Good
1731,14218,494,4,1,Good
1732,3017,352,56,5,Good
1733,19804,605,77,1,Good
1734,14507,458,48,5,Good
1735,10704,175,61,1,Good
1736,7942,130,32,5,Good
1737,7779,29,18,2,Good
1738,16956,914,56,4,Good
1739,15174,777,86,5,Good
1740,3345,859,54,2,Good
1741,3965,350,97,2,Good
1742,16198,534,87,2,Good
1743,8977,421,68,4,Good
1744,15595,359,88,1,Good
1745,15885,961,19,1,Good
1746,6103,263,86,1,Good
1747,3322,117,35,1,Good
1748,18618,278,90,5,Good
1749,15807,489,58,5,Good
1750,6867,444,78,4,Good
1751,5768,861,96,5,Good
1752,2520,92,60,2,Good
1753,5849,621,77,2,Good
1754,8893,804,21,2,Good
1755,5591,597,91,4,Good
1756,17591,957,19,5,Good
1757,7119,20,80,2,Good
1758,3240,70,59,4,Good
1759,15203,211,34,4,Good
1760,4875,569,67,1,Good
1761,8178,844,42,3,Good
1762,6462,417,41,1,Good
1763,13429,601,15,3,Good
1764,4770,34,99,3,Good
1765,5814,192,30,1,Good
1766,19110,58,17,5,Good
1767,7211,9,13,2,Good
1768,16317,855,11,3,Good
1769,198,36,12,2,Good
1770,19315,224,74,2,Good
1771,19055,736,95,3,Good
1772,19059,29,56,3,Good
1773,19159,690,32,1,Good
1774,9601,693,56,5,Good
1775,9090,811,77,5,Good
1776,15674,695,3,1,Good
1777,10610,110,26,5,Good
1778,11912,444,73,1,Good
1779,10014,209,22,2,Good
1780,8428,732,4,5,Good
1781,18944,661,4,4,Good
1782,108,531,38,2,Good
1783,12694,95,15,3,Good
1784,7924,286,27,1,Good
1785,12980,529,85,3,Good
1786,758,979,4,1,Good
1787,17192,848,85,5,Good
1788,11269,803,81,5,Good
1789,30,50,20,3,Good
1790,9700,353,86,5,Good
1791,10485,645,8,2,Good
1792,5201,376,20,5,Good
1793,10259,219,59,5,Good
1794,7004,49,17,3,Good
1795,4532,198,51,2,Good
1796,338,466,41,2,Good
1797,8604,157,68,4,Good
1798,16742,864,51,2,Good
1799,15279,191,37,5,Good
1800,17863,594,18,3,Good
1801,15711,579,72,4,Good
1802,11056,753,62,5,Good
1803,3104,740,93,1,Good
1804,8707,612,41,2,Good
1805,6733,670,93,1,Good
1806,17900,235,10,2,Good
1807,1686,540,65,5,Good
1808,10662,464,72,2,Good
1809,13286,449,29,2,Good
1810,12709,914,37,1,Good
1811,3598,565,45,3,Good
1812,16339,667,58,3,Good
1813,3115,873,57,5,Good
1814,7715,140,59,3,Good
1815,19417,82,55,1,Good
1816,2741,854,27,3,Good
1817,2597,186,96,2,Good
1818,9137,394,80,1,Good
1819,9444,621,10,4,Good
1820,14088,352,46,1,Good
1821,1409,871,5,3,Good
1822,5225,930,87,2,Good
1823,17196,865,51,3,Good
1824,9280,468,34,4,Good
1825,185,522,86,5,Good
1826,1971,166,52,3,Good
1827,16859,915,22,3,Good
1828,12296,545,65,5,Good
1829,283,371,37,4,Good
1830,3538,283,7,3,Good
1831,15023,748,53,1,Good
1832,8178,362,45,4,Good
1833,4317,323,5,3,Good
1834,17747,11,41,3,Good
1835,13633,490,98,1,Good
1836,18416,889,31,2,Good
1837,1426,462,8,1,Good
1838,9620,111,95,1,Good
1839,18682,628,93,4,Good
1840,19454,755,12,3,Good
1841,5942,267,42,3,Good
1842,14640,747,50,1,Good
1843,174,906,25,5,Good
1844,12241,223,95,5,Good
1845,11649,780,6,1,Good
1846,19230,212,19,5,Good
1847,10397,56,30,1,Good
1848,16854,634,78,5,Good
1849,16552,87,89,5,Good
1850,7202,353,11,5,Good
1851,1192,159,35,2,Good
1852,5683,352,12,5,Good
1853,14039,169,72,4,Good
1854,15640,873,13,2,Good
1855,6078,438,83,3,Good
1856,12233,396,52,3,Good
1857,9621,585,76,1,Good
1858,4819,958,31,5,Good
1859,7907,989,94,3,Good
1860,18698,63,20,1,Good
1861,276,946,63,2,Good
1862,19544,416,52,3,Good
1863,4095,114,91,2,Good
1864,5019,756,67,1,Good
1865,14874,647,82,5,Good
1866,10821,245,59,5,Good
1867,8893,950,97,5,Good
1868,14019,531,41,3,Good
1869,1064,922,92,5,Good
1870,9576,676,7,1,Good
1871,5232,388,18,2,Good
1872,2646,868,66,3,Good
1873,1344,650,72,4,Good
1874,10937,960,65,5,Good
1875,6018,932,60,2,Good
1876,10495,898,63,2,Good
1877,1063,20,44,2,Good
1878,14130,588,45,4,Good
1879,8864,102,63,5,Good
1880,5550,201,5,4,Good
1881,10115,897,76,1,Good
1882,10459,730,32,1,Good
1883,2200,191,62,4,Good
1884,17927,283,90,1,Good
1885,15792,871,21,3,Good
1886,15514,687,66,3,Good
1887,2756,715,5,5,Good
1888,18286,755,65,1,Good
1889,9738,662,40,2,Good
1890,11703,600,14,1,Good
1891,11596,418,35,2,Good
1892,2774,173,72,2,Good
1893,5772,467,64,2,Good
1894,4715,177,27,4,Good
1895,17559,56,24,5,Good
1896,2625,393,33,3,Good
1897,15496,252,47,3,Good
1898,17223,792,58,2,Good
1899,19816,716,23,3,Good
1900,5514,6,24,4,Good
1901,14752,339,44,5,Good
1902,7447,931,50,5,Good
1903,9301,34,72,1,Good
1904,6415,461,11,5,Good
1905,18255,214,63,2,Good
1906,18107,725,16,4,Good
1907,13834,554,91,1,Good
1908,18835,380,75,1,Good
1909,3146,477,46,1,Good
1910,5516,151,66,5,Good
1911,11286,604,98,2,Good
1912,11349,65,12,4,Good
1913,5762,929,80,1,Good
1914,19413,198,4,5,Good
1915,15555,872,85,2,Good
1916,454,528,4,4,Good
1917,4932,802,37,3,Good
1918,10018,950,47,5,Good
1919,2532,565,61,3,Good
1920,16252,292,20,4,Good
1921,2349,934,71,4,Good
1922,8027,733,24,1,Good
1923,18793,885,5,4,Good
1924,8139,853,5,5,Good
1925,8728,157,81,3,Good
1926,10535,805,55,2,Good
1927,12833,329,12,2,Good
1928,11191,201,68,5,Good
1929,4932,874,53,5,Good
1930,2073,331,74,3,Good
1931,13856,418,79,1,Good
1932,461,865,74,3,Good
1933,11245,498,11,4,Good
1934,10921,293,32,4,Good
1935,1887,513,98,5,Good
1936,10477,412,33,1,Good
1937,11084,913,64,3,Good
1938,18805,324,68,2,Good
1939,12411,246,28,1,Good
1940,3035,536,10,3,Good
1941,10616,872,18,4,Good
1942,19416,794,21,3,Good
1943,16178,243,49,4,Good
1944,3859,844,68,5,Good
1945,3519,620,6,3,Good
1946,5666,81,19,4,Good
1947,9287,57,32,4,Good
1948,5173,687,28,1,Good
1949,5672,818,81,2,Good
1950,9063,783,62,1,Good
1951,12830,68,22,3,Good
1952,671,896,5,1,Good
1953,8193,693,55,2,Good
1954,5008,974,17,5,Good
1955,5338,897,3,5,Good
1956,12733,188,99,5,Good
1957,5679,81,51,1,Good
1958,4975,6,7,5,Good
1959,16304,321,53,1,Good
1960,2659,711,88,1,Good
1961,7494,68,27,3,Good
1962,18077,493,63,3,Good
1963,14151,597,95,1,Good
1964,683,373,30,1,Good
1965,9118,229,33,4,Good
1966,10172,345,11,5,Good
1967,12683,153,14,1,Good
1968,12307,442,65,5,Good
1969,4396,498,74,5,Good
1970,7350,71,21,1,Good
1971,14806,633,81,4,Good
1972,12147,562,61,1,Good
1973,14329,276,84,3,Good
1974,5239,420,4,2,Good
1975,6589,642,34,3,Good
1976,2913,362,86,5,Good
1977,11777,751,91,2,Good
1978,10453,127,11,5,Good
1979,4188,211,91,2,Good
1980,10532,881,10,2,Good
1981,7273,473,6,1,Good
1982,7447,853,43,5,Good
1983,15007,667,17,2,Good
1984,8292,700,52,2,Good
1985,1156,308,90,5,Good
1986,6558,294,73,2,Good
1987,15412,787,7,1,Good
1988,289,558,56,3,Good
1989,8779,321,33,3,Good
1990,7983,592,45,3,Good
1991,10334,276,68,5,Good
1992,18033,967,16,2,Good
1993,5971,878,92,5,Good
1994,6362,334,18,5,Good
1995,8634,605,96,2,Good
1996,6478,258,11,2,Good
1997,3377,751,69,1,Good
1998,16737,941,45,2,Good
1999,14486,292,14,5,Good
2000,4638,821,29,4,Good
2001,17502,166,20,5,Good
2002,6732,443,38,3,Good
2003,605,615,31,2,Good
2004,5417,351,24,5,Good
2005,10549,5,62,1,Good
2006,7660,75,64,4,Good
2007,8724,954,100,3,Good
2008,13129,402,56,1,Good
2009,10430,79,64,2,Good
2010,9144,734,46,4,Good
2011,5904,57,37,5,Good
2012,7886,876,98,1,Good
2013,489,768,68,4,Good
2014,18860,6,45,2,Good
2015,12572,164,61,3,Good
2016,3733,439,53,2,Good
2017,19638,722,66,2,Good
2018,6024,938,97,5,Good
2019,1374,15,85,5,Good
2020,7499,794,92,4,Good
2021,6468,638,5,4,Good
2022,17485,249,5,4,Good
2023,7294,156,97,2,Good
2024,18351,700,86,5,Good
2025,17544,883,75,3,Good
2026,19063,122,34,2,Good
2027,3625,287,52,1,Good
2028,17813,136,23,5,Good
2029,9258,750,97,1,Good
2030,358,505,46,4,Good
2031,3802,337,74,1,Good
2032,16067,859,90,3,Good
2033,1107,660,37,3,Good
2034,13989,464,43,3,Good
2035,9116,466,26,3,Good
2036,11481,998,54,4,Good
2037,10053,883,76,5,Good
2038,5654,232,30,2,Good
2039,14441,623,90,3,Good
2040,4687,581,11,3,Good
2041,7439,492,67,3,Good
2042,10977,556,49,5,Good
2043,19792,601,75,4,Good
2044,937,205,62,5,Good
2045,5868,150,75,4,Good
2046,6416,43,74,2,Good
2047,16814,676,77,2,Good
2048,2332,445,64,5,Good
2049,5971,124,16,4,Good
2050,5505,655,5,3,Good
2051,2069,858,39,5,Good
2052,12005,141,16,4,Good
2053,10538,126,94,5,Good
2054,16359,562,48,2,Good
2055,4740,256,47,2,Good
2056,15620,84,3,5,Good
2057,254,178,17,2,Good
2058,8350,294,14,5,Good
2059,9754,914,2,3,Good
2060,14370,385,68,3,Good
2061,6856,568,90,3,Good
2062,2818,276,45,2,Good
2063,7020,129,41,1,Good
2064,13038,615,72,3,Good
2065,17345,689,40,1,Good
2066,5992,294,57,2,Good
2067,2869,387,66,4,Good
2068,1624,244,82,2,Good
2069,14398,200,57,4,Good
2070,16037,83,6,4,Good
2071,7905,120,69,3,Good
2072,8737,634,54,4,Good
2073,8171,255,90,3,Good
2074,19849,357,18,4,Good
2075,19858,105,90,1,Good
2076,8430,106,79,4,Good
2077,4868,757,87,3,Good
2078,4480,155,51,3,Good
2079,9996,657,70,3,Good
2080,5814,125,64,5,Good
2081,4442,301,41,4,Good
2082,5647,185,50,4,Good
2083,217,635,60,5,Good
2084,8872,680,84,2,Good
2085,8947,899,25,3,Good
2086,9867,30,84,5,Good
2087,10918,665,53,5,Good
2088,8601,636,16,3,Good
2089,1008,303,26,4,Good
2090,10274,377,93,4,Good
2091,16893,53,74,3,Good
2092,9195,207,19,4,Good
2093,17802,685,36,3,Good
2094,18714,992,79,3,Good
2095,11132,597,20,3,Good
2096,5666,674,47,5,Good
2097,13551,495,27,4,Good
2098,19819,319,73,4,Good
2099,5892,407,99,5,Good
2100,13622,326,29,2,Good
2101,13390,961,73,3,Good
2102,9386,121,7,4,Good
2103,17781,346,25,2,Good
2104,17887,110,3,4,Good
2105,11122,88,92,1,Good
2106,10347,770,87,2,Good
2107,1547,976,1,3,Good
2108,19561,821,87,1,Good
2109,7607,712,12,2,Good
2110,289,875,3,1,Good
2111,923,401,73,5,Good
2112,15364,171,64,4,Good
2113,17558,415,75,5,Good
2114,6957,155,99,4,Good
2115,3930,381,94,5,Good
2116,10661,408,56,5,Good
2117,17850,409,7,2,Good
2118,18597,875,79,1,Good
2119,2730,878,7,1,Good
2120,10022,74,7,3,Good
2121,410,790,64,3,Good
2122,8995,995,17,3,Good
2123,14523,334,81,4,Good
2124,6730,628,63,4,Good
2125,17905,928,79,1,Good
2126,14763,48,46,1,Good
2127,12224,377,15,2,Good
2128,15724,363,56,4,Good
2129,11173,658,74,1,Good
2130,19436,892,66,2,Good
2131,398,807,3,5,Good
2132,15775,99,50,1,Good
2133,8138,837,79,4,Good
2134,19684,248,19,1,Good
2135,2041,376,22,2,Good
2136,18120,846,60,1,Good
2137,16878,40,7,5,Good
2138,16033,95,32,3,Good
2139,1647,101,21,3,Good
2140,4881,692,40,1,Good
2141,4211,783,26,1,Good
2142,14273,711,61,4,Good
2143,11331,291,97,3,Good
2144,17072,2,6,5,Good
2145,5409,747,98,2,Good
2146,11521,919,26,2,Good
2147,5563,539,61,2,Good
2148,15047,370,9,5,Good
2149,12917,561,86,1,Good
2150,8399,204,94,3,Good
2151,7940,34,67,4,Good
2152,9044,111,6,5,Good
2153,17255,775,61,5,Good
2154,271,656,38,4,Good
2155,15236,176,15,3,Good
2156,1554,258,25,5,Good
2157,10700,82,81,3,Good
2158,19907,8,3,1,Good
2159,3783,634,70,2,Good
2160,16813,461,98,1,Good
2161,4370,79,39,2,Good
2162,11650,553,77,2,Good
2163,11375,672,47,2,Good
2164,19505,380,65,2,Good
2165,5309,513,34,3,Good
2166,11839,721,22,4,Good
2167,12823,147,72,4,Good
2168,9232,324,38,4,Good
2169,19294,989,33,1,Good
2170,4909,412,22,1,Good
2171,12249,89,51,5,Good
2172,8288,68,88,4,Good
2173,11200,30,75,1,Good
2174,1183,96,17,4,Good
2175,12259,592,7,5,Good
2176,5388,317,74,2,Good
2177,18360,707,64,4,Good
2178,60,404,62,2,Good
2179,15300,64,20,3,Good
2180,2852,983,84,3,Good
2181,19602,915,95,3,Good
2182,4855,651,52,5,Good
2183,16642,862,33,1,Good
2184,7047,200,65,5,Good
2185,2100,604,81,2,Good
2186,10438,168,18,1,Good
2187,13485,185,11,3,Good
2188,385,572,86,2,Good
2189,3727,685,60,3,Good
2190,19048,98,17,1,Good
2191,7564,224,38,2,Good
2192,6563,770,50,3,Good
2193,5826,792,86,4,Good
2194,17340,581,55,2,Good
2195,9382,497,71,2,Good
2196,8240,850,66,2,Good
2197,9387,50,94,3,Good
2198,14151,373,49,4,Good
2199,10241,446,59,2,Good
2200,19506,28,80,3,Good
2201,7269,973,46,1,Good
2202,3323,489,88,5,Good
2203,4100,726,59,3,Good
2204,3003,293,95,3,Good
2205,2905,911,62,2,Good
2206,8323,905,37,5,Good
2207,9864,285,73,2,Good
2208,17457,956,73,5,Good
2209,19156,561,12,4,Good
2210,4361,476,60,3,Good
2211,8538,300,70,4,Good
2212,321,996,65,1,Good
2213,3554,710,39,2,Good
2214,7108,830,58,5,Good
2215,16839,129,56,1,Good
2216,7348,162,93,3,Good
2217,6681,465,54,1,Good
2218,12121,105,15,1,Good
2219,17603,892,34,3,Good
2220,11427,178,94,2,Good
2221,18820,489,21,5,Good
2222,16395,645,42,2,Good
2223,866,367,73,3,Good
2224,12142,454,67,4,Good
2225,12003,428,89,2,Good
2226,6815,123,51,5,Good
2227,17214,93,45,5,Good
2228,9172,306,28,1,Good
2229,9028,581,65,1,Good
2230,14474,523,81,5,Good
2231,12121,871,15,5,Good
2232,17793,737,45,3,Good
2233,14392,30,51,3,Good
2234,18924,761,66,1,Good
2235,13460,108,61,4,Good
2236,4214,984,88,3,Good
2237,2588,53,77,3,Good
2238,10487,950,1,4,Good
2239,8732,631,96,3,Good
2240,9871,71,17,5,Good
2241,13262,521,47,4,Good
2242,16106,664,85,2,Good
2243,5787,375,97,1,Good
2244,3890,621,9,3,Good
2245,8034,466,30,5,Good
2246,19143,636,67,4,Good
2247,208,406,90,2,Good
2248,15898,452,24,1,Good
2249,15456,902,39,5,Good
2250,5548,952,95,1,Good
2251,1372,541,89,4,Good
2252,860,267,98,4,Good
2253,11702,281,47,2,Good
2254,17488,774,84,2,Good
2255,1699,122,13,4,Good
2256,19867,618,98,5,Good
2257,5258,350,32,3,Good
2258,12202,255,83,2,Good
2259,8649,899,3,2,Good
2260,15845,240,70,5,Good
2261,1227,720,94,5,Good
2262,18893,249,24,4,Good
2263,10783,238,34,1,Good
2264,13753,650,51,3,Good
2265,15632,317,44,5,Good
2266,12442,169,27,1,Good
2267,1317,841,54,1,Good
2268,5343,360,53,1,Good
2269,16579,865,63,2,Good
2270,5134,608,37,5,Good
2271,14370,368,80,1,Good
2272,4544,70,89,4,Good
2273,16843,913,55,4,Good
2274,11435,933,55,4,Good
2275,15578,728,14,5,Good
2276,655,138,29,4,Good
2277,18867,615,10,5,Good
2278,17810,957,98,1,Good
2279,14281,758,30,4,Good
2280,13936,609,100,3,Good
2281,12934,183,4,5,Good
2282,17417,444,32,1,Good
2283,12153,434,92,4,Good
2284,7209,253,41,1,Good
2285,4164,420,98,5,Good
2286,19666,862,12,4,Good
2287,15848,16,71,3,Good
2288,8437,321,92,5,Good
2289,18811,603,82,2,Good
2290,13871,913,7,2,Good
2291,5121,867,93,2,Good
2292,19364,633,14,2,Good
2293,13940,575,31,4,Good
2294,5434,885,94,4,Good
2295,6191,753,68,1,Good
2296,13999,643,52,5,Good
2297,14554,824,7,2,Good
2298,3485,327,52,5,Good
2299,17735,474,7,1,Good
2300,1035,272,54,4,Good
2301,13958,270,18,5,Good
2302,14691,106,8,5,Good
2303,8835,820,61,1,Good
2304,6877,140,49,2,Good
2305,13942,992,50,3,Good
2306,12853,474,41,2,Good
2307,9112,242,35,2,Good
2308,7722,741,67,4,Good
2309,18138,74,15,5,Good
2310,18702,93,78,2,Good
2311,1321,306,80,3,Good
2312,18893,692,8,5,Good
2313,1663,782,47,3,Good
2314,16767,942,81,4,Good
2315,10686,895,75,5,Good
2316,9417,570,81,2,Good
2317,7345,689,67,4,Good
2318,7648,846,29,2,Good
2319,16581,510,93,3,Good
2320,14913,983,16,2,Good
2321,6866,546,9,5,Good
2322,10034,915,17,4,Good
2323,69,811,62,4,Good
2324,16447,134,46,1,Good
2325,10540,157,63,3,Good
2326,9153,718,21,1,Good
2327,11528,356,83,4,Good
2328,5768,608,97,2,Good
2329,5578,925,43,5,Good
2330,13179,677,29,2,Good
2331,2703,413,23,5,Good
2332,2418,839,76,4,Good
2333,4607,563,11,2,Good
2334,15121,44,22,3,Good
2335,1803,373,81,2,Good
2336,18622,104,25,3,Good
2337,16605,281,73,1,Good
2338,9830,191,11,4,Good
2339,7294,706,93,3,Good
2340,3414,804,70,1,Good
2341,19473,840,41,4,Good
2342,2907,821,21,1,Good
2343,9401,226,3,1,Good
2344,19899,466,80,3,Good
2345,2864,504,47,2,Good
2346,17133,501,65,5,Good
2347,1800,693,56,1,Good
2348,870,476,58,4,Good
2349,49,485,78,3,Good
2350,16335,174,59,2,Good
2351,15942,142,42,1,Good
2352,14379,902,97,3,Good
2353,12652,55,59,5,Good
2354,13229,480,5,4,Good
2355,17860,784,47,5,Good
2356,17144,122,57,5,Good
2357,175,508,1,2,Good
2358,4861,715,10,4,Good
2359,6184,475,86,4,Good
2360,2042,580,54,4,Good
2361,11859,466,24,2,Good
2362,19651,119,38,5,Good
2363,18000,675,36,1,Good
2364,18193,794,76,3,Good
2365,18208,928,14,5,Good
2366,5820,816,84,1,Good
2367,9962,213,35,2,Good
2368,19516,768,88,4,Good
2369,1439,855,26,2,Good
2370,9387,955,6,2,Good
2371,15211,995,88,1,Good
2372,6993,986,2,1,Good
2373,14542,284,57,4,Good
2374,5544,268,5,4,Good
2375,14892,18,34,3,Good
2376,1673,222,19,2,Good
2377,17521,104,83,5,Good
2378,2538,120,39,2,Good
2379,6289,334,62,3,Good
2380,17999,484,48,5,Good
2381,1192,750,1,3,Good
2382,4675,36,3,1,Good
2383,16130,715,42,3,Good
2384,6087,509,28,3,Good
2385,17165,924,12,2,Good
2386,15171,446,8,4,Good
2387,16393,169,97,1,Good
2388,101,312,92,3,Good
2389,10713,532,42,5,Good
2390,17133,41,61,1,Good
2391,14029,325,89,3,Good
2392,12623,286,92,4,Good
2393,9588,235,2,3,Good
2394,16745,210,63,4,Good
2395,2272,81,20,3,Good
2396,9163,759,71,3,Good
2397,19739,702,71,3,Good
2398,1571,42,65,1,Good
2399,19723,75,92,3,Good
2400,11482,181,83,3,Good
2401,4449,189,13,3,Good
2402,15954,842,73,3,Good
2403,5038,689,16,1,Good
2404,5114,117,91,4,Good
2405,12990,103,89,2,Good
2406,13663,600,68,5,Good
2407,7409,840,81,5,Good
2408,8293,956,81,1,Good
2409,19347,544,86,5,Good
2410,1226,329,55,5,Good
2411,16027,51,62,2,Good
2412,3989,87,42,4,Good
2413,14258,586,75,5,Good
2414,14855,829,13,3,Good
2415,1979,584,31,1,Good
2416,1171,175,96,3,Good
2417,12763,496,10,5,Good
2418,1069,164,62,1,Good
2419,7004,504,10,4,Good
2420,14517,155,43,4,Good
2421,19020,768,2,5,Good
2422,10930,140,89,5,Good
2423,2515,722,46,3,Good
2424,2602,655,5,2,Good
2425,10747,285,26,3,Good
2426,14019,844,20,3,Good
2427,2692,181,84,2,Good
2428,3556,957,4,4,Good
2429,13789,541,37,5,Good
2430,19153,744,39,2,Good
2431,3381,882,28,1,Good
2432,11393,635,54,5,Good
2433,2486,423,66,3,Good
2434,12250,302,72,5,Good
2435,9244,609,99,3,Good
2436,15010,525,77,3,Good
2437,16869,617,72,3,Good
2438,7253,494,73,4,Good
2439,3983,851,32,2,Good
2440,640,364,77,5,Good
2441,8619,906,38,2,Good
2442,15147,917,10,3,Good
2443,3716,413,67,4,Good
2444,14349,903,90,2,Good
2445,12949,910,17,3,Good
2446,14698,706,48,4,Good
2447,2344,1000,54,2,Good
2448,4160,312,43,3,Good
2449,9529,42,86,5,Good
2450,14334,212,83,4,Good
2451,17433,720,65,5,Good
2452,4104,824,48,5,Good
2453,1974,521,21,5,Good
2454,4087,995,60,1,Good
2455,856,452,18,2,Good
2456,1351,249,7,3,Good
2457,11684,345,3,5,Good
2458,18012,842,59,3,Good
2459,6339,148,51,1,Good
2460,4594,725,28,2,Good
2461,16155,780,53,4,Good
2462,6902,784,31,1,Good
2463,5787,75,25,1,Good
2464,9819,403,65,1,Good
2465,12110,165,57,4,Good
2466,962,144,60,4,Good
2467,10926,854,55,2,Good
2468,1028,976,11,2,Good
2469,13846,338,26,5,Good
2470,18825,968,76,3,Good
2471,17564,101,72,4,Good
2472,17822,872,32,1,Good
2473,2068,817,44,5,Good
2474,7652,453,78,4,Good
2475,10193,179,80,3,Good
2476,9088,515,18,3,Good
2477,5484,345,83,2,Good
2478,2566,206,55,5,Good
2479,10879,589,94,5,Good
2480,19395,706,64,1,Good
2481,5754,859,11,3,Good
2482,16096,965,24,5,Good
2483,13456,598,12,5,Good
2484,843,243,55,1,Good
2485,4212,740,11,2,Good
2486,13863,375,11,2,Good
2487,427,394,47,1,Good
2488,19375,962,16,2,Good
2489,15100,752,21,5,Good
2490,3866,36,55,3,Good
2491,8301,908,8,2,Good
2492,14860,127,66,2,Good
2493,19762,388,9,1,Good
2494,13520,704,23,1,Good
2495,2573,13,10,3,Good
2496,11771,110,80,5,Good
2497,16841,898,73,2,Good
2498,15370,795,64,1,Good
2499,11105,327,82,1,Good
2500,14858,604,66,3,Good
2501,3888,841,19,3,Good
2502,77,194,3,5,Good
2503,2005,234,48,1,Good
2504,17308,924,66,4,Good
2505,5223,478,68,2,Good
2506,11180,6,89,4,Good
2507,2903,420,95,2,Good
2508,18551,116,49,5,Good
2509,7768,114,79,4,Good
2510,19807,707,36,1,Good
2511,11882,384,60,1,Good
2512,16961,273,29,2,Good
2513,10759,81,62,1,Good
2514,10326,986,53,4,Good
2515,4598,21,65,5,Good
2516,11930,662,58,5,Good
2517,13585,619,55,1,Good
2518,3015,168,68,2,Good
2519,3249,919,65,5,Good
2520,2880,56,71,5,Good
2521,2201,790,31,5,Good
2522,12946,755,59,3,Good
2523,8483,779,34,2,Good
2524,18548,984,13,2,Good
2525,16413,453,36,2,Good
2526,9745,249,50,1,Good
2527,1668,423,83,5,Good
2528,15208,812,65,1,Good
2529,14603,464,51,1,Good
2530,5108,466,24,5,Good
2531,16818,677,8,1,Good
2532,17080,175,56,3,Good
2533,17223,75,75,1,Good
2534,3530,455,5,1,Good
2535,4035,16,61,3,Good
2536,1366,622,100,3,Good
2537,8854,15,92,1,Good
2538,18502,364,74,5,Good
2539,12168,718,43,1,Good
2540,767,441,3,5,Good
2541,9333,528,74,1,Good
2542,19264,774,32,3,Good
2543,17608,208,13,1,Good
2544,10889,881,6,5,Good
2545,7138,907,43,5,Good
2546,11583,414,98,4,Good
2547,8832,594,9,4,Good
2548,6165,692,51,3,Good
2549,13443,894,93,4,Good
2550,2664,816,86,2,Good
2551,4473,86,91,2,Good
2552,9777,907,65,4,Good
2553,1507,248,90,3,Good
2554,16317,809,12,1,Good
2555,13607,96,88,2,Good
2556,8145,499,35,2,Good
2557,9119,331,38,5,Good
2558,5428,517,15,2,Good
2559,17462,286,58,4,Good
2560,1154,269,14,3,Good
2561,18182,190,95,2,Good
2562,8380,2,22,5,Good
2563,19313,23,74,5,Good
2564,8237,365,62,4,Good
2565,17541,118,40,2,Good
2566,10995,196,54,1,Good
2567,11742,142,73,3,Good
2568,19220,23,4,5,Good
2569,17876,871,80,2,Good
2570,8191,890,81,3,Good
2571,2455,526,85,1,Good
2572,2845,372,98,2,Good
2573,8003,383,46,1,Good
2574,7101,957,88,3,Good
2575,4893,578,29,1,Good
2576,18083,850,87,4,Good
2577,2887,139,2,3,Good
2578,18214,103,62,3,Good
2579,13835,317,47,2,Good
2580,12716,789,77,3,Good
2581,8679,697,97,1,Good
2582,6139,208,23,3,Good
2583,14622,880,30,4,Good
2584,6193,834,35,4,Good
2585,13798,296,57,2,Good
2586,15911,630,20,2,Good
2587,19691,810,28,3,Good
2588,4226,681,3,1,Good
2589,5434,995,75,5,Good
2590,9413,216,3,1,Good
2591,8997,973,3,4,Good
2592,15914,678,34,1,Good
2593,8378,996,23,4,Good
2594,17488,724,5,5,Good
2595,16473,963,41,2,Good
2596,16722,118,72,4,Good
2597,14200,140,83,5,Good
2598,473,955,22,4,Good
2599,226,541,95,1,Good
2600,12704,484,85,2,Good
2601,13389,38,44,4,Good
2602,11255,554,7,2,Good
2603,9727,398,3,2,Good
2604,7060,967,57,3,Good
2605,1957,475,1,4,Good
2606,3694,781,20,5,Good
2607,9293,263,66,3,Good
2608,14341,493,16,5,Good
2609,18823,890,2,5,Good
2610,7416,247,85,1,Good
2611,15901,687,47,5,Good
2612,7305,646,84,2,Good
2613,5078,68,37,5,Good
2614,848,61,90,3,Good
2615,15610,56,11,3,Good
2616,404,92,93,5,Good
2617,4941,641,7,5,Good
2618,7860,397,30,1,Good
2619,18236,31,25,2,Good
2620,18355,809,53,1,Good
2621,14117,367,7,3,Good
2622,511,266,41,2,Good
2623,5084,542,80,3,Good
2624,9846,150,7,1,Good
2625,5536,933,15,2,Good
2626,14048,553,56,2,Good
2627,13154,645,91,2,Good
2628,18016,545,97,2,Good
2629,2956,490,11,1,Good
2630,52,384,66,5,Good
2631,863,132,84,5,Good
2632,5729,175,92,1,Good
2633,15247,868,57,1,Good
2634,15065,976,46,3,Good
2635,9710,530,26,4,Good
2636,13672,24,28,2,Good
2637,2512,622,91,1,Good
2638,14229,967,17,4,Good
2639,19310,585,17,3,Good
2640,2681,138,8,2,Good
2641,14384,70,89,1,Good
2642,3791,634,80,1,Good
2643,18026,904,31,5,Good
2644,7625,861,13,5,Good
2645,7888,938,27,1,Good
2646,15059,771,50,5,Good
2647,12639,777,13,1,Good
2648,8951,5,69,5,Good
2649,5612,259,57,2,Good
2650,12697,686,37,4,Good
2651,8730,104,37,5,Good
2652,2206,869,88,5,Good
2653,15057,172,4,5,Good
2654,18255,363,7,1,Good
2655,8205,705,36,2,Good
2656,17109,642,45,5,Good
2657,826,440,99,5,Good
2658,8427,397,70,1,Good
2659,16047,194,73,4,Good
2660,7665,343,13,2,Good
2661,11477,408,98,5,Good
2662,7584,586,83,5,Good
2663,12042,772,68,5,Good
2664,460,249,81,2,Good
2665,61,966,4,4,Good
2666,9091,50,29,5,Good
2667,9121,497,61,3,Good
2668,7829,187,28,4,Good
2669,16065,601,47,1,Good
2670,12934,347,77,3,Good
2671,17740,484,27,1,Good
2672,5218,843,38,2,Good
2673,16411,59,75,4,Good
2674,16376,624,52,1,Good
2675,2402,729,65,4,Good
2676,12010,987,44,2,Good
2677,19046,597,10,5,Good
2678,14928,493,98,1,Good
2679,8362,983,52,5,Good
2680,1584,285,8,1,Good
2681,1241,564,43,4,Good
2682,6361,319,57,5,Good
2683,5355,399,72,4,Good
2684,12813,117,37,5,Good
2685,18629,520,56,2,Good
2686,3659,711,85,2,Good
2687,10685,532,82,5,Good
2688,13554,318,99,5,Good
2689,10545,977,63,4,Good
2690,5819,218,69,3,Good
2691,16628,483,47,2,Good
2692,17610,475,74,4,Good
2693,11384,733,30,4,Good
2694,13632,927,25,4,Good
2695,16682,331,72,5,Good
2696,4003,5,24,4,Good
2697,18829,364,24,1,Good
2698,8108,197,62,2,Good
2699,12330,187,65,1,Good
2700,17045,500,72,4,Good
2701,7691,632,1,2,Good
2702,12728,363,15,2,Good
2703,12473,917,66,4,Good
2704,3122,651,2,4,Good
2705,5460,752,63,3,Good
2706,297,689,39,4,Good
2707,17984,754,13,1,Good
2708,13734,29,25,4,Good
2709,5862,209,58,4,Good
2710,17688,430,2,1,Good
2711,18523,596,31,2,Good
2712,10923,685,60,3,Good
2713,16775,958,23,5,Good
2714,5204,157,23,2,Good
2715,5952,1000,76,5,Good
2716,16644,839,25,3,Good
2717,2435,60,64,4,Good
2718,16831,952,87,3,Good
2719,10677,354,76,1,Good
2720,17698,218,56,1,Good
2721,19251,558,73,4,Good
2722,15093,659,75,2,Good
2723,17791,733,32,2,Good
2724,17785,816,82,4,Good
2725,10176,559,37,1,Good
2726,19376,124,39,2,Good
2727,270,984,46,5,Good
2728,17367,78,61,1,Good
2729,18594,29,64,5,Good
2730,6490,765,30,1,Good
2731,13857,204,94,5,Good
2732,19311,768,13,3,Good
2733,11166,986,56,1,Good
2734,7133,242,13,4,Good
2735,9907,600,82,5,Good
2736,15597,128,90,1,Good
2737,19301,217,2,3,Good
2738,8001,353,87,2,Good
2739,4468,805,23,5,Good
2740,2276,924,46,3,Good
2741,4667,764,36,1,Good
2742,16826,787,5,5,Good
2743,16134,210,6,3,Good
2744,124,171,32,2,Good
2745,19632,641,63,5,Good
2746,12927,885,2,3,Good
2747,8842,697,100,4,Good
2748,4783,854,13,4,Good
2749,17816,238,73,1,Good
2750,1996,60,66,3,Good
2751,3961,574,42,1,Good
2752,1858,450,19,4,Good
2753,4418,199,14,4,Good
2754,11389,254,98,2,Good
2755,9073,812,67,1,Good
2756,10962,869,33,1,Good
2757,14590,392,44,2,Good
2758,6472,511,85,3,Good
2759,16001,133,55,4,Good
2760,13911,545,10,2,Good
2761,13131,205,2,1,Good
2762,5264,616,41,4,Good
2763,15072,612,92,2,Good
2764,8697,4,17,3,Good
2765,18969,778,86,3,Good
2766,19545,42,12,3,Good
2767,19262,107,88,4,Good
2768,8375,159,38,1,Good
2769,18085,134,36,5,Good
2770,18968,136,64,3,Good
2771,1666,977,6,3,Good
2772,14448,862,44,3,Good
2773,9637,762,35,4,Good
2774,7656,834,17,2,Good
2775,1362,406,40,4,Good
2776,392,237,47,3,Good
2777,4213,943,93,1,Good
2778,18770,420,54,5,Good
2779,13829,366,17,5,Good
2780,17007,508,13,5,Good
2781,16581,730,100,2,Good
2782,14458,579,65,4,Good
2783,2748,758,86,4,Good
2784,17353,828,16,1,Good
2785,16564,960,24,2,Good
2786,13805,296,56,5,Good
2787,9140,108,71,2,Good
2788,19159,291,86,3,Good
2789,12281,541,1,1,Good
2790,19830,637,12,2,Good
2791,11394,260,62,5,Good
2792,5100,998,78,3,Good
2793,7033,437,99,4,Good
2794,18894,932,60,1,Good
2795,6630,565,79,4,Good
2796,17904,245,28,3,Good
2797,16524,997,93,4,Good
2798,14578,897,73,2,Good
2799,5681,8,73,4,Good
2800,4753,634,58,5,Good
2801,14103,118,5,5,Good
2802,13792,266,60,5,Good
2803,10895,916,54,2,Good
2804,19881,271,5,3,Good
2805,9973,321,63,2,Good
2806,5845,161,12,2,Good
2807,4555,390,22,1,Good
2808,14076,300,64,3,Good
2809,15326,918,11,5,Good
2810,13097,453,71,3,Good
2811,10071,48,85,4,Good
2812,458,954,20,2,Good
2813,253,833,31,4,Good
2814,9961,576,58,5,Good
2815,9470,775,61,1,Good
2816,10181,195,93,4,Good
2817,19114,437,4,1,Good
2818,10087,775,24,3,Good
2819,2828,982,96,5,Good
2820,8167,654,24,4,Good
2821,8839,70,49,1,Good
2822,17975,89,55,5,Good
2823,1294,586,7,5,Good
2824,6826,670,37,1,Good
2825,13935,302,80,4,Good
2826,17881,268,60,3,Good
2827,14094,994,64,2,Good
2828,14927,77,13,1,Good
2829,12028,75,7,4,Good
2830,2943,836,79,1,Good
2831,8595,623,6,5,Good
2832,1472,645,76,2,Good
2833,10085,317,34,5,Good
2834,19724,986,10,3,Good
2835,4275,436,88,2,Good
2836,18601,361,23,2,Good
2837,16947,836,38,3,Good
2838,10040,890,37,3,Good
2839,16655,664,24,4,Good
2840,15848,268,97,5,Good
2841,15865,800,56,2,Good
2842,8094,601,76,2,Good
2843,2369,721,6,3,Good
2844,9984,112,37,1,Good
2845,4806,206,1,3,Good
2846,3592,137,21,5,Good
2847,11197,756,35,2,Good
2848,7359,101,27,5,Good
2849,19259,53,30,5,Good
2850,8298,348,21,2,Good
2851,13723,188,6,2,Good
2852,12404,442,81,2,Good
2853,6981,810,52,3,Good
2854,6915,966,86,3,Good
2855,1579,482,77,3,Good
2856,68,810,25,3,Good
2857,15888,627,70,5,Good
2858,13562,416,75,2,Good
2859,14833,538,68,1,Good
2860,5051,79,74,3,Good
2861,19896,431,52,4,Good
2862,15107,623,38,1,Good
2863,5219,487,54,5,Good
2864,11286,894,8,1,Good
2865,7960,204,90,5,Good
2866,15157,577,59,4,Good
2867,10651,370,29,4,Good
2868,5799,674,18,5,Good
2869,14066,184,44,1,Good
2870,2124,453,33,1,Good
2871,12975,916,35,3,Good
2872,564,674,89,3,Good
2873,624,891,1,1,Good
2874,8331,928,5,4,Good
2875,2802,534,80,1,Good
2876,10912,399,73,3,Good
2877,9741,809,1,5,Good
2878,1221,621,45,3,Good
2879,911,919,93,5,Good
2880,3535,785,37,4,Good
2881,16980,912,35,3,Good
2882,3974,989,55,1,Good
2883,7143,726,30,5,Good
2884,3941,845,91,2,Good
2885,19755,425,47,1,Good
2886,2348,325,64,1,Good
2887,21,67,26,3,Good
2888,12698,313,42,3,Good
2889,18259,800,100,4,Good
2890,18964,72,17,3,Good
2891,18031,336,47,1,Good
2892,14088,267,52,2,Good
2893,10903,443,63,4,Good
2894,645,694,50,2,Good
2895,7565,622,30,5,Good
2896,6865,816,1,2,Good
2897,17371,314,79,4,Good
2898,15868,463,8,5,Good
2899,6778,915,22,2,Good
2900,7189,666,8,2,Good
2901,19946,287,46,3,Good
2902,5313,493,58,3,Good
2903,3371,696,67,5,Good
2904,7021,102,71,2,Good
2905,18310,679,32,4,Good
2906,4070,193,5,4,Good
2907,15709,438,1,2,Good
2908,6640,664,29,2,Good
2909,15913,446,59,3,Good
2910,14027,75,91,1,Good
2911,882,744,85,1,Good
2912,18321,88,13,1,Good
2913,17599,821,17,4,Good
2914,2684,993,8,4,Good
2915,3620,908,47,3,Good
2916,17763,854,77,3,Good
2917,11262,596,45,4,Good
2918,9587,17,15,3,Good
2919,16507,642,45,5,Good
2920,6405,48,44,1,Good
2921,2006,46,70,2,Good
2922,3616,596,23,3,Good
2923,15420,834,3,1,Good
2924,7126,696,92,4,Good
2925,18921,41,47,4,Good
2926,1531,28,93,3,Good
2927,13422,260,80,4,Good
2928,7986,603,66,3,Good
2929,14280,783,27,1,Good
2930,8426,501,22,1,Good
2931,9886,163,67,5,Good
2932,11798,302,29,3,Good
2933,156,762,8,2,Good
2934,9655,704,45,3,Good
2935,19687,386,1,4,Good
2936,3285,303,82,3,Good
2937,15155,187,33,2,Good
2938,8041,42,94,5,Good
2939,2176,484,63,3,Good
2940,12758,626,48,2,Good
2941,9444,938,4,3,Good
2942,15428,937,90,4,Good
2943,299,411,52,5,Good
2944,5937,10,39,1,Good
2945,7255,202,71,1,Good
2946,13561,776,27,5,Good
2947,12691,727,25,2,Good
2948,10896,381,38,1,Good
2949,543,757,53,1,Good
2950,15388,950,20,1,Good
2951,18433,677,68,1,Good
2952,13564,72,56,1,Good
2953,1490,674,34,3,Good
2954,5967,195,77,2,Good
2955,4038,284,83,4,Good
2956,5825,428,75,3,Good
2957,4697,437,80,4,Good
2958,1240,126,1,5,Good
2959,18871,800,68,3,Good
2960,7890,17,94,3,Good
2961,2967,331,1,1,Good
2962,19337,327,83,5,Good
2963,3338,692,63,5,Good
2964,1331,838,57,3,Good
2965,19818,775,92,5,Good
2966,16555,434,18,1,Good
2967,14515,96,54,5,Good
2968,17523,898,93,5,Good
2969,6983,173,65,3,Good
2970,11307,267,25,1,Good
2971,4779,690,91,1,Good
2972,19447,883,9,4,Good
2973,15120,221,22,4,Good
2974,18874,31,16,4,Good
2975,15287,154,70,2,Good
2976,1855,939,70,4,Good
2977,14968,388,30,1,Good
2978,5519,731,32,5,Good
2979,6906,22,65,5,Good
2980,18335,933,97,2,Good
2981,3951,795,3,4,Good
2982,1329,59,81,4,Good
2983,6398,222,10,3,Good
2984,1000,401,29,4,Good
2985,10685,32,32,2,Good
2986,6669,517,35,2,Good
2987,13155,893,56,3,Good
2988,1224,17,44,1,Good
2989,4879,594,24,3,Good
2990,9047,286,37,3,Good
2991,15734,522,87,5,Good
2992,1830,457,48,1,Good
2993,19534,187,60,2,Good
2994,1971,217,13,3,Good
2995,13378,793,69,4,Good
2996,19968,447,5,2,Good
2997,1995,499,64,1,Good
2998,1133,366,69,1,Good
2999,18195,32,65,5,Good
3000,10498,286,96,4,Good
3001,1568,706,80,4,Good
3002,4826,779,100,4,Good
3003,72,993,41,3,Good
3004,8600,631,46,5,Good
3005,15476,734,14,5,Good
3006,13326,741,77,5,Good
3007,12171,885,82,1,Good
3008,16923,559,86,1,Good
3009,3654,231,24,4,Good
3010,9187,15,96,2,Good
3011,993,96,46,3,Good
3012,12490,442,50,5,Good
3013,19290,640,76,3,Good
3014,19437,423,95,3,Good
3015,14259,625,98,4,Good
3016,3351,176,73,2,Good
3017,6224,599,43,2,Good
3018,591,737,90,2,Good
3019,9385,839,81,1,Good
3020,13598,238,62,4,Good
3021,19500,95,88,2,Good
3022,3463,985,69,5,Good
3023,107,925,95,5,Good
3024,11212,875,97,2,Good
3025,484,852,30,1,Good
3026,19843,739,3,5,Good
3027,10919,327,69,1,Good
3028,1606,878,81,5,Good
3029,1395,222,97,1,Good
3030,4074,319,44,2,Good
3031,14803,851,72,2,Good
3032,19324,285,64,5,Good
3033,18547,211,16,3,Good
3034,186,509,93,5,Good
3035,7951,41,73,4,Good
3036,16803,928,74,1,Good
3037,1615,100,92,5,Good
3038,3256,279,26,3,Good
3039,11453,885,30,2,Good
3040,10177,481,39,4,Good
3041,4876,114,65,2,Good
3042,14171,234,81,2,Good
3043,19270,312,66,2,Good
3044,5132,154,53,3,Good
3045,13229,630,51,2,Good
3046,1274,321,5,2,Good
3047,11087,288,98,5,Good
3048,7394,230,67,3,Good
3049,10627,754,59,5,Good
3050,15325,569,47,3,Good
3051,6969,48,2,4,Good
3052,15538,308,83,5,Good
3053,12128,94,25,1,Good
3054,1302,585,8,1,Good
3055,12751,907,34,1,Good
3056,980,890,44,3,Good
3057,13829,490,15,5,Good
3058,15664,478,16,2,Good
3059,624,605,4,4,Good
3060,15453,854,81,1,Good
3061,17142,420,61,4,Good
3062,19046,876,13,2,Good
3063,14486,387,84,3,Good
3064,17818,144,32,5,Good
3065,17583,13,17,1,Good
3066,18578,315,69,3,Good
3067,18218,256,68,4,Good
3068,12491,297,57,4,Good
3069,14996,849,17,2,Good
3070,18509,663,27,4,Good
3071,16569,34,87,1,Good
3072,3985,960,27,4,Good
3073,2919,594,58,1,Good
3074,12672,735,70,1,Good
3075,5333,864,39,3,Good
3076,16492,774,60,4,Good
3077,10444,373,26,3,Good
3078,8992,434,96,1,Good
3079,13421,218,30,4,Good
3080,7199,536,75,1,Good
3081,14680,958,73,3,Good
3082,3928,461,46,3,Good
3083,10447,759,5,5,Good
3084,3762,948,99,5,Good
3085,12770,490,55,5,Good
3086,14762,728,28,5,Good
3087,821,406,59,5,Good
3088,17224,553,87,1,Good
3089,5588,122,82,1,Good
3090,8202,482,56,5,Good
3091,11028,711,42,3,Good
3092,1928,22,29,4,Good
3093,10999,952,53,1,Good
3094,860,482,35,2,Good
3095,6350,399,88,4,Good
3096,11661,807,28,3,Good
3097,2513,432,42,1,Good
3098,2412,802,72,5,Good
3099,15262,419,45,3,Good
3100,14409,836,98,2,Good
3101,6970,506,60,3,Good
3102,1413,804,73,5,Good
3103,10014,353,38,3,Good
3104,18048,65,76,4,Good
3105,623,51,71,3,Good
3106,19488,76,61,4,Good
3107,2940,258,72,3,Good
3108,16312,378,74,5,Good
3109,12982,988,24,4,Good
3110,11151,503,63,1,Good
3111,13287,743,52,3,Good
3112,12174,688,51,2,Good
3113,6012,907,56,1,Good
3114,6374,212,20,5,Good
3115,14330,234,28,1,Good
3116,15271,151,19,3,Good
3117,13122,843,10,4,Good
3118,17048,17,56,1,Good
3119,13009,126,12,3,Good
3120,9293,988,77,5,Good
3121,11572,979,20,4,Good
3122,12277,818,75,1,Good
3123,11560,432,53,2,Good
3124,1962,886,70,2,Good
3125,13677,22,45,2,Good
3126,708,725,27,4,Good
3127,578,664,23,2,Good
3128,15042,619,96,4,Good
3129,10169,481,84,5,Good
3130,9874,528,73,5,Good
3131,11337,427,83,5,Good
3132,19491,183,13,3,Good
3133,9168,804,26,1,Good
3134,8205,967,11,1,Good
3135,12497,199,43,5,Good
3136,7940,582,4,4,Good
3137,4103,60,84,4,Good
3138,11189,611,33,2,Good
3139,3634,377,57,2,Good
3140,6033,703,18,5,Good
3141,1277,669,5,1,Good
3142,10256,934,97,3,Good
3143,13033,463,92,4,Good
3144,19139,426,65,2,Good
3145,16965,67,3,3,Good
3146,250,733,70,2,Good
3147,4161,283,45,5,Good
3148,11309,118,49,4,Good
3149,14203,411,76,1,Good
3150,13955,331,69,1,Good
3151,6625,883,84,3,Good
3152,6360,446,40,5,Good
3153,14597,743,27,2,Good
3154,14377,403,31,4,Good
3155,12493,5,13,5,Good
3156,5637,281,82,1,Good
3157,18507,471,2,4,Good
3158,13432,808,9,2,Good
3159,14738,27,82,4,Good
3160,16983,859,20,1,Good
3161,7677,184,69,4,Good
3162,5358,141,70,5,Good
3163,8374,57,64,1,Good
3164,3943,896,60,2,Good
3165,8854,229,17,2,Good
3166,210,749,38,2,Good
3167,17839,413,46,4,Good
3168,5291,941,64,1,Good
3169,4519,853,12,4,Good
3170,1705,417,94,4,Good
3171,17307,574,81,2,Good
3172,6014,300,98,5,Good
3173,10929,585,35,4,Good
3174,9792,638,24,4,Good
3175,17362,473,12,5,Good
3176,11323,220,17,5,Good
3177,5570,891,6,1,Good
3178,10822,954,34,3,Good
3179,266,923,70,1,Good
3180,15948,359,3,5,Good
3181,3631,632,84,1,Good
3182,11120,778,29,3,Good
3183,856,276,83,2,Good
3184,16437,174,84,1,Good
3185,14751,785,100,3,Good
3186,18805,492,19,4,Good
3187,5805,274,55,1,Good
3188,14914,266,21,3,Good
3189,1033,99,25,1,Good
3190,496,705,14,4,Good
3191,12241,826,51,2,Good
3192,1773,471,25,4,Good
3193,17372,44,93,4,Good
3194,18289,952,95,2,Good
3195,18317,716,43,3,Good
3196,15785,437,100,3,Good
3197,9767,722,84,5,Good
3198,15030,103,49,1,Good
3199,13805,265,64,3,Good
3200,13243,48,3,2,Good
3201,18907,729,58,2,Good
3202,13981,424,85,2,Good
3203,12319,810,64,3,Good
3204,9814,443,7,2,Good
3205,16488,917,68,2,Good
3206,7281,563,89,2,Good
3207,7503,15,87,5,Good
3208,7741,675,79,4,Good
3209,9580,594,27,4,Good
3210,6000,755,94,4,Good
3211,12526,720,82,5,Good
3212,15338,382,3,5,Good
3213,14396,284,13,1,Good
3214,3004,479,82,1,Good
3215,4627,930,60,3,Good
3216,10100,968,16,1,Good
3217,2683,926,50,5,Good
3218,3265,343,83,3,Good
3219,19027,787,77,3,Good
3220,10423,949,56,5,Good
3221,5607,762,71,2,Good
3222,4596,982,81,4,Good
3223,17709,835,52,5,Good
3224,13098,387,76,2,Good
3225,19649,849,88,4,Good
3226,16448,622,61,5,Good
3227,10680,49,91,5,Good
3228,14916,472,43,1,Good
3229,10981,168,88,3,Good
3230,11688,252,27,2,Good
3231,14517,170,5,3,Good
3232,1380,295,11,3,Good
3233,15789,574,45,5,Good
3234,18819,893,62,3,Good
3235,10348,574,46,3,Good
3236,13662,233,91,3,Good
3237,4066,764,22,5,Good
3238,5609,885,34,2,Good
3239,1529,83,49,2,Good
3240,17441,554,71,1,Good
3241,11510,80,66,5,Good
3242,4002,991,81,3,Good
3243,1304,996,49,1,Good
3244,18025,463,24,4,Good
3245,5186,188,29,3,Good
3246,10298,392,59,2,Good
3247,11005,440,13,3,Good
3248,12504,106,88,1,Good
3249,4943,570,3,5,Good
3250,10446,396,71,2,Good
3251,13998,845,93,4,Good
3252,15763,134,18,5,Good
3253,16499,88,9,5,Good
3254,17932,934,61,4,Good
3255,13113,145,52,1,Good
3256,8145,903,84,1,Good
3257,18697,911,57,4,Good
3258,13814,359,9,1,Good
3259,16319,916,56,2,Good
3260,5271,228,42,3,Good
3261,7975,578,14,3,Good
3262,16316,290,71,2,Good
3263,19351,263,46,3,Good
3264,1355,472,42,1,Good
3265,8584,385,83,5,Good
3266,14260,517,29,5,Good
3267,1186,376,76,4,Good
3268,12019,649,82,2,Good
3269,4984,662,52,3,Good
3270,14508,358,45,1,Good
3271,16117,963,31,2,Good
3272,2106,674,52,3,Good
3273,7130,931,63,3,Good
3274,10821,818,51,5,Good
3275,18877,134,71,5,Good
3276,7572,318,67,5,Good
3277,744,250,97,1,Good
3278,16993,979,37,3,Good
3279,4822,507,10,4,Good
3280,14294,897,98,1,Good
3281,2423,74,61,4,Good
3282,1921,667,77,2,Good
3283,5041,8,25,3,Good
3284,14447,734,87,4,Good
3285,18829,559,10,3,Good
3286,17546,921,22,3,Good
3287,16515,986,69,5,Good
3288,4916,328,91,5,Good
3289,5345,532,62,3,Good
3290,8073,511,70,2,Good
3291,7896,176,35,4,Good
3292,10264,991,97,4,Good
3293,2334,565,37,3,Good
3294,504,425,17,2,Good
3295,16202,634,11,1,Good
3296,11521,833,76,2,Good
3297,16510,527,28,4,Good
3298,16135,518,48,2,Good
3299,5272,748,31,1,Good
3300,17722,349,2,2,Good
3301,11978,838,85,4,Good
3302,18045,799,64,2,Good
3303,1906,257,70,5,Good
3304,3483,174,27,1,Good
3305,6690,370,10,4,Good
3306,12527,693,31,4,Good
3307,16627,364,67,4,Good
3308,16642,836,92,4,Good
3309,9691,954,74,3,Good
3310,14581,182,32,3,Good
3311,9272,263,99,3,Good
3312,13954,1000,2,2,Good
3313,9247,231,97,5,Good
3314,18335,374,25,4,Good
3315,17205,600,46,4,Good
3316,17198,884,58,1,Good
3317,6329,41,36,4,Good
3318,5418,283,23,5,Good
3319,3137,21,3,1,Good
3320,6468,639,46,4,Good
3321,13494,960,7,4,Good
3322,6437,182,99,5,Good
3323,5027,55,2,5,Good
3324,517,127,1,1,Good
3325,6319,38,64,1,Good
3326,16375,87,10,3,Good
3327,7275,566,31,3,Good
3328,14713,568,84,5,Good
3329,9286,113,32,3,Good
3330,17953,370,89,3,Good
3331,6549,780,14,1,Good
3332,16654,881,32,1,Good
3333,2213,581,34,3,Good
3334,1033,197,48,1,Good
3335,15436,804,61,3,Good
3336,8196,379,27,2,Good
3337,1816,386,33,3,Good
3338,2183,351,15,4,Good
3339,11104,421,10,3,Good
3340,3122,871,19,3,Good
3341,9697,724,26,3,Good
3342,1855,394,16,2,Good
3343,4685,722,90,5,Good
3344,526,6,51,5,Good
3345,16027,610,20,4,Good
3346,10917,939,38,1,Good
3347,3058,386,42,1,Good
3348,1718,836,13,1,Good
3349,19794,837,42,5,Good
3350,499,95,91,2,Good
3351,17922,201,20,1,Good
3352,8236,523,43,2,Good
3353,146,777,80,5,Good
3354,3202,69,51,2,Good
3355,779,618,8,2,Good
3356,1037,470,11,5,Good
3357,6620,63,39,1,Good
3358,5602,23,90,3,Good
3359,12970,339,15,1,Good
3360,12269,648,76,3,Good
3361,10536,37,51,1,Good
3362,19331,115,60,2,Good
3363,15083,337,76,2,Good
3364,9637,924,63,2,Good
3365,1278,166,95,4,Good
3366,4948,810,94,4,Good
3367,13041,511,54,1,Good
3368,10383,884,98,3,Good
3369,1111,84,76,3,Good
3370,13860,675,12,2,Good
3371,18158,437,39,2,Good
3372,14735,47,32,4,Good
3373,8244,196,15,4,Good
3374,1371,760,67,3,Good
3375,17777,620,30,2,Good
3376,14022,450,51,3,Good
3377,7464,494,46,3,Good
3378,9832,494,22,3,Good
3379,8697,761,32,2,Good
3380,6711,264,62,1,Good
3381,2293,763,32,4,Good
3382,8814,184,86,2,Good
3383,11299,484,8,2,Good
3384,8014,445,45,5,Good
3385,905,481,75,1,Good
3386,13737,690,74,1,Good
3387,19134,763,9,1,Good
3388,12898,865,73,1,Good
3389,12840,61,98,1,Good
3390,1342,490,78,2,Good
3391,6997,563,75,3,Good
3392,987,150,10,1,Good
3393,10544,730,24,1,Good
3394,14599,784,25,3,Good
3395,5032,279,34,3,Good
3396,4460,335,11,3,Good
3397,13551,591,10,5,Good
3398,2831,496,14,3,Good
3399,1340,922,35,3,Good
3400,13001,413,59,5,Good
3401,14208,290,98,5,Good
3402,13385,976,45,4,Good
3403,13913,297,10,1,Good
3404,19718,590,69,5,Good
3405,6458,356,95,1,Good
3406,6899,159,87,4,Good
3407,12553,943,36,5,Good
3408,13712,876,71,1,Good
3409,10783,258,56,2,Good
3410,9220,17,31,3,Good
3411,15437,834,11,2,Good
3412,15564,462,14,1,Good
3413,9396,430,11,5,Good
3414,5559,715,79,2,Good
3415,10766,747,84,4,Good
3416,10241,801,83,5,Good
3417,18633,977,97,4,Good
3418,2270,259,43,4,Good
3419,13737,543,20,2,Good
3420,5560,120,37,3,Good
3421,14224,823,81,2,Good
3422,243,748,6,2,Good
3423,487,940,51,2,Good
3424,2716,266,62,3,Good
3425,5549,34,36,4,Good
3426,8606,366,43,5,Good
3427,7108,808,4,5,Good
3428,17809,352,38,2,Good
3429,10569,425,48,4,Good
3430,6265,659,49,5,Good
3431,1882,895,77,2,Good
3432,7008,658,20,2,Good
3433,6729,187,56,4,Good
3434,1384,550,99,2,Good
3435,4100,459,63,4,Good
3436,18026,164,8,4,Good
3437,224,211,81,3,Good
3438,4978,747,89,1,Good
3439,8165,522,52,4,Good
3440,10114,455,89,4,Good
3441,16042,133,33,4,Good
3442,18294,106,85,2,Good
3443,3514,920,94,1,Good
3444,2216,763,38,5,Good
3445,2180,177,50,5,Good
3446,7081,548,25,4,Good
3447,14883,918,14,5,Good
3448,12906,927,79,1,Good
3449,6858,588,84,4,Good
3450,4460,412,12,1,Good
3451,16683,28,66,4,Good
3452,3643,818,31,5,Good
3453,19970,432,68,2,Good
3454,14701,422,35,5,Good
3455,2149,982,98,4,Good
3456,6000,5,6,1,Good
3457,12199,818,11,1,Good
3458,511,896,18,2,Good
3459,10891,485,10,3,Good
3460,7348,601,97,2,Good
3461,10952,614,95,4,Good
3462,12068,521,11,2,Good
3463,847,833,8,5,Good
3464,3034,981,83,2,Good
3465,10110,756,1,1,Good
3466,2172,662,11,5,Good
3467,18950,975,93,2,Good
3468,7743,493,40,2,Good
3469,8710,679,12,3,Good
3470,11627,998,85,1,Good
3471,14807,883,6,5,Good
3472,1538,842,1,1,Good
3473,5250,210,36,5,Good
3474,3371,11,44,5,Good
3475,18705,736,46,5,Good
3476,10556,94,27,3,Good
3477,14293,686,25,2,Good
3478,19252,101,91,5,Good
3479,10975,699,12,4,Good
3480,10231,202,89,5,Good
3481,16655,819,81,1,Good
3482,12259,535,80,5,Good
3483,19358,868,43,5,Good
3484,18072,76,25,5,Good
3485,14935,2,22,3,Good
3486,8683,951,69,4,Good
3487,16387,809,84,3,Good
3488,12489,542,21,4,Good
3489,13259,532,99,2,Good
3490,10735,547,70,3,Good
3491,13019,168,73,5,Good
3492,6655,591,83,5,Good
3493,5149,975,13,4,Good
3494,10866,799,78,3,Good
3495,19044,377,33,3,Good
3496,18380,491,37,4,Good
3497,3065,631,78,4,Good
3498,4973,526,85,3,Good
3499,4247,302,35,1,Good
3500,8213,659,46,4,Good
3501,21,536,95,4,Good
3502,10264,54,43,3,Good
3503,15147,124,73,3,Good
3504,14366,724,91,4,Good
3505,10402,148,72,1,Good
3506,8407,761,59,2,Good
3507,18884,688,72,4,Good
3508,17336,664,82,5,Good
3509,15953,190,98,4,Good
3510,12007,616,67,1,Good
3511,10929,697,19,2,Good
3512,4403,414,82,2,Good
3513,16569,222,86,2,Good
3514,10886,126,51,4,Good
3515,2051,389,26,2,Good
3516,7740,14,19,5,Good
3517,16374,746,86,5,Good
3518,8342,613,45,1,Good
3519,14627,525,66,5,Good
3520,15620,308,98,4,Good
3521,6769,675,80,2,Good
3522,4160,427,79,4,Good
3523,10513,67,94,2,Good
3524,11745,240,31,3,Good
3525,4270,105,12,2,Good
3526,816,452,81,3,Good
3527,16392,390,18,3,Good
3528,18760,700,39,4,Good
3529,4812,978,40,1,Good
3530,15053,595,31,2,Good
3531,6919,21,65,4,Good
3532,10817,629,23,2,Good
3533,5605,413,62,3,Good
3534,18877,792,28,4,Good
3535,3562,417,14,4,Good
3536,5181,444,45,2,Good
3537,12890,865,87,1,Good
3538,18195,508,42,4,Good
3539,5675,707,28,3,Good
3540,3238,640,16,3,Good
3541,9594,464,65,4,Good
3542,12727,754,55,5,Good
3543,13445,320,44,4,Good
3544,18006,560,53,4,Good
3545,13764,817,20,1,Good
3546,17056,544,78,4,Good
3547,13717,667,73,2,Good
3548,18335,744,73,3,Good
3549,11413,127,66,1,Good
3550,1258,53,16,2,Good
3551,19110,222,58,3,Good
3552,14996,797,19,4,Good
3553,18859,768,93,4,Good
3554,6731,353,8,3,Good
3555,16336,773,71,5,Good
3556,2012,673,49,5,Good
3557,4620,90,66,2,Good
3558,16781,574,16,1,Good
3559,17385,575,94,1,Good
3560,8126,171,53,4,Good
3561,13557,559,18,5,Good
3562,5139,93,53,4,Good
3563,11285,153,9,4,Good
3564,17050,205,93,3,Good
3565,13417,871,39,4,Good
3566,8215,589,10,2,Good
3567,17372,202,100,4,Good
3568,17441,88,46,4,Good
3569,1406,457,84,1,Good
3570,19687,38,83,2,Good
3571,19358,779,64,2,Good
3572,13713,186,47,4,Good
3573,2855,569,65,4,Good
3574,10864,533,65,1,Good
3575,9255,103,37,2,Good
3576,12693,512,85,1,Good
3577,15606,368,98,2,Good
3578,3600,858,26,1,Good
3579,3730,956,33,5,Good
3580,8465,33,26,5,Good
3581,14593,223,10,5,Good
3582,158,42,20,1,Good
3583,18874,280,47,2,Good
3584,4151,37,31,2,Good
3585,17785,354,83,1,Good
3586,4734,854,89,1,Good
3587,1279,496,71,1,Good
3588,13861,263,35,5,Good
3589,3317,331,31,1,Good
3590,11312,626,98,5,Good
3591,15227,181,42,2,Good
3592,9703,721,6,4,Good
3593,17937,227,51,2,Good
3594,8246,755,25,3,Good
3595,19849,714,66,3,Good
3596,18214,619,71,1,Good
3597,13823,97,55,1,Good
3598,6458,287,99,2,Good
3599,11320,310,58,3,Good
3600,15429,98,62,4,Good
3601,9335,430,37,2,Good
3602,13054,519,59,5,Good
3603,18844,765,49,3,Good
3604,9863,192,6,2,Good
3605,15722,395,99,2,Good
3606,14470,328,93,3,Good
3607,16432,549,35,5,Good
3608,10064,780,84,1,Good
3609,3951,535,23,2,Good
3610,19736,742,4,3,Good
3611,3514,54,38,4,Good
3612,13540,97,1,4,Good
3613,19657,810,46,4,Good
3614,1380,689,80,1,Good
3615,17618,494,100,5,Good
3616,11251,899,97,3,Good
3617,8609,388,70,1,Good
3618,11634,102,95,5,Good
3619,10414,718,75,4,Good
3620,2383,630,12,1,Good
3621,5666,417,56,5,Good
3622,4387,634,2,1,Good
3623,12375,270,83,5,Good
3624,15245,70,59,1,Good
3625,827,501,37,4,Good
3626,19101,681,87,1,Good
3627,11992,476,93,4,Good
3628,9731,213,42,4,Good
3629,5374,664,64,2,Good
3630,6814,206,39,5,Good
3631,9909,727,2,5,Good
3632,17866,404,37,3,Good
3633,5721,706,51,2,Good
3634,6544,170,68,5,Good
3635,10873,606,91,1,Good
3636,4340,605,18,1,Good
3637,2764,982,95,5,Good
3638,16882,738,74,5,Good
3639,17106,713,52,4,Good
3640,7765,190,13,4,Good
3641,6269,563,40,2,Good
3642,12506,970,82,2,Good
3643,3102,796,99,1,Good
3644,10287,557,41,1,Good
3645,9588,449,57,4,Good
3646,19396,260,42,2,Good
3647,15409,885,58,4,Good
3648,17269,115,63,5,Good
3649,13219,878,47,3,Good
3650,15264,343,33,4,Good
3651,8616,371,12,5,Good
3652,14522,668,60,1,Good
3653,14945,164,60,3,Good
3654,15188,677,92,4,Good
3655,18808,103,51,1,Good
3656,4270,957,27,4,Good
3657,18168,663,38,5,Good
3658,855,608,85,5,Good
3659,3008,552,26,4,Good
3660,4533,2,36,5,Good
3661,17095,924,47,1,Good
3662,18959,766,27,3,Good
3663,5481,262,74,2,Good
3664,15600,308,92,4,Good
3665,10282,920,66,4,Good
3666,9739,826,6,3,Good
3667,16278,1,19,3,Good
3668,9853,947,86,1,Good
3669,5802,285,66,2,Good
3670,13196,746,92,5,Good
3671,10815,359,56,3,Good
3672,2611,232,47,5,Good
3673,18704,144,95,4,Good
3674,372,844,29,2,Good
3675,15642,110,88,4,Good
3676,9859,556,74,3,Good
3677,6162,945,33,4,Good
3678,753,698,54,5,Good
3679,6030,907,88,5,Good
3680,15652,598,3,5,Good
3681,17826,61,62,1,Good
3682,16719,449,85,3,Good
3683,1218,748,56,5,Good
3684,16438,501,86,4,Good
3685,19059,942,46,2,Good
3686,19481,97,6,4,Good
3687,19237,75,63,2,Good
3688,3028,721,32,2,Good
3689,402,317,77,5,Good
3690,2490,625,85,3,Good
3691,14429,753,71,4,Good
3692,5701,692,50,4,Good
3693,18642,35,47,1,Good
3694,17813,417,58,1,Good
3695,6477,133,17,4,Good
3696,7698,184,25,3,Good
3697,2686,334,28,3,Good
3698,11477,212,96,2,Good
3699,6369,970,73,2,Good
3700,368,455,2,3,Good
3701,9032,947,49,5,Good
3702,15962,515,81,5,Good
3703,12019,911,16,1,Good
3704,13548,810,66,3,Good
3705,16871,203,53,2,Good
3706,4787,143,40,1,Good
3707,8955,981,65,5,Good
3708,1282,574,94,2,Good
3709,18851,842,53,5,Good
3710,16550,893,31,4,Good
3711,13630,39,54,1,Good
3712,5962,603,29,4,Good
3713,9677,18,9,1,Good
3714,15734,86,43,3,Good
3715,10720,380,72,5,Good
3716,15849,851,32,2,Good
3717,19136,92,67,4,Good
3718,16899,506,79,5,Good
3719,9951,329,55,5,Good
3720,7327,673,28,4,Good
3721,10606,63,72,2,Good
3722,1298,527,77,5,Good
3723,8787,474,21,3,Good
3724,13106,939,48,5,Good
3725,17208,673,59,4,Good
3726,19913,807,85,3,Good
3727,938,262,47,5,Good
3728,14505,936,15,4,Good
3729,9443,846,72,5,Good
3730,13948,981,2,5,Good
3731,6284,619,53,2,Good
3732,15821,48,58,2,Good
3733,9218,515,11,4,Good
3734,19999,55,58,4,Good
3735,1981,475,77,3,Good
3736,4717,264,95,4,Good
3737,11429,513,27,1,Good
3738,4475,305,15,5,Good
3739,18839,909,66,4,Good
3740,2741,949,29,2,Good
3741,2219,853,56,1,Good
3742,275,539,69,3,Good
3743,1734,975,3,4,Good
3744,7248,650,97,3,Good
3745,11754,200,81,2,Good
3746,19502,263,65,5,Good
3747,8491,335,93,1,Good
3748,18615,715,61,3,Good
3749,14259,24,85,5,Good
3750,5261,576,8,4,Good
3751,4514,960,93,4,Good
3752,13265,274,78,3,Good
3753,9710,60,24,2,Good
3754,7681,480,96,4,Good
3755,677,799,40,4,Good
3756,2968,563,87,1,Good
3757,6722,840,12,1,Good
3758,331,107,67,5,Good
3759,17960,760,89,5,Good
3760,11475,111,95,1,Good
3761,10376,307,31,5,Good
3762,14977,282,72,3,Good
3763,602,864,38,5,Good
3764,12889,14,56,3,Good
3765,1920,379,94,4,Good
3766,17734,10,20,5,Good
3767,13313,218,61,1,Good
3768,16637,48,91,3,Good
3769,12523,571,58,4,Good
3770,12876,133,39,3,Good
3771,3308,195,13,3,Good
3772,14807,605,2,4,Good
3773,19146,689,34,2,Good
3774,3093,574,99,5,Good
3775,11559,528,32,5,Good
3776,4458,916,78,1,Good
3777,18160,793,9,2,Good
3778,1156,105,49,2,Good
3779,16821,781,11,2,Good
3780,19902,684,62,2,Good
3781,4480,818,91,5,Good
3782,19300,578,84,3,Good
3783,12065,631,16,5,Good
3784,19276,715,11,5,Good
3785,16773,524,51,2,Good
3786,9795,997,73,1,Good
3787,7502,229,32,3,Good
3788,6172,779,23,1,Good
3789,15571,234,74,1,Good
3790,11769,235,12,2,Good
3791,19191,76,48,3,Good
3792,13593,735,48,2,Good
3793,15060,286,93,4,Good
3794,16158,369,94,1,Good
3795,7703,678,15,1,Good
3796,8917,50,88,2,Good
3797,15431,372,77,2,Good
3798,849,186,14,3,Good
3799,13582,999,4,1,Good
3800,4410,436,57,1,Good
3801,542,607,75,4,Good
3802,7152,360,54,5,Good
3803,6170,444,26,2,Good
3804,11759,339,12,5,Good
3805,2252,598,35,2,Good
3806,15046,384,84,4,Good
3807,13192,87,6,4,Good
3808,18439,781,81,5,Good
3809,6014,218,98,1,Good
3810,14841,270,53,4,Good
3811,8065,90,94,5,Good
3812,11912,660,22,3,Good
3813,19213,596,31,5,Good
3814,3675,634,97,1,Good
3815,3323,848,36,5,Good
3816,15191,475,10,5,Good
3817,10915,461,8,1,Good
3818,15774,476,56,5,Good
3819,12377,59,19,2,Good
3820,16354,831,16,2,Good
3821,13083,287,44,4,Good
3822,11863,789,39,4,Good
3823,7602,137,72,4,Good
3824,10192,959,82,5,Good
3825,5652,499,8,1,Good
3826,13513,676,90,4,Good
3827,16556,478,53,2,Good
3828,17326,367,55,4,Good
3829,18034,512,88,5,Good
3830,8336,544,23,4,Good
3831,6805,419,24,4,Good
3832,6305,391,25,1,Good
3833,2738,55,85,5,Good
3834,729,391,26,4,Good
3835,3831,496,58,5,Good
3836,18474,758,35,1,Good
3837,16521,667,62,2,Good
3838,10256,891,6,3,Good
3839,12118,49,24,4,Good
3840,19192,311,1,2,Good
3841,19363,620,76,5,Good
3842,19036,27,46,4,Good
3843,15293,985,62,5,Good
3844,3874,390,47,2,Good
3845,4183,849,79,1,Good
3846,14039,428,37,4,Good
3847,11764,39,85,2,Good
3848,4828,879,63,5,Good
3849,13406,763,35,2,Good
3850,15666,29,89,4,Good
3851,11517,494,61,5,Good
3852,17840,113,53,1,Good
3853,12209,633,70,5,Good
3854,15809,498,49,5,Good
3855,7828,965,70,3,Good
3856,4628,388,30,3,Good
3857,4840,353,66,2,Good
3858,9581,726,51,1,Good
3859,4160,311,62,2,Good
3860,16265,489,23,4,Good
3861,17815,49,51,2,Good
3862,18144,383,70,3,Good
3863,5355,951,8,5,Good
3864,5871,139,26,3,Good
3865,16532,386,5,5,Good
3866,6240,147,86,2,Good
3867,11462,301,61,5,Good
3868,18123,156,68,4,Good
3869,6323,917,81,4,Good
3870,2218,155,81,3,Good
3871,14060,930,63,5,Good
3872,11415,688,90,4,Good
3873,16395,610,81,1,Good
3874,12847,343,37,1,Good
3875,5862,704,25,5,Good
3876,13916,529,47,4,Good
3877,10631,297,26,4,Good
3878,15943,476,48,2,Good
3879,4638,491,66,3,Good
3880,19802,607,63,1,Good
3881,7374,689,37,4,Good
3882,18186,190,50,5,Good
3883,10861,994,9,5,Good
3884,14444,477,90,4,Good
3885,13680,399,66,1,Good
3886,11763,598,74,1,Good
3887,8827,892,5,4,Good
3888,10337,253,69,2,Good
3889,16398,398,61,3,Good
3890,8983,200,81,4,Good
3891,8921,850,87,5,Good
3892,6731,742,87,3,Good
3893,7660,149,85,4,Good
3894,7085,361,16,5,Good
3895,4553,104,58,4,Good
3896,10178,157,34,2,Good
3897,10957,367,93,4,Good
3898,16128,554,18,3,Good
3899,11322,240,44,5,Good
3900,11259,566,60,1,Good
3901,11866,845,44,4,Good
3902,4390,751,56,1,Good
3903,2960,294,13,2,Good
3904,17959,120,69,4,Good
3905,10967,364,19,1,Good
3906,10099,906,82,4,Good
3907,1582,710,62,3,Good
3908,3725,432,94,3,Good
3909,13504,398,10,3,Good
3910,16057,299,50,3,Good
3911,3697,668,75,1,Good
3912,2820,621,91,2,Good
3913,1470,85,92,4,Good
3914,1357,535,45,3,Good
3915,10680,548,48,3,Good
3916,11530,400,89,4,Good
3917,12280,878,83,1,Good
3918,13655,265,23,4,Good
3919,13666,767,16,4,Good
3920,7949,799,48,2,Good
3921,14034,15,26,5,Good
3922,17654,608,66,2,Good
3923,11224,13,3,1,Good
3924,18446,924,79,4,Good
3925,17361,375,95,1,Good
3926,7588,9,76,4,Good
3927,7188,750,73,1,Good
3928,13964,571,25,4,Good
3929,6906,555,70,1,Good
3930,412,427,96,3,Good
3931,10188,567,48,4,Good
3932,2448,323,74,3,Good
3933,19961,422,13,1,Good
3934,9712,903,80,5,Good
3935,2682,798,94,2,Good
3936,16912,914,29,1,Good
3937,5896,975,60,5,Good
3938,10781,667,6,1,Good
3939,18954,829,80,5,Good
3940,621,849,4,1,Good
3941,18614,931,59,3,Good
3942,12342,297,41,4,Good
3943,6506,544,82,5,Good
3944,4435,834,82,4,Good
3945,6585,532,21,1,Good
3946,16826,842,89,4,Good
3947,18954,178,43,5,Good
3948,19359,521,97,4,Good
3949,10703,58,61,4,Good
3950,11174,852,33,3,Good
3951,10004,106,31,3,Good
3952,11763,732,11,2,Good
3953,2344,860,81,1,Good
3954,16545,723,40,5,Good
3955,10909,805,37,1,Good
3956,14939,788,51,5,Good
3957,8939,558,17,5,Good
3958,4746,776,86,1,Good
3959,12347,251,60,2,Good
3960,15385,393,22,3,Good
3961,12773,872,57,4,Good
3962,14798,544,48,4,Good
3963,14199,26,47,1,Good
3964,4250,572,77,1,Good
3965,8762,817,80,1,Good
3966,9939,66,30,3,Good
3967,12726,344,67,5,Good
3968,2965,228,96,5,Good
3969,11620,423,30,2,Good
3970,11585,321,50,2,Good
3971,17862,317,76,4,Good
3972,12780,477,10,5,Good
3973,18904,586,94,1,Good
3974,11981,370,19,3,Good
3975,18180,201,6,5,Good
3976,29,409,89,1,Good
3977,4165,289,79,4,Good
3978,7444,329,57,1,Good
3979,9344,5,42,4,Good
3980,2389,506,79,4,Good
3981,4602,208,98,4,Good
3982,17816,618,81,1,Good
3983,11252,571,77,1,Good
3984,549,682,37,5,Good
3985,8205,711,36,4,Good
3986,19132,228,69,3,Good
3987,1680,737,70,2,Good
3988,16873,342,64,2,Good
3989,17610,189,7,3,Good
3990,9763,619,43,3,Good
3991,1291,260,53,3,Good
3992,8920,463,51,4,Good
3993,5093,467,22,5,Good
3994,11617,698,58,1,Good
3995,4528,681,55,5,Good
3996,12814,545,17,3,Good
3997,5664,47,56,5,Good
3998,3913,353,4,2,Good
3999,9611,489,93,3,Good
4000,5024,208,17,5,Good
4001,1855,750,28,2,Good
4002,9451,672,97,4,Good
4003,9797,945,12,2,Good
4004,8712,949,19,4,Good
4005,2292,526,77,5,Good
4006,3738,421,47,4,Good
4007,2879,300,79,4,Good
4008,7688,262,76,3,Good
4009,6456,963,20,3,Good
4010,15069,541,86,2,Good
4011,2909,644,39,4,Good
4012,4231,918,2,2,Good
4013,8660,225,78,4,Good
4014,1072,945,11,4,Good
4015,18075,956,84,2,Good
4016,17387,563,65,1,Good
4017,18132,974,87,1,Good
4018,5451,710,91,4,Good
4019,8333,54,32,3,Good
4020,5669,451,49,2,Good
4021,16691,725,89,5,Good
4022,2778,885,19,2,Good
4023,5083,806,24,4,Good
4024,10013,206,68,5,Good
4025,15966,212,55,1,Good
4026,18543,40,23,5,Good
4027,5926,861,84,1,Good
4028,12577,145,51,1,Good
4029,7536,389,50,3,Good
4030,4581,379,23,3,Good
4031,14521,812,93,5,Good
4032,10698,472,31,1,Good
4033,14577,343,8,2,Good
4034,18459,379,14,4,Good
4035,189,654,88,2,Good
4036,8380,411,17,4,Good
4037,17585,459,39,2,Good
4038,19725,27,31,3,Good
4039,3403,801,17,1,Good
4040,7864,844,10,5,Good
4041,11848,957,27,3,Good
4042,9729,516,28,2,Good
4043,19639,120,96,3,Good
4044,2763,900,100,1,Good
4045,13194,895,96,4,Good
4046,15289,544,16,5,Good
4047,494,455,82,4,Good
4048,10961,522,93,1,Good
4049,14816,628,80,5,Good
4050,5210,933,14,5,Good
4051,8058,512,30,2,Good
4052,12829,939,40,2,Good
4053,19675,398,26,5,Good
4054,14670,754,16,1,Good
4055,14104,111,37,1,Good
4056,8819,706,9,1,Good
4057,13803,598,75,1,Good
4058,13741,613,27,5,Good
4059,14663,436,29,3,Good
4060,10646,971,13,1,Good
4061,19226,528,45,1,Good
4062,19312,164,70,3,Good
4063,1033,553,84,1,Good
4064,17127,295,48,4,Good
4065,13594,41,25,1,Good
4066,8999,967,56,1,Good
4067,16807,300,27,2,Good
4068,9054,628,72,2,Good
4069,18149,529,74,4,Good
4070,11276,609,92,4,Good
4071,5512,253,57,4,Good
4072,3783,189,65,5,Good
4073,8478,691,66,5,Good
4074,16813,820,49,1,Good
4075,15096,946,78,3,Good
4076,7721,449,5,2,Good
4077,11679,869,54,4,Good
4078,945,988,74,2,Good
4079,9688,103,45,5,Good
4080,7004,479,87,4,Good
4081,5033,905,93,5,Good
4082,8513,693,32,2,Good
4083,9326,809,80,3,Good
4084,8413,118,15,5,Good
4085,19033,640,7,1,Good
4086,2089,22,93,3,Good
4087,13143,795,67,2,Good
4088,4378,202,96,3,Good
4089,8602,194,57,5,Good
4090,1990,21,68,5,Good
4091,2326,969,39,4,Good
4092,3175,673,16,1,Good
4093,3365,479,13,5,Good
4094,19945,120,27,1,Good
4095,4928,746,4,1,Good
4096,16737,46,29,4,Good
4097,12953,168,81,4,Good
4098,15934,948,10,5,Good
4099,17573,722,7,1,Good
4100,3620,584,26,1,Good
4101,14934,662,1,5,Good
4102,1073,223,100,5,Good
4103,6288,971,25,2,Good
4104,17220,564,8,3,Good
4105,5912,846,86,3,Good
4106,15160,100,22,5,Good
4107,19567,821,88,5,Good
4108,10055,170,3,4,Good
4109,16947,44,13,3,Good
4110,1450,938,42,5,Good
4111,15080,82,19,2,Good
4112,7672,4,98,2,Good
4113,13857,547,26,2,Good
4114,4658,319,31,2,Good
4115,1690,989,79,5,Good
4116,19893,561,94,3,Good
4117,16924,652,79,2,Good
4118,5361,966,37,4,Good
4119,1732,259,12,5,Good
4120,5,554,95,2,Good
4121,5774,422,10,2,Good
4122,6758,847,98,2,Good
4123,1644,68,12,1,Good
4124,12237,449,29,5,Good
4125,14373,709,66,5,Good
4126,4439,860,61,2,Good
4127,10472,835,79,2,Good
4128,9780,270,88,3,Good
4129,17050,980,38,3,Good
4130,12201,472,82,2,Good
4131,12752,369,65,5,Good
4132,10935,467,6,4,Good
4133,9575,925,92,2,Good
4134,9779,573,49,2,Good
4135,4183,161,35,3,Good
4136,17913,50,79,1,Good
4137,17230,798,82,2,Good
4138,16866,554,52,5,Good
4139,3499,364,100,4,Good
4140,14950,205,10,5,Good
4141,4515,691,25,2,Good
4142,3981,213,10,5,Good
4143,18838,387,69,4,Good
4144,6439,350,34,4,Good
4145,17900,949,43,1,Good
4146,824,32,2,3,Good
4147,1677,768,15,1,Good
4148,937,731,100,2,Good
4149,2827,4,22,5,Good
4150,793,109,55,1,Good
4151,8879,637,12,4,Good
4152,612,934,90,4,Good
4153,15568,769,32,5,Good
4154,11518,69,58,3,Good
4155,16971,979,62,2,Good
4156,8166,235,40,2,Good
4157,3247,261,75,4,Good
4158,16258,532,30,4,Good
4159,5007,502,13,4,Good
4160,334,423,45,1,Good
4161,16648,562,87,5,Good
4162,18828,613,87,2,Good
4163,9144,957,31,4,Good
4164,6089,291,77,4,Good
4165,15201,54,17,4,Good
4166,10855,174,53,3,Good
4167,2254,975,96,3,Good
4168,15455,86,47,5,Good
4169,13988,272,18,5,Good
4170,2101,526,22,1,Good
4171,18095,217,67,5,Good
4172,15486,781,31,2,Good
4173,316,111,67,2,Good
4174,472,414,56,4,Good
4175,17290,769,34,4,Good
4176,11655,880,33,3,Good
4177,18950,629,35,1,Good
4178,9445,377,63,2,Good
4179,18231,1,100,2,Good
4180,13848,66,25,5,Good
4181,5184,305,43,2,Good
4182,4701,100,86,4,Good
4183,8201,364,11,3,Good
4184,6661,184,23,1,Good
4185,3175,165,51,4,Good
4186,11697,690,92,3,Good
4187,6050,816,95,4,Good
4188,125,180,44,3,Good
4189,15879,805,24,5,Good
4190,18861,240,81,5,Good
4191,4603,268,67,4,Good
4192,18687,491,67,1,Good
4193,2091,730,53,2,Good
4194,8950,2,85,3,Good
4195,1366,633,83,2,Good
4196,2639,805,4,2,Good
4197,15180,730,7,4,Good
4198,16281,194,43,1,Good
4199,19816,654,64,5,Good
4200,12653,442,9,1,Good
4201,1934,970,15,5,Good
4202,11653,1000,62,3,Good
4203,19590,287,53,5,Good
4204,12452,277,12,2,Good
4205,3900,987,59,5,Good
4206,2165,300,85,5,Good
4207,5700,845,78,4,Good
4208,7372,208,74,4,Good
4209,1966,784,20,5,Good
4210,14465,390,83,4,Good
4211,12620,754,86,4,Good
4212,2792,993,82,2,Good
4213,2905,989,54,3,Good
4214,12647,621,11,4,Good
4215,10197,50,9,3,Good
4216,19742,390,26,3,Good
4217,10061,537,79,4,Good
4218,13147,969,87,5,Good
4219,1688,734,14,1,Good
4220,14612,466,61,1,Good
4221,19796,367,12,2,Good
4222,4512,567,86,2,Good
4223,3381,836,51,4,Good
4224,18860,817,14,1,Good
4225,1777,425,18,5,Good
4226,13511,245,16,2,Good
4227,15466,266,20,5,Good
4228,5681,39,26,4,Good
4229,2424,514,29,2,Good
4230,19357,48,27,5,Good
4231,5720,916,24,3,Good
4232,3555,211,4,3,Good
4233,11016,850,50,3,Good
4234,11738,248,85,1,Good
4235,14347,72,75,1,Good
4236,11615,388,80,3,Good
4237,3143,55,86,3,Good
4238,8238,877,63,1,Good
4239,17438,775,57,3,Good
4240,17053,263,62,2,Good
4241,7456,586,98,4,Good
4242,659,511,36,5,Good
4243,6875,949,93,4,Good
4244,6346,967,96,1,Good
4245,9448,50,91,1,Good
4246,16983,528,49,5,Good
4247,460,502,25,1,Good
4248,18351,308,1,4,Good
4249,16113,401,72,2,Good
4250,3191,759,87,3,Good
4251,18491,43,93,3,Good
4252,5509,819,97,1,Good
4253,11023,135,54,4,Good
4254,9455,481,95,5,Good
4255,3277,261,80,4,Good
4256,6273,318,28,4,Good
4257,14542,259,20,1,Good
4258,9776,160,47,1,Good
4259,14953,339,93,2,Good
4260,9403,297,21,3,Good
4261,14600,477,46,5,Good
4262,11038,578,75,2,Good
4263,13130,295,30,3,Good
4264,6594,172,78,2,Good
4265,17588,802,8,3,Good
4266,3990,591,79,5,Good
4267,11634,755,43,1,Good
4268,5274,385,18,3,Good
4269,12834,781,55,2,Good
4270,17572,222,6,1,Good
4271,6766,859,25,5,Good
4272,15191,692,20,2,Good
4273,14619,609,14,3,Good
4274,18627,874,66,4,Good
4275,11097,482,11,1,Good
4276,6594,568,77,4,Good
4277,5274,711,44,4,Good
4278,2877,426,29,3,Good
4279,18481,875,11,1,Good
4280,17358,158,61,2,Good
4281,2723,770,47,1,Good
4282,6121,245,73,5,Good
4283,8208,255,54,2,Good
4284,15350,733,56,1,Good
4285,1769,526,79,2,Good
4286,4899,898,11,4,Good
4287,10799,494,89,4,Good
4288,14639,296,6,3,Good
4289,18657,604,39,5,Good
4290,15952,695,95,1,Good
4291,4556,914,15,5,Good
4292,296,772,12,1,Good
4293,13574,903,49,3,Good
4294,16170,617,28,1,Good
4295,238,38,30,1,Good
4296,17433,628,52,1,Good
4297,8679,7,56,2,Good
4298,11978,927,80,3,Good
4299,18166,562,43,4,Good
4300,4443,233,96,3,Good
4301,3564,467,24,5,Good
4302,18373,41,83,5,Good
4303,9645,848,3,5,Good
4304,12992,859,61,3,Good
4305,5857,772,69,5,Good
4306,8478,634,60,5,Good
4307,13994,532,3,1,Good
4308,9970,423,53,2,Good
4309,1082,360,43,1,Good
4310,15382,783,67,4,Good
4311,10016,847,59,2,Good
4312,15259,489,85,4,Good
4313,1737,286,56,4,Good
4314,14764,652,14,4,Good
4315,13790,373,19,3,Good
4316,16892,201,60,1,Good
4317,7861,14,4,3,Good
4318,16289,470,61,2,Good
4319,19492,269,92,1,Good
4320,19939,472,18,2,Good
4321,14975,449,92,2,Good
4322,4258,445,75,5,Good
4323,9879,404,63,3,Good
4324,13531,820,42,5,Good
4325,12676,877,87,4,Good
4326,19035,821,42,1,Good
4327,13007,815,18,1,Good
4328,12219,658,67,5,Good
4329,3593,499,29,3,Good
4330,19025,426,71,3,Good
4331,10270,655,65,4,Good
4332,16572,352,24,4,Good
4333,9378,13,12,4,Good
4334,3844,228,53,1,Good
4335,18352,997,30,1,Good
4336,4610,653,66,2,Good
4337,11681,251,46,5,Good
4338,10559,687,73,3,Good
4339,11976,709,20,1,Good
4340,19204,596,46,1,Good
4341,9848,204,8,5,Good
4342,16264,10,81,1,Good
4343,638,641,79,2,Good
4344,9312,613,11,5,Good
4345,12647,650,44,2,Good
4346,16418,643,72,1,Good
4347,6329,813,70,1,Good
4348,1127,284,70,4,Good
4349,10469,25,4,5,Good
4350,6389,632,85,3,Good
4351,1383,795,36,4,Good
4352,9503,686,14,2,Good
4353,38,634,42,2,Good
4354,3273,602,14,3,Good
4355,10784,438,82,2,Good
4356,3499,762,39,4,Good
4357,3702,529,54,3,Good
4358,14272,659,16,5,Good
4359,435,44,23,1,Good
4360,19076,978,30,4,Good
4361,6232,353,7,4,Good
4362,6917,920,67,2,Good
4363,6220,844,9,1,Good
4364,12865,946,5,3,Good
4365,8503,268,63,4,Good
4366,19014,942,58,5,Good
4367,10963,846,83,4,Good
4368,18289,447,56,1,Good
4369,8325,898,1,1,Good
4370,1287,296,98,3,Good
4371,3176,148,47,5,Good
4372,329,994,65,3,Good
4373,15233,778,32,4,Good
4374,2250,195,79,1,Good
4375,13391,442,67,4,Good
4376,13876,568,57,2,Good
4377,18437,550,85,5,Good
4378,1464,501,58,2,Good
4379,3804,213,87,5,Good
4380,3713,841,8,4,Good
4381,10969,938,93,4,Good
4382,422,626,42,1,Good
4383,2895,549,75,1,Good
4384,8874,806,41,1,Good
4385,7625,357,96,1,Good
4386,17860,540,85,1,Good
4387,10742,616,6,3,Good
4388,12831,842,64,4,Good
4389,5590,132,35,5,Good
4390,8901,712,16,3,Good
4391,577,34,31,4,Good
4392,15032,531,41,1,Good
4393,1345,86,96,4,Good
4394,10335,363,2,2,Good
4395,13105,281,75,5,Good
4396,480,480,13,4,Good
4397,1170,226,48,1,Good
4398,4698,600,94,4,Good
4399,4230,28,13,1,Good
4400,3134,482,81,5,Good
4401,3400,899,99,1,Good
4402,11300,779,64,2,Good
4403,2787,669,4,4,Good
4404,11927,506,11,4,Good
4405,11455,860,86,5,Good
4406,2208,776,24,4,Good
4407,13294,352,66,4,Good
4408,3715,217,64,4,Good
4409,15722,913,62,5,Good
4410,1483,952,33,2,Good
4411,15157,397,10,5,Good
4412,2256,899,88,4,Good
4413,6087,764,31,1,Good
4414,8514,254,38,3,Good
4415,19790,280,89,2,Good
4416,7188,807,84,3,Good
4417,2853,851,33,5,Good
4418,12801,99,57,2,Good
4419,16236,523,44,3,Good
4420,14971,663,2,3,Good
4421,859,49,97,5,Good
4422,12553,277,72,4,Good
4423,18180,76,68,1,Good
4424,12649,49,59,5,Good
4425,13252,668,83,1,Good
4426,16662,174,42,3,Good
4427,17081,946,52,2,Good
4428,11026,69,70,3,Good
4429,13266,971,52,1,Good
4430,2857,92,70,5,Good
4431,10823,869,66,1,Good
4432,6179,973,98,1,Good
4433,18903,47,81,4,Good
4434,17798,853,5,1,Good
4435,11004,63,34,4,Good
4436,2970,274,95,5,Good
4437,3666,804,58,2,Good
4438,5739,64,9,2,Good
4439,7195,166,39,2,Good
4440,6351,468,39,5,Good
4441,9880,549,82,1,Good
4442,344,32,50,3,Good
4443,17724,478,7,4,Good
4444,7598,192,13,2,Good
4445,10291,924,2,5,Good
4446,12775,487,99,4,Good
4447,10171,462,48,2,Good
4448,18119,849,4,4,Good
4449,13320,624,4,4,Good
4450,10148,566,85,1,Good
4451,19288,835,31,1,Good
4452,2828,328,100,3,Good
4453,2763,521,76,2,Good
4454,412,507,71,5,Good
4455,1066,952,83,5,Good
4456,5980,408,45,4,Good
4457,2776,850,81,4,Good
4458,17052,632,81,1,Good
4459,6298,723,31,1,Good
4460,3691,448,95,2,Good
4461,18192,622,95,5,Good
4462,664,751,29,3,Good
4463,3618,288,27,4,Good
4464,7338,143,84,2,Good
4465,8451,86,33,2,Good
4466,4860,721,10,5,Good
4467,16226,131,52,5,Good
4468,12017,925,17,2,Good
4469,7404,412,7,5,Good
4470,19023,169,35,1,Good
4471,8591,576,14,5,Good
4472,19727,364,68,2,Good
4473,17853,218,28,3,Good
4474,3078,674,54,4,Good
4475,8900,189,77,1,Good
4476,14838,172,14,1,Good
4477,6681,694,43,4,Good
4478,13972,588,96,5,Good
4479,13323,648,60,3,Good
4480,11679,116,79,4,Good
4481,11230,71,22,5,Good
4482,8753,516,43,1,Good
4483,11472,737,39,1,Good
4484,19765,716,1,2,Good
4485,19874,545,31,2,Good
4486,9795,895,40,4,Good
4487,8178,941,9,3,Good
4488,5049,580,23,3,Good
4489,7743,20,31,3,Good
4490,18126,343,60,2,Good
4491,16125,752,83,3,Good
4492,189,966,94,1,Good
4493,16968,651,60,4,Good
4494,11313,809,18,2,Good
4495,7110,495,76,4,Good
4496,3879,116,31,2,Good
4497,17971,592,63,2,Good
4498,6394,738,53,5,Good
4499,6547,635,76,1,Good
4500,7410,172,12,3,Good
4501,13842,567,40,3,Good
4502,11890,248,63,5,Good
4503,5896,107,59,3,Good
4504,13624,803,42,4,Good
4505,7359,320,99,4,Good
4506,7952,112,78,1,Good
4507,15841,933,65,3,Good
4508,9461,234,56,4,Good
4509,9571,991,45,5,Good
4510,13636,690,66,3,Good
4511,15264,671,54,1,Good
4512,16841,30,86,4,Good
4513,12666,180,41,1,Good
4514,15798,674,82,4,Good
4515,8380,839,14,4,Good
4516,3441,949,47,4,Good
4517,18600,399,100,1,Good
4518,4077,600,93,2,Good
4519,3281,541,90,5,Good
4520,1555,278,43,4,Good
4521,17647,973,86,3,Good
4522,17369,149,37,5,Good
4523,2216,483,72,2,Good
4524,8154,121,61,2,Good
4525,12465,251,4,5,Good
4526,763,469,11,5,Good
4527,8047,22,59,4,Good
4528,16397,901,18,2,Good
4529,18313,523,34,4,Good
4530,9213,55,12,3,Good
4531,412,44,74,5,Good
4532,8728,483,64,5,Good
4533,16269,57,79,3,Good
4534,12437,724,70,5,Good
4535,4859,360,9,2,Good
4536,16546,969,100,4,Good
4537,6236,215,95,2,Good
4538,11376,495,45,1,Good
4539,16464,945,9,2,Good
4540,13070,845,100,2,Good
4541,2266,297,61,5,Good
4542,3059,905,53,4,Good
4543,14220,12,56,4,Good
4544,18185,43,38,2,Good
4545,14288,341,26,5,Good
4546,9599,701,61,1,Good
4547,4508,985,92,2,Good
4548,5512,866,69,4,Good
4549,14221,858,9,1,Good
4550,8475,141,88,1,Good
4551,7813,347,58,5,Good
4552,11073,662,97,1,Good
4553,10968,412,49,2,Good
4554,4164,44,26,2,Good
4555,864,525,11,3,Good
4556,3133,934,90,4,Good
4557,16656,833,39,1,Good
4558,10371,140,44,4,Good
4559,10254,930,37,5,Good
4560,15544,142,86,1,Good
4561,14939,826,51,4,Good
4562,1940,237,18,1,Good
4563,12793,909,48,3,Good
4564,13731,528,35,1,Good
4565,13776,543,90,3,Good
4566,11549,516,14,4,Good
4567,7321,951,91,4,Good
4568,1363,449,13,4,Good
4569,19943,52,44,1,Good
4570,2858,625,59,3,Good
4571,13221,794,37,1,Good
4572,12934,334,3,5,Good
4573,6733,619,17,3,Good
4574,16904,127,92,3,Good
4575,6196,997,14,3,Good
4576,14495,792,81,5,Good
4577,11095,404,51,5,Good
4578,8131,145,31,2,Good
4579,18890,386,18,5,Good
4580,10790,716,1,4,Good
4581,13526,741,20,1,Good
4582,17178,602,17,4,Good
4583,8390,303,87,4,Good
4584,3032,984,64,1,Good
4585,18298,968,27,4,Good
4586,3725,927,33,3,Good
4587,12410,780,48,4,Good
4588,12770,702,72,4,Good
4589,14690,560,53,5,Good
4590,10380,95,98,3,Good
4591,17446,453,39,3,Good
4592,16985,783,77,5,Good
4593,8582,728,76,3,Good
4594,13995,409,78,5,Good
4595,12764,965,9,4,Good
4596,11968,351,37,4,Good
4597,11367,747,8,1,Good
4598,436,358,91,5,Good
4599,14747,640,46,2,Good
4600,3481,331,89,5,Good
4601,12611,517,62,5,Good
4602,15947,452,69,1,Good
4603,7708,546,40,1,Good
4604,4246,274,35,2,Good
4605,4884,475,33,3,Good
4606,6023,13,60,1,Good
4607,13270,261,68,4,Good
4608,4525,109,80,2,Good
4609,651,215,69,1,Good
4610,14247,1000,96,4,Good
4611,15272,283,60,1,Good
4612,6418,831,73,2,Good
4613,7356,467,10,3,Good
4614,9641,863,56,5,Good
4615,14320,315,75,4,Good
4616,12257,12,97,2,Good
4617,8895,786,100,2,Good
4618,17612,747,57,5,Good
4619,8124,36,53,5,Good
4620,4065,421,16,1,Good
4621,7829,595,58,3,Good
4622,18334,597,25,1,Good
4623,16660,727,29,3,Good
4624,1080,176,85,3,Good
4625,16987,42,61,3,Good
4626,132,335,73,5,Good
4627,3157,108,97,1,Good
4628,3874,88,10,3,Good
4629,7987,441,91,2,Good
4630,9994,997,19,1,Good
4631,11097,169,12,5,Good
4632,5722,736,88,1,Good
4633,17029,385,70,2,Good
4634,12984,267,91,1,Good
4635,5677,633,90,1,Good
4636,5253,846,60,5,Good
4637,8957,313,99,4,Good
4638,11275,432,81,4,Good
4639,11349,581,91,2,Good
4640,6433,877,93,5,Good
4641,329,680,6,2,Good
4642,18339,516,32,2,Good
4643,19388,734,31,5,Good
4644,18640,959,32,2,Good
4645,1091,145,14,1,Good
4646,9893,827,89,4,Good
4647,18526,840,17,3,Good
4648,15914,538,89,4,Good
4649,1779,635,91,2,Good
4650,16960,793,3,5,Good
4651,7630,838,64,1,Good
4652,2944,425,95,5,Good
4653,14993,156,47,4,Good
4654,4654,358,65,1,Good
4655,14535,108,9,1,Good
4656,5571,579,26,4,Good
4657,19441,912,45,4,Good
4658,15165,783,84,2,Good
4659,16419,319,16,2,Good
4660,9307,213,2,1,Good
4661,15209,955,50,1,Good
4662,11754,132,74,4,Good
4663,371,283,99,2,Good
4664,19139,68,37,4,Good
4665,9341,621,97,5,Good
4666,15316,974,70,4,Good
4667,14224,966,21,3,Good
4668,4920,221,74,3,Good
4669,7827,766,53,5,Good
4670,1013,210,85,1,Good
4671,210,18,51,3,Good
4672,3293,788,23,5,Good
4673,10163,636,68,1,Good
4674,11042,409,82,3,Good
4675,14384,989,51,4,Good
4676,8788,944,98,3,Good
4677,12332,792,8,2,Good
4678,6804,925,94,3,Good
4679,4791,229,45,3,Good
4680,14075,882,29,1,Good
4681,10570,953,36,3,Good
4682,7937,641,80,2,Good
4683,6934,476,55,1,Good
4684,5316,33,52,3,Good
4685,12614,946,45,3,Good
4686,13808,248,17,3,Good
4687,1337,426,58,5,Good
4688,1384,158,27,3,Good
4689,10503,168,16,5,Good
4690,19610,227,63,5,Good
4691,15174,290,2,4,Good
4692,7834,701,66,3,Good
4693,7754,492,4,5,Good
4694,13365,568,53,2,Good
4695,8263,732,40,5,Good
4696,9672,405,33,1,Good
4697,11198,824,36,4,Good
4698,6025,498,58,1,Good
4699,15360,327,93,3,Good
4700,4430,209,34,5,Good
4701,17345,141,35,4,Good
4702,15134,383,87,3,Good
4703,18099,348,4,5,Good
4704,16344,78,4,3,Good
4705,13066,758,98,1,Good
4706,10592,652,76,4,Good
4707,15338,148,65,5,Good
4708,228,565,48,4,Good
4709,7367,613,13,2,Good
4710,1131,855,5,4,Good
4711,2622,312,59,1,Good
4712,11354,533,25,2,Good
4713,6554,344,23,1,Good
4714,16285,329,32,1,Good
4715,1165,976,17,4,Good
4716,18671,283,58,4,Good
4717,4611,709,74,3,Good
4718,2562,210,53,5,Good
4719,18528,631,51,2,Good
4720,2052,731,86,3,Good
4721,11387,704,26,4,Good
4722,13537,822,49,1,Good
4723,679,750,21,4,Good
4724,18024,801,65,3,Good
4725,1043,321,34,2,Good
4726,18596,106,25,5,Good
4727,3779,473,26,1,Good
4728,13533,98,66,5,Good
4729,4156,103,89,5,Good
4730,7670,378,62,1,Good
4731,8100,438,60,1,Good
4732,15138,15,99,2,Good
4733,15655,322,74,2,Good
4734,11820,387,66,5,Good
4735,18752,686,30,1,Good
4736,2310,306,7,3,Good
4737,3036,118,86,2,Good
4738,10413,258,17,5,Good
4739,4060,716,1,4,Good
4740,8831,283,41,4,Good
4741,8652,122,66,1,Good
4742,9226,604,27,1,Good
4743,16805,925,17,2,Good
4744,9704,70,50,4,Good
4745,8570,882,10,4,Good
4746,5513,138,88,2,Good
4747,15551,304,61,1,Good
4748,17006,554,71,3,Good
4749,14006,946,92,1,Good
4750,2263,24,17,1,Good
4751,19725,799,9,2,Good
4752,950,950,80,5,Good
4753,4899,866,25,4,Good
4754,3094,764,95,5,Good
4755,9311,671,31,4,Good
4756,17567,335,28,5,Good
4757,5371,158,83,1,Good
4758,5823,623,66,4,Good
4759,16807,510,98,5,Good
4760,16631,829,56,3,Good
4761,3356,990,49,5,Good
4762,4821,520,62,4,Good
4763,13932,796,70,1,Good
4764,16841,66,7,4,Good
4765,19757,193,58,4,Good
4766,8135,159,42,3,Good
4767,19272,364,48,2,Good
4768,3304,761,45,4,Good
4769,18310,257,89,4,Good
4770,1193,281,86,5,Good
4771,8980,220,26,1,Good
4772,5993,220,26,5,Good
4773,17162,558,76,4,Good
4774,9458,138,20,1,Good
4775,8390,751,52,2,Good
4776,17095,989,19,5,Good
4777,3177,470,81,5,Good
4778,16449,420,23,3,Good
4779,11507,531,73,3,Good
4780,4104,483,77,3,Good
4781,8195,40,100,5,Good
4782,15725,907,43,1,Good
4783,19105,343,19,3,Good
4784,4119,560,70,3,Good
4785,6763,682,80,3,Good
4786,17416,197,89,4,Good
4787,18889,17,82,5,Good
4788,16756,240,87,3,Good
4789,12348,315,4,3,Good
4790,14482,892,43,1,Good
4791,11788,849,95,4,Good
4792,18304,743,77,1,Good
4793,19699,490,66,5,Good
4794,68,497,62,2,Good
4795,8882,231,22,3,Good
4796,8741,157,64,4,Good
4797,14623,833,15,3,Good
4798,4728,894,96,2,Good
4799,18674,14,41,3,Good
4800,11052,540,60,1,Good
4801,1456,190,78,5,Good
4802,12581,886,16,4,Good
4803,1712,34,13,1,Good
4804,2469,734,26,4,Good
4805,10425,248,67,2,Good
4806,11186,571,39,5,Good
4807,10561,85,27,3,Good
4808,4329,508,26,5,Good
4809,13048,342,48,3,Good
4810,11671,664,48,5,Good
4811,8052,2,14,1,Good
4812,9026,486,68,2,Good
4813,12881,561,85,2,Good
4814,16259,833,18,5,Good
4815,16057,271,98,5,Good
4816,1000,346,77,4,Good
4817,19438,646,25,1,Good
4818,4825,847,72,3,Good
4819,9157,571,7,4,Good
4820,12963,907,84,5,Good
4821,1190,726,31,1,Good
4822,4720,479,52,4,Good
4823,13747,709,32,4,Good
4824,19592,498,70,2,Good
4825,16538,260,67,5,Good
4826,14867,207,56,1,Good
4827,5125,136,11,5,Good
4828,1110,65,50,5,Good
4829,9012,650,98,5,Good
4830,15611,567,100,3,Good
4831,11673,464,51,4,Good
4832,8612,89,46,2,Good
4833,2705,254,82,1,Good
4834,17606,458,95,2,Good
4835,18680,43,57,1,Good
4836,5363,415,20,1,Good
4837,7878,961,38,5,Good
4838,18572,853,55,1,Good
4839,5450,719,92,2,Good
4840,15345,861,86,4,Good
4841,18956,216,59,1,Good
4842,13284,515,14,4,Good
4843,2063,292,38,2,Good
4844,13016,339,79,4,Good
4845,15179,601,78,2,Good
4846,12073,125,64,5,Good
4847,6251,374,73,5,Good
4848,192,469,17,2,Good
4849,5202,629,72,5,Good
4850,17102,755,85,4,Good
4851,9569,960,23,1,Good
4852,18934,64,14,4,Good
4853,16643,702,41,5,Good
4854,16038,170,16,4,Good
4855,13934,876,2,4,Good
4856,18512,437,2,4,Good
4857,496,633,10,3,Good
4858,13286,819,87,5,Good
4859,977,316,76,1,Good
4860,15100,965,43,3,Good
4861,6700,75,55,4,Good
4862,17126,61,56,4,Good
4863,8673,840,78,4,Good
4864,1856,874,80,5,Good
4865,17542,382,99,3,Good
4866,16387,570,81,4,Good
4867,19059,84,49,3,Good
4868,531,422,67,4,Good
4869,3752,461,75,4,Good
4870,5778,29,79,3,Good
4871,1178,15,66,5,Good
4872,1545,696,86,5,Good
4873,7738,61,30,3,Good
4874,10823,368,76,5,Good
4875,5334,857,76,4,Good
4876,5828,939,93,3,Good
4877,6686,863,34,5,Good
4878,126,170,15,1,Good
4879,17763,936,70,1,Good
4880,9267,99,70,2,Good
4881,6191,991,30,1,Good
4882,1728,835,40,1,Good
4883,12915,454,46,3,Good
4884,10859,601,83,2,Good
4885,16604,216,11,1,Good
4886,18074,167,72,5,Good
4887,9813,9,39,5,Good
4888,11743,536,19,2,Good
4889,339,146,17,2,Good
4890,5702,696,100,3,Good
4891,6852,345,46,4,Good
4892,15667,53,5,1,Good
4893,1505,445,2,3,Good
4894,17410,319,57,3,Good
4895,7717,626,84,4,Good
4896,5243,899,37,4,Good
4897,1574,455,15,5,Good
4898,14356,760,57,5,Good
4899,10605,931,86,3,Good
4900,6469,834,89,1,Good
4901,18889,476,92,5,Good
4902,13189,407,95,5,Good
4903,16643,878,52,3,Good
4904,10780,124,42,1,Good
4905,13613,170,88,3,Good
4906,11765,276,20,3,Good
4907,18861,311,43,3,Good
4908,2134,533,85,5,Good
4909,16992,291,7,5,Good
4910,18632,801,97,1,Good
4911,18981,983,98,2,Good
4912,3003,670,27,1,Good
4913,8145,422,96,3,Good
4914,19954,70,22,2,Good
4915,8261,635,92,5,Good
4916,10855,482,35,5,Good
4917,16237,726,49,1,Good
4918,19559,817,67,5,Good
4919,15318,589,22,5,Good
4920,11514,646,51,2,Good
4921,19631,419,99,3,Good
4922,9096,79,18,4,Good
4923,19948,423,95,3,Good
4924,2316,610,50,2,Good
4925,8226,698,39,1,Good
4926,7704,276,91,1,Good
4927,10787,116,23,4,Good
4928,16565,902,63,2,Good
4929,3706,698,78,2,Good
4930,8924,483,79,4,Good
4931,8031,53,22,3,Good
4932,15166,473,79,2,Good
4933,4401,743,83,2,Good
4934,8858,756,60,4,Good
4935,2887,170,80,3,Good
4936,12244,68,42,3,Good
4937,7968,773,32,2,Good
4938,6934,147,68,5,Good
4939,18076,580,100,3,Good
4940,9888,68,13,5,Good
4941,5328,589,85,5,Good
4942,18052,294,2,3,Good
4943,16370,352,68,3,Good
4944,16124,143,6,4,Good
4945,3612,327,98,4,Good
4946,7106,716,97,3,Good
4947,6779,488,29,5,Good
4948,19622,569,49,5,Good
4949,10805,363,96,3,Good
4950,17974,325,99,3,Good
4951,16083,17,49,4,Good
4952,10319,849,46,5,Good
4953,2637,952,21,2,Good
4954,14157,27,4,2,Good
4955,13934,684,13,5,Good
4956,4972,291,5,2,Good
4957,15509,685,55,4,Good
4958,8818,228,93,4,Good
4959,7794,409,56,1,Good
4960,8902,319,17,2,Good
4961,13655,965,76,1,Good
4962,18733,73,12,3,Good
4963,4446,288,35,4,Good
4964,15360,107,58,4,Good
4965,3151,601,22,5,Good
4966,10134,351,5,5,Good
4967,9447,637,29,5,Good
4968,8777,66,39,4,Good
4969,17598,871,2,4,Good
4970,2460,607,15,2,Good
4971,6171,586,23,1,Good
4972,13318,62,73,1,Good
4973,14238,176,63,4,Good
4974,6639,593,77,2,Good
4975,2004,516,70,4,Good
4976,8140,576,25,3,Good
4977,8137,414,86,4,Good
4978,331,755,87,4,Good
4979,8328,998,8,4,Good
4980,17070,253,9,3,Good
4981,10917,539,42,5,Good
4982,5760,220,1,1,Good
4983,4766,699,71,1,Good
4984,10366,822,69,3,Good
4985,5585,546,24,5,Good
4986,19808,629,84,1,Good
4987,2699,667,98,5,Good
4988,2829,286,8,3,Good
4989,4195,438,49,2,Good
4990,11549,179,72,2,Good
4991,4412,841,54,4,Good
4992,15251,512,25,3,Good
4993,15585,656,43,4,Good
4994,12113,728,74,1,Good
4995,268,581,22,3,Good
4996,18542,285,33,2,Good
4997,18489,666,58,5,Good
4998,12631,54,73,2,Good
4999,14194,572,78,2,Good
5000,7870,916,93,4,Good
5001,11593,394,14,3,Good
5002,340,286,22,4,Good
5003,15745,818,47,5,Good
5004,19254,758,65,4,Good
5005,18432,541,25,5,Good
5006,9684,4,28,4,Good
5007,7521,790,38,5,Good
5008,12619,683,15,5,Good
5009,18775,975,75,3,Good
5010,10267,854,52,5,Good
5011,9920,96,43,2,Good
5012,4063,673,8,4,Good
5013,17110,943,64,3,Good
5014,6129,987,45,3,Good
5015,5014,268,16,3,Good
5016,844,854,22,3,Good
5017,9493,42,100,4,Good
5018,14108,208,35,2,Good
5019,9857,212,36,2,Good
5020,728,375,89,1,Good
5021,10975,891,19,1,Good
5022,16170,352,2,2,Good
5023,718,776,82,5,Good
5024,5559,624,99,2,Good
5025,10414,963,43,5,Good
5026,11969,235,21,5,Good
5027,2307,132,17,3,Good
5028,16497,824,1,1,Good
5029,19131,666,41,1,Good
5030,19205,678,26,4,Good
5031,5331,864,28,1,Good
5032,15820,787,88,2,Good
5033,1908,95,6,5,Good
5034,2445,134,67,3,Good
5035,6191,799,87,4,Good
5036,18563,356,76,5,Good
5037,8711,89,13,2,Good
5038,5796,939,50,2,Good
5039,15841,375,58,1,Good
5040,16373,736,57,2,Good
5041,369,916,35,3,Good
5042,9704,744,18,4,Good
5043,1423,753,58,3,Good
5044,5418,835,59,2,Good
5045,12095,258,56,2,Good
5046,10537,235,33,3,Good
5047,1922,792,69,3,Good
5048,353,782,66,5,Good
5049,6957,25,44,1,Good
5050,1451,516,37,5,Good
5051,12161,993,85,5,Good
5052,5553,45,49,4,Good
5053,378,430,2,4,Good
5054,13389,501,95,1,Good
5055,19925,756,5,3,Good
5056,7617,268,59,5,Good
5057,1662,402,30,1,Good
5058,14436,602,71,3,Good
5059,7100,448,40,5,Good
5060,12728,887,83,5,Good
5061,14841,913,82,5,Good
5062,1660,775,3,2,Good
5063,19094,501,76,1,Good
5064,13067,859,69,5,Good
5065,1381,111,41,3,Good
5066,8511,137,94,5,Good
5067,15922,900,68,4,Good
5068,15468,577,55,5,Good
5069,18514,662,27,2,Good
5070,9244,213,20,1,Good
5071,3633,818,2,4,Good
5072,13782,760,6,2,Good
5073,8453,740,86,5,Good
5074,14757,337,53,5,Good
5075,14538,454,12,1,Good
5076,6836,122,65,4,Good
5077,19935,613,72,2,Good
5078,9374,137,36,1,Good
5079,18743,709,39,1,Good
5080,10714,817,70,3,Good
5081,3157,831,42,4,Good
5082,5186,936,88,3,Good
5083,1836,560,7,3,Good
5084,9990,301,92,3,Good
5085,1096,247,36,2,Good
5086,19839,93,26,3,Good
5087,13234,599,84,1,Good
5088,14083,667,56,4,Good
5089,14899,477,2,2,Good
5090,2773,710,51,1,Good
5091,17836,288,27,5,Good
5092,12188,577,43,1,Good
5093,17332,161,79,5,Good
5094,1021,952,42,1,Good
5095,12811,617,54,2,Good
5096,14491,803,99,1,Good
5097,7492,668,8,1,Good
5098,12737,228,21,5,Good
5099,11300,994,69,1,Good
5100,6913,688,85,2,Good
5101,6157,384,62,1,Good
5102,6673,122,84,1,Good
5103,3126,57,9,2,Good
5104,1771,854,53,4,Good
5105,1351,850,60,4,Good
5106,16807,823,62,5,Good
5107,1807,289,42,1,Good
5108,4976,958,99,4,Good
5109,15068,193,76,3,Good
5110,16859,876,11,2,Good
5111,3411,336,28,4,Good
5112,18761,950,64,4,Good
5113,5275,263,5,5,Good
5114,5968,165,51,5,Good
5115,17849,155,61,1,Good
5116,12735,52,74,2,Good
5117,10897,926,82,2,Good
5118,16328,480,79,4,Good
5119,3097,806,59,5,Good
5120,232,50,23,4,Good
5121,9863,705,89,5,Good
5122,18384,333,40,3,Good
5123,726,787,96,3,Good
5124,8306,55,90,5,Good
5125,11496,99,34,3,Good
5126,18944,747,80,2,Good
5127,123,588,7,1,Good
5128,11807,597,39,2,Good
5129,4487,200,23,2,Good
5130,7928,233,34,3,Good
5131,5061,699,54,3,Good
5132,6996,406,35,5,Good
5133,8823,239,3,1,Good
5134,3161,453,85,4,Good
5135,2023,939,99,1,Good
5136,5125,45,18,1,Good
5137,12012,536,80,4,Good
5138,17692,856,39,2,Good
5139,1918,695,8,4,Good
5140,9794,109,12,2,Good
5141,12663,503,26,2,Good
5142,17826,813,19,2,Good
5143,10684,793,83,2,Good
5144,8909,57,90,3,Good
5145,12220,632,85,1,Good
5146,19381,689,83,3,Good
5147,19162,226,22,4,Good
5148,13719,582,1,3,Good
5149,16432,899,41,5,Good
5150,5840,110,93,2,Good
5151,2157,957,31,3,Good
5152,13419,15,56,2,Good
5153,10980,483,45,3,Good
5154,1189,968,65,4,Good
5155,13110,418,93,3,Good
5156,9616,877,48,1,Good
5157,16218,128,27,2,Good
5158,10777,949,85,5,Good
5159,6955,96,33,5,Good
5160,19312,671,27,1,Good
5161,7828,56,8,2,Good
5162,8676,632,3,2,Good
5163,6210,878,48,3,Good
5164,9797,784,49,5,Good
5165,11209,852,95,4,Good
5166,16164,877,3,2,Good
5167,17388,997,83,4,Good
5168,1735,880,60,3,Good
5169,19354,746,94,1,Good
5170,2660,75,2,4,Good
5171,8229,693,93,5,Good
5172,13885,737,56,3,Good
5173,1518,941,24,3,Good
5174,5572,188,3,5,Good
5175,14377,641,37,4,Good
5176,13672,148,76,2,Good
5177,18345,333,35,4,Good
5178,12980,939,38,2,Good
5179,9469,197,93,2,Good
5180,11333,641,89,5,Good
5181,14582,760,5,1,Good
5182,7635,557,25,5,Good
5183,11463,316,25,3,Good
5184,4949,483,84,1,Good
5185,16807,747,64,2,Good
5186,10724,496,25,2,Good
5187,18924,559,1,3,Good
5188,5591,675,3,1,Good
5189,2560,547,38,1,Good
5190,18619,824,90,4,Good
5191,10359,776,86,1,Good
5192,1730,119,70,5,Good
5193,18909,123,58,2,Good
5194,2274,821,63,3,Good
5195,17137,225,17,5,Good
5196,16573,802,24,1,Good
5197,17715,854,4,5,Good
5198,19697,43,91,4,Good
5199,11729,476,28,5,Good
5200,17666,449,6,5,Good
5201,11707,205,4,4,Good
5202,10788,704,17,3,Good
5203,15774,393,21,2,Good
5204,16509,994,92,5,Good
5205,2589,758,3,2,Good
5206,18727,978,94,1,Good
5207,16959,757,2,4,Good
5208,6439,460,70,4,Good
5209,6887,548,74,3,Good
5210,2654,126,93,3,Good
5211,7577,777,74,3,Good
5212,9821,256,36,2,Good
5213,11792,446,75,2,Good
5214,10196,750,30,4,Good
5215,4859,719,50,5,Good
5216,8851,383,45,4,Good
5217,2285,434,20,4,Good
5218,13559,507,92,5,Good
5219,8182,322,78,4,Good
5220,19167,593,22,2,Good
5221,16968,998,98,4,Good
5222,12312,588,72,4,Good
5223,18028,767,67,3,Good
5224,13091,222,58,5,Good
5225,10812,471,79,3,Good
5226,763,199,54,4,Good
5227,10686,452,46,4,Good
5228,14094,525,76,2,Good
5229,17192,70,65,2,Good
5230,18113,549,30,4,Good
5231,11289,703,41,3,Good
5232,6914,433,72,4,Good
5233,18181,484,58,3,Good
5234,18615,737,36,1,Good
5235,14014,782,8,4,Good
5236,841,178,89,4,Good
5237,12424,51,15,2,Good
5238,9422,799,86,5,Good
5239,5874,551,94,5,Good
5240,4462,951,96,4,Good
5241,12423,757,100,1,Good
5242,739,594,35,4,Good
5243,14132,961,58,5,Good
5244,11478,752,95,5,Good
5245,1650,258,70,5,Good
5246,14442,327,66,2,Good
5247,3940,139,59,2,Good
5248,13041,493,70,4,Good
5249,8697,10,47,3,Good
5250,14443,730,92,4,Good
5251,6782,624,53,1,Good
5252,18123,225,41,4,Good
5253,3312,312,69,5,Good
5254,17645,612,2,5,Good
5255,11291,675,36,1,Good
5256,7677,16,77,2,Good
5257,6634,351,78,4,Good
5258,4753,346,77,2,Good
5259,7229,146,60,4,Good
5260,8063,347,57,5,Good
5261,19579,837,93,3,Good
5262,13106,114,73,1,Good
5263,16751,278,59,4,Good
5264,1846,933,63,2,Good
5265,11971,159,31,1,Good
5266,9118,976,38,4,Good
5267,2265,300,71,4,Good
5268,12713,692,87,3,Good
5269,6184,549,41,5,Good
5270,1967,996,37,2,Good
5271,10818,298,3,2,Good
5272,8369,385,65,2,Good
5273,19974,27,4,5,Good
5274,18431,308,71,2,Good
5275,6927,459,77,2,Good
5276,16258,125,31,1,Good
5277,10592,125,47,5,Good
5278,18182,563,17,4,Good
5279,8547,614,98,4,Good
5280,14010,166,21,5,Good
5281,8268,67,38,1,Good
5282,7845,619,9,5,Good
5283,12581,953,32,5,Good
5284,14118,325,2,1,Good
5285,3831,806,98,4,Good
5286,2845,238,58,3,Good
5287,140,381,92,2,Good
5288,2976,563,32,3,Good
5289,17274,584,94,2,Good
5290,11136,268,83,5,Good
5291,1544,915,11,5,Good
5292,17154,16,67,5,Good
5293,9216,590,19,5,Good
5294,10970,906,37,5,Good
5295,15273,548,69,4,Good
5296,15190,697,44,2,Good
5297,11881,491,53,5,Good
5298,11748,910,64,4,Good
5299,18485,283,28,3,Good
5300,17513,698,94,3,Good
5301,12086,619,45,2,Good
5302,3894,238,32,4,Good
5303,6843,383,4,5,Good
5304,8675,675,59,4,Good
5305,1629,114,60,4,Good
5306,15681,137,15,4,Good
5307,3076,855,80,1,Good
5308,3297,700,95,4,Good
5309,12022,611,68,2,Good
5310,5301,836,89,1,Good
5311,5292,613,15,4,Good
5312,10818,340,13,3,Good
5313,1117,624,36,2,Good
5314,3436,112,68,1,Good
5315,15632,564,92,5,Good
5316,1992,123,58,5,Good
5317,9198,622,97,4,Good
5318,14007,450,14,5,Good
5319,12621,614,14,1,Good
5320,1498,338,26,2,Good
5321,395,852,55,2,Good
5322,1313,140,40,1,Good
5323,4100,934,98,2,Good
5324,4605,473,37,5,Good
5325,13798,143,21,3,Good
5326,12116,478,30,1,Good
5327,16584,453,7,3,Good
5328,7907,51,44,5,Good
5329,1389,15,57,3,Good
5330,16221,622,88,4,Good
5331,2950,379,35,4,Good
5332,13526,391,37,5,Good
5333,365,357,47,2,Good
5334,10703,869,43,2,Good
5335,7145,883,58,1,Good
5336,13967,327,68,4,Good
5337,12001,557,19,2,Good
5338,4539,844,92,3,Good
5339,15455,896,94,1,Good
5340,7968,500,1,5,Good
5341,18367,157,58,2,Good
5342,5951,968,10,4,Good
5343,17163,154,38,1,Good
5344,15354,883,68,3,Good
5345,19090,758,6,1,Good
5346,963,91,14,5,Good
5347,3223,219,45,3,Good
5348,8320,567,42,1,Good
5349,11001,406,98,4,Good
5350,9580,236,47,5,Good
5351,1346,358,56,2,Good
5352,15682,605,59,4,Good
5353,4491,56,10,3,Good
5354,13843,742,76,4,Good
5355,17069,393,35,5,Good
5356,4998,266,56,3,Good
5357,3810,991,6,5,Good
5358,3371,966,12,5,Good
5359,5106,728,79,3,Good
5360,5791,705,58,4,Good
5361,9910,169,83,3,Good
5362,19581,365,59,5,Good
5363,15050,238,41,3,Good
5364,6959,596,89,3,Good
5365,4810,314,78,3,Good
5366,6517,264,67,4,Good
5367,4160,71,97,2,Good
5368,19234,286,55,2,Good
5369,10932,468,91,2,Good
5370,9906,169,43,1,Good
5371,14407,534,38,4,Good
5372,12979,487,75,1,Good
5373,19857,951,6,1,Good
5374,3691,615,69,3,Good
5375,1867,868,71,2,Good
5376,3071,940,2,2,Good
5377,8875,553,70,1,Good
5378,3349,730,63,1,Good
5379,12143,779,16,4,Good
5380,2821,914,18,1,Good
5381,8788,552,49,4,Good
5382,2929,837,27,5,Good
5383,4092,709,17,5,Good
5384,4365,594,42,1,Good
5385,9816,593,94,2,Good
5386,3612,589,91,1,Good
5387,1468,535,28,1,Good
5388,14822,401,91,2,Good
5389,8007,922,84,4,Good
5390,516,529,7,1,Good
5391,14618,532,66,1,Good
5392,8409,597,2,2,Good
5393,18496,465,25,4,Good
5394,10398,965,45,3,Good
5395,235,886,66,4,Good
5396,17176,677,7,5,Good
5397,18624,95,83,1,Good
5398,19672,945,41,5,Good
5399,15178,350,13,2,Good
5400,14639,85,63,3,Good
5401,9669,453,35,4,Good
5402,15710,808,39,4,Good
5403,5356,405,26,3,Good
5404,6241,660,81,2,Good
5405,7425,491,5,5,Good
5406,15817,246,24,4,Good
5407,10669,949,83,1,Good
5408,17627,962,20,3,Good
5409,19404,304,63,5,Good
5410,13886,723,22,1,Good
5411,548,599,41,4,Good
5412,19134,5,50,3,Good
5413,5262,123,86,5,Good
5414,4704,780,83,1,Good
5415,7104,458,72,2,Good
5416,3527,310,26,2,Good
5417,10629,924,16,2,Good
5418,19964,812,23,4,Good
5419,14329,532,97,1,Good
5420,4944,645,50,1,Good
5421,3426,357,84,3,Good
5422,5338,338,70,3,Good
5423,12728,262,35,2,Good
5424,16656,104,35,4,Good
5425,15654,743,82,1,Good
5426,9015,66,5,4,Good
5427,2678,410,97,2,Good
5428,12311,824,36,1,Good
5429,5424,880,35,1,Good
5430,6449,20,92,2,Good
5431,13530,7,40,1,Good
5432,1824,898,72,4,Good
5433,2866,863,65,1,Good
5434,17100,832,4,5,Good
5435,7618,339,63,4,Good
5436,13091,66,63,2,Good
5437,13564,763,73,2,Good
5438,16459,92,100,1,Good
5439,5643,409,50,5,Good
5440,6645,359,26,2,Good
5441,5758,870,65,3,Good
5442,6935,33,78,3,Good
5443,19179,113,83,2,Good
5444,9244,142,51,2,Good
5445,9993,586,9,5,Good
5446,19576,79,19,1,Good
5447,9176,669,67,2,Good
5448,5125,995,95,1,Good
5449,5236,999,10,5,Good
5450,13922,443,80,5,Good
5451,12974,556,19,4,Good
5452,5937,259,6,4,Good
5453,13556,744,18,1,Good
5454,5181,454,23,1,Good
5455,6138,833,50,4,Good
5456,3241,320,85,4,Good
5457,9493,270,45,5,Good
5458,19681,312,61,3,Good
5459,3455,770,80,3,Good
5460,10932,539,16,4,Good
5461,12285,860,3,5,Good
5462,14628,301,44,5,Good
5463,1055,549,52,3,Good
5464,358,246,5,5,Good
5465,6243,817,73,5,Good
5466,12238,184,53,2,Good
5467,5580,900,31,4,Good
5468,3813,236,40,2,Good
5469,13706,992,23,5,Good
5470,19597,957,75,4,Good
5471,6979,165,83,1,Good
5472,13733,736,80,4,Good
5473,8322,375,61,2,Good
5474,4995,779,97,1,Good
5475,16276,602,86,1,Good
5476,9245,432,58,1,Good
5477,15484,806,85,1,Good
5478,6954,27,55,5,Good
5479,12443,301,79,5,Good
5480,19523,560,13,2,Good
5481,4889,19,23,2,Good
5482,7073,43,55,3,Good
5483,15670,256,87,2,Good
5484,3042,80,2,3,Good
5485,18506,643,33,3,Good
5486,13648,951,30,4,Good
5487,11882,232,91,1,Good
5488,16795,634,73,4,Good
5489,16385,388,41,4,Good
5490,369,953,25,4,Good
5491,17686,854,68,4,Good
5492,3161,497,70,1,Good
5493,1896,440,44,4,Good
5494,6765,469,30,1,Good
5495,868,884,92,5,Good
5496,6511,880,86,2,Good
5497,19062,104,3,3,Good
5498,9767,621,33,5,Good
5499,14555,511,37,4,Good
5500,1598,492,38,5,Good
5501,822,572,34,1,Good
5502,8758,247,2,4,Good
5503,13441,907,95,2,Good
5504,16262,469,59,1,Good
5505,4415,999,87,3,Good
5506,12309,992,7,3,Good
5507,18051,972,47,1,Good
5508,9418,203,95,2,Good
5509,16370,216,71,5,Good
5510,18285,954,90,5,Good
5511,11458,825,41,4,Good
5512,8823,784,62,5,Good
5513,14326,514,43,3,Good
5514,7043,332,8,1,Good
5515,19896,140,72,3,Good
5516,4431,482,86,5,Good
5517,5203,49,52,5,Good
5518,16936,138,5,3,Good
5519,8570,832,42,3,Good
5520,19448,894,89,1,Good
5521,13194,756,93,2,Good
5522,16672,263,35,2,Good
5523,10381,500,68,2,Good
5524,5096,909,90,2,Good
5525,9824,381,96,4,Good
5526,1988,126,62,1,Good
5527,12454,3,33,5,Good
5528,85,466,100,1,Good
5529,7341,972,24,5,Good
5530,17270,34,67,4,Good
5531,12570,299,69,4,Good
5532,13171,168,44,1,Good
5533,10076,724,68,1,Good
5534,10169,871,33,5,Good
5535,19603,223,62,5,Good
5536,3384,112,88,2,Good
5537,14095,298,95,1,Good
5538,13365,313,24,4,Good
5539,1594,578,67,4,Good
5540,5755,133,18,3,Good
5541,11358,563,97,1,Good
5542,7838,806,3,1,Good
5543,5385,971,74,1,Good
5544,9538,677,21,5,Good
5545,13824,992,22,5,Good
5546,9186,890,98,1,Good
5547,122,146,99,3,Good
5548,10390,304,33,1,Good
5549,16480,245,99,3,Good
5550,10069,506,45,1,Good
5551,11744,184,6,3,Good
5552,14626,140,22,2,Good
5553,16115,866,47,2,Good
5554,11320,658,61,2,Good
5555,9959,528,98,4,Good
5556,15391,739,44,2,Good
5557,13391,781,7,1,Good
5558,19860,190,6,3,Good
5559,17402,807,99,3,Good
5560,5027,915,37,1,Good
5561,18674,715,40,4,Good
5562,4916,619,30,1,Good
5563,16902,629,53,1,Good
5564,10407,727,83,5,Good
5565,14965,849,84,1,Good
5566,10814,736,66,1,Good
5567,11053,385,62,5,Good
5568,11536,933,78,1,Good
5569,10982,286,37,4,Good
5570,13587,299,75,5,Good
5571,15097,201,17,5,Good
5572,3682,289,70,2,Good
5573,19659,556,62,1,Good
5574,13886,267,73,3,Good
5575,19526,786,1,4,Good
5576,14417,366,50,2,Good
5577,4891,146,10,2,Good
5578,3329,86,90,4,Good
5579,6058,208,40,5,Good
5580,1329,41,99,5,Good
5581,10434,90,5,4,Good
5582,7337,614,87,2,Good
5583,13378,145,64,4,Good
5584,12091,287,80,2,Good
5585,1603,93,52,5,Good
5586,9449,715,23,2,Good
5587,11423,232,56,4,Good
5588,3400,301,97,3,Good
5589,5936,687,81,4,Good
5590,10561,792,81,5,Good
5591,13902,928,74,3,Good
5592,10029,769,67,5,Good
5593,19386,365,14,3,Good
5594,4620,955,28,3,Good
5595,18699,998,42,5,Good
5596,13731,210,64,3,Good
5597,16387,469,58,3,Good
5598,2112,105,68,2,Good
5599,7535,581,15,5,Good
5600,1623,303,88,1,Good
5601,210,959,55,4,Good
5602,11474,461,37,2,Good
5603,12065,475,99,5,Good
5604,14700,562,91,5,Good
5605,893,395,3,2,Good
5606,11133,838,72,1,Good
5607,9302,487,78,3,Good
5608,19116,64,57,1,Good
5609,17196,752,23,4,Good
5610,10183,895,70,4,Good
5611,844,780,57,1,Good
5612,4932,467,3,2,Good
5613,6470,250,80,5,Good
5614,191,668,36,1,Good
5615,11835,825,29,1,Good
5616,14715,545,88,3,Good
5617,11750,77,80,3,Good
5618,18788,298,83,3,Good
5619,11246,442,8,5,Good
5620,4307,951,91,3,Good
5621,2302,292,98,3,Good
5622,7517,532,93,5,Good
5623,7780,469,48,1,Good
5624,7721,558,28,1,Good
5625,10652,549,14,2,Good
5626,13150,721,54,1,Good
5627,18064,806,9,1,Good
5628,14940,585,32,4,Good
5629,15104,286,95,2,Good
5630,2111,130,74,5,Good
5631,15810,214,31,4,Good
5632,7514,702,75,3,Good
5633,2610,218,78,2,Good
5634,3386,947,98,1,Good
5635,15339,829,96,1,Good
5636,11138,623,53,5,Good
5637,11003,174,51,2,Good
5638,1652,591,5,2,Good
5639,16569,127,84,3,Good
5640,13898,782,50,2,Good
5641,10143,64,98,5,Good
5642,7346,588,74,5,Good
5643,11590,856,8,4,Good
5644,4389,162,28,4,Good
5645,9437,215,64,4,Good
5646,8590,65,80,3,Good
5647,17865,615,92,1,Good
5648,18107,886,71,4,Good
5649,2777,293,83,2,Good
5650,13801,944,96,4,Good
5651,18879,696,71,5,Good
5652,5194,493,21,3,Good
5653,10625,770,79,1,Good
5654,18254,57,77,3,Good
5655,7546,261,88,4,Good
5656,17898,198,68,1,Good
5657,16879,521,57,5,Good
5658,10664,838,76,2,Good
5659,19982,966,53,1,Good
5660,733,650,13,5,Good
5661,7464,219,53,3,Good
5662,3730,334,12,2,Good
5663,477,854,33,4,Good
5664,19625,213,24,1,Good
5665,5256,348,89,4,Good
5666,18153,319,30,3,Good
5667,2494,11,46,3,Good
5668,7483,228,96,3,Good
5669,13104,636,19,5,Good
5670,11516,545,84,3,Good
5671,15539,569,96,1,Good
5672,7374,352,57,4,Good
5673,2965,843,19,5,Good
5674,19446,35,7,1,Good
5675,5580,11,47,2,Good
5676,18589,542,48,3,Good
5677,15660,537,28,2,Good
5678,3995,734,45,1,Good
5679,18100,976,28,4,Good
5680,10154,127,70,3,Good
5681,8227,128,54,5,Good
5682,906,70,9,4,Good
5683,1731,368,64,1,Good
5684,9886,329,70,3,Good
5685,6940,919,72,1,Good
5686,12341,996,41,2,Good
5687,4851,981,49,2,Good
5688,15229,821,72,1,Good
5689,4446,148,87,4,Good
5690,4178,954,38,2,Good
5691,14757,853,23,5,Good
5692,19100,202,9,5,Good
5693,6141,778,10,1,Good
5694,16365,522,50,5,Good
5695,498,802,42,4,Good
5696,3412,127,92,5,Good
5697,15772,975,67,2,Good
5698,3524,869,97,1,Good
5699,903,753,21,3,Good
5700,5903,491,73,1,Good
5701,4846,10,25,2,Good
5702,154,945,96,3,Good
5703,14652,102,17,1,Good
5704,11384,228,12,5,Good
5705,18697,567,10,1,Good
5706,6010,60,27,1,Good
5707,15090,579,60,4,Good
5708,6000,515,22,5,Good
5709,16016,604,96,4,Good
5710,10368,588,41,1,Good
5711,3385,495,2,5,Good
5712,19945,530,45,4,Good
5713,15744,36,8,5,Good
5714,18435,520,98,1,Good
5715,5319,248,21,4,Good
5716,9608,937,33,4,Good
5717,19027,766,57,3,Good
5718,9839,155,53,2,Good
5719,3450,867,99,4,Good
5720,12314,279,6,1,Good
5721,10467,426,7,4,Good
5722,15408,8,30,4,Good
5723,1521,850,81,2,Good
5724,19786,693,6,2,Good
5725,1348,186,20,4,Good
5726,599,19,95,5,Good
5727,1925,762,62,3,Good
5728,13866,551,39,1,Good
5729,16527,921,100,2,Good
5730,7125,971,95,4,Good
5731,11370,737,86,3,Good
5732,6443,197,76,3,Good
5733,12650,803,88,4,Good
5734,8042,324,71,4,Good
5735,10656,775,75,1,Good
5736,783,784,14,1,Good
5737,4559,518,27,1,Good
5738,4648,774,20,1,Good
5739,11851,200,99,2,Good
5740,8877,25,91,1,Good
5741,9589,449,92,5,Good
5742,816,787,26,1,Good
5743,11595,924,81,4,Good
5744,8934,549,28,4,Good
5745,8897,595,84,4,Good
5746,18754,470,86,1,Good
5747,16966,517,82,4,Good
5748,3407,706,20,5,Good
5749,2404,201,47,2,Good
5750,11336,723,9,5,Good
5751,9011,79,59,1,Good
5752,15029,841,41,2,Good
5753,12068,256,81,3,Good
5754,18312,467,43,3,Good
5755,16647,585,2,2,Good
5756,18821,781,69,2,Good
5757,8297,613,42,5,Good
5758,2127,999,24,2,Good
5759,6402,867,5,3,Good
5760,5822,878,51,1,Good
5761,2147,575,7,5,Good
5762,4251,791,14,5,Good
5763,13068,124,85,4,Good
5764,9708,548,52,1,Good
5765,10598,527,82,1,Good
5766,5333,463,51,4,Good
5767,2879,811,94,5,Good
5768,10117,221,74,4,Good
5769,11498,36,80,2,Good
5770,9979,743,82,1,Good
5771,11667,612,52,4,Good
5772,17305,891,49,5,Good
5773,1134,584,74,5,Good
5774,9311,917,13,2,Good
5775,12337,5,56,2,Good
5776,4077,49,85,2,Good
5777,265,765,78,3,Good
5778,13192,500,23,4,Good
5779,4139,57,67,1,Good
5780,17581,722,62,3,Good
5781,3670,209,94,2,Good
5782,4453,327,73,4,Good
5783,3494,4,67,4,Good
5784,6139,649,52,3,Good
5785,14695,655,98,1,Good
5786,1996,175,42,5,Good
5787,18880,994,20,2,Good
5788,876,97,92,3,Good
5789,7197,798,35,5,Good
5790,19343,473,18,2,Good
5791,13384,927,37,3,Good
5792,17525,955,3,4,Good
5793,1685,466,85,4,Good
5794,18934,534,3,5,Good
5795,17049,954,92,5,Good
5796,7549,85,88,2,Good
5797,19150,103,10,5,Good
5798,7020,236,17,3,Good
5799,10781,39,93,5,Good
5800,5796,433,42,5,Good
5801,11306,482,70,1,Good
5802,3932,534,81,2,Good
5803,4557,160,2,2,Good
5804,6562,446,64,4,Good
5805,2899,822,38,3,Good
5806,1816,266,71,4,Good
5807,12514,281,24,2,Good
5808,2416,768,69,1,Good
5809,12238,191,29,5,Good
5810,4577,799,61,3,Good
5811,3779,181,65,2,Good
5812,5128,786,26,3,Good
5813,14620,46,67,4,Good
5814,9785,710,46,4,Good
5815,13053,302,33,4,Good
5816,997,326,72,3,Good
5817,8409,755,9,3,Good
5818,1322,347,79,4,Good
5819,4683,979,91,1,Good
5820,18858,167,30,2,Good
5821,18762,700,21,2,Good
5822,11590,945,32,3,Good
5823,11387,863,61,1,Good
5824,14502,911,26,5,Good
5825,1174,546,18,2,Good
5826,4297,176,89,4,Good
5827,16053,386,47,1,Good
5828,11333,431,43,3,Good
5829,12108,485,36,1,Good
5830,7028,115,67,5,Good
5831,11159,729,86,3,Good
5832,5523,978,65,1,Good
5833,17958,88,80,5,Good
5834,12244,212,25,5,Good
5835,10510,71,1,5,Good
5836,2349,55,35,5,Good
5837,441,307,47,4,Good
5838,17325,74,36,5,Good
5839,5986,360,67,1,Good
5840,16054,787,62,5,Good
5841,16784,648,62,4,Good
5842,4207,547,84,1,Good
5843,7704,270,22,1,Good
5844,7606,511,53,2,Good
5845,12833,844,66,1,Good
5846,6316,308,73,1,Good
5847,6750,671,94,3,Good
5848,9353,414,33,3,Good
5849,3349,833,98,3,Good
5850,617,66,45,3,Good
5851,17366,340,44,2,Good
5852,3231,431,97,2,Good
5853,1204,701,16,5,Good
5854,14380,739,72,3,Good
5855,6401,407,84,2,Good
5856,11938,76,83,4,Good
5857,9043,402,64,3,Good
5858,387,454,90,1,Good
5859,19277,361,25,3,Good
5860,6493,131,42,5,Good
5861,10932,745,86,3,Good
5862,6326,320,71,1,Good
5863,6826,13,34,2,Good
5864,14324,938,95,2,Good
5865,6432,663,21,5,Good
5866,5490,271,26,1,Good
5867,9403,752,60,3,Good
5868,19413,96,70,2,Good
5869,17816,248,82,3,Good
5870,13468,632,10,2,Good
5871,15684,572,83,3,Good
5872,8204,165,66,2,Good
5873,5485,950,89,5,Good
5874,8653,444,76,4,Good
5875,17298,636,55,3,Good
5876,8945,364,61,2,Good
5877,1461,187,34,2,Good
5878,19952,158,36,5,Good
5879,3033,31,55,4,Good
5880,12915,528,46,2,Good
5881,17131,788,8,4,Good
5882,12525,497,8,2,Good
5883,11252,218,2,1,Good
5884,16429,637,11,3,Good
5885,9874,452,71,2,Good
5886,6184,869,18,1,Good
5887,18897,346,90,3,Good
5888,3547,794,43,5,Good
5889,7160,635,86,2,Good
5890,13974,893,3,5,Good
5891,12583,588,88,4,Good
5892,18468,115,87,1,Good
5893,16104,998,5,5,Good
5894,13978,70,60,2,Good
5895,8317,64,60,4,Good
5896,12866,614,94,4,Good
5897,16487,553,17,2,Good
5898,14078,816,33,4,Good
5899,8403,622,91,4,Good
5900,12984,871,84,5,Good
5901,15962,598,32,4,Good
5902,12482,699,84,3,Good
5903,18055,77,69,3,Good
5904,14191,715,85,2,Good
5905,6025,903,37,1,Good
5906,12644,487,47,5,Good
5907,5379,204,51,4,Good
5908,6230,121,46,3,Good
5909,400,899,55,5,Good
5910,6531,317,22,1,Good
5911,7995,458,96,2,Good
5912,18995,827,57,1,Good
5913,10800,822,22,4,Good
5914,7941,84,39,2,Good
5915,19097,969,84,2,Good
5916,19193,435,82,2,Good
5917,7274,716,17,4,Good
5918,19554,110,99,5,Good
5919,13238,229,27,5,Good
5920,4388,552,99,3,Good
5921,13144,572,39,5,Good
5922,18395,447,9,3,Good
5923,9015,390,49,3,Good
5924,14118,590,58,2,Good
5925,13461,59,9,2,Good
5926,1714,854,2,2,Good
5927,7240,423,14,5,Good
5928,11359,843,73,3,Good
5929,10391,600,5,1,Good
5930,13807,919,38,3,Good
5931,14108,311,31,2,Good
5932,2178,262,49,1,Good
5933,10820,233,80,5,Good
5934,8112,377,34,4,Good
5935,18099,486,36,1,Good
5936,7365,490,43,1,Good
5937,10176,698,48,5,Good
5938,19163,670,36,4,Good
5939,16386,829,79,3,Good
5940,17843,418,84,3,Good
5941,7599,63,72,1,Good
5942,16850,765,12,3,Good
5943,14367,818,40,1,Good
5944,8309,959,43,3,Good
5945,8913,170,9,1,Good
5946,14778,165,85,1,Good
5947,13004,426,65,1,Good
5948,9761,438,18,4,Good
5949,409,325,66,2,Good
5950,17450,520,67,3,Good
5951,15974,566,26,4,Good
5952,3377,788,44,5,Good
5953,1521,703,2,4,Good
5954,16114,454,100,3,Good
5955,8089,335,39,3,Good
5956,15597,144,54,4,Good
5957,12292,565,90,2,Good
5958,1080,680,92,4,Good
5959,6604,146,78,5,Good
5960,1192,272,67,4,Good
5961,17929,355,46,5,Good
5962,3581,661,26,3,Good
5963,9893,951,6,5,Good
5964,5559,990,92,5,Good
5965,10029,219,64,1,Good
5966,7311,742,35,4,Good
5967,3576,958,15,2,Good
5968,8345,995,60,1,Good
5969,2021,552,87,2,Good
5970,16141,918,65,3,Good
5971,16979,569,72,3,Good
5972,234,145,59,4,Good
5973,17984,591,30,4,Good
5974,2330,384,4,4,Good
5975,8745,904,31,4,Good
5976,19634,899,97,5,Good
5977,9126,582,87,2,Good
5978,5169,489,70,4,Good
5979,17605,657,96,3,Good
5980,14087,777,43,1,Good
5981,17115,295,28,1,Good
5982,19375,334,60,2,Good
5983,19517,948,1,3,Good
5984,15072,397,100,1,Good
5985,17016,166,92,4,Good
5986,7660,778,73,5,Good
5987,3365,52,84,3,Good
5988,3891,685,57,2,Good
5989,8516,393,44,1,Good
5990,6689,10,80,1,Good
5991,18773,109,50,3,Good
5992,19282,379,86,1,Good
5993,19359,118,96,4,Good
5994,1370,677,73,5,Good
5995,9643,356,2,5,Good
5996,16760,713,21,2,Good
5997,11854,615,58,3,Good
5998,15874,259,39,4,Good
5999,4946,435,87,4,Good
6000,1383,689,8,3,Good
6001,16424,673,42,4,Good
6002,17321,102,27,2,Good
6003,17209,389,86,2,Good
6004,10601,750,39,5,Good
6005,17168,578,21,4,Good
6006,6571,758,25,4,Good
6007,3368,1000,6,5,Good
6008,11,531,47,2,Good
6009,180,327,17,4,Good
6010,6265,696,81,2,Good
6011,2650,9,79,5,Good
6012,18839,247,20,2,Good
6013,569,824,92,4,Good
6014,12128,49,54,5,Good
6015,16203,200,57,5,Good
6016,18182,357,85,1,Good
6017,17178,329,90,5,Good
6018,945,33,45,4,Good
6019,8035,247,48,5,Good
6020,12308,198,13,4,Good
6021,2347,139,49,2,Good
6022,15283,947,23,2,Good
6023,9184,424,97,3,Good
6024,1397,943,29,2,Good
6025,15957,437,73,1,Good
6026,8181,947,52,5,Good
6027,8291,356,90,2,Good
6028,19133,111,47,3,Good
6029,9872,416,11,5,Good
6030,7765,520,62,4,Good
6031,12941,561,70,4,Good
6032,2829,118,4,2,Good
6033,3850,984,70,1,Good
6034,8178,778,80,5,Good
6035,4577,897,33,2,Good
6036,1273,763,5,2,Good
6037,13572,869,66,2,Good
6038,43,101,52,4,Good
6039,17839,44,88,1,Good
6040,14258,109,80,5,Good
6041,17715,187,30,4,Good
6042,3478,22,23,2,Good
6043,16147,411,15,3,Good
6044,5693,992,67,4,Good
6045,6876,976,88,1,Good
6046,10277,625,31,3,Good
6047,9982,571,7,1,Good
6048,7656,149,68,5,Good
6049,4254,660,82,4,Good
6050,1706,302,44,1,Good
6051,3155,751,77,3,Good
6052,7046,516,73,4,Good
6053,7487,56,31,5,Good
6054,6217,625,86,1,Good
6055,1762,184,76,1,Good
6056,4643,441,11,2,Good
6057,15768,246,60,4,Good
6058,13273,43,58,2,Good
6059,8461,716,77,3,Good
6060,4006,25,29,1,Good
6061,11681,941,56,1,Good
6062,1834,931,52,4,Good
6063,12317,708,34,2,Good
6064,17252,530,5,1,Good
6065,16558,740,36,2,Good
6066,7488,62,34,3,Good
6067,9318,338,60,1,Good
6068,13862,785,28,1,Good
6069,13683,155,58,3,Good
6070,13773,875,13,3,Good
6071,4874,952,29,3,Good
6072,5805,33,50,3,Good
6073,3403,5,87,5,Good
6074,19456,694,7,1,Good
6075,12792,652,3,3,Good
6076,10788,831,6,2,Good
6077,17272,488,27,3,Good
6078,13678,393,98,4,Good
6079,7921,588,55,3,Good
6080,13283,891,14,3,Good
6081,14353,940,41,5,Good
6082,11615,64,58,1,Good
6083,4039,471,81,5,Good
6084,327,698,9,4,Good
6085,3827,863,74,4,Good
6086,17504,156,4,5,Good
6087,5693,424,83,5,Good
6088,12436,199,65,1,Good
6089,13922,143,57,5,Good
6090,8711,149,91,5,Good
6091,18663,329,16,4,Good
6092,15757,253,26,4,Good
6093,361,338,59,1,Good
6094,15290,324,30,4,Good
6095,18558,64,27,2,Good
6096,3824,699,30,2,Good
6097,12984,831,16,2,Good
6098,7440,532,88,1,Good
6099,4924,357,60,2,Good
6100,8409,798,70,2,Good
6101,16575,89,75,4,Good
6102,6006,186,93,1,Good
6103,3578,965,59,5,Good
6104,12355,857,81,2,Good
6105,3883,998,90,3,Good
6106,14481,810,77,2,Good
6107,5688,476,10,5,Good
6108,5995,266,25,1,Good
6109,5,391,10,2,Good
6110,14063,29,15,4,Good
6111,17134,289,20,2,Good
6112,5856,434,52,2,Good
6113,7973,210,58,1,Good
6114,6279,786,19,2,Good
6115,10197,990,44,2,Good
6116,8360,507,44,1,Good
6117,9289,420,14,2,Good
6118,1463,453,54,1,Good
6119,3841,147,12,2,Good
6120,14225,497,1,1,Good
6121,9052,825,99,2,Good
6122,14073,178,77,4,Good
6123,5058,290,91,5,Good
6124,4822,827,8,3,Good
6125,14662,442,66,4,Good
6126,11898,200,51,2,Good
6127,8994,546,55,1,Good
6128,3453,389,35,3,Good
6129,3727,192,59,3,Good
6130,320,952,100,2,Good
6131,15956,630,78,2,Good
6132,14348,718,90,3,Good
6133,18063,564,19,2,Good
6134,13864,117,10,3,Good
6135,15427,291,63,5,Good
6136,6578,863,75,3,Good
6137,10198,40,85,3,Good
6138,9229,611,18,3,Good
6139,13468,86,60,2,Good
6140,18466,394,28,5,Good
6141,14269,617,56,1,Good
6142,2762,544,41,1,Good
6143,18505,573,49,1,Good
6144,13054,534,19,4,Good
6145,16064,733,7,2,Good
6146,7427,288,69,4,Good
6147,18024,790,54,4,Good
6148,18672,467,33,5,Good
6149,9231,75,1,2,Good
6150,13318,336,55,1,Good
6151,11809,20,24,5,Good
6152,1288,552,24,1,Good
6153,10889,798,67,1,Good
6154,17944,731,86,5,Good
6155,19277,30,94,3,Good
6156,18169,202,67,2,Good
6157,5881,766,97,3,Good
6158,9811,740,77,3,Good
6159,2887,12,29,4,Good
6160,16174,893,16,2,Good
6161,13161,291,61,3,Good
6162,5038,368,85,2,Good
6163,12099,50,71,5,Good
6164,11858,417,33,2,Good
6165,10149,612,5,3,Good
6166,2109,640,55,4,Good
6167,7873,208,76,5,Good
6168,6779,331,5,2,Good
6169,17781,458,16,3,Good
6170,1596,157,71,3,Good
6171,1732,164,71,3,Good
6172,593,631,53,1,Good
6173,10676,879,98,2,Good
6174,17348,68,39,1,Good
6175,16917,516,28,4,Good
6176,9864,792,61,1,Good
6177,16061,919,21,2,Good
6178,3802,866,51,1,Good
6179,4904,551,90,3,Good
6180,15755,812,62,1,Good
6181,11870,52,100,5,Good
6182,1278,131,9,3,Good
6183,154,428,19,5,Good
6184,18194,372,91,3,Good
6185,15418,649,26,4,Good
6186,19304,86,42,2,Good
6187,6489,670,30,3,Good
6188,9655,119,59,1,Good
6189,13753,45,24,2,Good
6190,2168,146,26,5,Good
6191,16939,154,23,1,Good
6192,10479,305,72,5,Good
6193,11046,834,12,1,Good
6194,12288,103,4,5,Good
6195,8924,857,15,2,Good
6196,5855,668,91,4,Good
6197,12533,970,98,1,Good
6198,6831,387,45,4,Good
6199,11718,568,60,4,Good
6200,9229,876,63,1,Good
6201,3602,725,44,3,Good
6202,7877,470,23,1,Good
6203,1738,712,44,3,Good
6204,19971,271,91,3,Good
6205,2018,105,59,4,Good
6206,3561,268,98,5,Good
6207,11193,704,23,3,Good
6208,3151,521,88,5,Good
6209,820,887,70,4,Good
6210,14788,121,8,3,Good
6211,14187,122,88,2,Good
6212,18890,358,90,1,Good
6213,14140,658,70,4,Good
6214,3334,235,38,3,Good
6215,2181,82,8,1,Good
6216,17873,180,58,5,Good
6217,19228,852,52,3,Good
6218,13801,116,28,1,Good
6219,11383,745,15,2,Good
6220,12263,860,22,5,Good
6221,1375,927,14,1,Good
6222,3639,224,37,3,Good
6223,19480,824,97,5,Good
6224,12645,488,92,5,Good
6225,2559,40,69,3,Good
6226,5078,426,42,2,Good
6227,6444,591,90,4,Good
6228,3686,245,46,5,Good
6229,17505,530,81,4,Good
6230,14809,98,17,4,Good
6231,10330,146,11,4,Good
6232,1301,401,44,2,Good
6233,17578,137,76,1,Good
6234,1058,737,23,2,Good
6235,4091,414,52,4,Good
6236,5554,567,52,3,Good
6237,6484,664,65,1,Good
6238,9291,802,41,2,Good
6239,4383,252,48,3,Good
6240,18540,476,81,2,Good
6241,363,295,32,4,Good
6242,18059,18,51,2,Good
6243,608,202,2,4,Good
6244,1555,893,85,5,Good
6245,17147,734,30,2,Good
6246,1739,704,58,4,Good
6247,10930,26,77,5,Good
6248,9250,599,67,1,Good
6249,13402,318,85,1,Good
6250,19019,82,9,4,Good
6251,16329,274,75,3,Good
6252,19544,95,20,5,Good
6253,17503,381,57,3,Good
6254,15197,964,92,2,Good
6255,18302,208,67,5,Good
6256,17955,142,84,3,Good
6257,5662,777,8,1,Good
6258,17491,383,94,1,Good
6259,17488,713,3,3,Good
6260,2801,79,41,2,Good
6261,6745,541,59,2,Good
6262,19329,309,56,3,Good
6263,19273,491,68,5,Good
6264,4999,433,85,2,Good
6265,14316,707,22,4,Good
6266,19013,121,81,4,Good
6267,1001,831,44,4,Good
6268,8988,874,67,3,Good
6269,5611,320,31,2,Good
6270,10316,72,70,4,Good
6271,18225,78,57,5,Good
6272,18953,474,39,1,Good
6273,15432,29,7,1,Good
6274,10854,922,34,5,Good
6275,8031,406,25,4,Good
6276,12002,952,39,1,Good
6277,13949,415,32,5,Good
6278,16374,571,100,3,Good
6279,12452,773,58,2,Good
6280,10919,536,30,5,Good
6281,3145,903,55,4,Good
6282,6306,41,85,1,Good
6283,3724,786,42,1,Good
6284,1225,719,59,3,Good
6285,14585,525,18,3,Good
6286,14480,605,80,3,Good
6287,8673,352,86,1,Good
6288,11420,309,10,1,Good
6289,14409,615,37,4,Good
6290,19178,770,45,2,Good
6291,10099,355,34,5,Good
6292,7854,539,74,5,Good
6293,13842,109,14,3,Good
6294,6352,634,64,4,Good
6295,5228,491,66,1,Good
6296,16561,149,76,3,Good
6297,9772,876,76,4,Good
6298,10507,741,90,2,Good
6299,15113,537,91,4,Good
6300,1970,514,40,1,Good
6301,9243,212,58,2,Good
6302,15428,95,20,2,Good
6303,2257,427,20,5,Good
6304,1890,872,100,1,Good
6305,14526,301,92,2,Good
6306,5214,843,23,1,Good
6307,3863,950,36,1,Good
6308,9285,654,93,1,Good
6309,7914,33,26,3,Good
6310,11228,347,6,5,Good
6311,12016,479,81,3,Good
6312,3229,732,66,1,Good
6313,13055,964,69,2,Good
6314,12332,47,65,4,Good
6315,6982,24,24,5,Good
6316,14000,219,17,3,Good
6317,15721,490,13,1,Good
6318,6530,527,34,3,Good
6319,7840,842,38,3,Good
6320,657,180,98,5,Good
6321,10837,386,63,3,Good
6322,16181,107,62,5,Good
6323,5531,864,27,4,Good
6324,3090,603,93,4,Good
6325,6273,946,89,4,Good
6326,13650,528,51,5,Good
6327,1337,278,91,2,Good
6328,7239,923,73,5,Good
6329,17906,94,8,3,Good
6330,3855,937,4,5,Good
6331,19166,839,56,3,Good
6332,13492,54,11,4,Good
6333,17717,887,59,2,Good
6334,2063,477,75,2,Good
6335,4736,511,99,1,Good
6336,17984,726,100,2,Good
6337,14605,995,33,1,Good
6338,98,891,72,3,Good
6339,17462,135,35,2,Good
6340,7080,203,36,5,Good
6341,3713,914,8,5,Good
6342,7540,790,10,5,Good
6343,2258,123,12,3,Good
6344,1535,824,18,5,Good
6345,16520,548,78,1,Good
6346,3787,205,54,3,Good
6347,13173,179,87,2,Good
6348,2928,620,98,4,Good
6349,7184,432,93,5,Good
6350,15016,468,91,5,Good
6351,10150,896,69,3,Good
6352,9533,528,14,1,Good
6353,5342,985,100,5,Good
6354,11794,758,47,2,Good
6355,19562,430,26,2,Good
6356,11158,516,2,3,Good
6357,10688,798,10,4,Good
6358,8358,915,77,5,Good
6359,8731,500,73,4,Good
6360,4208,417,25,1,Good
6361,3288,869,64,3,Good
6362,9815,831,2,2,Good
6363,9046,17,62,3,Good
6364,18781,406,92,4,Good
6365,19373,989,70,5,Good
6366,3944,718,62,5,Good
6367,15659,642,57,3,Good
6368,7440,226,67,2,Good
6369,1208,610,77,2,Good
6370,3398,290,8,1,Good
6371,188,640,29,2,Good
6372,15690,103,98,3,Good
6373,11303,75,11,1,Good
6374,8738,684,69,3,Good
6375,12017,20,4,3,Good
6376,2916,215,73,5,Good
6377,13311,340,16,4,Good
6378,2194,825,68,3,Good
6379,9468,379,3,1,Good
6380,16319,977,32,1,Good
6381,6634,805,77,3,Good
6382,18330,484,68,3,Good
6383,15353,837,37,5,Good
6384,7210,858,32,5,Good
6385,821,270,44,3,Good
6386,19161,338,31,3,Good
6387,16818,422,43,5,Good
6388,17699,867,11,5,Good
6389,14277,961,7,5,Good
6390,5556,481,74,3,Good
6391,444,842,67,2,Good
6392,5264,771,13,3,Good
6393,4805,715,20,4,Good
6394,2615,198,24,2,Good
6395,18446,122,80,2,Good
6396,16930,42,27,5,Good
6397,14306,389,69,3,Good
6398,13162,535,2,5,Good
6399,2840,277,67,5,Good
6400,12202,365,52,2,Good
6401,10401,223,77,4,Good
6402,3476,115,74,4,Good
6403,1700,15,42,4,Good
6404,113,705,8,5,Good
6405,3017,953,42,3,Good
6406,17968,790,19,3,Good
6407,17076,911,29,5,Good
6408,683,587,17,2,Good
6409,15851,796,15,2,Good
6410,316,919,83,2,Good
6411,1100,672,1,1,Good
6412,17808,690,90,2,Good
6413,15159,924,1,4,Good
6414,8338,370,19,1,Good
6415,2666,716,83,5,Good
6416,6330,522,68,2,Good
6417,19321,737,92,3,Good
6418,16281,295,63,5,Good
6419,14756,366,58,4,Good
6420,264,972,100,1,Good
6421,14333,95,42,2,Good
6422,1845,420,5,2,Good
6423,3806,755,68,3,Good
6424,18393,909,82,2,Good
6425,2923,73,21,2,Good
6426,8650,673,48,3,Good
6427,8677,515,57,1,Good
6428,968,269,35,1,Good
6429,5434,874,37,2,Good
6430,925,423,79,5,Good
6431,12612,119,15,2,Good
6432,5961,786,64,5,Good
6433,14495,509,81,4,Good
6434,4347,899,24,2,Good
6435,15967,427,82,2,Good
6436,8140,718,2,2,Good
6437,14546,731,69,3,Good
6438,4480,520,23,5,Good
6439,4265,650,71,2,Good
6440,12052,58,93,4,Good
6441,9411,267,20,1,Good
6442,18715,836,27,2,Good
6443,9562,990,71,3,Good
6444,537,549,3,4,Good
6445,17832,939,2,5,Good
6446,19702,944,44,5,Good
6447,13201,766,33,5,Good
6448,1803,391,28,1,Good
6449,18210,671,67,3,Good
6450,8823,123,85,1,Good
6451,10539,575,83,5,Good
6452,15570,934,49,3,Good
6453,14533,272,20,4,Good
6454,2093,968,39,4,Good
6455,9985,910,75,3,Good
6456,2270,174,11,4,Good
6457,11579,815,87,5,Good
6458,8565,140,67,2,Good
6459,11209,832,5,3,Good
6460,15206,734,25,1,Good
6461,9875,420,86,3,Good
6462,594,1,65,4,Good
6463,7483,106,33,2,Good
6464,9446,310,82,3,Good
6465,3321,985,19,1,Good
6466,5131,643,97,3,Good
6467,19814,891,95,3,Good
6468,7852,906,51,2,Good
6469,8830,748,58,1,Good
6470,10794,406,14,3,Good
6471,6412,886,67,2,Good
6472,2061,557,71,1,Good
6473,2460,238,45,2,Good
6474,12235,345,67,2,Good
6475,13286,559,47,5,Good
6476,16943,98,88,1,Good
6477,3186,662,80,2,Good
6478,9542,246,10,5,Good
6479,3381,270,56,4,Good
6480,11276,188,7,4,Good
6481,237,817,42,2,Good
6482,7130,248,60,5,Good
6483,6077,564,17,2,Good
6484,11281,557,67,2,Good
6485,18913,846,78,3,Good
6486,822,628,17,1,Good
6487,3544,890,86,3,Good
6488,10459,441,7,2,Good
6489,16868,384,18,1,Good
6490,8047,856,74,4,Good
6491,2166,573,55,2,Good
6492,1530,670,40,3,Good
6493,8970,775,90,1,Good
6494,8614,414,17,3,Good
6495,18875,570,27,4,Good
6496,301,305,98,3,Good
6497,10652,291,87,4,Good
6498,6270,668,79,1,Good
6499,5140,925,77,2,Good
6500,6682,646,10,4,Good
6501,2166,565,97,2,Good
6502,8804,471,75,3,Good
6503,713,739,63,3,Good
6504,9008,569,29,3,Good
6505,10736,974,39,4,Good
6506,16156,604,11,3,Good
6507,9541,651,69,1,Good
6508,10793,962,22,5,Good
6509,6793,983,13,5,Good
6510,2147,109,60,3,Good
6511,19651,347,78,5,Good
6512,18447,412,38,3,Good
6513,14850,363,85,1,Good
6514,18520,626,39,5,Good
6515,16523,979,88,3,Good
6516,10214,210,100,4,Good
6517,9043,820,42,1,Good
6518,6439,991,39,3,Good
6519,8407,560,99,3,Good
6520,3166,184,75,4,Good
6521,13822,956,13,3,Good
6522,10762,565,36,4,Good
6523,13340,180,8,5,Good
6524,2185,697,56,3,Good
6525,7886,862,49,1,Good
6526,1333,108,64,1,Good
6527,6650,62,69,2,Good
6528,8090,729,19,1,Good
6529,5935,265,31,4,Good
6530,3251,318,54,5,Good
6531,15303,834,42,1,Good
6532,6810,321,28,1,Good
6533,8960,501,83,4,Good
6534,4157,99,60,4,Good
6535,8155,78,16,5,Good
6536,5817,778,84,5,Good
6537,6547,457,63,4,Good
6538,16927,529,66,3,Good
6539,19137,821,69,3,Good
6540,9087,778,16,2,Good
6541,16283,589,15,4,Good
6542,9089,884,27,3,Good
6543,7644,975,69,4,Good
6544,5963,938,96,5,Good
6545,299,821,5,1,Good
6546,11254,672,85,1,Good
6547,14003,246,30,4,Good
6548,10000,889,67,2,Good
6549,9117,466,13,2,Good
6550,1433,74,64,2,Good
6551,3019,188,37,5,Good
6552,11669,513,17,1,Good
6553,8898,803,72,2,Good
6554,3671,952,60,2,Good
6555,8728,559,6,1,Good
6556,8232,472,52,2,Good
6557,3881,953,10,4,Good
6558,19978,794,43,5,Good
6559,11567,151,66,3,Good
6560,4661,834,49,4,Good
6561,5268,746,96,4,Good
6562,193,510,65,1,Good
6563,8996,749,23,3,Good
6564,5791,519,58,5,Good
6565,4622,439,73,2,Good
6566,8635,812,84,1,Good
6567,10739,397,52,1,Good
6568,2927,650,47,4,Good
6569,18616,770,89,1,Good
6570,3223,226,22,1,Good
6571,3664,926,19,1,Good
6572,18824,74,69,1,Good
6573,19018,697,12,5,Good
6574,3210,659,80,5,Good
6575,15405,762,42,2,Good
6576,14059,704,12,3,Good
6577,18975,463,92,3,Good
6578,4369,327,35,3,Good
6579,10269,582,67,4,Good
6580,16141,261,64,4,Good
6581,5057,961,73,4,Good
6582,119,674,9,5,Good
6583,18518,631,23,4,Good
6584,17771,120,100,1,Good
6585,19731,31,36,5,Good
6586,17593,395,91,4,Good
6587,16532,310,56,3,Good
6588,17522,180,34,2,Good
6589,12350,648,78,2,Good
6590,18953,74,7,1,Good
6591,5923,874,2,2,Good
6592,13037,920,93,3,Good
6593,16639,687,34,5,Good
6594,16503,379,29,5,Good
6595,11420,61,62,2,Good
6596,10371,969,23,1,Good
6597,1678,8,21,5,Good
6598,19870,780,13,5,Good
6599,2884,54,16,3,Good
6600,18956,200,21,2,Good
6601,17529,17,95,5,Good
6602,8582,197,56,2,Good
6603,8781,119,34,3,Good
6604,17689,106,93,5,Good
6605,17088,949,2,4,Good
6606,6061,723,84,4,Good
6607,15325,772,38,2,Good
6608,2385,375,85,1,Good
6609,49,622,95,1,Good
6610,4274,949,2,4,Good
6611,1062,776,13,1,Good
6612,6380,577,5,4,Good
6613,9321,356,77,2,Good
6614,4487,295,23,4,Good
6615,6226,897,13,3,Good
6616,10582,998,44,1,Good
6617,11961,245,65,3,Good
6618,11407,529,79,3,Good
6619,4522,679,58,2,Good
6620,13245,891,66,1,Good
6621,17608,172,59,2,Good
6622,13433,243,25,2,Good
6623,16184,196,48,4,Good
6624,15189,461,45,5,Good
6625,195,25,45,1,Good
6626,6773,862,78,3,Good
6627,1747,782,76,1,Good
6628,3050,773,76,1,Good
6629,17098,966,71,5,Good
6630,8952,418,46,1,Good
6631,9366,938,88,1,Good
6632,19434,185,99,2,Good
6633,16746,929,28,1,Good
6634,17868,891,65,3,Good
6635,10756,552,97,4,Good
6636,19019,898,23,1,Good
6637,4157,41,29,2,Good
6638,17219,75,31,3,Good
6639,11702,307,8,3,Good
6640,14502,434,73,1,Good
6641,4086,335,43,5,Good
6642,7257,856,55,3,Good
6643,15434,853,7,4,Good
6644,2779,607,37,3,Good
6645,9984,577,65,1,Good
6646,19318,83,60,1,Good
6647,4243,41,58,4,Good
6648,19824,584,78,4,Good
6649,18761,871,100,5,Good
6650,11672,611,43,5,Good
6651,1778,326,98,5,Good
6652,5520,911,37,5,Good
6653,13445,757,54,2,Good
6654,11275,773,61,4,Good
6655,12124,814,100,2,Good
6656,10543,178,55,2,Good
6657,8453,459,38,5,Good
6658,6871,329,48,5,Good
6659,1672,282,34,4,Good
6660,13891,945,59,3,Good
6661,346,306,52,3,Good
6662,9210,448,46,1,Good
6663,125,83,68,5,Good
6664,19862,861,6,3,Good
6665,12686,403,69,3,Good
6666,2196,720,81,1,Good
6667,12733,495,54,2,Good
6668,19971,615,73,5,Good
6669,4916,544,9,3,Good
6670,9373,47,30,1,Good
6671,14722,388,25,3,Good
6672,8250,510,66,2,Good
6673,18006,699,65,2,Good
6674,17086,718,5,3,Good
6675,15117,742,77,2,Good
6676,16192,202,24,3,Good
6677,11779,313,88,1,Good
6678,1028,789,53,2,Good
6679,3434,167,8,5,Good
6680,7460,243,46,2,Good
6681,13031,360,37,1,Good
6682,1619,73,82,2,Good
6683,3873,370,94,5,Good
6684,10550,723,39,3,Good
6685,6549,371,91,1,Good
6686,5352,61,87,3,Good
6687,4627,619,26,2,Good
6688,11593,198,24,2,Good
6689,7782,437,35,4,Good
6690,2924,640,41,3,Good
6691,783,918,22,4,Good
6692,5680,387,72,5,Good
6693,2127,152,30,5,Good
6694,12922,728,81,3,Good
6695,4221,588,97,1,Good
6696,18070,678,85,1,Good
6697,8447,73,12,4,Good
6698,6528,266,86,2,Good
6699,85,868,74,1,Good
6700,13532,325,17,1,Good
6701,11271,890,77,2,Good
6702,11535,286,24,1,Good
6703,14351,499,90,4,Good
6704,3269,318,79,2,Good
6705,6630,267,44,1,Good
6706,16136,608,60,5,Good
6707,19609,21,80,1,Good
6708,6099,580,97,2,Good
6709,15211,358,50,2,Good
6710,15410,317,67,3,Good
6711,12270,614,24,2,Good
6712,15692,502,63,4,Good
6713,1111,31,50,5,Good
6714,5169,758,53,2,Good
6715,12636,267,92,3,Good
6716,3280,34,98,5,Good
6717,1138,664,40,3,Good
6718,8444,663,31,3,Good
6719,3548,724,92,3,Good
6720,11867,102,29,4,Good
6721,15299,696,91,1,Good
6722,13180,118,8,2,Good
6723,17836,872,90,1,Good
6724,1159,702,15,1,Good
6725,9149,211,70,3,Good
6726,2007,299,32,2,Good
6727,7058,199,20,5,Good
6728,18671,8,75,1,Good
6729,11645,972,28,1,Good
6730,18737,920,19,4,Good
6731,18741,415,3,4,Good
6732,17977,366,7,2,Good
6733,9528,952,23,5,Good
6734,11350,397,99,3,Good
6735,19673,78,85,1,Good
6736,16811,590,67,2,Good
6737,10525,764,89,4,Good
6738,8702,151,89,3,Good
6739,19905,698,48,3,Good
6740,16147,651,81,3,Good
6741,2952,64,91,4,Good
6742,2371,324,37,2,Good
6743,13466,36,75,4,Good
6744,11438,41,62,4,Good
6745,12479,679,91,4,Good
6746,4993,618,10,4,Good
6747,6375,257,29,4,Good
6748,15129,136,2,1,Good
6749,8581,153,19,4,Good
6750,8201,987,20,5,Good
6751,1307,323,45,1,Good
6752,9569,512,73,2,Good
6753,15725,426,86,3,Good
6754,7717,656,3,5,Good
6755,16159,761,2,3,Good
6756,19553,214,44,3,Good
6757,16280,433,40,1,Good
6758,19536,465,99,3,Good
6759,9667,611,100,4,Good
6760,14993,470,80,4,Good
6761,833,327,31,3,Good
6762,4310,793,98,4,Good
6763,7583,895,54,1,Good
6764,9502,8,62,4,Good
6765,7961,276,88,5,Good
6766,18861,241,71,4,Good
6767,86,917,10,5,Good
6768,11931,314,53,1,Good
6769,6322,758,26,5,Good
6770,18520,804,72,4,Good
6771,6309,674,57,3,Good
6772,14395,222,4,5,Good
6773,5135,956,20,2,Good
6774,9089,907,74,2,Good
6775,2519,98,1,3,Good
6776,13421,425,42,2,Good
6777,2112,496,33,4,Good
6778,13235,80,62,2,Good
6779,397,174,63,1,Good
6780,14355,154,3,3,Good
6781,6559,909,75,3,Good
6782,14026,518,94,3,Good
6783,8384,991,40,5,Good
6784,7477,944,67,3,Good
6785,16687,555,23,5,Good
6786,11177,388,67,3,Good
6787,3521,350,31,5,Good
6788,3623,987,62,2,Good
6789,4510,419,39,5,Good
6790,4055,5,55,1,Good
6791,11331,384,75,3,Good
6792,12334,189,51,1,Good
6793,4375,752,11,2,Good
6794,3693,754,4,2,Good
6795,4165,792,27,3,Good
6796,5108,745,3,5,Good
6797,9413,219,8,2,Good
6798,11100,467,61,1,Good
6799,7074,677,6,1,Good
6800,12112,388,65,1,Good
6801,9191,544,82,2,Good
6802,16480,975,40,5,Good
6803,399,803,60,4,Good
6804,8866,980,46,4,Good
6805,9947,882,78,2,Good
6806,6162,424,58,3,Good
6807,15290,183,7,3,Good
6808,8710,2,84,3,Good
6809,17385,850,24,2,Good
6810,8050,374,35,5,Good
6811,9217,819,58,4,Good
6812,18135,43,17,4,Good
6813,16288,624,32,2,Good
6814,16632,929,87,4,Good
6815,16761,17,43,2,Good
6816,7502,178,46,2,Good
6817,10836,804,13,5,Good
6818,2208,356,52,5,Good
6819,9771,376,93,3,Good
6820,3032,179,32,4,Good
6821,5203,751,96,3,Good
6822,17916,659,72,4,Good
6823,8730,460,11,2,Good
6824,13983,223,31,3,Good
6825,10740,544,99,2,Good
6826,15971,774,99,4,Good
6827,17854,320,58,5,Good
6828,9965,186,41,1,Good
6829,17020,505,3,1,Good
6830,9907,45,47,3,Good
6831,11784,585,4,1,Good
6832,8956,970,64,1,Good
6833,18400,922,65,5,Good
6834,14688,792,58,5,Good
6835,4678,781,45,3,Good
6836,9187,250,75,2,Good
6837,16217,475,39,1,Good
6838,18475,762,96,2,Good
6839,4688,507,54,3,Good
6840,1740,971,98,4,Good
6841,992,652,59,1,Good
6842,14123,854,51,5,Good
6843,11460,636,6,4,Good
6844,11177,928,6,1,Good
6845,15482,534,92,1,Good
6846,10489,376,63,2,Good
6847,10728,27,82,5,Good
6848,649,302,83,2,Good
6849,18311,382,57,4,Good
6850,12921,411,80,2,Good
6851,18823,595,73,3,Good
6852,18228,25,45,4,Good
6853,17715,645,59,4,Good
6854,8754,40,77,5,Good
6855,10692,894,95,1,Good
6856,4194,542,17,1,Good
6857,3603,144,18,2,Good
6858,17379,427,2,4,Good
6859,7648,826,16,5,Good
6860,703,195,70,2,Good
6861,11613,222,61,3,Good
6862,6383,364,61,5,Good
6863,7048,877,74,2,Good
6864,14493,782,1,5,Good
6865,12005,472,90,2,Good
6866,12071,420,4,2,Good
6867,4696,205,52,1,Good
6868,4243,823,67,3,Good
6869,10151,53,83,4,Good
6870,17255,551,34,2,Good
6871,14178,338,23,4,Good
6872,1882,399,44,1,Good
6873,7574,909,31,4,Good
6874,18336,203,25,3,Good
6875,17847,936,51,1,Good
6876,16643,947,56,4,Good
6877,14987,49,34,1,Good
6878,12053,84,78,1,Good
6879,523,755,13,2,Good
6880,7800,420,18,1,Good
6881,15464,810,70,3,Good
6882,12787,841,42,3,Good
6883,8210,754,86,2,Good
6884,4990,803,65,2,Good
6885,18041,104,47,2,Good
6886,18995,994,33,1,Good
6887,10239,59,12,1,Good
6888,19407,769,70,3,Good
6889,17548,70,29,5,Good
6890,10055,537,12,2,Good
6891,17304,327,33,5,Good
6892,7069,719,13,5,Good
6893,6910,943,85,3,Good
6894,3431,162,83,2,Good
6895,13438,345,8,5,Good
6896,11012,842,12,4,Good
6897,1103,853,18,1,Good
6898,9732,537,77,3,Good
6899,3757,585,71,5,Good
6900,1419,319,45,5,Good
6901,11403,691,58,2,Good
6902,1179,880,99,2,Good
6903,18491,216,54,2,Good
6904,16180,731,82,4,Good
6905,14656,251,11,5,Good
6906,17952,8,22,1,Good
6907,2964,578,34,2,Good
6908,17236,518,47,4,Good
6909,18802,223,52,3,Good
6910,12379,839,41,1,Good
6911,5917,564,17,1,Good
6912,16730,805,48,5,Good
6913,9551,554,84,1,Good
6914,8365,529,44,3,Good
6915,18055,185,93,3,Good
6916,2930,612,16,4,Good
6917,11567,502,91,1,Good
6918,14590,853,16,2,Good
6919,17593,634,85,4,Good
6920,11114,785,62,5,Good
6921,5528,801,11,3,Good
6922,1449,876,86,4,Good
6923,3233,21,48,1,Good
6924,10692,236,26,2,Good
6925,15792,817,15,4,Good
6926,9639,275,2,1,Good
6927,16820,556,8,4,Good
6928,1907,861,75,4,Good
6929,14751,259,64,2,Good
6930,7809,650,65,2,Good
6931,19954,484,8,3,Good
6932,16919,646,67,5,Good
6933,5684,412,25,1,Good
6934,3134,753,32,2,Good
6935,9235,784,21,3,Good
6936,19191,829,49,4,Good
6937,189,358,69,3,Good
6938,3439,113,9,4,Good
6939,1209,313,37,5,Good
6940,11477,553,45,3,Good
6941,320,112,83,4,Good
6942,10239,354,73,4,Good
6943,15133,293,31,1,Good
6944,18706,873,63,5,Good
6945,17728,386,30,4,Good
6946,18640,796,44,3,Good
6947,9652,806,88,4,Good
6948,5433,131,50,1,Good
6949,7963,290,23,1,Good
6950,10150,272,61,4,Good
6951,6511,489,70,3,Good
6952,5706,683,42,1,Good
6953,2674,241,73,4,Good
6954,11880,320,7,2,Good
6955,15293,380,32,5,Good
6956,12406,457,8,2,Good
6957,1749,48,22,5,Good
6958,371,157,53,1,Good
6959,175,201,26,2,Good
6960,3628,817,28,5,Good
6961,13363,958,76,2,Good
6962,6437,693,96,5,Good
6963,19720,809,19,4,Good
6964,6876,963,64,3,Good
6965,19922,464,67,5,Good
6966,17657,533,71,4,Good
6967,12628,505,40,3,Good
6968,2365,762,8,2,Good
6969,9701,454,81,2,Good
6970,1549,842,36,1,Good
6971,3381,899,28,2,Good
6972,2654,679,40,3,Good
6973,9324,904,42,4,Good
6974,15216,883,90,4,Good
6975,11999,462,5,4,Good
6976,1456,45,64,2,Good
6977,14133,617,7,4,Good
6978,16163,969,20,4,Good
6979,11240,514,13,4,Good
6980,13319,581,69,3,Good
6981,12591,79,50,1,Good
6982,5029,577,44,1,Good
6983,8682,894,6,1,Good
6984,13312,434,43,4,Good
6985,16926,73,87,1,Good
6986,15734,795,9,4,Good
6987,8092,460,45,4,Good
6988,6883,703,24,1,Good
6989,17492,545,39,3,Good
6990,16301,941,16,5,Good
6991,1208,297,29,3,Good
6992,9107,269,46,2,Good
6993,10433,638,10,5,Good
6994,4422,529,35,3,Good
6995,6505,991,28,2,Good
6996,13030,110,69,5,Good
6997,14446,846,25,1,Good
6998,3077,642,70,3,Good
6999,10539,927,85,1,Good
7000,1904,512,56,5,Good
7001,13268,364,13,4,Good
7002,3387,833,8,3,Good
7003,16297,871,100,1,Good
7004,5606,130,32,3,Good
7005,5069,109,31,4,Good
7006,7444,950,1,1,Good
7007,13633,925,50,2,Good
7008,11533,110,81,2,Good
7009,15314,662,33,5,Good
7010,14745,163,68,1,Good
7011,3190,672,13,5,Good
7012,14445,874,48,2,Good
7013,2695,701,92,1,Good
7014,16310,15,29,3,Good
7015,5724,206,40,2,Good
7016,3429,612,25,4,Good
7017,11691,563,41,3,Good
7018,14866,695,59,4,Good
7019,3712,529,97,1,Good
7020,14770,405,14,5,Good
7021,4582,922,64,3,Good
7022,16706,983,72,3,Good
7023,13645,851,9,2,Good
7024,6581,195,29,5,Good
7025,4132,483,7,1,Good
7026,4097,37,29,1,Good
7027,685,70,53,3,Good
7028,7910,572,60,2,Good
7029,19126,93,55,1,Good
7030,19834,469,20,2,Good
7031,13925,862,91,5,Good
7032,4790,521,19,4,Good
7033,11737,681,1,1,Good
7034,6384,64,15,3,Good
7035,11844,867,83,2,Good
7036,3469,695,56,2,Good
7037,10743,674,73,1,Good
7038,6234,932,77,3,Good
7039,213,357,19,1,Good
7040,11803,921,83,4,Good
7041,1732,710,96,3,Good
7042,8957,65,69,3,Good
7043,5540,637,56,4,Good
7044,7865,191,14,3,Good
7045,1282,738,75,5,Good
7046,8572,92,58,5,Good
7047,134,156,58,4,Good
7048,11133,201,3,4,Good
7049,7295,673,46,2,Good
7050,8003,376,84,3,Good
7051,620,557,40,2,Good
7052,18614,543,54,5,Good
7053,5799,757,89,3,Good
7054,16429,471,96,4,Good
7055,10822,818,76,2,Good
7056,11622,633,51,1,Good
7057,8137,287,40,4,Good
7058,954,979,72,2,Good
7059,11011,425,87,4,Good
7060,16805,850,5,2,Good
7061,8018,847,29,4,Good
7062,5006,681,76,4,Good
7063,10720,804,35,5,Good
7064,10015,835,77,3,Good
7065,3634,171,85,4,Good
7066,6955,416,84,5,Good
7067,5380,909,97,4,Good
7068,14451,965,60,1,Good
7069,14536,141,87,5,Good
7070,16245,764,78,2,Good
7071,19975,985,6,4,Good
7072,7860,590,6,4,Good
7073,4969,815,66,3,Good
7074,17892,455,89,1,Good
7075,6412,569,18,3,Good
7076,7334,3,10,3,Good
7077,10602,531,20,1,Good
7078,8577,142,70,2,Good
7079,15311,124,14,1,Good
7080,15823,894,72,2,Good
7081,1452,963,38,1,Good
7082,6541,519,71,2,Good
7083,6924,676,69,2,Good
7084,9230,738,50,2,Good
7085,17636,134,24,1,Good
7086,792,681,29,2,Good
7087,4092,304,12,4,Good
7088,1078,647,93,5,Good
7089,5639,141,1,5,Good
7090,12225,913,10,3,Good
7091,2025,501,27,2,Good
7092,15089,859,55,2,Good
7093,16156,998,88,1,Good
7094,11427,577,4,1,Good
7095,19930,856,3,2,Good
7096,7672,883,57,1,Good
7097,13141,680,58,5,Good
7098,5983,26,62,3,Good
7099,9624,441,43,5,Good
7100,9715,412,87,4,Good
7101,1932,694,21,2,Good
7102,6322,982,42,4,Good
7103,15834,339,24,3,Good
7104,9041,703,14,2,Good
7105,14465,829,16,5,Good
7106,7206,478,68,3,Good
7107,13839,92,68,5,Good
7108,2468,67,41,1,Good
7109,17194,422,84,1,Good
7110,12335,742,63,4,Good
7111,11345,596,18,1,Good
7112,9761,742,22,2,Good
7113,13638,398,40,3,Good
7114,10840,118,60,1,Good
7115,11895,110,81,5,Good
7116,17116,1,89,1,Good
7117,18382,352,92,2,Good
7118,16199,692,77,3,Good
7119,873,585,15,4,Good
7120,7891,86,60,2,Good
7121,3447,670,84,5,Good
7122,17265,141,68,5,Good
7123,4209,320,84,3,Good
7124,10011,288,29,5,Good
7125,1904,773,25,1,Good
7126,1700,779,93,5,Good
7127,8552,905,34,4,Good
7128,19042,93,30,5,Good
7129,6904,746,73,1,Good
7130,14265,19,60,3,Good
7131,16716,848,86,2,Good
7132,379,757,15,2,Good
7133,15724,772,76,5,Good
7134,12717,496,25,5,Good
7135,2837,545,94,5,Good
7136,10103,972,65,5,Good
7137,15250,547,40,3,Good
7138,16968,108,53,2,Good
7139,19024,106,39,4,Good
7140,16243,571,94,3,Good
7141,15702,364,43,1,Good
7142,13503,50,6,4,Good
7143,12547,55,2,2,Good
7144,16974,758,50,4,Good
7145,5964,191,11,2,Good
7146,10503,560,33,2,Good
7147,15473,971,71,3,Good
7148,7097,567,95,4,Good
7149,15120,778,3,4,Good
7150,13348,823,99,3,Good
7151,11024,892,1,1,Good
7152,14304,148,3,3,Good
7153,143,689,95,4,Good
7154,16053,658,3,1,Good
7155,2048,215,48,2,Good
7156,15842,686,28,3,Good
7157,15143,677,20,3,Good
7158,11942,108,83,1,Good
7159,9905,275,94,3,Good
7160,17245,979,2,5,Good
7161,2016,677,68,4,Good
7162,7617,374,48,5,Good
7163,13380,145,100,2,Good
7164,12120,935,9,2,Good
7165,8297,498,28,1,Good
7166,7022,439,72,1,Good
7167,14040,176,82,4,Good
7168,16899,968,19,5,Good
7169,3072,215,68,1,Good
7170,11755,378,86,5,Good
7171,15479,612,46,3,Good
7172,5458,397,31,1,Good
7173,19033,670,62,3,Good
7174,19225,623,74,5,Good
7175,17625,331,67,1,Good
7176,18574,636,59,5,Good
7177,9701,290,81,2,Good
7178,9008,909,87,5,Good
7179,6359,595,87,1,Good
7180,10280,409,30,3,Good
7181,2639,613,33,5,Good
7182,8018,417,29,5,Good
7183,4317,397,25,5,Good
7184,7293,745,9,1,Good
7185,18154,450,90,5,Good
7186,8097,171,14,2,Good
7187,9008,337,69,5,Good
7188,2774,923,61,5,Good
7189,10025,127,36,1,Good
7190,4112,18,58,3,Good
7191,88,702,83,4,Good
7192,10444,492,95,2,Good
7193,3485,310,52,5,Good
7194,1975,678,58,5,Good
7195,14575,185,73,3,Good
7196,2376,684,70,3,Good
7197,367,896,75,1,Good
7198,19250,322,49,1,Good
7199,817,989,19,4,Good
7200,11721,872,46,4,Good
7201,13744,587,45,2,Good
7202,15799,761,33,3,Good
7203,13221,897,62,1,Good
7204,3834,558,31,1,Good
7205,13428,252,72,1,Good
7206,17368,805,47,2,Good
7207,3992,194,77,4,Good
7208,13766,82,84,4,Good
7209,19187,34,67,2,Good
7210,13696,414,29,1,Good
7211,14143,785,96,2,Good
7212,8521,861,68,1,Good
7213,15537,423,47,4,Good
7214,11660,455,84,3,Good
7215,18008,125,74,5,Good
7216,9345,521,71,5,Good
7217,2088,620,58,3,Good
7218,8769,23,33,3,Good
7219,5718,653,78,2,Good
7220,2882,373,18,1,Good
7221,512,203,61,3,Good
7222,3548,725,29,1,Good
7223,4579,375,53,1,Good
7224,15435,980,30,2,Good
7225,12681,390,26,1,Good
7226,14070,595,10,5,Good
7227,155,956,71,4,Good
7228,11355,208,77,5,Good
7229,2238,139,1,1,Good
7230,11517,556,51,1,Good
7231,6734,459,30,4,Good
7232,17808,647,80,2,Good
7233,3774,495,49,4,Good
7234,17591,115,19,1,Good
7235,16787,608,97,5,Good
7236,13797,775,17,3,Good
7237,6507,942,8,3,Good
7238,16054,7,53,4,Good
7239,6353,913,10,2,Good
7240,6314,477,33,3,Good
7241,16361,157,54,2,Good
7242,19203,364,18,5,Good
7243,4728,928,52,3,Good
7244,7360,207,38,3,Good
7245,19028,471,56,5,Good
7246,17726,814,71,1,Good
7247,595,82,75,4,Good
7248,2880,551,61,5,Good
7249,9476,334,98,4,Good
7250,3656,990,81,2,Good
7251,17535,911,43,5,Good
7252,1685,538,32,2,Good
7253,4335,291,32,5,Good
7254,17132,487,43,5,Good
7255,4224,880,32,5,Good
7256,18985,517,23,4,Good
7257,16922,810,45,2,Good
7258,1140,261,39,4,Good
7259,12985,607,70,4,Good
7260,8079,814,6,3,Good
7261,15086,210,71,1,Good
7262,14845,320,14,4,Good
7263,462,481,39,2,Good
7264,3667,354,82,3,Good
7265,10661,713,2,5,Good
7266,9401,328,82,5,Good
7267,134,868,33,5,Good
7268,17308,382,58,3,Good
7269,9409,811,32,1,Good
7270,13592,354,31,3,Good
7271,15564,217,87,1,Good
7272,13500,588,43,3,Good
7273,9900,208,60,2,Good
7274,16562,514,36,4,Good
7275,13808,901,93,5,Good
7276,7965,425,60,3,Good
7277,2345,240,52,5,Good
7278,14668,923,33,3,Good
7279,1292,231,60,4,Good
7280,5321,568,65,5,Good
7281,11099,486,37,1,Good
7282,18112,675,67,5,Good
7283,651,603,13,1,Good
7284,2738,520,60,4,Good
7285,14035,444,60,2,Good
7286,637,797,16,5,Good
7287,8832,556,55,3,Good
7288,11913,38,41,2,Good
7289,9250,80,90,5,Good
7290,17723,91,60,3,Good
7291,4651,522,20,4,Good
7292,799,798,2,4,Good
7293,19963,728,51,4,Good
7294,15328,108,19,5,Good
7295,2349,538,27,4,Good
7296,1997,369,73,1,Good
7297,9951,59,63,4,Good
7298,4495,17,80,5,Good
7299,5157,722,96,5,Good
7300,13426,45,55,4,Good
7301,19845,880,75,1,Good
7302,4124,702,80,1,Good
7303,17649,433,34,4,Good
7304,4085,144,72,3,Good
7305,19390,1,48,4,Good
7306,4383,265,93,5,Good
7307,18607,235,44,4,Good
7308,8685,937,25,5,Good
7309,1137,916,27,1,Good
7310,10383,508,95,3,Good
7311,11733,72,100,4,Good
7312,463,907,60,4,Good
7313,1740,327,55,4,Good
7314,13654,271,18,1,Good
7315,12263,796,39,5,Good
7316,2453,167,36,3,Good
7317,1899,227,47,3,Good
7318,19316,530,77,2,Good
7319,13335,378,24,3,Good
7320,8038,129,42,4,Good
7321,17343,916,96,2,Good
7322,9204,136,52,2,Good
7323,15522,635,42,4,Good
7324,15678,775,31,1,Good
7325,5303,900,59,5,Good
7326,14626,316,96,2,Good
7327,76,722,24,1,Good
7328,14851,283,25,1,Good
7329,14000,101,1,2,Good
7330,10771,664,3,1,Good
7331,10881,336,10,4,Good
7332,14493,527,11,5,Good
7333,6225,489,100,1,Good
7334,6395,115,62,1,Good
7335,19442,663,94,2,Good
7336,15378,759,97,2,Good
7337,15756,911,27,3,Good
7338,13865,637,29,5,Good
7339,6013,366,13,4,Good
7340,7604,295,49,2,Good
7341,7158,535,58,4,Good
7342,17489,203,69,5,Good
7343,16981,532,3,4,Good
7344,6470,446,36,3,Good
7345,18200,414,44,3,Good
7346,3446,488,55,5,Good
7347,16802,499,50,5,Good
7348,15651,772,95,5,Good
7349,18893,449,2,4,Good
7350,12753,487,59,2,Good
7351,15484,798,98,2,Good
7352,15203,192,27,2,Good
7353,16029,824,73,2,Good
7354,5711,506,38,2,Good
7355,2771,234,59,3,Good
7356,8042,186,74,3,Good
7357,1093,669,36,1,Good
7358,19897,435,36,5,Good
7359,1656,729,23,5,Good
7360,14058,936,59,4,Good
7361,8395,738,67,3,Good
7362,19033,415,54,2,Good
7363,3702,349,95,3,Good
7364,16842,254,79,2,Good
7365,4217,623,23,2,Good
7366,5619,61,43,2,Good
7367,2294,948,70,4,Good
7368,16108,223,46,1,Good
7369,13772,621,23,2,Good
7370,9364,872,77,3,Good
7371,1159,253,21,3,Good
7372,5333,287,53,2,Good
7373,11132,880,13,2,Good
7374,2307,209,70,4,Good
7375,7038,954,91,5,Good
7376,1094,818,84,5,Good
7377,4031,709,81,1,Good
7378,14458,885,1,1,Good
7379,652,646,78,3,Good
7380,11550,703,26,2,Good
7381,16736,456,4,1,Good
7382,17822,113,15,2,Good
7383,19940,632,10,4,Good
7384,2371,153,5,3,Good
7385,6842,611,72,2,Good
7386,10220,986,92,4,Good
7387,17300,588,96,3,Good
7388,14643,236,30,4,Good
7389,10330,470,70,4,Good
7390,19725,551,11,2,Good
7391,8068,150,22,5,Good
7392,8710,511,40,5,Good
7393,19998,124,54,5,Good
7394,9296,854,22,1,Good
7395,13995,818,84,2,Good
7396,2739,511,21,3,Good
7397,10169,178,52,5,Good
7398,2101,138,78,5,Good
7399,6252,875,62,4,Good
7400,6086,270,14,1,Good
7401,11754,277,97,1,Good
7402,9378,682,50,3,Good
7403,3869,695,28,1,Good
7404,14543,663,5,3,Good
7405,1100,605,9,3,Good
7406,5640,912,1,5,Good
7407,17713,667,25,1,Good
7408,4468,145,70,4,Good
7409,18458,453,55,5,Good
7410,19052,81,66,2,Good
7411,12393,859,50,4,Good
7412,19587,720,14,5,Good
7413,17341,490,26,3,Good
7414,10917,229,68,2,Good
7415,6400,6,25,4,Good
7416,10450,594,42,4,Good
7417,1930,387,73,4,Good
7418,17794,711,16,2,Good
7419,15007,263,47,2,Good
7420,9647,284,16,4,Good
7421,1181,572,28,3,Good
7422,1921,292,98,2,Good
7423,1309,269,100,5,Good
7424,7882,599,93,2,Good
7425,14990,689,67,2,Good
7426,19598,499,50,5,Good
7427,4517,131,4,1,Good
7428,5610,469,59,1,Good
7429,1356,509,89,1,Good
7430,16359,112,1,2,Good
7431,8415,557,19,4,Good
7432,18363,555,55,3,Good
7433,15808,242,54,2,Good
7434,6267,73,16,4,Good
7435,8522,240,92,1,Good
7436,15132,5,31,2,Good
7437,11965,209,17,3,Good
7438,4850,891,79,4,Good
7439,4953,408,83,5,Good
7440,4358,576,51,4,Good
7441,6451,279,41,5,Good
7442,16167,142,18,4,Good
7443,13003,49,73,2,Good
7444,15567,732,23,3,Good
7445,14447,756,87,2,Good
7446,17587,419,44,4,Good
7447,439,685,74,1,Good
7448,8221,353,41,3,Good
7449,13916,530,12,5,Good
7450,16235,858,4,2,Good
7451,16873,798,1,1,Good
7452,11368,348,59,5,Good
7453,3173,140,62,3,Good
7454,11878,655,60,3,Good
7455,9032,942,72,3,Good
7456,8422,223,65,5,Good
7457,10613,419,6,1,Good
7458,3363,636,50,4,Good
7459,8193,902,69,4,Good
7460,2711,327,73,4,Good
7461,18794,883,96,3,Good
7462,7046,914,12,4,Good
7463,769,564,12,4,Good
7464,6111,199,61,1,Good
7465,19236,733,44,4,Good
7466,9724,42,81,1,Good
7467,9899,152,20,1,Good
7468,11458,486,72,5,Good
7469,1048,863,29,4,Good
7470,4151,276,74,5,Good
7471,11356,7,42,4,Good
7472,7657,381,17,4,Good
7473,17702,775,48,2,Good
7474,18816,137,23,4,Good
7475,11315,824,26,2,Good
7476,2665,502,59,2,Good
7477,436,783,63,1,Good
7478,8093,431,32,5,Good
7479,16373,427,45,5,Good
7480,14141,671,96,2,Good
7481,13810,991,33,5,Good
7482,13627,378,25,5,Good
7483,8832,5,32,3,Good
7484,13146,954,29,2,Good
7485,2378,171,78,5,Good
7486,9706,751,90,4,Good
7487,1274,305,74,4,Good
7488,294,644,41,1,Good
7489,1577,207,54,1,Good
7490,14337,156,41,2,Good
7491,18680,278,44,5,Good
7492,2632,359,7,5,Good
7493,7658,235,59,5,Good
7494,5183,833,59,4,Good
7495,5356,917,73,5,Good
7496,8472,143,73,1,Good
7497,1837,81,77,5,Good
7498,1966,88,35,5,Good
7499,9381,995,96,2,Good
7500,72,154,88,4,Good
7501,13657,675,66,1,Good
7502,4697,56,86,3,Good
7503,3404,520,22,3,Good
7504,19203,307,94,1,Good
7505,16039,86,50,4,Good
7506,15509,313,86,1,Good
7507,2650,435,6,2,Good
7508,2998,306,23,1,Good
7509,16042,606,52,5,Good
7510,19417,933,91,5,Good
7511,18380,939,88,4,Good
7512,4774,332,90,1,Good
7513,13860,541,6,2,Good
7514,13530,165,98,2,Good
7515,14037,202,38,1,Good
7516,4378,583,77,2,Good
7517,19189,824,18,1,Good
7518,15168,248,43,3,Good
7519,11464,100,86,2,Good
7520,11881,271,49,5,Good
7521,6293,110,69,1,Good
7522,12448,1000,66,1,Good
7523,5517,7,58,5,Good
7524,9154,390,24,5,Good
7525,13218,312,33,3,Good
7526,13342,951,50,2,Good
7527,16654,125,62,1,Good
7528,1839,761,96,2,Good
7529,13809,774,55,2,Good
7530,1278,35,71,4,Good
7531,9908,669,34,1,Good
7532,1228,517,87,5,Good
7533,1071,199,71,1,Good
7534,3969,270,62,2,Good
7535,5287,474,63,2,Good
7536,11312,492,6,3,Good
7537,9588,971,19,2,Good
7538,13718,990,65,3,Good
7539,15090,774,69,4,Good
7540,1004,161,98,2,Good
7541,2182,300,37,5,Good
7542,12771,140,99,2,Good
7543,3564,507,47,1,Good
7544,6222,352,9,4,Good
7545,8509,560,30,1,Good
7546,508,357,96,5,Good
7547,3458,203,77,5,Good
7548,7440,692,79,3,Good
7549,8628,818,89,4,Good
7550,1675,265,8,5,Good
7551,5103,88,78,2,Good
7552,1190,885,44,5,Good
7553,4473,130,86,3,Good
7554,8102,53,3,2,Good
7555,9567,121,46,4,Good
7556,1062,559,86,5,Good
7557,5068,424,48,2,Good
7558,12823,288,24,3,Good
7559,9246,50,16,4,Good
7560,10357,262,66,5,Good
7561,18050,740,70,5,Good
7562,7535,809,73,3,Good
7563,12719,509,72,5,Good
7564,13365,951,12,4,Good
7565,14909,985,12,3,Good
7566,12564,232,54,2,Good
7567,15314,919,82,5,Good
7568,5246,44,21,5,Good
7569,10617,405,28,1,Good
7570,14391,520,21,3,Good
7571,10263,109,49,2,Good
7572,19945,811,81,5,Good
7573,7783,57,8,3,Good
7574,15538,107,85,3,Good
7575,15698,753,4,2,Good
7576,14513,132,42,5,Good
7577,12043,565,49,5,Good
7578,9251,988,76,2,Good
7579,12207,964,64,5,Good
7580,10590,569,37,1,Good
7581,8167,202,44,3,Good
7582,5061,349,90,5,Good
7583,16162,85,64,1,Good
7584,3599,854,11,3,Good
7585,9767,185,82,2,Good
7586,1581,591,34,3,Good
7587,4139,771,43,2,Good
7588,7254,321,33,1,Good
7589,17460,789,18,4,Good
7590,6699,263,18,3,Good
7591,1062,519,47,5,Good
7592,3414,603,62,1,Good
7593,13861,678,17,5,Good
7594,17411,564,15,5,Good
7595,17496,703,86,2,Good
7596,6219,31,27,3,Good
7597,8594,314,31,4,Good
7598,534,114,28,4,Good
7599,12474,295,5,2,Good
7600,10517,292,39,3,Good
7601,12405,951,54,2,Good
7602,5385,295,26,3,Good
7603,1223,913,3,4,Good
7604,8097,234,40,5,Good
7605,1556,313,32,3,Good
7606,1589,677,32,5,Good
7607,5089,764,88,4,Good
7608,6892,541,62,4,Good
7609,13446,238,29,3,Good
7610,7481,205,89,3,Good
7611,186,809,54,5,Good
7612,14844,155,25,5,Good
7613,12296,912,27,2,Good
7614,10032,366,57,5,Good
7615,15138,580,34,3,Good
7616,2233,850,56,4,Good
7617,15197,252,5,4,Good
7618,12330,514,5,2,Good
7619,974,581,48,3,Good
7620,4720,443,24,5,Good
7621,2884,445,27,3,Good
7622,4082,496,39,4,Good
7623,15565,190,24,3,Good
7624,15130,517,73,1,Good
7625,8667,686,91,1,Good
7626,10316,460,65,1,Good
7627,10551,863,18,1,Good
7628,11235,479,95,4,Good
7629,16103,576,47,3,Good
7630,10715,493,58,2,Good
7631,13168,481,47,3,Good
7632,6995,784,91,2,Good
7633,5520,766,27,4,Good
7634,18184,19,33,2,Good
7635,15913,829,85,4,Good
7636,11595,235,17,2,Good
7637,697,988,92,2,Good
7638,14003,412,33,1,Good
7639,18997,124,82,1,Good
7640,13401,937,40,4,Good
7641,18831,931,79,3,Good
7642,9376,498,3,1,Good
7643,17864,759,69,1,Good
7644,11071,747,67,3,Good
7645,7743,108,17,1,Good
7646,15411,825,52,5,Good
7647,14969,7,65,3,Good
7648,17714,870,68,4,Good
7649,3567,642,37,2,Good
7650,12376,142,17,2,Good
7651,17922,658,73,2,Good
7652,14788,179,42,5,Good
7653,12568,250,67,5,Good
7654,7226,394,29,3,Good
7655,10828,316,80,3,Good
7656,880,987,76,1,Good
7657,15196,362,70,5,Good
7658,4019,494,61,4,Good
7659,17592,882,45,1,Good
7660,17710,656,66,4,Good
7661,14428,158,94,3,Good
7662,11971,297,76,2,Good
7663,902,104,82,5,Good
7664,3112,603,68,2,Good
7665,1862,713,88,5,Good
7666,15327,532,26,3,Good
7667,598,690,86,2,Good
7668,6423,278,77,3,Good
7669,8454,65,83,4,Good
7670,17754,314,71,1,Good
7671,8474,537,31,3,Good
7672,18197,399,77,1,Good
7673,1473,773,70,5,Good
7674,14261,453,29,5,Good
7675,1531,669,73,2,Good
7676,17943,383,79,4,Good
7677,19366,101,93,5,Good
7678,10488,327,79,5,Good
7679,5032,463,83,5,Good
7680,19638,470,40,4,Good
7681,10611,100,25,2,Good
7682,1547,895,1,5,Good
7683,891,136,41,2,Good
7684,19578,184,99,1,Good
7685,19109,329,74,2,Good
7686,11896,865,50,3,Good
7687,14435,228,8,5,Good
7688,6069,277,16,5,Good
7689,4982,868,2,1,Good
7690,7349,839,7,5,Good
7691,3624,340,76,5,Good
7692,12325,136,100,1,Good
7693,885,582,74,1,Good
7694,16334,461,59,1,Good
7695,10195,323,95,3,Good
7696,10689,707,1,5,Good
7697,10691,458,46,2,Good
7698,5899,234,77,3,Good
7699,1201,975,94,4,Good
7700,12275,464,43,5,Good
7701,13381,366,32,1,Good
7702,16120,710,62,1,Good
7703,165,844,91,3,Good
7704,10511,641,8,3,Good
7705,5539,625,26,4,Good
7706,15936,160,16,3,Good
7707,16307,176,60,5,Good
7708,1209,155,73,4,Good
7709,4183,486,68,5,Good
7710,7021,923,23,4,Good
7711,7310,355,92,2,Good
7712,6293,341,59,2,Good
7713,15364,821,60,4,Good
7714,438,699,48,5,Good
7715,19718,643,63,4,Good
7716,18217,18,44,1,Good
7717,12733,674,27,1,Good
7718,5878,398,79,5,Good
7719,3730,632,5,1,Good
7720,10621,818,14,2,Good
7721,11501,217,71,1,Good
7722,14353,871,5,2,Good
7723,19091,524,11,4,Good
7724,13581,689,100,3,Good
7725,15495,691,96,5,Good
7726,16257,277,12,3,Good
7727,10244,878,75,3,Good
7728,2596,438,22,4,Good
7729,3668,70,78,5,Good
7730,2460,46,77,1,Good
7731,16424,881,82,3,Good
7732,12812,846,77,5,Good
7733,13480,962,77,5,Good
7734,5746,51,20,3,Good
7735,12169,119,15,1,Good
7736,6700,931,44,1,Good
7737,5984,411,7,4,Good
7738,13610,839,18,4,Good
7739,10730,699,39,4,Good
7740,18345,9,53,3,Good
7741,19977,399,23,3,Good
7742,3303,720,1,2,Good
7743,13977,511,86,3,Good
7744,6907,31,18,4,Good
7745,15678,920,87,2,Good
7746,7992,468,74,4,Good
7747,9854,173,97,3,Good
7748,7902,567,29,5,Good
7749,641,94,51,1,Good
7750,1862,764,7,2,Good
7751,2687,845,76,4,Good
7752,18052,201,12,3,Good
7753,1512,94,35,1,Good
7754,14908,591,25,4,Good
7755,307,732,99,3,Good
7756,18409,156,2,4,Good
7757,15056,842,75,2,Good
7758,9805,667,79,4,Good
7759,12970,28,71,1,Good
7760,1310,925,98,5,Good
7761,6340,293,78,5,Good
7762,17701,139,19,1,Good
7763,5497,389,6,4,Good
7764,10050,631,61,5,Good
7765,5332,519,41,3,Good
7766,14451,537,37,5,Good
7767,4455,837,41,4,Good
7768,690,640,87,5,Good
7769,11824,553,53,2,Good
7770,11368,2,22,3,Good
7771,3757,569,5,2,Good
7772,4058,646,25,4,Good
7773,12801,498,83,2,Good
7774,9744,983,19,5,Good
7775,16308,396,85,4,Good
7776,10842,431,70,5,Good
7777,12125,753,43,3,Good
7778,2906,60,3,2,Good
7779,13374,420,96,5,Good
7780,11504,857,8,3,Good
7781,3410,139,37,5,Good
7782,14841,664,24,2,Good
7783,9347,803,77,4,Good
7784,13223,921,48,1,Good
7785,3229,387,26,4,Good
7786,375,21,34,5,Good
7787,10986,619,1,5,Good
7788,10626,605,25,3,Good
7789,16965,885,51,3,Good
7790,5622,885,5,4,Good
7791,17611,747,68,3,Good
7792,481,929,82,5,Good
7793,13580,140,30,2,Good
7794,2045,589,63,4,Good
7795,11644,174,21,5,Good
7796,6443,149,86,5,Good
7797,10518,845,56,2,Good
7798,2679,134,67,4,Good
7799,19956,144,20,1,Good
7800,4701,732,89,2,Good
7801,9408,836,76,1,Good
7802,17731,931,56,2,Good
7803,7199,355,73,1,Good
7804,12073,503,89,5,Good
7805,5564,859,47,5,Good
7806,9702,765,15,2,Good
7807,16508,394,10,2,Good
7808,7028,449,98,1,Good
7809,15398,813,70,5,Good
7810,16308,674,70,2,Good
7811,1133,870,53,1,Good
7812,10298,110,9,3,Good
7813,6915,228,51,5,Good
7814,16374,55,25,1,Good
7815,2835,42,51,3,Good
7816,14407,695,40,2,Good
7817,8942,444,98,2,Good
7818,11700,897,24,5,Good
7819,3398,368,58,3,Good
7820,10495,792,5,5,Good
7821,15628,647,27,4,Good
7822,7778,647,9,1,Good
7823,6622,827,66,1,Good
7824,11114,911,85,5,Good
7825,791,890,22,4,Good
7826,676,992,58,5,Good
7827,2801,634,73,5,Good
7828,8047,574,66,3,Good
7829,3731,196,73,1,Good
7830,7327,422,17,1,Good
7831,6123,545,89,4,Good
7832,9474,744,30,1,Good
7833,9171,347,7,5,Good
7834,8000,999,64,3,Good
7835,5589,988,64,2,Good
7836,4129,107,14,2,Good
7837,1738,847,44,3,Good
7838,9742,476,50,3,Good
7839,2793,953,65,1,Good
7840,10800,395,45,3,Good
7841,14614,268,77,3,Good
7842,9194,350,45,3,Good
7843,11763,571,42,1,Good
7844,11649,413,70,1,Good
7845,942,325,42,5,Good
7846,3266,264,76,1,Good
7847,19127,728,85,1,Good
7848,4031,300,27,5,Good
7849,8114,95,17,2,Good
7850,4155,305,55,4,Good
7851,6303,119,55,1,Good
7852,11413,650,73,1,Good
7853,11318,850,36,2,Good
7854,4913,402,72,1,Good
7855,9745,30,27,5,Good
7856,1419,549,29,4,Good
7857,7331,942,15,1,Good
7858,8728,835,95,3,Good
7859,13348,401,45,3,Good
7860,2239,534,23,5,Good
7861,3355,919,62,5,Good
7862,9639,434,87,2,Good
7863,18450,680,29,2,Good
7864,7958,199,17,3,Good
7865,6083,873,50,5,Good
7866,2245,827,58,3,Good
7867,7084,719,74,4,Good
7868,17829,107,84,3,Good
7869,13420,900,96,3,Good
7870,928,219,23,4,Good
7871,7866,772,64,3,Good
7872,2207,519,20,2,Good
7873,15184,565,21,4,Good
7874,308,332,86,3,Good
7875,1018,340,57,2,Good
7876,8247,683,86,5,Good
7877,3700,21,100,5,Good
7878,13060,184,69,1,Good
7879,8499,471,11,5,Good
7880,5427,807,82,1,Good
7881,16071,174,3,3,Good
7882,14276,447,51,5,Good
7883,3609,979,57,3,Good
7884,9687,498,32,1,Good
7885,17177,578,47,5,Good
7886,8359,158,90,1,Good
7887,15640,472,77,1,Good
7888,18908,181,66,1,Good
7889,15807,483,28,1,Good
7890,18883,361,33,4,Good
7891,2969,464,36,5,Good
7892,4150,874,69,5,Good
7893,18036,81,5,4,Good
7894,6362,698,47,2,Good
7895,9625,833,15,5,Good
7896,19920,779,88,2,Good
7897,14090,768,47,2,Good
7898,19122,904,59,3,Good
7899,974,547,80,3,Good
7900,10030,963,66,5,Good
7901,19462,575,27,1,Good
7902,9307,313,69,4,Good
7903,1703,138,52,4,Good
7904,12470,565,12,4,Good
7905,19102,923,36,3,Good
7906,7072,435,74,2,Good
7907,15917,328,92,4,Good
7908,1106,72,86,2,Good
7909,727,951,23,3,Good
7910,19921,534,45,5,Good
7911,2355,804,47,4,Good
7912,3668,87,5,3,Good
7913,16037,595,22,1,Good
7914,16280,948,42,4,Good
7915,19565,557,49,1,Good
7916,13455,678,18,4,Good
7917,5872,526,55,2,Good
7918,13650,297,14,3,Good
7919,16033,455,79,2,Good
7920,18639,183,20,1,Good
7921,14579,979,5,4,Good
7922,13194,695,24,2,Good
7923,16722,965,45,5,Good
7924,13353,680,22,2,Good
7925,7418,33,19,4,Good
7926,6076,393,68,2,Good
7927,13552,990,70,4,Good
7928,9089,153,55,2,Good
7929,15661,465,36,4,Good
7930,18329,729,90,5,Good
7931,9785,663,11,5,Good
7932,19745,850,66,2,Good
7933,19878,345,18,1,Good
7934,11284,784,96,4,Good
7935,12600,200,31,2,Good
7936,8066,901,99,1,Good
7937,5985,165,48,5,Good
7938,18738,810,93,1,Good
7939,8947,593,95,5,Good
7940,10400,191,86,3,Good
7941,1678,193,32,3,Good
7942,5231,478,25,3,Good
7943,8476,324,23,5,Good
7944,5160,36,68,1,Good
7945,11739,194,74,4,Good
7946,19034,64,43,2,Good
7947,8906,405,96,2,Good
7948,9473,48,80,3,Good
7949,15869,942,28,2,Good
7950,16933,419,29,3,Good
7951,10674,421,56,5,Good
7952,1252,275,49,4,Good
7953,3570,592,44,1,Good
7954,10539,53,68,3,Good
7955,1896,183,60,4,Good
7956,11617,718,48,3,Good
7957,3538,720,10,1,Good
7958,12036,412,3,3,Good
7959,6896,606,40,1,Good
7960,13254,425,76,4,Good
7961,10825,169,32,3,Good
7962,8594,519,43,3,Good
7963,2802,455,53,4,Good
7964,6356,314,82,5,Good
7965,13100,884,68,3,Good
7966,12631,883,64,5,Good
7967,17231,468,22,3,Good
7968,1238,321,89,4,Good
7969,10274,264,65,2,Good
7970,15867,319,82,4,Good
7971,17508,473,17,1,Good
7972,9387,71,55,1,Good
7973,457,790,78,2,Good
7974,4131,273,8,3,Good
7975,3433,983,88,5,Good
7976,3045,369,49,3,Good
7977,15885,161,51,5,Good
7978,15663,566,42,3,Good
7979,15875,1,53,1,Good
7980,18632,492,80,3,Good
7981,9834,811,49,1,Good
7982,2589,192,66,3,Good
7983,2997,460,13,1,Good
7984,17778,514,95,4,Good
7985,15355,776,66,4,Good
7986,12436,808,79,3,Good
7987,19249,773,11,5,Good
7988,16053,675,87,5,Good
7989,12075,534,73,4,Good
7990,13996,874,65,3,Good
7991,14992,201,14,1,Good
7992,9024,882,52,2,Good
7993,11681,646,49,4,Good
7994,3795,685,11,1,Good
7995,4417,983,42,3,Good
7996,7454,919,81,5,Good
7997,5750,680,3,4,Good
7998,6192,141,85,4,Good
7999,7989,189,47,4,Good
8000,9938,333,82,3,Good
8001,11018,555,53,1,Good
8002,15213,137,72,4,Good
8003,18026,237,31,1,Good
8004,7166,295,6,2,Good
8005,17337,50,50,5,Good
8006,17391,242,77,2,Good
8007,3252,715,25,2,Good
8008,6880,467,42,2,Good
8009,9104,654,95,2,Good
8010,9834,630,55,3,Good
8011,2621,39,92,4,Good
8012,5851,254,95,2,Good
8013,8764,638,9,3,Good
8014,10800,691,11,1,Good
8015,15737,441,59,2,Good
8016,8227,552,82,3,Good
8017,19640,996,39,5,Good
8018,4185,585,24,3,Good
8019,19863,573,71,3,Good
8020,2950,6,5,4,Good
8021,271,839,61,4,Good
8022,7297,629,87,3,Good
8023,17918,210,98,4,Good
8024,3117,31,11,2,Good
8025,578,328,80,5,Good
8026,3344,569,1,1,Good
8027,19841,579,82,4,Good
8028,11413,311,35,5,Good
8029,2293,891,100,2,Good
8030,14871,828,44,1,Good
8031,16492,822,79,1,Good
8032,5654,424,32,3,Good
8033,13160,60,67,1,Good
8034,13951,732,83,4,Good
8035,15374,678,89,5,Good
8036,17879,990,62,2,Good
8037,1105,799,37,1,Good
8038,18681,747,44,4,Good
8039,613,985,20,2,Good
8040,4297,704,71,1,Good
8041,17512,574,6,4,Good
8042,13049,563,54,5,Good
8043,8589,937,24,2,Good
8044,8936,935,15,3,Good
8045,15820,904,33,4,Good
8046,11274,305,50,4,Good
8047,17705,451,46,4,Good
8048,984,562,52,1,Good
8049,2847,118,56,2,Good
8050,17894,771,16,4,Good
8051,3581,416,85,3,Good
8052,18608,217,9,2,Good
8053,6838,240,44,3,Good
8054,2478,284,69,5,Good
8055,11999,456,59,4,Good
8056,9245,181,10,3,Good
8057,11266,253,94,5,Good
8058,16260,669,56,1,Good
8059,16816,417,67,1,Good
8060,8814,729,90,5,Good
8061,10413,595,28,5,Good
8062,8126,813,38,5,Good
8063,8438,481,54,4,Good
8064,6645,371,12,4,Good
8065,17541,713,36,2,Good
8066,3457,200,54,1,Good
8067,15777,942,65,2,Good
8068,10263,438,95,5,Good
8069,14117,239,29,5,Good
8070,4577,725,75,1,Good
8071,14816,573,13,3,Good
8072,10833,558,43,3,Good
8073,12373,813,57,1,Good
8074,4035,918,18,1,Good
8075,3208,240,36,4,Good
8076,18693,275,55,3,Good
8077,1596,119,98,3,Good
8078,18978,514,89,3,Good
8079,1776,475,89,2,Good
8080,17240,945,85,1,Good
8081,2391,428,63,5,Good
8082,3909,672,91,4,Good
8083,12351,688,69,5,Good
8084,6358,931,80,3,Good
8085,12753,299,3,2,Good
8086,4915,405,17,4,Good
8087,12020,173,52,5,Good
8088,16614,593,16,4,Good
8089,15834,727,60,4,Good
8090,3827,244,31,4,Good
8091,18179,553,4,5,Good
8092,9956,830,32,3,Good
8093,773,766,51,1,Good
8094,16908,157,12,1,Good
8095,4580,70,29,3,Good
8096,6754,987,78,3,Good
8097,19184,742,63,2,Good
8098,13949,352,21,5,Good
8099,656,71,20,1,Good
8100,14279,489,90,1,Good
8101,7719,426,20,5,Good
8102,2251,894,63,3,Good
8103,10654,1000,65,1,Good
8104,13991,930,32,5,Good
8105,11079,43,6,5,Good
8106,3186,143,100,3,Good
8107,19371,172,29,5,Good
8108,4742,452,80,4,Good
8109,18621,546,67,5,Good
8110,16789,329,17,1,Good
8111,2865,427,85,2,Good
8112,11594,263,97,3,Good
8113,4468,839,25,5,Good
8114,15931,297,50,1,Good
8115,12033,805,69,2,Good
8116,2578,254,69,3,Good
8117,3088,491,91,3,Good
8118,527,27,80,2,Good
8119,1244,723,63,1,Good
8120,17290,820,88,4,Good
8121,3448,296,46,5,Good
8122,10297,552,11,3,Good
8123,4554,894,31,2,Good
8124,2296,339,25,2,Good
8125,9583,891,55,1,Good
8126,10427,873,36,4,Good
8127,6834,645,27,1,Good
8128,4590,700,45,3,Good
8129,8949,987,60,3,Good
8130,10513,121,2,3,Good
8131,2399,185,72,2,Good
8132,10600,52,29,1,Good
8133,19516,739,63,5,Good
8134,15678,633,1,2,Good
8135,6787,437,88,3,Good
8136,9127,324,15,5,Good
8137,11291,222,93,1,Good
8138,9769,1000,65,2,Good
8139,2956,290,23,4,Good
8140,11476,924,67,3,Good
8141,12817,187,85,3,Good
8142,8454,200,13,1,Good
8143,3656,697,82,4,Good
8144,13538,370,70,4,Good
8145,19724,554,30,2,Good
8146,18226,336,57,3,Good
8147,3081,287,96,5,Good
8148,4213,479,58,2,Good
8149,19674,867,65,1,Good
8150,1786,683,44,3,Good
8151,14670,631,73,4,Good
8152,13191,480,45,4,Good
8153,7938,331,69,4,Good
8154,9743,773,50,4,Good
8155,13755,363,73,5,Good
8156,769,337,13,2,Good
8157,16475,154,30,2,Good
8158,6594,45,81,1,Good
8159,13954,130,48,2,Good
8160,3243,582,66,3,Good
8161,10224,990,21,2,Good
8162,10690,75,78,3,Good
8163,7248,403,81,3,Good
8164,12756,459,48,1,Good
8165,4820,835,33,1,Good
8166,18865,551,18,3,Good
8167,2941,922,47,2,Good
8168,10024,988,51,5,Good
8169,16110,323,36,4,Good
8170,17894,239,68,4,Good
8171,10023,841,44,3,Good
8172,17454,103,14,4,Good
8173,1366,172,49,3,Good
8174,5463,871,56,1,Good
8175,1446,248,39,1,Good
8176,3513,591,43,5,Good
8177,14782,322,97,4,Good
8178,4239,339,46,3,Good
8179,5170,53,7,1,Good
8180,712,828,68,3,Good
8181,8052,605,94,4,Good
8182,12310,246,6,5,Good
8183,15940,575,97,1,Good
8184,9361,855,97,2,Good
8185,5541,209,49,1,Good
8186,12001,937,59,4,Good
8187,7051,439,32,5,Good
8188,12408,387,11,4,Good
8189,17898,601,33,5,Good
8190,17221,323,41,4,Good
8191,12471,223,70,1,Good
8192,6084,153,92,5,Good
8193,6009,451,64,4,Good
8194,14477,848,13,4,Good
8195,663,267,29,1,Good
8196,1596,220,13,4,Good
8197,13316,308,63,4,Good
8198,10556,531,3,2,Good
8199,4069,122,18,5,Good
8200,4600,518,27,5,Good
8201,1372,388,23,1,Good
8202,18199,138,35,3,Good
8203,11235,483,57,2,Good
8204,10889,492,18,4,Good
8205,8320,267,33,3,Good
8206,11511,958,84,5,Good
8207,18474,992,88,1,Good
8208,16272,114,24,3,Good
8209,7236,479,38,1,Good
8210,14361,690,62,2,Good
8211,14654,682,21,2,Good
8212,13455,715,22,5,Good
8213,12410,58,58,4,Good
8214,2489,549,94,5,Good
8215,17796,306,92,3,Good
8216,1656,578,82,5,Good
8217,9421,214,17,5,Good
8218,1413,928,75,5,Good
8219,3975,972,4,1,Good
8220,7649,9,64,4,Good
8221,4000,602,99,4,Good
8222,10325,119,29,4,Good
8223,511,862,32,4,Good
8224,5746,788,49,5,Good
8225,3961,622,3,5,Good
8226,13287,354,2,5,Good
8227,3878,99,21,4,Good
8228,13562,255,17,3,Good
8229,18874,86,3,2,Good
8230,15011,774,54,1,Good
8231,8269,111,2,5,Good
8232,3154,829,25,3,Good
8233,18048,461,57,4,Good
8234,5019,57,17,1,Good
8235,6438,182,4,1,Good
8236,10364,324,3,1,Good
8237,2071,190,64,2,Good
8238,14028,465,24,2,Good
8239,5021,509,70,1,Good
8240,15165,597,36,2,Good
8241,2466,570,51,5,Good
8242,13759,800,13,4,Good
8243,6937,406,60,4,Good
8244,1141,853,46,4,Good
8245,19611,43,46,3,Good
8246,14530,736,100,4,Good
8247,11636,307,51,2,Good
8248,18976,133,34,3,Good
8249,11682,674,59,3,Good
8250,9631,779,21,4,Good
8251,12655,805,44,5,Good
8252,15988,289,5,5,Good
8253,11046,174,43,2,Good
8254,9407,704,3,1,Good
8255,14381,879,68,5,Good
8256,10049,187,97,3,Good
8257,15249,696,48,5,Good
8258,5753,599,39,5,Good
8259,18561,125,49,1,Good
8260,6042,233,35,5,Good
8261,4667,696,95,4,Good
8262,5292,544,46,3,Good
8263,12388,341,100,5,Good
8264,40,722,87,1,Good
8265,1336,476,42,2,Good
8266,12628,294,88,2,Good
8267,16817,939,36,2,Good
8268,17755,253,29,2,Good
8269,18638,751,36,1,Good
8270,6571,144,81,5,Good
8271,7951,266,12,1,Good
8272,9014,4,79,3,Good
8273,18309,205,90,4,Good
8274,15001,142,11,4,Good
8275,9783,327,26,3,Good
8276,14526,286,23,2,Good
8277,2506,842,84,1,Good
8278,16785,498,68,5,Good
8279,5748,256,54,2,Good
8280,594,559,10,5,Good
8281,17779,371,91,3,Good
8282,4533,888,53,2,Good
8283,3377,508,7,2,Good
8284,299,569,20,2,Good
8285,19983,117,38,5,Good
8286,11770,303,67,5,Good
8287,10878,853,46,3,Good
8288,2158,234,47,4,Good
8289,8732,959,44,5,Good
8290,10694,606,42,5,Good
8291,15530,803,53,5,Good
8292,5265,188,47,3,Good
8293,4766,97,43,1,Good
8294,18539,396,99,1,Good
8295,18821,341,96,3,Good
8296,18467,293,27,3,Good
8297,16894,413,68,2,Good
8298,3661,757,66,2,Good
8299,2693,293,29,2,Good
8300,15728,304,77,5,Good
8301,9422,793,72,3,Good
8302,9125,246,68,1,Good
8303,16514,970,20,3,Good
8304,11619,427,44,2,Good
8305,1937,408,56,3,Good
8306,13695,405,59,3,Good
8307,8033,341,24,2,Good
8308,1483,898,86,5,Good
8309,6073,447,57,3,Good
8310,10414,930,61,1,Good
8311,6930,823,67,3,Good
8312,11556,115,91,5,Good
8313,15571,164,99,5,Good
8314,14417,854,69,4,Good
8315,15576,833,15,5,Good
8316,9543,965,15,5,Good
8317,4311,802,83,2,Good
8318,13379,226,8,1,Good
8319,8544,215,59,1,Good
8320,28,741,21,3,Good
8321,16846,442,47,3,Good
8322,8836,888,12,5,Good
8323,10938,604,5,4,Good
8324,16019,510,50,4,Good
8325,17851,3,14,1,Good
8326,18860,829,93,4,Good
8327,12699,863,31,3,Good
8328,13552,855,55,2,Good
8329,18293,759,89,3,Good
8330,5623,778,48,3,Good
8331,15085,14,17,1,Good
8332,10617,700,98,5,Good
8333,2326,658,20,2,Good
8334,2350,425,86,4,Good
8335,17337,578,10,4,Good
8336,11910,431,40,4,Good
8337,11576,25,46,3,Good
8338,7190,246,50,2,Good
8339,16505,979,6,3,Good
8340,6552,186,79,3,Good
8341,17788,720,13,1,Good
8342,11626,450,93,1,Good
8343,6943,370,96,2,Good
8344,13729,15,40,1,Good
8345,3625,390,67,1,Good
8346,11052,126,69,3,Good
8347,12847,89,53,2,Good
8348,2385,190,52,2,Good
8349,1792,377,24,4,Good
8350,8202,586,84,1,Good
8351,8258,209,6,4,Good
8352,3525,626,85,4,Good
8353,13886,477,91,3,Good
8354,6337,280,62,2,Good
8355,13636,280,35,1,Good
8356,7264,99,25,2,Good
8357,9062,327,33,5,Good
8358,6909,34,73,2,Good
8359,5039,235,24,5,Good
8360,7353,155,35,2,Good
8361,9421,8,99,4,Good
8362,4671,263,88,2,Good
8363,15042,194,82,1,Good
8364,11193,506,32,5,Good
8365,17151,66,52,1,Good
8366,6333,69,56,4,Good
8367,5930,228,74,4,Good
8368,5006,48,32,4,Good
8369,19189,245,60,5,Good
8370,18514,929,91,5,Good
8371,11705,24,78,1,Good
8372,997,793,1,5,Good
8373,11847,865,20,4,Good
8374,2936,830,34,5,Good
8375,19529,369,21,5,Good
8376,9020,577,66,3,Good
8377,696,471,34,5,Good
8378,10293,431,14,2,Good
8379,15881,419,27,4,Good
8380,16353,820,81,2,Good
8381,18811,945,57,3,Good
8382,10737,11,39,4,Good
8383,16085,188,18,3,Good
8384,19726,862,12,2,Good
8385,555,547,19,4,Good
8386,8856,49,52,1,Good
8387,3327,333,9,5,Good
8388,8163,177,81,2,Good
8389,16648,695,15,1,Good
8390,13403,879,30,5,Good
8391,3699,869,83,2,Good
8392,774,491,76,4,Good
8393,14639,794,19,4,Good
8394,16289,83,16,4,Good
8395,6174,165,84,2,Good
8396,1669,363,31,1,Good
8397,3295,659,75,1,Good
8398,12299,204,49,1,Good
8399,15141,787,64,5,Good
8400,2595,414,8,2,Good
8401,7433,206,80,3,Good
8402,1177,760,10,2,Good
8403,18724,660,46,4,Good
8404,10457,827,89,5,Good
8405,11209,486,24,1,Good
8406,2143,163,97,4,Good
8407,1650,751,76,2,Good
8408,1327,986,28,1,Good
8409,7135,662,38,4,Good
8410,14690,545,12,5,Good
8411,4904,520,81,1,Good
8412,978,680,77,1,Good
8413,8055,929,100,3,Good
8414,945,748,70,2,Good
8415,17636,991,37,3,Good
8416,11292,676,17,4,Good
8417,13703,386,99,3,Good
8418,3095,60,10,3,Good
8419,10052,7,94,4,Good
8420,17582,953,58,2,Good
8421,11472,800,68,4,Good
8422,7739,998,90,5,Good
8423,7419,598,24,3,Good
8424,18024,215,90,1,Good
8425,4295,353,1,3,Good
8426,13691,646,91,5,Good
8427,8134,387,23,1,Good
8428,8592,224,43,5,Good
8429,4939,17,24,1,Good
8430,3240,712,9,5,Good
8431,10932,851,29,5,Good
8432,10309,90,17,3,Good
8433,19407,662,11,3,Good
8434,327,918,25,4,Good
8435,638,893,41,2,Good
8436,11855,742,10,1,Good
8437,1632,278,49,3,Good
8438,16226,163,82,1,Good
8439,11935,183,97,5,Good
8440,18458,526,15,1,Good
8441,6145,263,61,2,Good
8442,13419,811,77,3,Good
8443,13303,408,82,2,Good
8444,17105,978,5,1,Good
8445,308,758,90,2,Good
8446,7962,179,78,3,Good
8447,9302,286,43,4,Good
8448,18125,956,53,5,Good
8449,10622,631,33,2,Good
8450,9275,429,1,4,Good
8451,8271,218,29,1,Good
8452,5363,659,48,2,Good
8453,4755,40,55,2,Good
8454,2819,107,41,3,Good
8455,13030,425,50,2,Good
8456,2034,446,84,1,Good
8457,11011,99,51,1,Good
8458,15109,436,56,4,Good
8459,7143,434,16,2,Good
8460,9309,225,6,3,Good
8461,14653,816,97,4,Good
8462,2760,22,43,1,Good
8463,5314,385,48,5,Good
8464,10000,225,45,2,Good
8465,7499,87,99,3,Good
8466,2274,258,1,3,Good
8467,1423,136,76,1,Good
8468,19793,142,16,3,Good
8469,15691,202,85,1,Good
8470,10840,761,92,4,Good
8471,3093,999,32,3,Good
8472,18676,554,20,3,Good
8473,15925,273,82,2,Good
8474,2574,704,10,3,Good
8475,9425,345,43,1,Good
8476,19410,963,79,3,Good
8477,18292,437,3,4,Good
8478,18417,957,65,5,Good
8479,3286,4,17,1,Good
8480,3832,861,8,2,Good
8481,1245,967,23,2,Good
8482,7303,539,40,3,Good
8483,8008,714,72,3,Good
8484,12177,169,68,5,Good
8485,9243,862,44,4,Good
8486,3195,859,8,4,Good
8487,15644,361,90,2,Good
8488,15794,920,23,3,Good
8489,602,840,45,1,Good
8490,7091,360,12,4,Good
8491,3270,710,88,2,Good
8492,7893,473,85,3,Good
8493,17590,885,82,2,Good
8494,17146,753,34,2,Good
8495,3591,538,15,1,Good
8496,8670,916,1,1,Good
8497,3884,693,26,3,Good
8498,14378,548,22,2,Good
8499,357,370,52,3,Good
8500,19859,5,59,4,Good
8501,19239,581,35,2,Good
8502,6240,979,100,5,Good
8503,18625,202,2,1,Good
8504,13196,854,46,3,Good
8505,17512,564,51,3,Good
8506,15900,637,30,2,Good
8507,33,823,30,2,Good
8508,462,611,57,1,Good
8509,7742,234,45,4,Good
8510,10298,258,17,5,Good
8511,7175,118,93,5,Good
8512,3071,970,21,4,Good
8513,1902,819,30,1,Good
8514,10616,50,60,5,Good
8515,7592,338,58,3,Good
8516,10555,244,83,2,Good
8517,8384,542,4,5,Good
8518,18359,670,1,3,Good
8519,14377,170,57,3,Good
8520,17020,931,50,5,Good
8521,17877,24,72,4,Good
8522,4534,359,76,5,Good
8523,4594,358,62,4,Good
8524,7375,613,27,5,Good
8525,19503,249,55,3,Good
8526,12103,597,64,2,Good
8527,6573,528,23,5,Good
8528,14996,119,63,3,Good
8529,12432,272,55,2,Good
8530,17442,265,76,2,Good
8531,4885,326,75,4,Good
8532,1639,354,62,2,Good
8533,988,454,89,2,Good
8534,17734,564,6,1,Good
8535,19960,243,84,3,Good
8536,13492,483,85,3,Good
8537,19743,924,6,2,Good
8538,4175,33,57,5,Good
8539,8967,879,86,1,Good
8540,13276,454,68,4,Good
8541,10717,879,54,2,Good
8542,18142,390,41,3,Good
8543,2350,606,15,4,Good
8544,12004,773,50,4,Good
8545,10411,730,38,5,Good
8546,839,978,11,4,Good
8547,14175,131,6,3,Good
8548,7467,38,36,4,Good
8549,17729,333,51,5,Good
8550,92,136,13,2,Good
8551,7165,81,90,2,Good
8552,11741,16,67,1,Good
8553,19858,789,43,4,Good
8554,1131,876,54,1,Good
8555,3005,895,97,5,Good
8556,2996,213,44,4,Good
8557,17431,678,90,2,Good
8558,9018,462,83,3,Good
8559,19705,549,43,4,Good
8560,14014,804,72,1,Good
8561,3143,596,21,5,Good
8562,5236,209,12,4,Good
8563,18576,259,89,3,Good
8564,10064,711,8,5,Good
8565,3218,332,35,1,Good
8566,10770,361,41,1,Good
8567,3127,367,51,2,Good
8568,1084,586,68,1,Good
8569,2408,505,17,3,Good
8570,17839,587,23,4,Good
8571,18483,889,26,4,Good
8572,12048,408,9,3,Good
8573,11437,528,6,1,Good
8574,17068,45,50,4,Good
8575,4040,308,45,3,Good
8576,17203,987,49,5,Good
8577,7786,241,26,4,Good
8578,3679,578,65,1,Good
8579,11912,573,100,5,Good
8580,8171,820,57,5,Good
8581,4177,499,73,2,Good
8582,18793,490,55,3,Good
8583,2094,739,43,5,Good
8584,13763,406,17,1,Good
8585,16,484,87,3,Good
8586,18261,614,20,1,Good
8587,427,791,15,4,Good
8588,5759,560,45,4,Good
8589,17920,493,56,1,Good
8590,17854,43,32,2,Good
8591,4924,994,54,2,Good
8592,10725,217,42,2,Good
8593,16445,325,70,1,Good
8594,5507,430,52,3,Good
8595,9417,241,43,2,Good
8596,8237,445,92,5,Good
8597,17621,510,67,1,Good
8598,10675,530,77,5,Good
8599,9097,780,53,2,Good
8600,14289,424,18,2,Good
8601,11622,74,64,2,Good
8602,19895,671,56,1,Good
8603,19665,955,32,1,Good
8604,5407,521,16,4,Good
8605,13049,311,65,2,Good
8606,8493,79,22,3,Good
8607,18512,184,27,4,Good
8608,8390,640,32,1,Good
8609,18273,671,49,4,Good
8610,12647,902,23,1,Good
8611,18153,521,16,2,Good
8612,9673,745,75,2,Good
8613,7573,925,10,2,Good
8614,8075,434,58,2,Good
8615,3262,45,32,1,Good
8616,4842,202,56,4,Good
8617,11401,626,15,3,Good
8618,18071,267,54,3,Good
8619,4462,26,78,1,Good
8620,567,242,18,5,Good
8621,9171,812,53,3,Good
8622,12361,831,96,5,Good
8623,1887,810,9,5,Good
8624,11129,454,46,2,Good
8625,826,707,74,1,Good
8626,7568,230,87,4,Good
8627,1836,409,71,3,Good
8628,10208,684,36,4,Good
8629,10893,438,76,4,Good
8630,81,351,8,2,Good
8631,14973,789,33,3,Good
8632,7307,15,9,4,Good
8633,8957,605,40,5,Good
8634,8102,794,53,3,Good
8635,8938,176,92,3,Good
8636,11186,718,14,4,Good
8637,13377,388,89,4,Good
8638,12866,555,4,3,Good
8639,11406,422,50,4,Good
8640,10539,819,68,4,Good
8641,1852,305,96,5,Good
8642,1593,285,29,1,Good
8643,12168,793,77,4,Good
8644,19726,114,85,4,Good
8645,8855,855,57,3,Good
8646,8446,792,1,5,Good
8647,7914,716,15,5,Good
8648,8986,404,55,2,Good
8649,1368,554,56,3,Good
8650,1799,839,50,4,Good
8651,19213,86,76,3,Good
8652,3710,195,71,4,Good
8653,5254,553,72,3,Good
8654,5512,288,11,1,Good
8655,7107,462,59,5,Good
8656,5943,363,36,1,Good
8657,17597,512,18,4,Good
8658,10781,797,43,2,Good
8659,1400,388,40,2,Good
8660,19337,412,57,4,Good
8661,1902,637,52,4,Good
8662,5857,483,98,2,Good
8663,5112,747,89,2,Good
8664,8886,962,4,1,Good
8665,13377,531,1,4,Good
8666,16876,923,36,1,Good
8667,2433,898,8,1,Good
8668,13165,315,35,2,Good
8669,3523,272,74,2,Good
8670,7398,489,52,5,Good
8671,15824,976,88,5,Good
8672,5874,813,100,4,Good
8673,10748,381,43,4,Good
8674,15100,249,54,1,Good
8675,16328,821,92,2,Good
8676,19869,856,78,1,Good
8677,542,80,80,5,Good
8678,8920,961,17,2,Good
8679,4042,731,81,2,Good
8680,5408,698,99,4,Good
8681,15362,913,18,3,Good
8682,18546,333,13,4,Good
8683,5852,605,93,3,Good
8684,1663,879,11,1,Good
8685,12092,500,30,2,Good
8686,748,808,33,4,Good
8687,12811,545,44,5,Good
8688,14628,732,73,1,Good
8689,3545,427,74,5,Good
8690,19058,313,70,5,Good
8691,5351,819,66,1,Good
8692,10841,222,70,3,Good
8693,19093,55,95,4,Good
8694,5247,291,34,3,Good
8695,14895,578,73,1,Good
8696,15122,921,43,5,Good
8697,1089,4,55,4,Good
8698,10200,472,41,3,Good
8699,17757,707,90,4,Good
8700,8898,738,3,2,Good
8701,1198,841,89,1,Good
8702,7588,150,77,1,Good
8703,8983,474,41,2,Good
8704,8985,422,64,4,Good
8705,6667,752,58,4,Good
8706,3314,467,55,2,Good
8707,17727,183,84,3,Good
8708,8591,291,85,5,Good
8709,10354,312,87,3,Good
8710,10071,758,8,4,Good
8711,8138,778,15,4,Good
8712,16938,415,79,2,Good
8713,7208,167,24,5,Good
8714,17567,529,91,3,Good
8715,11774,496,6,4,Good
8716,4240,744,82,1,Good
8717,17600,184,39,5,Good
8718,7881,250,10,5,Good
8719,18799,674,65,4,Good
8720,3082,299,1,1,Good
8721,16042,636,19,2,Good
8722,16628,621,66,4,Good
8723,2138,667,38,1,Good
8724,7560,652,71,2,Good
8725,8488,721,94,3,Good
8726,5039,88,1,1,Good
8727,15272,660,6,1,Good
8728,15365,96,100,3,Good
8729,11995,794,6,1,Good
8730,10700,843,95,4,Good
8731,2012,340,24,4,Good
8732,3416,988,29,4,Good
8733,4631,356,60,4,Good
8734,3562,953,19,2,Good
8735,16633,803,26,1,Good
8736,2599,841,70,4,Good
8737,1342,942,97,1,Good
8738,4737,283,16,4,Good
8739,2675,820,74,1,Good
8740,6801,989,46,5,Good
8741,805,696,72,5,Good
8742,13631,43,6,5,Good
8743,5281,896,30,4,Good
8744,2447,545,81,1,Good
8745,11342,509,1,5,Good
8746,8881,829,1,1,Good
8747,19211,113,51,3,Good
8748,134,681,28,5,Good
8749,18453,559,39,4,Good
8750,2420,477,57,3,Good
8751,7064,233,80,4,Good
8752,1413,127,37,5,Good
8753,16687,868,30,2,Good
8754,2029,526,42,5,Good
8755,8161,475,89,2,Good
8756,5995,786,9,3,Good
8757,2563,769,95,1,Good
8758,12511,493,9,3,Good
8759,5936,908,45,5,Good
8760,5798,542,31,5,Good
8761,18056,395,70,1,Good
8762,19158,687,45,5,Good
8763,15125,934,34,3,Good
8764,16507,433,61,1,Good
8765,2572,273,55,4,Good
8766,14185,490,15,5,Good
8767,17501,874,89,4,Good
8768,5163,820,16,1,Good
8769,4798,553,82,5,Good
8770,2832,328,25,3,Good
8771,5641,735,80,2,Good
8772,9947,109,20,2,Good
8773,1392,420,34,4,Good
8774,280,65,41,2,Good
8775,8683,621,45,3,Good
8776,10803,735,9,3,Good
8777,15640,462,100,3,Good
8778,26,396,89,1,Good
8779,8711,142,49,5,Good
8780,15954,181,4,1,Good
8781,1022,647,7,2,Good
8782,3685,613,42,5,Good
8783,1595,348,10,1,Good
8784,5625,367,70,1,Good
8785,7902,325,57,5,Good
8786,19607,936,28,5,Good
8787,12982,943,53,3,Good
8788,1737,975,79,1,Good
8789,6647,471,100,2,Good
8790,15775,989,1,5,Good
8791,17396,322,23,1,Good
8792,2824,424,55,4,Good
8793,666,770,55,4,Good
8794,15301,101,32,1,Good
8795,16985,840,45,2,Good
8796,11565,466,62,4,Good
8797,8330,252,82,3,Good
8798,17313,998,47,3,Good
8799,13156,840,96,2,Good
8800,13513,357,65,1,Good
8801,18888,446,78,3,Good
8802,10275,354,68,5,Good
8803,6916,753,57,1,Good
8804,14725,973,63,2,Good
8805,2130,8,17,4,Good
8806,10769,819,62,1,Good
8807,13791,585,81,4,Good
8808,106,561,97,3,Good
8809,7050,986,95,2,Good
8810,8932,421,65,2,Good
8811,199,813,34,3,Good
8812,7077,901,97,3,Good
8813,437,507,90,2,Good
8814,96,713,90,1,Good
8815,1872,750,64,4,Good
8816,5942,13,61,4,Good
8817,12014,354,10,1,Good
8818,12676,377,10,4,Good
8819,1211,389,8,1,Good
8820,5356,704,6,3,Good
8821,11707,785,85,5,Good
8822,19248,855,92,5,Good
8823,6257,336,53,1,Good
8824,4432,171,3,5,Good
8825,13244,163,29,3,Good
8826,11081,725,61,4,Good
8827,18385,471,74,2,Good
8828,12207,737,84,5,Good
8829,9194,896,84,4,Good
8830,5455,145,65,1,Good
8831,994,865,21,5,Good
8832,7667,971,55,1,Good
8833,9580,254,88,4,Good
8834,12598,381,61,5,Good
8835,3388,771,87,3,Good
8836,13330,986,88,4,Good
8837,1873,564,38,5,Good
8838,11516,809,70,2,Good
8839,9486,839,1,5,Good
8840,19275,673,3,5,Good
8841,13563,203,19,2,Good
8842,13052,837,46,5,Good
8843,11839,380,72,1,Good
8844,12518,548,35,3,Good
8845,4378,260,18,5,Good
8846,16190,574,18,5,Good
8847,13844,115,83,3,Good
8848,19848,650,1,5,Good
8849,14469,359,24,3,Good
8850,469,373,23,4,Good
8851,4546,683,31,3,Good
8852,16220,225,28,5,Good
8853,1104,11,22,4,Good
8854,12018,70,37,1,Good
8855,18986,884,21,3,Good
8856,6366,38,51,3,Good
8857,16133,219,6,4,Good
8858,16618,604,41,2,Good
8859,16464,442,93,4,Good
8860,13142,733,3,2,Good
8861,18992,663,80,4,Good
8862,14361,512,61,4,Good
8863,18642,115,36,3,Good
8864,15124,1,65,3,Good
8865,19631,25,85,4,Good
8866,7274,229,29,4,Good
8867,15300,656,71,3,Good
8868,6861,584,3,1,Good
8869,12953,943,84,3,Good
8870,559,905,65,3,Good
8871,1607,499,51,3,Good
8872,15157,42,14,2,Good
8873,12937,347,46,2,Good
8874,3413,279,84,4,Good
8875,16499,940,15,4,Good
8876,16614,357,24,2,Good
8877,16174,223,23,3,Good
8878,581,987,87,5,Good
8879,16682,373,54,3,Good
8880,9009,569,22,1,Good
8881,4900,981,30,4,Good
8882,10697,691,84,3,Good
8883,19386,743,76,2,Good
8884,906,80,73,1,Good
8885,12002,382,47,1,Good
8886,735,618,41,5,Good
8887,17870,207,39,4,Good
8888,7235,207,81,1,Good
8889,12503,207,62,5,Good
8890,19693,702,5,5,Good
8891,14955,608,41,1,Good
8892,12726,525,13,4,Good
8893,18446,583,14,3,Good
8894,2583,605,58,4,Good
8895,16816,741,14,5,Good
8896,6270,525,65,4,Good
8897,8255,278,84,3,Good
8898,10748,101,10,4,Good
8899,10480,762,19,4,Good
8900,15135,117,11,1,Good
8901,10503,51,80,3,Good
8902,3845,107,14,1,Good
8903,18210,9,64,2,Good
8904,9754,436,88,4,Good
8905,15596,4,33,4,Good
8906,10638,993,6,1,Good
8907,1018,5,42,5,Good
8908,8371,455,78,3,Good
8909,16405,72,78,4,Good
8910,4542,790,19,1,Good
8911,11760,527,54,4,Good
8912,7811,340,92,2,Good
8913,8888,565,89,4,Good
8914,3402,5,60,1,Good
8915,15535,160,99,3,Good
8916,1017,801,33,3,Good
8917,13113,990,5,2,Good
8918,17481,83,53,4,Good
8919,17039,143,48,2,Good
8920,3156,288,19,4,Good
8921,7812,765,89,2,Good
8922,2046,589,13,4,Good
8923,9387,22,5,3,Good
8924,19025,261,95,5,Good
8925,2807,672,69,1,Good
8926,14813,809,61,2,Good
8927,10443,985,74,5,Good
8928,6065,144,13,2,Good
8929,11055,124,87,2,Good
8930,6647,445,85,3,Good
8931,2221,335,25,5,Good
8932,19017,725,34,3,Good
8933,275,411,63,2,Good
8934,7073,586,88,2,Good
8935,6593,476,27,4,Good
8936,217,62,21,3,Good
8937,14315,188,15,1,Good
8938,13213,795,1,1,Good
8939,9163,535,79,1,Good
8940,4053,72,19,2,Good
8941,6063,387,82,5,Good
8942,15577,261,9,1,Good
8943,17886,35,77,2,Good
8944,17422,921,58,3,Good
8945,715,493,21,1,Good
8946,4005,590,20,4,Good
8947,2102,881,33,2,Good
8948,1056,417,9,1,Good
8949,7449,829,67,3,Good
8950,2572,908,85,2,Good
8951,6104,787,80,2,Good
8952,6291,943,84,3,Good
8953,8860,297,78,1,Good
8954,855,399,4,4,Good
8955,19231,22,100,3,Good
8956,10828,145,54,5,Good
8957,3352,580,15,5,Good
8958,3765,83,42,3,Good
8959,16762,893,76,5,Good
8960,13118,633,79,4,Good
8961,15723,645,80,5,Good
8962,13423,763,91,2,Good
8963,13549,227,67,4,Good
8964,17870,312,35,2,Good
8965,9365,850,54,3,Good
8966,40,569,36,3,Good
8967,2114,506,25,1,Good
8968,12858,337,84,4,Good
8969,14787,312,81,2,Good
8970,15917,677,60,1,Good
8971,8005,200,56,3,Good
8972,2814,485,43,1,Good
8973,7626,207,12,2,Good
8974,14838,962,78,2,Good
8975,11122,514,78,3,Good
8976,14486,624,33,4,Good
8977,18024,20,51,2,Good
8978,19029,268,19,1,Good
8979,13290,348,54,2,Good
8980,16191,910,73,5,Good
8981,11894,413,43,3,Good
8982,7712,49,83,2,Good
8983,6248,746,36,3,Good
8984,13904,488,72,4,Good
8985,81,334,86,5,Good
8986,10450,51,58,2,Good
8987,10689,602,96,1,Good
8988,3686,288,74,1,Good
8989,6295,500,5,1,Good
8990,496,831,58,2,Good
8991,1730,378,90,2,Good
8992,18782,357,96,5,Good
8993,16332,259,93,3,Good
8994,15446,556,16,2,Good
8995,7988,690,66,5,Good
8996,15250,636,15,5,Good
8997,528,436,89,4,Good
8998,11,152,88,3,Good
8999,19818,525,12,1,Good
9000,8431,250,68,2,Good
9001,16472,89,94,3,Good
9002,2270,514,68,2,Good
9003,18424,498,20,2,Good
9004,19450,50,48,3,Good
9005,9417,976,85,5,Good
9006,2269,340,19,1,Good
9007,9872,518,66,2,Good
9008,8033,539,20,5,Good
9009,12432,593,11,2,Good
9010,1234,531,9,3,Good
9011,13609,672,67,2,Good
9012,16690,550,26,4,Good
9013,3782,341,44,2,Good
9014,12590,786,16,4,Good
9015,9742,877,57,3,Good
9016,10785,758,96,3,Good
9017,15683,581,41,2,Good
9018,11447,666,55,2,Good
9019,17784,627,79,4,Good
9020,9442,925,20,2,Good
9021,6387,745,4,2,Good
9022,8420,261,99,4,Good
9023,17148,404,90,2,Good
9024,455,501,16,5,Good
9025,11161,22,46,5,Good
9026,16333,998,80,4,Good
9027,5295,765,83,4,Good
9028,3308,875,41,4,Good
9029,17656,238,80,5,Good
9030,433,560,13,2,Good
9031,10915,179,54,5,Good
9032,1984,349,94,3,Good
9033,12707,742,25,5,Good
9034,11184,428,1,3,Good
9035,16754,285,51,4,Good
9036,14574,667,37,5,Good
9037,16195,757,31,1,Good
9038,7635,134,51,4,Good
9039,3951,966,22,2,Good
9040,16680,946,79,4,Good
9041,9296,408,15,1,Good
9042,15931,261,14,3,Good
9043,18087,107,6,4,Good
9044,4260,799,15,4,Good
9045,4173,856,50,1,Good
9046,2999,790,94,3,Good
9047,16891,718,31,1,Good
9048,8324,4,49,4,Good
9049,19265,665,44,2,Good
9050,8439,59,2,1,Good
9051,8818,257,71,5,Good
9052,13689,811,60,1,Good
9053,2496,688,89,2,Good
9054,15085,862,74,4,Good
9055,19146,197,62,5,Good
9056,14576,737,49,3,Good
9057,13027,705,85,1,Good
9058,9500,184,53,2,Good
9059,14337,381,27,1,Good
9060,5846,822,91,2,Good
9061,5091,816,38,4,Good
9062,5677,586,65,3,Good
9063,13060,369,3,1,Good
9064,6241,807,24,3,Good
9065,476,188,57,3,Good
9066,19446,187,59,4,Good
9067,12264,725,93,4,Good
9068,17164,203,68,1,Good
9069,18561,411,3,2,Good
9070,1195,987,15,5,Good
9071,17273,21,70,2,Good
9072,6552,281,45,1,Good
9073,10899,671,9,4,Good
9074,9752,178,7,5,Good
9075,8988,602,71,1,Good
9076,8655,954,34,2,Good
9077,11740,931,15,1,Good
9078,6048,221,35,2,Good
9079,15131,977,89,2,Good
9080,6093,162,57,3,Good
9081,11409,844,70,1,Good
9082,2512,935,13,2,Good
9083,7234,679,36,3,Good
9084,93,501,99,3,Good
9085,19955,392,76,2,Good
9086,2856,94,10,4,Good
9087,12621,246,76,1,Good
9088,18569,654,34,2,Good
9089,15490,954,68,3,Good
9090,19644,586,18,5,Good
9091,10428,898,21,5,Good
9092,3281,6,94,4,Good
9093,12608,842,10,4,Good
9094,16112,250,53,3,Good
9095,1599,687,18,2,Good
9096,13702,811,1,3,Good
9097,11570,117,97,2,Good
9098,11880,288,17,5,Good
9099,18872,445,81,5,Good
9100,4528,26,32,3,Good
9101,3401,518,53,3,Good
9102,8248,170,17,5,Good
9103,5064,891,50,2,Good
9104,18714,646,63,2,Good
9105,1146,844,92,5,Good
9106,5328,227,92,2,Good
9107,13310,450,9,1,Good
9108,9722,819,5,1,Good
9109,13175,340,44,5,Good
9110,6860,72,8,5,Good
9111,6251,752,46,5,Good
9112,10157,459,14,5,Good
9113,18480,620,88,5,Good
9114,17498,499,27,5,Good
9115,10883,699,77,5,Good
9116,1829,878,31,4,Good
9117,12715,892,80,1,Good
9118,2918,411,81,5,Good
9119,8697,760,39,1,Good
9120,17971,978,22,5,Good
9121,8614,440,76,4,Good
9122,15320,324,89,5,Good
9123,15780,32,4,4,Good
9124,5847,745,38,4,Good
9125,4445,506,86,5,Good
9126,9750,142,10,3,Good
9127,7561,437,2,2,Good
9128,5051,648,85,4,Good
9129,309,885,89,2,Good
9130,16814,898,78,3,Good
9131,12989,609,6,4,Good
9132,16713,641,81,5,Good
9133,5369,487,57,5,Good
9134,19734,191,13,1,Good
9135,18900,902,30,2,Good
9136,13736,865,60,4,Good
9137,15545,188,55,4,Good
9138,6627,722,95,5,Good
9139,18546,831,55,1,Good
9140,6988,926,90,3,Good
9141,18507,904,14,1,Good
9142,12381,45,18,5,Good
9143,3331,79,26,4,Good
9144,7512,613,5,3,Good
9145,12774,410,75,3,Good
9146,16405,261,50,3,Good
9147,4447,638,8,5,Good
9148,4925,869,47,2,Good
9149,14699,998,28,3,Good
9150,697,257,33,2,Good
9151,8770,712,3,4,Good
9152,3602,742,24,1,Good
9153,13516,296,27,5,Good
9154,9745,629,33,2,Good
9155,14273,583,72,2,Good
9156,18169,964,50,1,Good
9157,8908,479,19,3,Good
9158,2117,687,84,5,Good
9159,4531,111,26,5,Good
9160,6519,258,18,5,Good
9161,8445,318,69,5,Good
9162,16702,272,55,1,Good
9163,9790,993,82,5,Good
9164,15454,542,74,5,Good
9165,10453,208,20,3,Good
9166,14286,81,55,4,Good
9167,12051,317,47,3,Good
9168,1559,547,39,5,Good
9169,13858,52,47,4,Good
9170,10024,53,11,5,Good
9171,13808,478,71,3,Good
9172,5395,701,1,1,Good
9173,9238,385,55,1,Good
9174,924,89,69,2,Good
9175,5153,650,76,5,Good
9176,16987,473,47,2,Good
9177,6106,841,50,5,Good
9178,18357,529,9,2,Good
9179,10260,497,19,3,Good
9180,10243,38,16,1,Good
9181,13755,756,53,3,Good
9182,6259,762,99,3,Good
9183,10889,909,62,5,Good
9184,2614,810,42,2,Good
9185,9276,554,68,2,Good
9186,3377,97,57,4,Good
9187,7241,544,85,4,Good
9188,8418,318,4,4,Good
9189,6605,146,84,2,Good
9190,19996,328,1,5,Good
9191,1701,807,95,3,Good
9192,10651,776,33,4,Good
9193,6889,386,53,2,Good
9194,3103,455,54,2,Good
9195,1451,583,96,5,Good
9196,12572,852,37,3,Good
9197,19442,95,22,4,Good
9198,13462,418,21,2,Good
9199,14069,436,66,5,Good
9200,3560,36,56,4,Good
9201,18824,364,63,1,Good
9202,2695,283,75,2,Good
9203,10701,486,54,1,Good
9204,3378,588,21,2,Good
9205,10273,431,28,2,Good
9206,12768,733,59,4,Good
9207,11142,537,49,3,Good
9208,13334,137,39,3,Good
9209,12793,584,21,2,Good
9210,17757,379,11,4,Good
9211,5618,5,10,1,Good
9212,18152,676,65,3,Good
9213,12910,185,39,4,Good
9214,2115,691,96,3,Good
9215,999,34,70,1,Good
9216,5689,729,43,3,Good
9217,13376,717,62,2,Good
9218,4961,425,4,4,Good
9219,8750,584,89,5,Good
9220,3585,849,79,4,Good
9221,1848,832,34,2,Good
9222,10720,954,8,1,Good
9223,17112,958,47,1,Good
9224,2710,55,39,1,Good
9225,16722,786,5,3,Good
9226,3089,958,61,1,Good
9227,15922,956,65,4,Good
9228,16707,575,73,2,Good
9229,9970,438,51,4,Good
9230,16800,510,32,1,Good
9231,2836,509,19,1,Good
9232,12028,520,70,3,Good
9233,788,721,41,1,Good
9234,3335,835,41,3,Good
9235,12952,761,6,5,Good
9236,5299,66,67,1,Good
9237,872,357,44,5,Good
9238,9391,238,16,2,Good
9239,13980,609,8,2,Good
9240,4012,612,38,1,Good
9241,16773,888,6,4,Good
9242,16150,815,74,5,Good
9243,12694,164,3,2,Good
9244,9563,314,27,2,Good
9245,8264,964,40,3,Good
9246,10005,82,83,3,Good
9247,10470,901,15,1,Good
9248,11644,546,92,2,Good
9249,5102,230,68,2,Good
9250,14119,220,74,2,Good
9251,14216,634,93,5,Good
9252,17698,785,47,2,Good
9253,19410,496,7,5,Good
9254,14849,319,98,1,Good
9255,424,217,25,1,Good
9256,19986,113,61,4,Good
9257,1056,656,49,4,Good
9258,12644,638,14,1,Good
9259,11783,84,47,4,Good
9260,5810,505,62,4,Good
9261,11339,600,13,1,Good
9262,1627,760,73,3,Good
9263,9150,31,33,3,Good
9264,19830,28,42,2,Good
9265,15561,69,82,3,Good
9266,4433,325,6,1,Good
9267,13710,520,19,3,Good
9268,6960,230,68,1,Good
9269,7924,338,20,1,Good
9270,13195,140,57,4,Good
9271,9923,813,28,2,Good
9272,5679,876,15,4,Good
9273,157,664,61,4,Good
9274,10537,518,80,3,Good
9275,17153,290,28,4,Good
9276,12769,424,50,1,Good
9277,6679,300,49,3,Good
9278,9791,299,65,2,Good
9279,13442,788,95,5,Good
9280,10802,697,39,2,Good
9281,3177,701,2,4,Good
9282,15420,746,7,4,Good
9283,2016,268,10,4,Good
9284,16353,66,5,2,Good
9285,11620,424,54,4,Good
9286,7458,818,17,1,Good
9287,7796,442,12,3,Good
9288,13948,130,35,1,Good
9289,453,905,24,1,Good
9290,15373,699,46,2,Good
9291,5316,182,40,1,Good
9292,3101,293,53,5,Good
9293,11017,265,58,5,Good
9294,4127,265,50,2,Good
9295,6575,712,71,2,Good
9296,13320,950,33,4,Good
9297,16285,175,100,3,Good
9298,17848,487,23,3,Good
9299,17195,686,37,5,Good
9300,14340,120,67,4,Good
9301,10744,252,78,5,Good
9302,10914,888,87,2,Good
9303,15789,797,48,5,Good
9304,1436,926,29,2,Good
9305,2211,966,53,5,Good
9306,509,544,20,5,Good
9307,18152,12,31,5,Good
9308,13857,644,41,3,Good
9309,12393,34,55,1,Good
9310,8605,96,76,4,Good
9311,17142,861,4,5,Good
9312,8733,77,5,5,Good
9313,4761,910,31,5,Good
9314,18370,681,99,2,Good
9315,6861,924,25,4,Good
9316,2557,151,17,3,Good
9317,5143,914,58,4,Good
9318,3433,225,98,3,Good
9319,518,872,90,5,Good
9320,9002,320,84,4,Good
9321,1336,153,43,2,Good
9322,6223,171,93,2,Good
9323,11096,358,5,5,Good
9324,1152,803,43,4,Good
9325,1624,424,30,3,Good
9326,17530,244,89,4,Good
9327,11119,458,33,5,Good
9328,19700,834,97,4,Good
9329,1381,149,95,3,Good
9330,17460,709,74,1,Good
9331,9496,826,98,2,Good
9332,4287,794,97,1,Good
9333,4637,582,2,4,Good
9334,1791,897,26,1,Good
9335,12618,587,95,5,Good
9336,19164,219,99,4,Good
9337,1849,897,15,3,Good
9338,18278,769,82,4,Good
9339,5451,152,18,2,Good
9340,3763,472,79,4,Good
9341,4066,151,58,4,Good
9342,16860,286,86,5,Good
9343,16552,246,74,5,Good
9344,3479,966,29,2,Good
9345,10190,579,34,1,Good
9346,17582,804,7,3,Good
9347,15990,752,81,3,Good
9348,542,921,40,4,Good
9349,19967,75,99,2,Good
9350,1993,163,3,2,Good
9351,18689,819,94,2,Good
9352,15752,42,36,2,Good
9353,18125,906,51,1,Good
9354,205,159,58,1,Good
9355,15927,928,49,2,Good
9356,9150,618,88,5,Good
9357,7729,190,62,1,Good
9358,2266,873,94,1,Good
9359,6443,641,53,4,Good
9360,10064,688,97,5,Good
9361,12246,883,88,1,Good
9362,4633,152,20,3,Good
9363,10020,977,4,3,Good
9364,15346,523,17,4,Good
9365,2877,615,85,3,Good
9366,7051,918,45,4,Good
9367,4493,766,32,5,Good
9368,14117,214,55,2,Good
9369,16308,834,11,4,Good
9370,8092,596,19,4,Good
9371,2161,740,85,4,Good
9372,16547,827,65,5,Good
9373,714,592,94,1,Good
9374,3187,332,76,2,Good
9375,4131,351,30,5,Good
9376,4507,881,18,3,Good
9377,2930,926,25,1,Good
9378,8616,946,11,1,Good
9379,3900,811,27,5,Good
9380,3780,746,54,3,Good
9381,13839,810,1,3,Good
9382,13738,955,12,1,Good
9383,5847,165,65,2,Good
9384,1286,253,97,1,Good
9385,5767,584,15,5,Good
9386,153,733,98,1,Good
9387,6572,78,4,4,Good
9388,4043,413,59,2,Good
9389,16696,857,5,1,Good
9390,9161,844,47,5,Good
9391,12794,407,52,2,Good
9392,9808,921,65,5,Good
9393,16428,832,99,4,Good
9394,16990,866,91,2,Good
9395,9734,981,48,1,Good
9396,19358,441,4,2,Good
9397,16537,410,43,3,Good
9398,15894,984,1,3,Good
9399,15984,766,33,4,Good
9400,7719,42,7,5,Good
9401,12177,58,20,4,Good
9402,3058,155,44,4,Good
9403,9188,110,47,2,Good
9404,3497,325,42,3,Good
9405,18322,242,51,4,Good
9406,9353,32,1,5,Good
9407,19858,738,15,2,Good
9408,2074,139,65,4,Good
9409,15074,150,20,5,Good
9410,8556,786,71,1,Good
9411,12528,900,93,2,Good
9412,4378,505,23,4,Good
9413,4371,685,50,5,Good
9414,5534,570,30,4,Good
9415,3125,543,73,5,Good
9416,2716,129,66,5,Good
9417,15507,717,84,3,Good
9418,12550,432,66,2,Good
9419,3494,311,46,4,Good
9420,16797,937,96,1,Good
9421,19303,433,83,1,Good
9422,16274,265,20,1,Good
9423,13100,332,34,5,Good
9424,3262,399,18,1,Good
9425,18516,810,66,5,Good
9426,3402,829,92,3,Good
9427,13594,46,39,1,Good
9428,19455,841,63,1,Good
9429,7509,330,75,4,Good
9430,16846,423,89,4,Good
9431,10067,360,61,3,Good
9432,1225,746,72,4,Good
9433,1851,545,80,1,Good
9434,3567,340,20,2,Good
9435,19325,721,48,2,Good
9436,19494,579,27,5,Good
9437,12173,236,81,3,Good
9438,9986,317,81,3,Good
9439,16531,912,67,4,Good
9440,15712,378,20,2,Good
9441,10412,367,61,1,Good
9442,2649,495,99,1,Good
9443,19759,141,36,5,Good
9444,12513,2,14,1,Good
9445,5877,935,36,1,Good
9446,9224,651,33,5,Good
9447,11941,141,74,5,Good
9448,16096,277,70,3,Good
9449,5357,19,68,2,Good
9450,15330,768,10,1,Good
9451,17992,978,46,3,Good
9452,3229,948,23,3,Good
9453,1017,754,73,4,Good
9454,9494,323,22,4,Good
9455,18798,580,28,5,Good
9456,16354,748,89,3,Good
9457,10485,872,95,2,Good
9458,11934,2,9,5,Good
9459,13234,103,4,3,Good
9460,7761,396,56,5,Good
9461,1351,183,78,2,Good
9462,3500,512,77,4,Good
9463,9304,195,88,4,Good
9464,9672,116,29,4,Good
9465,14502,354,32,4,Good
9466,1748,680,63,3,Good
9467,4064,496,6,3,Good
9468,17633,753,46,2,Good
9469,12501,196,47,5,Good
9470,7024,552,47,2,Good
9471,702,132,93,5,Good
9472,11101,897,53,5,Good
9473,15630,189,82,1,Good
9474,19220,622,10,2,Good
9475,9409,561,53,4,Good
9476,15797,430,24,1,Good
9477,145,382,72,2,Good
9478,9073,763,67,4,Good
9479,13121,419,29,1,Good
9480,11613,49,8,1,Good
9481,7357,315,47,4,Good
9482,13131,757,16,3,Good
9483,10980,862,44,3,Good
9484,2737,465,8,5,Good
9485,14382,300,39,2,Good
9486,9597,315,37,3,Good
9487,11659,898,52,1,Good
9488,10632,256,39,5,Good
9489,14058,762,99,2,Good
9490,7317,990,98,5,Good
9491,5399,125,33,2,Good
9492,11232,985,3,5,Good
9493,3095,552,29,3,Good
9494,15085,210,27,5,Good
9495,11411,863,71,2,Good
9496,179,918,83,5,Good
9497,5852,790,4,2,Good
9498,9012,68,24,5,Good
9499,2893,452,52,4,Good
9500,12017,325,57,3,Good
9501,11642,158,75,4,Good
9502,13699,655,51,5,Good
9503,4628,173,25,3,Good
9504,10101,26,83,1,Good
9505,10823,659,68,4,Good
9506,9229,572,86,3,Good
9507,6005,100,89,4,Good
9508,8004,965,54,3,Good
9509,15514,370,15,1,Good
9510,2663,907,18,4,Good
9511,19591,578,67,4,Good
9512,13035,929,98,5,Good
9513,3315,43,54,5,Good
9514,4762,362,78,2,Good
9515,9150,424,86,1,Good
9516,14735,169,29,5,Good
9517,9445,845,40,5,Good
9518,12605,346,44,3,Good
9519,12007,515,27,3,Good
9520,1798,845,71,5,Good
9521,2241,211,42,1,Good
9522,13429,714,49,1,Good
9523,11135,199,3,3,Good
9524,765,160,48,4,Good
9525,11482,600,34,1,Good
9526,16602,193,10,1,Good
9527,7740,709,75,1,Good
9528,17468,827,82,5,Good
9529,2101,52,19,4,Good
9530,692,362,51,2,Good
9531,2428,184,95,3,Good
9532,1869,195,14,1,Good
9533,2328,53,82,2,Good
9534,10311,80,77,5,Good
9535,2731,155,63,3,Good
9536,17614,872,33,3,Good
9537,3074,370,72,4,Good
9538,5655,686,42,1,Good
9539,12785,819,98,4,Good
9540,16993,961,44,2,Good
9541,7428,177,97,1,Good
9542,4093,303,56,2,Good
9543,7554,791,18,4,Good
9544,12235,562,74,2,Good
9545,10409,209,34,4,Good
9546,8039,350,35,1,Good
9547,19532,713,41,5,Good
9548,19814,701,51,2,Good
9549,14995,910,60,2,Good
9550,2580,35,76,4,Good
9551,5626,990,46,1,Good
9552,13364,12,28,4,Good
9553,8024,102,52,1,Good
9554,12843,440,23,4,Good
9555,7847,877,42,3,Good
9556,9744,175,47,2,Good
9557,858,984,25,1,Good
9558,16852,816,34,5,Good
9559,4690,58,71,5,Good
9560,2846,809,32,1,Good
9561,13735,960,14,4,Good
9562,8135,706,38,5,Good
9563,18652,886,70,1,Good
9564,19956,814,70,2,Good
9565,14344,66,10,3,Good
9566,1941,353,84,2,Good
9567,11723,994,13,3,Good
9568,19629,945,46,2,Good
9569,10014,945,48,3,Good
9570,10509,71,92,5,Good
9571,6303,31,75,4,Good
9572,8331,602,6,1,Good
9573,18213,725,92,4,Good
9574,12900,218,35,3,Good
9575,818,753,69,1,Good
9576,11169,160,83,1,Good
9577,12752,167,23,3,Good
9578,17266,595,56,1,Good
9579,16248,138,4,1,Good
9580,15070,55,49,5,Good
9581,10086,291,26,4,Good
9582,5499,991,77,2,Good
9583,10861,125,17,5,Good
9584,9374,553,23,1,Good
9585,16742,832,12,1,Good
9586,13252,387,30,3,Good
9587,4782,361,80,4,Good
9588,6844,55,25,4,Good
9589,7088,20,80,2,Good
9590,18561,240,42,3,Good
9591,13637,108,70,3,Good
9592,19240,447,71,4,Good
9593,14948,971,16,5,Good
9594,19209,775,8,3,Good
9595,12488,782,29,5,Good
9596,4979,593,48,1,Good
9597,5006,511,67,1,Good
9598,5338,400,67,3,Good
9599,4232,869,83,5,Good
9600,16293,450,57,2,Good
9601,13452,206,86,5,Good
9602,8658,300,5,5,Good
9603,10311,174,2,5,Good
9604,5572,648,34,1,Good
9605,14603,837,78,2,Good
9606,12676,753,59,1,Good
9607,7605,337,85,5,Good
9608,2256,922,49,1,Good
9609,13498,353,21,1,Good
9610,5244,447,44,2,Good
9611,15611,472,24,3,Good
9612,2092,675,67,5,Good
9613,14063,296,90,4,Good
9614,4085,994,28,2,Good
9615,13207,72,26,3,Good
9616,14892,291,69,5,Good
9617,6418,584,26,5,Good
9618,2939,555,78,4,Good
9619,13787,269,67,5,Good
9620,18609,726,100,1,Good
9621,3741,869,31,1,Good
9622,1430,492,2,5,Good
9623,16813,361,50,3,Good
9624,16924,519,73,2,Good
9625,1693,20,58,3,Good
9626,4593,344,34,4,Good
9627,16720,160,84,1,Good
9628,17568,685,41,1,Good
9629,6841,17,5,2,Good
9630,16954,214,95,3,Good
9631,8375,838,35,5,Good
9632,11679,230,98,5,Good
9633,7624,194,72,1,Good
9634,7775,393,75,3,Good
9635,18626,634,46,1,Good
9636,6817,665,5,4,Good
9637,9796,753,8,2,Good
9638,4574,420,68,3,Good
9639,14491,257,60,1,Good
9640,8323,365,65,1,Good
9641,16004,376,57,1,Good
9642,15410,383,95,1,Good
9643,2515,932,12,5,Good
9644,9751,825,54,1,Good
9645,7935,101,93,5,Good
9646,11262,709,96,4,Good
9647,2590,406,6,1,Good
9648,15794,261,38,5,Good
9649,12602,458,42,4,Good
9650,8610,331,43,5,Good
9651,3924,686,97,4,Good
9652,19870,194,95,4,Good
9653,11826,955,53,3,Good
9654,19672,569,94,1,Good
9655,5526,920,90,5,Good
9656,18852,151,38,5,Good
9657,14570,576,42,2,Good
9658,12902,729,70,4,Good
9659,14885,520,90,4,Good
9660,11819,879,88,2,Good
9661,10671,282,31,3,Good
9662,1009,915,61,3,Good
9663,13208,858,90,1,Good
9664,7191,290,38,1,Good
9665,15991,335,2,5,Good
9666,6360,363,34,1,Good
9667,11950,944,40,4,Good
9668,9587,639,2,4,Good
9669,1649,969,53,5,Good
9670,16826,516,19,2,Good
9671,5275,443,6,5,Good
9672,1641,127,63,5,Good
9673,19970,425,28,3,Good
9674,14147,182,95,4,Good
9675,11272,17,34,2,Good
9676,7331,546,36,4,Good
9677,14848,245,97,1,Good
9678,5987,496,52,1,Good
9679,18577,266,58,3,Good
9680,12065,353,24,1,Good
9681,5327,655,5,1,Good
9682,10634,601,100,4,Good
9683,19250,574,24,4,Good
9684,18978,960,21,5,Good
9685,8195,234,10,4,Good
9686,5487,212,40,1,Good
9687,19373,845,44,3,Good
9688,16814,821,71,1,Good
9689,2598,468,98,4,Good
9690,11366,859,35,3,Good
9691,1041,601,70,3,Good
9692,3206,928,88,2,Good
9693,3222,630,55,4,Good
9694,3813,656,86,4,Good
9695,19287,289,47,5,Good
9696,12190,305,87,4,Good
9697,1433,116,96,2,Good
9698,5356,659,48,3,Good
9699,10103,116,48,5,Good
9700,4909,922,94,1,Good
9701,19986,841,35,4,Good
9702,16222,378,42,3,Good
9703,18958,312,86,1,Good
9704,13879,501,23,1,Good
9705,18977,728,24,2,Good
9706,11572,888,7,4,Good
9707,19086,445,93,1,Good
9708,3197,750,61,2,Good
9709,9986,257,91,2,Good
9710,17957,633,89,1,Good
9711,3629,669,93,5,Good
9712,10489,335,3,4,Good
9713,987,548,19,3,Good
9714,11868,934,52,1,Good
9715,15484,827,98,4,Good
9716,3639,872,13,1,Good
9717,9938,395,32,4,Good
9718,19651,162,78,3,Good
9719,15147,994,69,5,Good
9720,18190,829,90,5,Good
9721,2507,176,20,2,Good
9722,10829,424,41,1,Good
9723,13629,592,28,5,Good
9724,17658,736,55,5,Good
9725,2120,33,24,3,Good
9726,4944,185,82,1,Good
9727,13099,489,91,2,Good
9728,11716,265,55,2,Good
9729,6212,576,67,3,Good
9730,14816,170,6,3,Good
9731,17772,314,41,4,Good
9732,12729,462,28,4,Good
9733,11384,572,48,4,Good
9734,17222,785,91,5,Good
9735,10479,37,56,2,Good
9736,18963,777,7,3,Good
9737,11429,212,44,3,Good
9738,17269,691,2,1,Good
9739,4904,604,21,4,Good
9740,19053,816,47,1,Good
9741,4899,171,26,3,Good
9742,7232,156,36,3,Good
9743,14827,203,85,2,Good
9744,394,939,29,4,Good
9745,4882,731,26,4,Good
9746,8846,562,49,1,Good
9747,2752,193,21,1,Good
9748,7924,938,8,4,Good
9749,19772,232,35,5,Good
9750,3020,370,31,4,Good
9751,5311,528,55,1,Good
9752,6801,398,43,5,Good
9753,9605,38,99,2,Good
9754,2958,846,36,4,Good
9755,10677,921,29,2,Good
9756,3192,428,100,1,Good
9757,19630,611,62,1,Good
9758,10656,619,13,1,Good
9759,546,493,67,5,Good
9760,10981,573,61,3,Good
9761,19041,753,50,1,Good
9762,15209,608,98,2,Good
9763,5420,180,32,1,Good
9764,15274,234,34,5,Good
9765,2970,12,84,5,Good
9766,666,577,73,4,Good
9767,18450,831,53,1,Good
9768,1340,238,47,1,Good
9769,11645,926,77,2,Good
9770,14267,314,81,1,Good
9771,14621,904,95,5,Good
9772,1972,841,9,3,Good
9773,13515,938,98,2,Good
9774,2818,888,81,3,Good
9775,3816,371,81,3,Good
9776,18878,662,3,1,Good
9777,7074,281,40,5,Good
9778,16912,230,83,4,Good
9779,9741,755,54,1,Good
9780,344,139,21,1,Good
9781,1571,551,21,2,Good
9782,17603,295,61,1,Good
9783,3389,132,68,5,Good
9784,15068,339,13,3,Good
9785,513,955,66,4,Good
9786,15991,871,46,3,Good
9787,18445,609,57,3,Good
9788,9481,421,56,1,Good
9789,14383,314,55,5,Good
9790,5225,901,86,1,Good
9791,7535,423,55,3,Good
9792,2124,309,33,3,Good
9793,9523,2,36,4,Good
9794,3432,537,1,5,Good
9795,6208,542,23,2,Good
9796,16189,433,50,2,Good
9797,830,906,76,1,Good
9798,8882,417,96,3,Good
9799,8144,687,54,5,Good
9800,19170,815,26,5,Good
9801,4979,933,26,2,Good
9802,19317,917,99,2,Good
9803,11658,41,80,2,Good
9804,16976,268,16,2,Good
9805,2726,222,82,4,Good
9806,7998,182,58,2,Good
9807,11359,91,27,4,Good
9808,15255,445,46,4,Good
9809,7954,757,14,1,Good
9810,2321,106,88,4,Good
9811,15057,718,74,2,Good
9812,18415,179,75,1,Good
9813,9627,660,57,3,Good
9814,8550,600,71,2,Good
9815,8975,407,59,1,Good
9816,19430,275,5,3,Good
9817,17199,366,37,2,Good
9818,8996,479,51,3,Good
9819,2851,349,48,1,Good
9820,6193,352,99,1,Good
9821,15682,166,73,2,Good
9822,13008,176,100,4,Good
9823,15535,794,100,5,Good
9824,12678,131,66,4,Good
9825,9592,53,29,3,Good
9826,19499,878,93,1,Good
9827,2633,368,98,1,Good
9828,9588,107,39,3,Good
9829,17086,690,95,1,Good
9830,4337,922,44,4,Good
9831,3420,249,75,4,Good
9832,6252,262,86,2,Good
9833,8361,9,8,1,Good
9834,6550,914,10,1,Good
9835,13147,331,17,4,Good
9836,17525,356,85,4,Good
9837,6224,536,43,2,Good
9838,13998,593,68,2,Good
9839,14681,878,47,3,Good
9840,4544,431,78,2,Good
9841,11390,990,63,5,Good
9842,12394,189,31,5,Good
9843,18680,553,57,5,Good
9844,12716,991,94,4,Good
9845,1897,580,24,1,Good
9846,17377,502,46,5,Good
9847,12838,502,89,5,Good
9848,19980,880,37,3,Good
9849,322,395,53,1,Good
9850,9761,113,27,2,Good
9851,6903,417,72,5,Good
9852,8314,188,32,4,Good
9853,13372,18,12,4,Good
9854,16135,91,15,2,Good
9855,11520,35,53,4,Good
9856,10997,614,79,5,Good
9857,10978,584,49,3,Good
9858,9331,736,52,1,Good
9859,6493,107,1,3,Good
9860,3120,567,1,3,Good
9861,13546,609,32,4,Good
9862,9946,647,82,2,Good
9863,1257,120,33,1,Good
9864,16550,241,5,1,Good
9865,17622,40,97,1,Good
9866,4079,267,19,3,Good
9867,4527,411,46,4,Good
9868,16703,599,74,3,Good
9869,16162,47,39,3,Good
9870,7064,365,41,4,Good
9871,9788,418,69,2,Good
9872,7205,181,34,1,Good
9873,7321,369,37,2,Good
9874,4168,829,96,2,Good
9875,19356,173,28,4,Good
9876,8047,743,35,5,Good
9877,8301,946,55,3,Good
9878,18349,887,89,5,Good
9879,13259,985,28,3,Good
9880,2743,754,50,5,Good
9881,234,332,57,2,Good
9882,3649,650,25,1,Good
9883,16492,402,34,5,Good
9884,7353,86,66,3,Good
9885,14421,750,89,3,Good
9886,1622,541,11,1,Good
9887,8501,327,3,5,Good
9888,15761,612,16,1,Good
9889,12867,413,21,2,Good
9890,3167,518,76,2,Good
9891,2074,57,62,4,Good
9892,5782,583,82,4,Good
9893,16585,433,52,3,Good
9894,16064,715,81,5,Good
9895,1674,309,31,5,Good
9896,8482,219,34,2,Good
9897,18968,226,9,1,Good
9898,6202,635,53,1,Good
9899,8772,300,99,2,Good
9900,11743,511,2,4,Good
9901,1433,916,4,4,Good
9902,17323,791,95,5,Good
9903,16365,235,49,4,Good
9904,5755,231,26,4,Good
9905,17881,294,26,3,Good
9906,621,60,30,5,Good
9907,15010,275,25,1,Good
9908,18537,623,27,4,Good
9909,6953,531,27,1,Good
9910,13079,58,54,4,Good
9911,12527,578,94,4,Good
9912,12409,870,16,3,Good
9913,17580,219,89,2,Good
9914,5635,760,42,5,Good
9915,13146,106,93,3,Good
9916,10840,199,21,5,Good
9917,18181,334,90,5,Good
9918,1451,688,80,3,Good
9919,8576,410,35,4,Good
9920,14461,569,29,4,Good
9921,2219,508,22,1,Good
9922,16346,580,32,2,Good
9923,16921,54,88,4,Good
9924,1547,657,61,1,Good
9925,283,671,67,1,Good
9926,4497,68,9,1,Good
9927,2320,226,13,5,Good
9928,4945,547,48,4,Good
9929,4990,502,50,5,Good
9930,14233,608,28,3,Good
9931,16919,561,64,2,Good
9932,9786,222,23,2,Good
9933,2416,28,11,5,Good
9934,15673,540,24,1,Good
9935,18925,824,74,2,Good
9936,19068,365,69,2,Good
9937,19194,535,77,3,Good
9938,5660,11,6,2,Good
9939,19105,293,12,2,Good
9940,9688,966,35,4,Good
9941,17170,330,40,2,Good
9942,9537,337,55,4,Good
9943,12671,905,98,5,Good
9944,13465,170,54,2,Good
9945,17405,835,31,3,Good
9946,8963,572,67,5,Good
9947,919,999,48,1,Good
9948,10442,368,28,5,Good
9949,4998,214,82,1,Good
9950,17449,483,30,4,Good
9951,12166,220,64,1,Good
9952,3237,872,44,4,Good
9953,10062,853,8,1,Good
9954,18603,940,51,5,Good
9955,17684,352,62,3,Good
9956,8852,651,40,4,Good
9957,15990,63,88,3,Good
9958,9135,762,48,2,Good
9959,1616,339,11,4,Good
9960,4965,476,22,1,Good
9961,9476,339,21,5,Good
9962,15422,827,82,4,Good
9963,13147,505,94,5,Good
9964,14018,360,7,4,Good
9965,3322,970,36,3,Good
9966,13026,872,19,2,Good
9967,18124,475,24,4,Good
9968,11802,875,51,4,Good
9969,13784,965,94,1,Good
9970,1678,461,88,2,Good
9971,2450,923,74,5,Good
9972,14180,733,17,5,Good
9973,12123,320,42,4,Good
9974,1800,94,68,4,Good
9975,13363,478,49,4,Good
9976,10548,916,32,5,Good
9977,1688,696,86,5,Good
9978,14194,255,34,2,Good
9979,17274,662,88,2,Good
9980,3293,550,55,1,Good
9981,7700,110,99,1,Good
9982,4589,879,22,5,Good
9983,14807,740,98,2,Good
9984,14964,574,22,2,Good
9985,8445,618,61,4,Good
9986,9222,801,27,5,Good
9987,13282,559,71,1,Good
9988,13940,855,23,1,Good
9989,4198,300,15,2,Good
9990,7694,238,66,3,Good
9991,1381,932,3,4,Good
9992,4240,282,56,5,Good
9993,15407,48,85,1,Good
9994,12680,668,80,1,Good
9995,17461,889,89,4,Good
9996,13955,572,25,3,Good
9997,11303,919,44,5,Good
9998,19388,96,51,5,Good
9999,1473,373,43,4,Good
10000,1199,18,91,3,Good
